SNO,INST_CODE,INST_NAME,TYPE,DISTRICT,PLACE,COED,AFFLIATED,BRANCH_CODE,OC_BOYS,OC_GIRLS,SC_BOYS,SC_GIRLS,ST_BOYS,ST_GIRLS,BCA_BOYS,BCA_GIRLS,BCB_BOYS,BCB_GIRLS,BCC_BOYS,BCC_GIRLS,BCD_BOYS,BCD_GIRLS,BCE_BOYS,BCE_GIRLS,OC_EWS_BOYS,OC_EWS_GIRLS,COLLEGE_FEE
1,ACEE,ADARSH COLLEGE OF ENGINEERING,PVT,EAST GODAVARI,GOLLAPROLU,COED,JNTUK,CIV,143031.0,143031.0,170697.0,170697,143031.0,143031.0,143031.0,143031,143031.0,143031,143031.0,143031.0,143031.0,143031,143031.0,143031,158522.0,158522.0,35000
2,ACEE,ADARSH COLLEGE OF ENGINEERING,PVT,EAST GODAVARI,GOLLAPROLU,COED,JNTUK,CSE,132938.0,132938.0,170635.0,170635,173467.0,173467.0,153425.0,167840,167292.0,169169,132938.0,139146.0,134908.0,157283,144114.0,144114,149718.0,120842.0,35000
3,ACEE,ADARSH COLLEGE OF ENGINEERING,PVT,EAST GODAVARI,GOLLAPROLU,COED,JNTUK,ECE,114459.0,114459.0,114459.0,114459,114459.0,114459.0,165041.0,165041,163503.0,163503,114459.0,114459.0,114459.0,146246,114459.0,114459,128288.0,128288.0,35000
4,ACEE,ADARSH COLLEGE OF ENGINEERING,PVT,EAST GODAVARI,GOLLAPROLU,COED,JNTUK,EEE,169131.0,169163.0,169131.0,169163,173554.0,173554.0,169163.0,169163,169169.0,169169,999999.0,999999.0,169142.0,169163,169163.0,169163,999999.0,999999.0,35000
5,ACEE,ADARSH COLLEGE OF ENGINEERING,PVT,EAST GODAVARI,GOLLAPROLU,COED,JNTUK,MEC,169131.0,169131.0,173540.0,173540,169131.0,169131.0,169163.0,169163,169169.0,169169,169131.0,169131.0,169142.0,169142,169163.0,169163,999999.0,999999.0,35000
6,ACES,ADITYA COLLEGE OF ENGINEERING,PVT,EAST GODAVARI,PEDDAPURAM,COED,JNTUK,CIV,81311.0,119201.0,129296.0,138982,81311.0,119201.0,109003.0,119201,123948.0,123948,81311.0,119201.0,81311.0,119201,81311.0,119201,109659.0,109659.0,38000
7,ACES,ADITYA COLLEGE OF ENGINEERING,PVT,EAST GODAVARI,PEDDAPURAM,COED,JNTUK,CSE,31900.0,31900.0,110055.0,110055,128262.0,171628.0,77271.0,77271,68512.0,68512,31900.0,31900.0,42295.0,61136,147695.0,147695,34137.0,26445.0,38000
8,ACES,ADITYA COLLEGE OF ENGINEERING,PVT,EAST GODAVARI,PEDDAPURAM,COED,JNTUK,CSM,44767.0,45866.0,170214.0,170214,95066.0,95066.0,99522.0,136357,69370.0,76716,44767.0,52880.0,52754.0,57239,132995.0,142219,47332.0,50848.0,38000
9,ACES,ADITYA COLLEGE OF ENGINEERING,PVT,EAST GODAVARI,PEDDAPURAM,COED,JNTUK,CSO,53492.0,54061.0,53492.0,171559,53492.0,54757.0,109412.0,109412,77179.0,82112,53492.0,54061.0,68283.0,68283,71051.0,112254,54950.0,57293.0,38000
10,ACES,ADITYA COLLEGE OF ENGINEERING,PVT,EAST GODAVARI,PEDDAPURAM,COED,JNTUK,ECE,59801.0,59801.0,173420.0,173420,169694.0,169694.0,139479.0,139479,76754.0,76754,124636.0,124636.0,78103.0,87646,126627.0,126627,60472.0,60156.0,38000
11,ACES,ADITYA COLLEGE OF ENGINEERING,PVT,EAST GODAVARI,PEDDAPURAM,COED,JNTUK,EEE,86786.0,86845.0,150900.0,150900,86786.0,86845.0,154750.0,154750,121833.0,121833,86786.0,86845.0,138352.0,138352,86786.0,117319,86487.0,86487.0,38000
12,ACES,ADITYA COLLEGE OF ENGINEERING,PVT,EAST GODAVARI,PEDDAPURAM,COED,JNTUK,MEC,169131.0,169131.0,169131.0,169131,173554.0,173554.0,169163.0,169163,169169.0,169169,169131.0,169131.0,169131.0,169131,169131.0,169131,123425.0,102256.0,38000
13,ACET,ADITYA COLLEGE OF ENGINEERING AND TECHNOLOGY,PVT,EAST GODAVARI,PEDDAPURAM,COED,JNTUK,CIV,135022.0,135022.0,170278.0,170278,135022.0,135022.0,157855.0,168890,163968.0,169074,135022.0,135022.0,158309.0,158309,149020.0,149020,140587.0,152251.0,37000
14,ACET,ADITYA COLLEGE OF ENGINEERING AND TECHNOLOGY,PVT,EAST GODAVARI,PEDDAPURAM,COED,JNTUK,CSD,32732.0,32732.0,154857.0,154857,32732.0,32732.0,58877.0,100168,58989.0,62480,32732.0,50070.0,50728.0,50728,102898.0,110022,31344.0,31314.0,37000
15,ACET,ADITYA COLLEGE OF ENGINEERING AND TECHNOLOGY,PVT,EAST GODAVARI,PEDDAPURAM,COED,JNTUK,CSE,21243.0,24445.0,75216.0,83765,154741.0,170439.0,30497.0,36221,30217.0,57612,29999.0,29999.0,39393.0,41500,87476.0,87476,22131.0,33068.0,37000
16,ACET,ADITYA COLLEGE OF ENGINEERING AND TECHNOLOGY,PVT,EAST GODAVARI,PEDDAPURAM,COED,JNTUK,CSM,32886.0,32886.0,158684.0,172274,158482.0,158482.0,74568.0,114079,58755.0,62261,67951.0,67951.0,46531.0,47678,118292.0,127276,35523.0,34809.0,37000
17,ACET,ADITYA COLLEGE OF ENGINEERING AND TECHNOLOGY,PVT,EAST GODAVARI,PEDDAPURAM,COED,JNTUK,ECE,45410.0,45410.0,172097.0,173161,45410.0,45410.0,88231.0,90409,62248.0,64467,51073.0,51073.0,53901.0,60809,89808.0,160708,48449.0,45562.0,37000
18,ACET,ADITYA COLLEGE OF ENGINEERING AND TECHNOLOGY,PVT,EAST GODAVARI,PEDDAPURAM,COED,JNTUK,EEE,83253.0,83253.0,126921.0,126921,83253.0,83253.0,115279.0,115279,103434.0,107053,83253.0,97730.0,91256.0,91256,162817.0,162817,84595.0,84038.0,37000
19,ACET,ADITYA COLLEGE OF ENGINEERING AND TECHNOLOGY,PVT,EAST GODAVARI,PEDDAPURAM,COED,JNTUK,INF,36819.0,36819.0,173373.0,173373,132828.0,132828.0,58294.0,58814,53032.0,53032,39386.0,39386.0,39375.0,55208,58778.0,70795,24003.0,29669.0,37000
20,ACET,ADITYA COLLEGE OF ENGINEERING AND TECHNOLOGY,PVT,EAST GODAVARI,PEDDAPURAM,COED,JNTUK,MEC,143235.0,143235.0,159544.0,159544,160681.0,160681.0,159076.0,159076,161702.0,161702,143235.0,143235.0,163878.0,163878,143235.0,143235,142273.0,107682.0,37000
21,ACPS,ADITYA COLLEGE OF PHARMACY,PVT,EAST GODAVARI,PEDDAPURAM,COED,JNTUK,PHD,129723.0,158505.0,129723.0,158505,129723.0,158505.0,129723.0,158505,129723.0,158505,129723.0,158505.0,129723.0,158505,129723.0,158505,999999.0,999999.0,56600
22,ACPS,ADITYA COLLEGE OF PHARMACY,PVT,EAST GODAVARI,PEDDAPURAM,COED,JNTUK,PHM,169131.0,169131.0,173540.0,173540,173554.0,173554.0,169163.0,169163,169169.0,169169,169131.0,169131.0,169142.0,169142,169163.0,169163,999999.0,999999.0,45000
23,ADCP,ADARSHA COLL OF PHARMACY,PVT,EAST GODAVARI,G.KOTHAPALLI,COED,JNTUK,PHM,57013.0,169623.0,57013.0,172531,124974.0,169623.0,103001.0,169623,57013.0,169623,57013.0,169623.0,57013.0,169623,57013.0,169623,999999.0,999999.0,35000
24,ADTP,ADITYA ENGINEERING COLLEGE,PVT,EAST GODAVARI,PEDDAPURAM,COED,JNTUK,AGR,115578.0,140598.0,173470.0,173470,115578.0,143584.0,115578.0,140598,115578.0,140598,115578.0,140598.0,115578.0,140598,115578.0,140598,149181.0,99698.0,51100
25,ADTP,ADITYA ENGINEERING COLLEGE,PVT,EAST GODAVARI,PEDDAPURAM,COED,JNTUK,AIM,24491.0,25034.0,121666.0,171587,170892.0,172452.0,61286.0,65932,39246.0,48414,27923.0,53556.0,35698.0,43262,93408.0,93408,25225.0,24682.0,51100
26,ADTP,ADITYA ENGINEERING COLLEGE,PVT,EAST GODAVARI,PEDDAPURAM,COED,JNTUK,CIV,77581.0,109902.0,169794.0,169794,110410.0,110410.0,161551.0,161551,151536.0,151536,77581.0,109902.0,91180.0,109902,158732.0,158732,111796.0,88226.0,51100
27,ADTP,ADITYA ENGINEERING COLLEGE,PVT,EAST GODAVARI,PEDDAPURAM,COED,JNTUK,CSD,20564.0,20564.0,79596.0,108319,133075.0,133075.0,38314.0,38314,36570.0,36570,80854.0,80854.0,20601.0,23059,20564.0,20564,18694.0,17254.0,51100
28,ADTP,ADITYA ENGINEERING COLLEGE,PVT,EAST GODAVARI,PEDDAPURAM,COED,JNTUK,CSE,13008.0,13526.0,39163.0,39163,84400.0,84400.0,21102.0,28089,18482.0,18482,28554.0,28554.0,17932.0,17932,32391.0,32391,13490.0,11450.0,51100
29,ADTP,ADITYA ENGINEERING COLLEGE,PVT,EAST GODAVARI,PEDDAPURAM,COED,JNTUK,ECE,31815.0,31815.0,107491.0,128677,134198.0,138259.0,54012.0,54012,48514.0,50236,85189.0,112965.0,43010.0,60296,141097.0,160475,43037.0,30296.0,51100
30,ADTP,ADITYA ENGINEERING COLLEGE,PVT,EAST GODAVARI,PEDDAPURAM,COED,JNTUK,EEE,66284.0,66284.0,171006.0,171006,69725.0,69725.0,66284.0,142775,79840.0,96042,66284.0,66284.0,77867.0,77867,103216.0,103216,67919.0,59526.0,51100
31,ADTP,ADITYA ENGINEERING COLLEGE,PVT,EAST GODAVARI,PEDDAPURAM,COED,JNTUK,INF,22172.0,24243.0,125847.0,141212,153267.0,153267.0,40688.0,40688,42845.0,44512,22172.0,71616.0,28634.0,28634,160432.0,160432,22475.0,22273.0,51100
32,ADTP,ADITYA ENGINEERING COLLEGE,PVT,EAST GODAVARI,PEDDAPURAM,COED,JNTUK,MEC,100950.0,162427.0,173045.0,173045,103575.0,162427.0,145462.0,162427,123525.0,162427,100950.0,162427.0,102414.0,162427,100950.0,162427,99366.0,99655.0,51100
33,ADTP,ADITYA ENGINEERING COLLEGE,PVT,EAST GODAVARI,PEDDAPURAM,COED,JNTUK,MIN,141805.0,141805.0,141805.0,141805,141805.0,141805.0,141805.0,141805,141805.0,141805,141805.0,141805.0,141805.0,141805,141805.0,141805,999999.0,999999.0,51100
34,ADTP,ADITYA ENGINEERING COLLEGE,PVT,EAST GODAVARI,PEDDAPURAM,COED,JNTUK,PET,124841.0,131261.0,172489.0,172489,124841.0,131261.0,124841.0,131261,124841.0,131261,124841.0,131261.0,124841.0,131261,124841.0,131261,153943.0,153943.0,51100
35,ANURSF,ADI KAVI NANNAYA UNIVERSITY COLLEGE OF ENGG.-SELF FINANCE,SF,EAST GODAVARI,RAJAHMUNDRY,COED,AKNU,CIV,81264.0,81264.0,161074.0,161074,81264.0,134219.0,81264.0,100444,112694.0,113386,81264.0,81264.0,115763.0,115763,81264.0,81264,142420.0,142420.0,35000
36,ANURSF,ADI KAVI NANNAYA UNIVERSITY COLLEGE OF ENGG.-SELF FINANCE,SF,EAST GODAVARI,RAJAHMUNDRY,COED,AKNU,CSE,33473.0,36656.0,51646.0,51646,45824.0,45824.0,67071.0,67071,49906.0,49906,33473.0,36656.0,43077.0,43077,69195.0,69195,31869.0,27937.0,35000
37,ANURSF,ADI KAVI NANNAYA UNIVERSITY COLLEGE OF ENGG.-SELF FINANCE,SF,EAST GODAVARI,RAJAHMUNDRY,COED,AKNU,ECE,57994.0,57994.0,95697.0,95697,57994.0,125920.0,138858.0,138858,69204.0,69204,153779.0,153779.0,73269.0,73269,57994.0,151418,83253.0,82263.0,35000
38,ANURSF,ADI KAVI NANNAYA UNIVERSITY COLLEGE OF ENGG.-SELF FINANCE,SF,EAST GODAVARI,RAJAHMUNDRY,COED,AKNU,EIE,122764.0,122764.0,122764.0,122764,122764.0,122764.0,132870.0,132870,122764.0,122764,122764.0,122764.0,162773.0,162773,122764.0,122764,148461.0,118189.0,35000
39,ANURSF,ADI KAVI NANNAYA UNIVERSITY COLLEGE OF ENGG.-SELF FINANCE,SF,EAST GODAVARI,RAJAHMUNDRY,COED,AKNU,MEC,159272.0,159272.0,170988.0,170988,159272.0,159272.0,159272.0,159272,159272.0,159272,159272.0,162702.0,159272.0,159272,159272.0,159272,105238.0,105238.0,35000
40,APCS,ADITYA PHARMACY COLLEGE,PVT,EAST GODAVARI,PEDDAPURAM,COED,JNTUK,PHM,169131.0,169131.0,173540.0,173540,173554.0,173554.0,169163.0,169163,169169.0,169169,169131.0,169131.0,169142.0,169142,169163.0,169163,999999.0,999999.0,60100
41,BVCE,B V CHALAMAIAH ENGINEERING COLLEGE,PVT,EAST GODAVARI,ODALAREVU,COED,JNTUK,AIM,60526.0,64090.0,126596.0,169838,61716.0,64090.0,101571.0,105912,77219.0,77219,60526.0,64090.0,76583.0,90531,118556.0,127469,54312.0,58624.0,42000
42,BVCE,B V CHALAMAIAH ENGINEERING COLLEGE,PVT,EAST GODAVARI,ODALAREVU,COED,JNTUK,CAD,53821.0,53821.0,132718.0,170777,140421.0,163110.0,102743.0,102743,65743.0,65743,53821.0,141687.0,80091.0,80091,109902.0,124969,44486.0,51140.0,42000
43,BVCE,B V CHALAMAIAH ENGINEERING COLLEGE,PVT,EAST GODAVARI,ODALAREVU,COED,JNTUK,CIV,146025.0,146025.0,173041.0,173041,146025.0,146025.0,165743.0,165743,168046.0,168046,146025.0,146025.0,156551.0,163226,146025.0,146025,100028.0,138864.0,42000
44,BVCE,B V CHALAMAIAH ENGINEERING COLLEGE,PVT,EAST GODAVARI,ODALAREVU,COED,JNTUK,CSE,36109.0,43289.0,86740.0,86740,82950.0,82950.0,74277.0,123992,59596.0,60261,90119.0,90119.0,50615.0,68189,128614.0,128614,39208.0,30560.0,42000
45,BVCE,B V CHALAMAIAH ENGINEERING COLLEGE,PVT,EAST GODAVARI,ODALAREVU,COED,JNTUK,CSM,60156.0,60156.0,170611.0,170611,171031.0,171031.0,127604.0,141003,80463.0,92176,149073.0,149073.0,90644.0,96476,117164.0,141715,61589.0,55571.0,42000
46,BVCE,B V CHALAMAIAH ENGINEERING COLLEGE,PVT,EAST GODAVARI,ODALAREVU,COED,JNTUK,ECE,70172.0,75943.0,172720.0,172720,168648.0,168648.0,146667.0,149032,87719.0,101464,100444.0,100444.0,99297.0,99297,153483.0,161583,70601.0,71779.0,42000
47,BVCE,B V CHALAMAIAH ENGINEERING COLLEGE,PVT,EAST GODAVARI,ODALAREVU,COED,JNTUK,EEE,99251.0,112851.0,99251.0,112851,99251.0,112851.0,128577.0,128577,123041.0,137118,99251.0,112851.0,126521.0,164276,128311.0,128311,98009.0,97244.0,42000
48,BVCE,B V CHALAMAIAH ENGINEERING COLLEGE,PVT,EAST GODAVARI,ODALAREVU,COED,JNTUK,MEC,161218.0,164340.0,161218.0,164788,161218.0,164340.0,164816.0,164816,161466.0,164340,161218.0,164340.0,161218.0,164340,161218.0,164340,167686.0,157796.0,42000
49,BVCR,BVC ENGINEERING COLLEGE,PVT,EAST GODAVARI,RAJAHMUNDRY,COED,JNTUK,CSE,79183.0,79183.0,161634.0,170679,81566.0,121640.0,140782.0,140782,102715.0,102715,91038.0,91038.0,147625.0,147625,130539.0,158211,125729.0,77229.0,35000
50,BVCR,BVC ENGINEERING COLLEGE,PVT,EAST GODAVARI,RAJAHMUNDRY,COED,JNTUK,CSM,100730.0,100730.0,112638.0,133605,100730.0,157484.0,165421.0,165421,147582.0,159892,100730.0,100730.0,159521.0,160896,158005.0,158005,120016.0,166327.0,35000
51,BVCR,BVC ENGINEERING COLLEGE,PVT,EAST GODAVARI,RAJAHMUNDRY,COED,JNTUK,ECE,124826.0,146799.0,151818.0,151818,156061.0,156061.0,168943.0,168943,164596.0,164596,124826.0,146799.0,124826.0,156144,152034.0,152034,119888.0,135322.0,35000
52,BVTS,BONAM VENKATA CHALAMAIAH INST. OF TECH AND SCI.,PVT,EAST GODAVARI,AMALAPURAM,COED,JNTUK,AIM,60262.0,74289.0,170928.0,171313,61892.0,74289.0,160032.0,160032,100486.0,100486,94840.0,94840.0,104355.0,104355,156114.0,156114,78042.0,46931.0,52700
53,BVTS,BONAM VENKATA CHALAMAIAH INST. OF TECH AND SCI.,PVT,EAST GODAVARI,AMALAPURAM,COED,JNTUK,CAD,65160.0,76908.0,153720.0,166906,155180.0,162959.0,109926.0,109926,65160.0,76908,65160.0,76908.0,138631.0,139514,119385.0,119385,70610.0,57474.0,52700
54,BVTS,BONAM VENKATA CHALAMAIAH INST. OF TECH AND SCI.,PVT,EAST GODAVARI,AMALAPURAM,COED,JNTUK,CIV,129624.0,129624.0,129624.0,135555,129624.0,129624.0,152380.0,152380,150246.0,150246,139616.0,139616.0,152179.0,152179,153367.0,153367,155472.0,121259.0,52700
55,BVTS,BONAM VENKATA CHALAMAIAH INST. OF TECH AND SCI.,PVT,EAST GODAVARI,AMALAPURAM,COED,JNTUK,CSE,54046.0,54046.0,100028.0,100028,131896.0,131896.0,162520.0,162520,54046.0,54046,54046.0,54046.0,57820.0,63535,104769.0,104769,41790.0,39030.0,52700
56,BVTS,BONAM VENKATA CHALAMAIAH INST. OF TECH AND SCI.,PVT,EAST GODAVARI,AMALAPURAM,COED,JNTUK,ECE,64344.0,64344.0,166024.0,166024,65168.0,143692.0,158181.0,158181,81132.0,81132,96411.0,96411.0,124688.0,124688,165932.0,165932,77450.0,71885.0,52700
57,BVTS,BONAM VENKATA CHALAMAIAH INST. OF TECH AND SCI.,PVT,EAST GODAVARI,AMALAPURAM,COED,JNTUK,EEE,115672.0,115672.0,128026.0,128026,115672.0,115672.0,147264.0,147264,137882.0,156924,126731.0,126731.0,148416.0,148416,115672.0,115672,98029.0,82878.0,52700
58,CHKN,CHAITANYA INST. OF SCI. AND TECHNOLOGY,PVT,EAST GODAVARI,KAKINADA,COED,JNTUK,AID,113502.0,113502.0,165344.0,165344,171067.0,171067.0,170494.0,170494,148501.0,148501,113502.0,172110.0,168211.0,173240,113502.0,113502,999999.0,999999.0,35000
59,CHKN,CHAITANYA INST. OF SCI. AND TECHNOLOGY,PVT,EAST GODAVARI,KAKINADA,COED,JNTUK,AIM,147562.0,147562.0,162575.0,168545,147562.0,147562.0,147562.0,147562,158732.0,158732,147562.0,147562.0,147562.0,147562,147562.0,147562,999999.0,999999.0,35000
60,CHKN,CHAITANYA INST. OF SCI. AND TECHNOLOGY,PVT,EAST GODAVARI,KAKINADA,COED,JNTUK,CIV,122402.0,122402.0,122402.0,122402,122402.0,122402.0,122402.0,122402,122402.0,122402,122402.0,122402.0,122402.0,122402,122402.0,122402,999999.0,999999.0,35000
61,CHKN,CHAITANYA INST. OF SCI. AND TECHNOLOGY,PVT,EAST GODAVARI,KAKINADA,COED,JNTUK,CSE,64778.0,64778.0,173510.0,173510,64778.0,77841.0,129687.0,129687,141519.0,151504,64778.0,64778.0,89734.0,123663,141961.0,141961,120016.0,120016.0,35000
62,CHKN,CHAITANYA INST. OF SCI. AND TECHNOLOGY,PVT,EAST GODAVARI,KAKINADA,COED,JNTUK,ECE,144690.0,144690.0,144690.0,144690,144690.0,144868.0,144690.0,168261,158628.0,168313,144690.0,144690.0,164424.0,164424,144690.0,144690,133288.0,125300.0,35000
63,CHKN,CHAITANYA INST. OF SCI. AND TECHNOLOGY,PVT,EAST GODAVARI,KAKINADA,COED,JNTUK,MEC,142904.0,142904.0,142904.0,142904,142904.0,142904.0,142904.0,142904,142904.0,142904,142904.0,142904.0,142904.0,142904,142904.0,142904,999999.0,999999.0,35000
64,GIER,GODAVARI INSTITUTE OF ENGG. AND TECHNOLOGY,PVT,EAST GODAVARI,RAJAHMUNDRY,COED,JNTUK,AUT,143505.0,143505.0,143973.0,163481,143505.0,143505.0,143505.0,143505,143505.0,143505,143505.0,143505.0,143505.0,143505,143505.0,143505,100827.0,100827.0,58700
65,GIER,GODAVARI INSTITUTE OF ENGG. AND TECHNOLOGY,PVT,EAST GODAVARI,RAJAHMUNDRY,COED,JNTUK,CIV,169131.0,169131.0,173380.0,173380,169131.0,169131.0,169163.0,169163,169131.0,169131,169131.0,169131.0,169142.0,169142,169163.0,169163,999999.0,999999.0,58700
66,GIER,GODAVARI INSTITUTE OF ENGG. AND TECHNOLOGY,PVT,EAST GODAVARI,RAJAHMUNDRY,COED,JNTUK,CSC,42206.0,61733.0,138291.0,171722,155986.0,155986.0,83287.0,130155,62787.0,72366,42206.0,61733.0,56408.0,90679,133839.0,133839,44837.0,47117.0,58700
67,GIER,GODAVARI INSTITUTE OF ENGG. AND TECHNOLOGY,PVT,EAST GODAVARI,RAJAHMUNDRY,COED,JNTUK,CSD,49882.0,49882.0,130171.0,130171,49882.0,49882.0,75288.0,124053,73698.0,76129,49882.0,49882.0,50627.0,79658,129614.0,129614,49102.0,52576.0,58700
68,GIER,GODAVARI INSTITUTE OF ENGG. AND TECHNOLOGY,PVT,EAST GODAVARI,RAJAHMUNDRY,COED,JNTUK,CSE,28241.0,28936.0,84211.0,84211,172871.0,172871.0,57367.0,105882,49164.0,49164,121502.0,121502.0,36900.0,49352,75562.0,75562,32364.0,30683.0,58700
69,GIER,GODAVARI INSTITUTE OF ENGG. AND TECHNOLOGY,PVT,EAST GODAVARI,RAJAHMUNDRY,COED,JNTUK,CSM,46048.0,53341.0,171444.0,171444,63059.0,63059.0,102480.0,106034,68114.0,69935,46048.0,53341.0,56337.0,68593,158636.0,158636,52868.0,52754.0,58700
70,GIER,GODAVARI INSTITUTE OF ENGG. AND TECHNOLOGY,PVT,EAST GODAVARI,RAJAHMUNDRY,COED,JNTUK,ECE,50428.0,61968.0,171988.0,171988,150553.0,171796.0,118028.0,150439,81550.0,103001,51356.0,61968.0,60768.0,67323,130036.0,165344,58375.0,65168.0,58700
71,GIER,GODAVARI INSTITUTE OF ENGG. AND TECHNOLOGY,PVT,EAST GODAVARI,RAJAHMUNDRY,COED,JNTUK,EEE,156482.0,156482.0,158253.0,158253,156482.0,156482.0,156482.0,159433,156482.0,163313,156482.0,156482.0,156482.0,159588,156482.0,156482,162882.0,165546.0,58700
72,GIER,GODAVARI INSTITUTE OF ENGG. AND TECHNOLOGY,PVT,EAST GODAVARI,RAJAHMUNDRY,COED,JNTUK,MEC,150350.0,150350.0,170994.0,170994,154498.0,155879.0,150350.0,150350,152852.0,152852,150350.0,150350.0,163137.0,163137,150350.0,150350,151716.0,133402.0,58700
73,GIER,GODAVARI INSTITUTE OF ENGG. AND TECHNOLOGY,PVT,EAST GODAVARI,RAJAHMUNDRY,COED,JNTUK,MIN,169131.0,169163.0,169131.0,169163,173554.0,173554.0,169163.0,169163,169169.0,169169,999999.0,999999.0,169142.0,169163,169163.0,169163,999999.0,999999.0,58700
74,GIER,GODAVARI INSTITUTE OF ENGG. AND TECHNOLOGY,PVT,EAST GODAVARI,RAJAHMUNDRY,COED,JNTUK,PEE,64002.0,64002.0,64002.0,64002,64002.0,64002.0,64002.0,64002,64002.0,64002,64002.0,64002.0,64002.0,64002,64002.0,64002,999999.0,999999.0,58700
75,GIET,GIET ENGINEERING COLLEGE,PVT,EAST GODAVARI,RAJAHMUNDRY,COED,JNTUK,CSE,34562.0,63987.0,169709.0,172455,170863.0,170863.0,100215.0,115398,79658.0,79658,86734.0,86734.0,70800.0,88359,82632.0,116956,53610.0,85666.0,35000
76,GIET,GIET ENGINEERING COLLEGE,PVT,EAST GODAVARI,RAJAHMUNDRY,COED,JNTUK,ECE,57496.0,71382.0,160660.0,160660,74817.0,74817.0,131174.0,131174,104868.0,140943,57496.0,128003.0,81215.0,100327,148689.0,148689,90908.0,103403.0,35000
77,GIET,GIET ENGINEERING COLLEGE,PVT,EAST GODAVARI,RAJAHMUNDRY,COED,JNTUK,INF,70085.0,70085.0,170512.0,173334,71669.0,89752.0,108260.0,108584,85937.0,142572,70085.0,70085.0,86721.0,123226,123291.0,141240,58474.0,59333.0,35000
78,GIPR,GIET SCHOOL OF PHARMACY,PVT,EAST GODAVARI,RAJAHMUNDRY,COED,AU,PHD,160631.0,160631.0,160631.0,160631,160631.0,160631.0,160631.0,160631,160631.0,160631,160631.0,160631.0,160631.0,160631,160631.0,160631,999999.0,999999.0,35000
79,GIPR,GIET SCHOOL OF PHARMACY,PVT,EAST GODAVARI,RAJAHMUNDRY,COED,AU,PHM,62447.0,62447.0,62447.0,62447,62447.0,62447.0,62447.0,62447,62447.0,62447,62447.0,62447.0,62447.0,62447,62447.0,62447,999999.0,999999.0,35000
80,IDEL,IDEAL INSTITUTE OF TECHNOLOGY,PVT,EAST GODAVARI,KAKINADA,COED,JNTUK,CSE,61034.0,61034.0,164183.0,173486,170710.0,172188.0,102103.0,118200,68440.0,68440,62677.0,62677.0,61034.0,73717,101464.0,101464,64711.0,60572.0,35000
81,IDEL,IDEAL INSTITUTE OF TECHNOLOGY,PVT,EAST GODAVARI,KAKINADA,COED,JNTUK,CSM,79091.0,79091.0,79091.0,79091,79091.0,79091.0,82867.0,134198,89234.0,92729,79091.0,79091.0,100900.0,100900,79091.0,79091,74679.0,73561.0,35000
82,IDEL,IDEAL INSTITUTE OF TECHNOLOGY,PVT,EAST GODAVARI,KAKINADA,COED,JNTUK,ECE,74289.0,82359.0,170854.0,170854,75636.0,82359.0,124940.0,152025,146907.0,146907,74289.0,82359.0,103977.0,103977,138362.0,138362,117902.0,78302.0,35000
83,IDEL,IDEAL INSTITUTE OF TECHNOLOGY,PVT,EAST GODAVARI,KAKINADA,COED,JNTUK,MEC,151937.0,151937.0,151937.0,151937,151937.0,151937.0,151937.0,151937,151937.0,151937,151937.0,151937.0,151937.0,151937,151937.0,151937,999999.0,999999.0,35000
84,ISTS,INTERNATIONAL SCHOOL OF TECH AND SCI FOR WOMEN,PVT,EAST GODAVARI,RAJAHMUNDRY,GIRLS,JNTUK,AGR,164724.0,164724.0,165966.0,165966,164724.0,164724.0,164724.0,164724,164724.0,164724,164724.0,164724.0,164724.0,164724,164724.0,164724,134025.0,134025.0,39000
85,ISTS,INTERNATIONAL SCHOOL OF TECH AND SCI FOR WOMEN,PVT,EAST GODAVARI,RAJAHMUNDRY,GIRLS,JNTUK,AIM,135322.0,135322.0,158411.0,158411,155640.0,155640.0,135322.0,135322,163189.0,163189,999999.0,999999.0,160496.0,160496,137373.0,137373,145929.0,145929.0,39000
86,ISTS,INTERNATIONAL SCHOOL OF TECH AND SCI FOR WOMEN,PVT,EAST GODAVARI,RAJAHMUNDRY,GIRLS,JNTUK,CAI,114832.0,114832.0,114832.0,114832,114832.0,114832.0,168643.0,168643,160212.0,160212,138712.0,138712.0,120242.0,120242,148555.0,148555,101015.0,101015.0,39000
87,ISTS,INTERNATIONAL SCHOOL OF TECH AND SCI FOR WOMEN,PVT,EAST GODAVARI,RAJAHMUNDRY,GIRLS,JNTUK,CSE,105949.0,105949.0,164747.0,164747,172141.0,172141.0,154437.0,154437,112567.0,112567,105949.0,105949.0,113050.0,113050,149048.0,149048,71461.0,71461.0,39000
88,ISTS,INTERNATIONAL SCHOOL OF TECH AND SCI FOR WOMEN,PVT,EAST GODAVARI,RAJAHMUNDRY,GIRLS,JNTUK,ECE,106791.0,106791.0,148383.0,148383,108281.0,108281.0,145026.0,145026,168912.0,168912,999999.0,999999.0,142953.0,142953,108426.0,108426,152868.0,152868.0,39000
89,JNKFSF,SCHOOL OF FOOD TECHNOLOGY JNTUK KAKINADA-SELF FINANCE,SF,EAST GODAVARI,KAKINADA,COED,JNTUK,FDE,155967.0,167604.0,169333.0,171665,172376.0,172376.0,155967.0,167604,155967.0,167604,155967.0,167604.0,155967.0,167604,155967.0,167604,66445.0,66445.0,45000
90,JNTK,JNTUK COLLEGE OF ENGG. KAKINADA,UNIV,EAST GODAVARI,KAKINADA,COED,JNTUK,CIV,21143.0,36558.0,45101.0,87540,40092.0,40092.0,21143.0,36558,38531.0,55848,21143.0,36558.0,22515.0,36558,55182.0,58169,58856.0,26780.0,10000
91,JNTK,JNTUK COLLEGE OF ENGG. KAKINADA,UNIV,EAST GODAVARI,KAKINADA,COED,JNTUK,CSE,3213.0,3642.0,3445.0,3642,11647.0,11647.0,3213.0,3642,3213.0,3642,3213.0,4748.0,3213.0,3642,3213.0,3642,3696.0,4604.0,10000
92,JNTK,JNTUK COLLEGE OF ENGG. KAKINADA,UNIV,EAST GODAVARI,KAKINADA,COED,JNTUK,ECE,5472.0,5554.0,5876.0,8644,17812.0,77489.0,5472.0,6294,6307.0,6307,5472.0,5554.0,5472.0,5554,5472.0,5554,5532.0,12028.0,10000
93,JNTK,JNTUK COLLEGE OF ENGG. KAKINADA,UNIV,EAST GODAVARI,KAKINADA,COED,JNTUK,EEE,14652.0,16490.0,28296.0,28296,23367.0,23367.0,14652.0,37097,30691.0,30691,14652.0,16490.0,25059.0,45381,41565.0,41565,23822.0,13622.0,10000
94,JNTK,JNTUK COLLEGE OF ENGG. KAKINADA,UNIV,EAST GODAVARI,KAKINADA,COED,JNTUK,MEC,12686.0,23761.0,54297.0,54297,41542.0,60097.0,12686.0,35098,22847.0,57856,46614.0,46614.0,16188.0,29583,31973.0,113355,65645.0,37405.0,10000
95,JNTKSF,JNTUK COLLEGE OF ENGG. KAKINADA- SELF FINANCE,SF,EAST GODAVARI,KAKINADA,COED,JNTUK,CHE,48270.0,52396.0,171861.0,171861,159466.0,159466.0,110802.0,166242,135299.0,135299,48270.0,52396.0,66272.0,102614,118967.0,140970,104696.0,136774.0,45000
96,JNTKSF,JNTUK COLLEGE OF ENGG. KAKINADA- SELF FINANCE,SF,EAST GODAVARI,KAKINADA,COED,JNTUK,PEE,166686.0,166686.0,172361.0,172361,166686.0,166686.0,166686.0,166686,166686.0,166686,166686.0,166686.0,166686.0,166686,166686.0,166686,63535.0,165354.0,45000
97,KCPT,KORINGA COLLEGE OF PHARMACY,PVT,EAST GODAVARI,TALLAREVU,COED,JNTUK,PHD,169131.0,169163.0,169131.0,169163,173554.0,173554.0,169163.0,169163,169169.0,169169,999999.0,999999.0,169142.0,169163,169163.0,169163,999999.0,999999.0,35000
98,KIEK,KAKINADA INSTITUTE OF ENGG. AND TECHNOLOGY,PVT,EAST GODAVARI,KAKINADA,COED,JNTUK,AID,156805.0,156805.0,165784.0,165784,156891.0,156891.0,166375.0,166375,168146.0,168146,156805.0,156805.0,159056.0,163615,156805.0,156805,148484.0,145200.0,35000
99,KIEK,KAKINADA INSTITUTE OF ENGG. AND TECHNOLOGY,PVT,EAST GODAVARI,KAKINADA,COED,JNTUK,CAI,157986.0,157986.0,165902.0,165902,157986.0,157986.0,165034.0,165034,157986.0,157986,157986.0,157986.0,157986.0,157986,157986.0,157986,136617.0,139912.0,35000
100,KIEK,KAKINADA INSTITUTE OF ENGG. AND TECHNOLOGY,PVT,EAST GODAVARI,KAKINADA,COED,JNTUK,CSC,117994.0,146154.0,166906.0,166906,140153.0,159402.0,160931.0,160931,166314.0,166314,117994.0,151180.0,117994.0,146154,165421.0,165421,166371.0,114459.0,35000
101,KIEK,KAKINADA INSTITUTE OF ENGG. AND TECHNOLOGY,PVT,EAST GODAVARI,KAKINADA,COED,JNTUK,CSD,163199.0,163199.0,168509.0,169074,163199.0,163199.0,163199.0,163622,163199.0,163199,163199.0,163199.0,163199.0,163199,163199.0,163199,144995.0,124327.0,35000
102,KIEK,KAKINADA INSTITUTE OF ENGG. AND TECHNOLOGY,PVT,EAST GODAVARI,KAKINADA,COED,JNTUK,CSM,145962.0,157062.0,160973.0,160973,145962.0,157062.0,166490.0,166490,165625.0,165625,145962.0,157062.0,153094.0,165593,145962.0,157062,138356.0,143751.0,35000
103,KIET,KAKINADA INSTITUTE OF ENGG. AND TECHNOLOGY,PVT,EAST GODAVARI,KAKINADA,COED,JNTUK,AID,99222.0,135872.0,173198.0,173198,103701.0,135872.0,129270.0,165686,161113.0,163731,118312.0,139890.0,137221.0,160108,149137.0,166248,139616.0,146580.0,35000
104,KIET,KAKINADA INSTITUTE OF ENGG. AND TECHNOLOGY,PVT,EAST GODAVARI,KAKINADA,COED,JNTUK,CAI,114603.0,154332.0,171637.0,172524,172449.0,172449.0,148058.0,154332,160174.0,160174,131590.0,154332.0,139146.0,154332,156551.0,167435,151770.0,157310.0,35000
105,KIET,KAKINADA INSTITUTE OF ENGG. AND TECHNOLOGY,PVT,EAST GODAVARI,KAKINADA,COED,JNTUK,CSC,87073.0,124220.0,171060.0,171060,155380.0,155380.0,115687.0,156468,107252.0,124220,87073.0,124220.0,160835.0,161392,161819.0,161819,80473.0,106881.0,35000
106,KIET,KAKINADA INSTITUTE OF ENGG. AND TECHNOLOGY,PVT,EAST GODAVARI,KAKINADA,COED,JNTUK,CSD,136288.0,161965.0,136288.0,161965,169474.0,169474.0,166989.0,166989,158070.0,161965,136288.0,161965.0,163629.0,164101,167164.0,167164,119266.0,105352.0,35000
107,KIET,KAKINADA INSTITUTE OF ENGG. AND TECHNOLOGY,PVT,EAST GODAVARI,KAKINADA,COED,JNTUK,CSM,119210.0,140868.0,166057.0,166057,119210.0,140868.0,162484.0,162484,153330.0,164774,119210.0,140868.0,167875.0,167875,167068.0,167068,118017.0,104517.0,35000
108,KIEW,KAKINADA INST OF ENGG AND TECHNOLOGY FOR WOMEN,PVT,EAST GODAVARI,KAKINADA,GIRLS,JNTUK,AID,145747.0,145747.0,171254.0,171254,145747.0,145747.0,158694.0,158694,167955.0,167955,145747.0,145747.0,165143.0,165143,154741.0,154741,136260.0,136260.0,35000
109,KIEW,KAKINADA INST OF ENGG AND TECHNOLOGY FOR WOMEN,PVT,EAST GODAVARI,KAKINADA,GIRLS,JNTUK,CAI,168209.0,168209.0,168661.0,168661,168209.0,168209.0,168209.0,168209,168209.0,168209,999999.0,999999.0,168511.0,168511,168209.0,168209,159272.0,159272.0,35000
110,KIEW,KAKINADA INST OF ENGG AND TECHNOLOGY FOR WOMEN,PVT,EAST GODAVARI,KAKINADA,GIRLS,JNTUK,CSM,161583.0,161583.0,164982.0,164982,161583.0,161583.0,161583.0,161583,168370.0,168370,161583.0,161583.0,164982.0,164982,161583.0,161583,163814.0,163814.0,35000
111,KISR,KAKINADA INSTITUTE OF TECHNOLOGY SCIENCES,PVT,EAST GODAVARI,"RAMACHANDRA
PURAM",COED,JNTUK,AIM,169131.0,169163.0,173540.0,173558,173554.0,173554.0,169163.0,169163,169131.0,169163,999999.0,999999.0,169142.0,169163,169163.0,169163,999999.0,999999.0,38000
112,KISR,KAKINADA INSTITUTE OF TECHNOLOGY SCIENCES,PVT,EAST GODAVARI,"RAMACHANDRA
PURAM",COED,JNTUK,CIT,149492.0,154596.0,151297.0,154596,149492.0,154596.0,149492.0,154596,172280.0,172280,149492.0,154596.0,149492.0,157729,149492.0,154596,999999.0,999999.0,38000
113,KISR,KAKINADA INSTITUTE OF TECHNOLOGY SCIENCES,PVT,EAST GODAVARI,"RAMACHANDRA
PURAM",COED,JNTUK,CSE,101712.0,101712.0,169326.0,173215,172353.0,172353.0,134151.0,166833,162132.0,162132,101712.0,101712.0,135734.0,138764,155555.0,155555,78746.0,129148.0,38000
114,KISR,KAKINADA INSTITUTE OF TECHNOLOGY SCIENCES,PVT,EAST GODAVARI,"RAMACHANDRA
PURAM",COED,JNTUK,ECE,87832.0,105217.0,128960.0,128960,87832.0,105217.0,128612.0,128612,87832.0,167620,87832.0,105217.0,139784.0,139784,87832.0,105217,140789.0,151458.0,38000
115,KISR,KAKINADA INSTITUTE OF TECHNOLOGY SCIENCES,PVT,EAST GODAVARI,"RAMACHANDRA
PURAM",COED,JNTUK,PHE,60700.0,60700.0,60700.0,60700,60700.0,60700.0,60700.0,60700,60700.0,60700,60700.0,60700.0,60700.0,60700,60700.0,60700,999999.0,999999.0,38000
116,KTSP,KAKINADA INSTITUTE OF TECHNOLOGY AND SCIENCE,PVT,EAST GODAVARI,DIVILI,COED,JNTUK,AGR,156584.0,156584.0,156584.0,173412,173169.0,173169.0,170497.0,170497,173554.0,173554,156584.0,156584.0,156584.0,163912,156584.0,156584,999999.0,999999.0,35000
117,KTSP,KAKINADA INSTITUTE OF TECHNOLOGY AND SCIENCE,PVT,EAST GODAVARI,DIVILI,COED,JNTUK,AID,161341.0,161341.0,171542.0,171542,170038.0,171263.0,161341.0,161341,163338.0,163338,161341.0,161341.0,161341.0,171307,161341.0,161341,144400.0,144400.0,35000
118,KTSP,KAKINADA INSTITUTE OF TECHNOLOGY AND SCIENCE,PVT,EAST GODAVARI,DIVILI,COED,JNTUK,CIV,72809.0,138545.0,173551.0,173551,173088.0,173277.0,72809.0,138545,72809.0,138545,72809.0,138545.0,72809.0,138545,102443.0,138545,999999.0,999999.0,35000
119,KTSP,KAKINADA INSTITUTE OF TECHNOLOGY AND SCIENCE,PVT,EAST GODAVARI,DIVILI,COED,JNTUK,CSE,53042.0,58740.0,168196.0,168196,80332.0,80332.0,123954.0,123954,116353.0,116353,53042.0,58740.0,75171.0,109588,124724.0,124724,141410.0,126191.0,35000
120,KTSP,KAKINADA INSTITUTE OF TECHNOLOGY AND SCIENCE,PVT,EAST GODAVARI,DIVILI,COED,JNTUK,ECE,82065.0,148223.0,168616.0,168616,82065.0,155533.0,153793.0,153793,167653.0,167653,82065.0,148223.0,155731.0,155731,82065.0,148223,138345.0,156375.0,35000
121,KTSP,KAKINADA INSTITUTE OF TECHNOLOGY AND SCIENCE,PVT,EAST GODAVARI,DIVILI,COED,JNTUK,MEC,142170.0,149954.0,170826.0,170826,142170.0,172833.0,142170.0,149954,142170.0,149954,142170.0,149954.0,142170.0,149954,142170.0,149954,112004.0,112004.0,35000
122,LENO,LENORA COLLEGE OF ENGINEERING,PVT,EAST GODAVARI,"RAMPACHODAV
ARAM",COED,JNTUK,CIV,102805.0,102805.0,146025.0,146025,102805.0,102805.0,102805.0,102805,102805.0,102805,102805.0,102805.0,102805.0,102805,102805.0,102805,999999.0,999999.0,35000
123,LENO,LENORA COLLEGE OF ENGINEERING,PVT,EAST GODAVARI,"RAMPACHODAV
ARAM",COED,JNTUK,CSE,83871.0,83871.0,171077.0,172269,83871.0,83871.0,140130.0,140130,161802.0,161802,83871.0,83871.0,142331.0,165249,164430.0,164430,104002.0,133801.0,35000
124,LENO,LENORA COLLEGE OF ENGINEERING,PVT,EAST GODAVARI,"RAMPACHODAV
ARAM",COED,JNTUK,ECE,153779.0,153779.0,153779.0,153779,162658.0,162658.0,153779.0,153779,153779.0,153779,153779.0,153779.0,153779.0,153779,153779.0,153779,999999.0,999999.0,35000
125,LENO,LENORA COLLEGE OF ENGINEERING,PVT,EAST GODAVARI,"RAMPACHODAV
ARAM",COED,JNTUK,EEE,76611.0,86590.0,76611.0,86590,76611.0,86590.0,131174.0,131174,76611.0,86590,76611.0,86590.0,76611.0,86590,76611.0,86590,120734.0,120734.0,35000
126,LENO,LENORA COLLEGE OF ENGINEERING,PVT,EAST GODAVARI,"RAMPACHODAV
ARAM",COED,JNTUK,MEC,167340.0,167340.0,167340.0,167340,167340.0,167340.0,167340.0,167340,167340.0,167340,167340.0,167340.0,167340.0,167340,167340.0,167340,109157.0,109157.0,35000
127,PRAG,PRAGATI ENGINEERING COLLEGE,PVT,EAST GODAVARI,PEDDAPURAM,COED,JNTUK,CAI,27913.0,29152.0,172768.0,172768,81109.0,81109.0,84400.0,84400,55108.0,75577,27913.0,61328.0,41225.0,41225,123928.0,123928,29292.0,28052.0,63000
128,PRAG,PRAGATI ENGINEERING COLLEGE,PVT,EAST GODAVARI,PEDDAPURAM,COED,JNTUK,CIV,155945.0,156584.0,173282.0,173282,155945.0,156584.0,155945.0,156584,155945.0,156584,155945.0,156584.0,166955.0,167348,167396.0,167396,107167.0,98918.0,63000
129,PRAG,PRAGATI ENGINEERING COLLEGE,PVT,EAST GODAVARI,PEDDAPURAM,COED,JNTUK,CSD,22807.0,23835.0,113429.0,171847,142420.0,171946.0,63505.0,63840,39698.0,47264,22807.0,23835.0,33965.0,36629,104335.0,104335,22993.0,25939.0,63000
130,PRAG,PRAGATI ENGINEERING COLLEGE,PVT,EAST GODAVARI,PEDDAPURAM,COED,JNTUK,CSE,10942.0,13509.0,41033.0,41033,144134.0,170889.0,19363.0,33334,18403.0,18403,38389.0,41400.0,24357.0,24357,28055.0,94357,14283.0,14946.0,63000
131,PRAG,PRAGATI ENGINEERING COLLEGE,PVT,EAST GODAVARI,PEDDAPURAM,COED,JNTUK,CSM,21941.0,23578.0,105925.0,170854,142631.0,147494.0,55485.0,55485,36476.0,36476,57013.0,57013.0,33358.0,33358,72275.0,135265,25399.0,24263.0,63000
132,PRAG,PRAGATI ENGINEERING COLLEGE,PVT,EAST GODAVARI,PEDDAPURAM,COED,JNTUK,ECE,32934.0,32934.0,149423.0,170843,171737.0,172800.0,71567.0,79137,67618.0,77819,75307.0,75307.0,61509.0,61509,158285.0,164536,36285.0,41390.0,63000
133,PRAG,PRAGATI ENGINEERING COLLEGE,PVT,EAST GODAVARI,PEDDAPURAM,COED,JNTUK,EEE,85317.0,85317.0,172669.0,172669,86291.0,86291.0,119499.0,160158,114712.0,116056,85317.0,85317.0,86340.0,94775,123858.0,137183,85603.0,49672.0,63000
134,PRAG,PRAGATI ENGINEERING COLLEGE,PVT,EAST GODAVARI,PEDDAPURAM,COED,JNTUK,INF,19838.0,33045.0,114459.0,114459,120902.0,170657.0,48101.0,129328,43906.0,43906,19838.0,151780.0,22623.0,44336,124969.0,124969,27172.0,26468.0,63000
135,PRAG,PRAGATI ENGINEERING COLLEGE,PVT,EAST GODAVARI,PEDDAPURAM,COED,JNTUK,MEC,129338.0,143817.0,171988.0,171988,129338.0,143817.0,168396.0,168396,168478.0,168478,129338.0,143817.0,166906.0,166906,147383.0,147383,126248.0,120221.0,63000
136,PREC,DR PAUL RAJS ENGINEERING COLLEGE,PVT,EAST GODAVARI,YETAPAKA,COED,JNTUK,CIV,65864.0,65864.0,144540.0,144540,65864.0,65864.0,65864.0,65864,65864.0,65864,65864.0,65864.0,65864.0,65864,65864.0,65864,999999.0,999999.0,35000
137,PREC,DR PAUL RAJS ENGINEERING COLLEGE,PVT,EAST GODAVARI,YETAPAKA,COED,JNTUK,CSE,87649.0,104987.0,131002.0,145882,95086.0,131002.0,163578.0,163578,124542.0,126411,87649.0,104987.0,134064.0,148134,121475.0,121475,150105.0,135217.0,35000
138,PREC,DR PAUL RAJS ENGINEERING COLLEGE,PVT,EAST GODAVARI,YETAPAKA,COED,JNTUK,ECE,173082.0,173082.0,173082.0,173517,173082.0,173082.0,173082.0,173082,173082.0,173082,173082.0,173082.0,173082.0,173082,173082.0,173082,132493.0,132493.0,35000
139,PREC,DR PAUL RAJS ENGINEERING COLLEGE,PVT,EAST GODAVARI,YETAPAKA,COED,JNTUK,EEE,166876.0,166876.0,166876.0,166876,166876.0,169857.0,166876.0,166876,166876.0,166876,166876.0,166876.0,166876.0,166876,166876.0,166876,999999.0,999999.0,35000
140,PREC,DR PAUL RAJS ENGINEERING COLLEGE,PVT,EAST GODAVARI,YETAPAKA,COED,JNTUK,MEC,120063.0,167620.0,120063.0,167620,169286.0,169286.0,120063.0,167620,120063.0,167620,120063.0,167620.0,120063.0,167620,120063.0,167620,999999.0,999999.0,35000
141,PYDE,PYDAH COLL OF ENGINEERING,PVT,EAST GODAVARI,KAKINADA,COED,JNTUK,CAI,123130.0,123130.0,146571.0,153605,149570.0,170859.0,163030.0,167079,164603.0,164603,163266.0,163266.0,151594.0,151594,151304.0,151304,129872.0,135749.0,35000
142,PYDE,PYDAH COLL OF ENGINEERING,PVT,EAST GODAVARI,KAKINADA,COED,JNTUK,CSE,51561.0,51561.0,172178.0,172178,102898.0,105374.0,168288.0,168288,142753.0,157834,51561.0,153089.0,145810.0,145810,119888.0,119888,166242.0,126692.0,35000
143,PYDE,PYDAH COLL OF ENGINEERING,PVT,EAST GODAVARI,KAKINADA,COED,JNTUK,ECE,169131.0,169131.0,169131.0,169131,169131.0,169131.0,169163.0,169163,169131.0,169131,169131.0,169131.0,169131.0,169131,169163.0,169163,101906.0,101906.0,35000
144,RIET,RAJAMAHENDRI INST OF ENGG AND TECHNOLOGY,PVT,EAST GODAVARI,RAJAHMUNDRY,COED,JNTUK,CSD,127673.0,162592.0,127673.0,162592,127673.0,162592.0,153216.0,162592,154266.0,162592,137940.0,162592.0,164444.0,164444,149197.0,162592,97756.0,125696.0,35000
145,RIET,RAJAMAHENDRI INST OF ENGG AND TECHNOLOGY,PVT,EAST GODAVARI,RAJAHMUNDRY,COED,JNTUK,CSE,80354.0,84250.0,170679.0,170679,128477.0,128477.0,153365.0,160130,119888.0,142079,106874.0,106874.0,145036.0,145036,110233.0,116096,83765.0,138045.0,35000
146,RIET,RAJAMAHENDRI INST OF ENGG AND TECHNOLOGY,PVT,EAST GODAVARI,RAJAHMUNDRY,COED,JNTUK,CSM,126580.0,126580.0,159825.0,159825,145462.0,145462.0,147675.0,147675,168046.0,168046,126580.0,126580.0,157260.0,167168,149348.0,149348,165372.0,152380.0,35000
147,RIET,RAJAMAHENDRI INST OF ENGG AND TECHNOLOGY,PVT,EAST GODAVARI,RAJAHMUNDRY,COED,JNTUK,ECE,109151.0,161773.0,159781.0,166093,143461.0,161773.0,138266.0,167787,161975.0,161975,109151.0,161773.0,164788.0,164788,144565.0,166011,157834.0,112214.0,35000
148,SRIN,SRINIVASA INST OF ENGG AND TECHNOLOGY,PVT,EAST GODAVARI,CHEYYERU,COED,JNTUK,AIM,84009.0,84009.0,138360.0,138360,154887.0,154887.0,102677.0,141519,84009.0,87859,84009.0,84009.0,156013.0,156013,110305.0,110305,90288.0,52384.0,43000
149,SRIN,SRINIVASA INST OF ENGG AND TECHNOLOGY,PVT,EAST GODAVARI,CHEYYERU,COED,JNTUK,CIV,117994.0,117994.0,150111.0,168689,152097.0,152097.0,152680.0,152680,155180.0,168396,117994.0,117994.0,159860.0,159860,117994.0,117994,89039.0,165577.0,43000
150,SRIN,SRINIVASA INST OF ENGG AND TECHNOLOGY,PVT,EAST GODAVARI,CHEYYERU,COED,JNTUK,CSE,63578.0,63578.0,109881.0,109881,137725.0,137725.0,89000.0,159370,74258.0,74258,100444.0,100444.0,74180.0,98025,128410.0,128410,56602.0,47978.0,43000
151,SRIN,SRINIVASA INST OF ENGG AND TECHNOLOGY,PVT,EAST GODAVARI,CHEYYERU,COED,JNTUK,ECE,105672.0,111284.0,172814.0,172814,173200.0,173200.0,149067.0,149067,157040.0,157040,105672.0,114744.0,156098.0,156098,141267.0,141267,106500.0,90033.0,43000
152,SRIN,SRINIVASA INST OF ENGG AND TECHNOLOGY,PVT,EAST GODAVARI,CHEYYERU,COED,JNTUK,EEE,134252.0,134252.0,137072.0,137072,134252.0,134252.0,148906.0,150083,163359.0,163359,134252.0,134252.0,166088.0,166088,144014.0,144014,126019.0,125488.0,43000
153,SRIN,SRINIVASA INST OF ENGG AND TECHNOLOGY,PVT,EAST GODAVARI,CHEYYERU,COED,JNTUK,MEC,156632.0,156632.0,156632.0,156632,156632.0,156632.0,156632.0,156632,156632.0,156632,156632.0,156632.0,156632.0,156632,156632.0,156632,999999.0,999999.0,43000
154,VJCP,V JS COLLEGE OF PHARMACY,PVT,EAST GODAVARI,RAJAHMUNDRY,COED,AU,PHM,44795.0,44795.0,44795.0,44795,44795.0,58235.0,44795.0,44795,44795.0,44795,44795.0,44795.0,44795.0,44795,173341.0,173341,999999.0,999999.0,41000
155,VKSR,VIKAS INST. OF PHARM.SCI.,PVT,EAST GODAVARI,RAJAHMUNDRY,COED,AU,PHM,98322.0,98322.0,98322.0,98322,98322.0,98322.0,98322.0,98322,98322.0,98322,98322.0,98322.0,98322.0,98322,98322.0,98322,999999.0,999999.0,47900
156,VSMR,V.S.M COLLEGE OF ENGINEERING,PVT,EAST GODAVARI,"RAMACHANDRA
PURAM",COED,JNTUK,CIV,169131.0,169131.0,173540.0,173540,169131.0,169131.0,169163.0,169163,169169.0,169169,169131.0,169131.0,169142.0,169142,169163.0,169163,999999.0,999999.0,51000
157,VSMR,V.S.M COLLEGE OF ENGINEERING,PVT,EAST GODAVARI,"RAMACHANDRA
PURAM",COED,JNTUK,CSD,102898.0,102898.0,146102.0,173314,102898.0,102898.0,116353.0,127749,164035.0,164035,102898.0,102898.0,156074.0,156074,118414.0,118414,81566.0,102176.0,51000
158,VSMR,V.S.M COLLEGE OF ENGINEERING,PVT,EAST GODAVARI,"RAMACHANDRA
PURAM",COED,JNTUK,CSE,71343.0,71343.0,166876.0,166876,168616.0,168616.0,143268.0,157232,89476.0,89476,111694.0,111694.0,106942.0,157182,127346.0,160620,66773.0,136535.0,51000
159,VSMR,V.S.M COLLEGE OF ENGINEERING,PVT,EAST GODAVARI,"RAMACHANDRA
PURAM",COED,JNTUK,CSM,85354.0,136945.0,170457.0,170457,94887.0,136945.0,138433.0,138433,150330.0,150330,85354.0,136945.0,124101.0,136945,105121.0,136945,111652.0,107792.0,51000
160,VSMR,V.S.M COLLEGE OF ENGINEERING,PVT,EAST GODAVARI,"RAMACHANDRA
PURAM",COED,JNTUK,ECE,120479.0,120479.0,172235.0,172235,172218.0,172218.0,166552.0,166552,166167.0,166167,152000.0,152000.0,163110.0,163460,157260.0,157260,135809.0,160835.0,51000
161,VSMR,V.S.M COLLEGE OF ENGINEERING,PVT,EAST GODAVARI,"RAMACHANDRA
PURAM",COED,JNTUK,EEE,139113.0,139113.0,139113.0,162460,139113.0,139113.0,139113.0,139113,143562.0,143562,139113.0,139113.0,154094.0,154094,168761.0,168761,158732.0,158732.0,51000
162,VSMR,V.S.M COLLEGE OF ENGINEERING,PVT,EAST GODAVARI,"RAMACHANDRA
PURAM",COED,JNTUK,MEC,169131.0,169163.0,173540.0,173558,173554.0,173554.0,169163.0,169163,169169.0,169169,999999.0,999999.0,169142.0,169163,169163.0,169163,999999.0,999999.0,51000
163,AMRN,A.M.REDDY MEMORIAL COLL. OF ENGINEERING,PVT,GUNTUR,NARSARAOPET,COED,JNTUK,AGR,91773.0,91773.0,170649.0,170649,91773.0,91773.0,91773.0,91773,91773.0,91773,91773.0,91773.0,91773.0,150852,91773.0,91773,999999.0,999999.0,35000
164,AMRN,A.M.REDDY MEMORIAL COLL. OF ENGINEERING,PVT,GUNTUR,NARSARAOPET,COED,JNTUK,CIV,10541.0,10541.0,135463.0,135463,10541.0,10541.0,10541.0,10541,10541.0,10541,10541.0,10541.0,10541.0,10541,10541.0,10541,999999.0,999999.0,35000
165,AMRN,A.M.REDDY MEMORIAL COLL. OF ENGINEERING,PVT,GUNTUR,NARSARAOPET,COED,JNTUK,CS,124940.0,158391.0,170838.0,170838,150507.0,158391.0,164739.0,164739,124940.0,158391,124940.0,158391.0,124940.0,158391,135217.0,158391,148353.0,148353.0,35000
166,AMRN,A.M.REDDY MEMORIAL COLL. OF ENGINEERING,PVT,GUNTUR,NARSARAOPET,COED,JNTUK,CSE,54529.0,147397.0,170618.0,172560,147039.0,158764.0,140493.0,147397,166282.0,166282,166971.0,166971.0,161171.0,161171,149533.0,149533,129360.0,126728.0,35000
167,AMRN,A.M.REDDY MEMORIAL COLL. OF ENGINEERING,PVT,GUNTUR,NARSARAOPET,COED,JNTUK,ECE,57342.0,65698.0,172578.0,173507,57342.0,129747.0,164691.0,164691,167875.0,167875,57342.0,65698.0,158232.0,158232,160257.0,160257,999999.0,999999.0,35000
168,ANCUSF,ANU COLLEGE OF ENGG TECHNOLOGY-SELF FINANCE,SF,GUNTUR,GUNTUR,COED,ANU,AIM,62364.0,62364.0,112751.0,112751,147675.0,172990.0,69099.0,69099,86304.0,86304,62364.0,62364.0,93495.0,114952,112802.0,112802,68702.0,36316.0,40000
169,ANCUSF,ANU COLLEGE OF ENGG TECHNOLOGY-SELF FINANCE,SF,GUNTUR,GUNTUR,COED,ANU,CIV,137249.0,137249.0,170053.0,170053,146494.0,146494.0,137249.0,137249,137249.0,137249,137249.0,137249.0,137249.0,137249,137249.0,137249,103641.0,143756.0,40000
170,ANCUSF,ANU COLLEGE OF ENGG TECHNOLOGY-SELF FINANCE,SF,GUNTUR,GUNTUR,COED,ANU,CS,43132.0,43132.0,164477.0,169559,152542.0,152542.0,146989.0,146989,102480.0,136230,43132.0,43132.0,79981.0,83765,97750.0,126384,64147.0,86493.0,40000
171,ANCUSF,ANU COLLEGE OF ENGG TECHNOLOGY-SELF FINANCE,SF,GUNTUR,GUNTUR,COED,ANU,CSE,24590.0,24590.0,28621.0,31333,54668.0,61199.0,37908.0,115641,35686.0,35686,24590.0,24590.0,44861.0,44861,30661.0,50848,33160.0,34173.0,40000
172,ANCUSF,ANU COLLEGE OF ENGG TECHNOLOGY-SELF FINANCE,SF,GUNTUR,GUNTUR,COED,ANU,DS,69725.0,69725.0,162354.0,168224,166012.0,169483.0,158951.0,158951,121785.0,121785,69725.0,69725.0,71212.0,71212,132087.0,156653,52519.0,98548.0,40000
173,ANCUSF,ANU COLLEGE OF ENGG TECHNOLOGY-SELF FINANCE,SF,GUNTUR,GUNTUR,COED,ANU,ECE,32348.0,65827.0,57293.0,65827,114194.0,121833.0,44996.0,69559,76511.0,107418,44119.0,65827.0,58843.0,65827,65839.0,65839,53685.0,28874.0,40000
174,ANCUSF,ANU COLLEGE OF ENGG TECHNOLOGY-SELF FINANCE,SF,GUNTUR,GUNTUR,COED,ANU,EEE,68005.0,172579.0,172116.0,172579,171343.0,172656.0,128734.0,172579,140051.0,172579,103954.0,172579.0,121129.0,172579,126495.0,172579,133020.0,136450.0,40000
175,ANCUSF,ANU COLLEGE OF ENGG TECHNOLOGY-SELF FINANCE,SF,GUNTUR,GUNTUR,COED,ANU,MEC,70753.0,70753.0,167450.0,171696,150410.0,150410.0,146049.0,173352,109478.0,109478,70753.0,70753.0,171568.0,171568,70753.0,70753,139237.0,139237.0,40000
176,ANUPSF,ANU COLL OF PHARMACEUTICAL SCIENCES-SELF FINANCE,SF,GUNTUR,GUNTUR,COED,ANU,PHM,91686.0,103892.0,168446.0,168446,91686.0,103892.0,91686.0,103892,91686.0,103892,91686.0,103892.0,91686.0,103892,91686.0,103892,999999.0,999999.0,31000
177,ARMN,A M REDDY MEMORIAL COLL. OF PHARMACY,PVT,GUNTUR,NARSARAOPET,COED,ANU,PHM,64947.0,64947.0,64947.0,64947,64947.0,64947.0,64947.0,64947,64947.0,64947,64947.0,64947.0,64947.0,64947,64947.0,64947,999999.0,999999.0,35000
178,BECB,BAPATLA ENGINEERING COLLEGE,PVT,GUNTUR,BAPATLA,COED,ANU,CIV,161120.0,161120.0,164524.0,164524,161120.0,161120.0,168250.0,168250,161120.0,161120,161120.0,161120.0,166478.0,166478,161120.0,161120,168643.0,160783.0,61000
179,BECB,BAPATLA ENGINEERING COLLEGE,PVT,GUNTUR,BAPATLA,COED,ANU,CS,40006.0,50933.0,135136.0,145609,148199.0,148199.0,77120.0,89966,63864.0,134701,40006.0,87029.0,65004.0,147829,40006.0,102038,40638.0,47178.0,61000
180,BECB,BAPATLA ENGINEERING COLLEGE,PVT,GUNTUR,BAPATLA,COED,ANU,CSE,22873.0,22873.0,69864.0,69864,128435.0,128435.0,46531.0,58248,38332.0,38332,57864.0,57864.0,32685.0,32685,33402.0,48220,22444.0,28564.0,61000
181,BECB,BAPATLA ENGINEERING COLLEGE,PVT,GUNTUR,BAPATLA,COED,ANU,CSM,31100.0,31837.0,107682.0,144093,134115.0,158666.0,61667.0,75307,62548.0,62548,31100.0,31837.0,50692.0,51618,45294.0,93301,33733.0,36843.0,61000
182,BECB,BAPATLA ENGINEERING COLLEGE,PVT,GUNTUR,BAPATLA,COED,ANU,DS,31110.0,39150.0,126935.0,133593,123416.0,123416.0,65646.0,108927,65256.0,115043,48062.0,48062.0,50692.0,50692,61261.0,65357,39871.0,41555.0,61000
183,BECB,BAPATLA ENGINEERING COLLEGE,PVT,GUNTUR,BAPATLA,COED,ANU,ECE,40508.0,42690.0,152317.0,152317,96411.0,124032.0,65439.0,89344,68661.0,98548,40508.0,46203.0,75049.0,75049,73588.0,73588,54711.0,76671.0,61000
184,BECB,BAPATLA ENGINEERING COLLEGE,PVT,GUNTUR,BAPATLA,COED,ANU,EEE,88748.0,130720.0,171742.0,171742,170065.0,170065.0,156783.0,158350,168854.0,169025,155302.0,155302.0,155475.0,155475,167749.0,167749,131639.0,153356.0,61000
185,BECB,BAPATLA ENGINEERING COLLEGE,PVT,GUNTUR,BAPATLA,COED,ANU,EIE,128343.0,128343.0,168827.0,168827,128343.0,128343.0,128343.0,128343,167128.0,167128,128343.0,128343.0,128343.0,128343,128343.0,128343,125523.0,125523.0,61000
186,BECB,BAPATLA ENGINEERING COLLEGE,PVT,GUNTUR,BAPATLA,COED,ANU,INF,36603.0,41008.0,101758.0,173146,112408.0,136288.0,50887.0,65864,58966.0,69434,36603.0,41008.0,54674.0,114811,48448.0,83363,34279.0,51107.0,61000
187,BECB,BAPATLA ENGINEERING COLLEGE,PVT,GUNTUR,BAPATLA,COED,ANU,MEC,89600.0,150773.0,165282.0,165282,89600.0,150773.0,128016.0,150773,89600.0,150773,89600.0,150773.0,121928.0,150773,89600.0,162427,139640.0,139640.0,61000
188,BWEC,BAPATLA WOMENS ENGG COLLEGE,PVT,GUNTUR,BAPATLA,GIRLS,ANU,AIM,156323.0,156323.0,156323.0,156323,156323.0,156323.0,168509.0,168509,159739.0,159739,156323.0,156323.0,168784.0,168784,159071.0,159071,87267.0,87267.0,35000
189,BWEC,BAPATLA WOMENS ENGG COLLEGE,PVT,GUNTUR,BAPATLA,GIRLS,ANU,CSE,87835.0,87835.0,147249.0,147249,157516.0,157516.0,95770.0,95770,163528.0,163528,999999.0,999999.0,101837.0,101837,107383.0,107383,129843.0,129843.0,35000
190,BWEC,BAPATLA WOMENS ENGG COLLEGE,PVT,GUNTUR,BAPATLA,GIRLS,ANU,ECE,161032.0,161032.0,170677.0,170677,164708.0,164708.0,161032.0,161032,161032.0,161032,161032.0,161032.0,164406.0,164406,161032.0,161032,156468.0,156468.0,35000
191,CHBR,CHEBROLU ENGINEERING COLLEGE,PVT,GUNTUR,GUNTUR,COED,JNTUK,CSD,118192.0,118192.0,171326.0,171326,120842.0,160212.0,153545.0,167380,166517.0,166517,118192.0,118192.0,118192.0,122905,144690.0,144690,119376.0,149892.0,35000
192,CHBR,CHEBROLU ENGINEERING COLLEGE,PVT,GUNTUR,GUNTUR,COED,JNTUK,CSE,123872.0,141644.0,172763.0,172763,170206.0,170206.0,162468.0,162468,140056.0,167556,148799.0,148799.0,153267.0,162715,153616.0,162440,158391.0,166242.0,35000
193,CHBR,CHEBROLU ENGINEERING COLLEGE,PVT,GUNTUR,GUNTUR,COED,JNTUK,CSM,106693.0,106693.0,171758.0,171758,110214.0,110214.0,166503.0,166503,161974.0,161974,106693.0,146192.0,155454.0,155454,128343.0,128343,116353.0,137548.0,35000
194,CHBR,CHEBROLU ENGINEERING COLLEGE,PVT,GUNTUR,GUNTUR,COED,JNTUK,ECE,145606.0,145606.0,171934.0,171934,145606.0,145606.0,151638.0,151638,165884.0,165884,145606.0,145606.0,167214.0,167214,168370.0,168370,135691.0,135691.0,35000
195,CIET,CHALAPATHI INST OF ENGG AND TECHNOLOGY,PVT,GUNTUR,GUNTUR,COED,ANU,CAI,77008.0,77008.0,97107.0,171849,141029.0,141029.0,137497.0,142945,139144.0,162994,92713.0,92713.0,85570.0,85570,98761.0,143001,78575.0,86420.0,35000
196,CIET,CHALAPATHI INST OF ENGG AND TECHNOLOGY,PVT,GUNTUR,GUNTUR,COED,ANU,CIT,77172.0,86263.0,170000.0,170000,86370.0,86370.0,158048.0,158048,168070.0,168070,77172.0,86263.0,115672.0,124580,105446.0,148555,85467.0,93896.0,35000
197,CIET,CHALAPATHI INST OF ENGG AND TECHNOLOGY,PVT,GUNTUR,GUNTUR,COED,ANU,CSC,76611.0,76611.0,170458.0,170458,171241.0,171241.0,127110.0,141155,162715.0,162715,76611.0,124011.0,76611.0,101627,147009.0,153659,74728.0,79834.0,35000
198,CIET,CHALAPATHI INST OF ENGG AND TECHNOLOGY,PVT,GUNTUR,GUNTUR,COED,ANU,CSD,74565.0,78670.0,74565.0,78670,74565.0,78670.0,84991.0,162246,147148.0,147148,74565.0,78670.0,90288.0,104953,74565.0,78670,48839.0,78147.0,35000
199,CIET,CHALAPATHI INST OF ENGG AND TECHNOLOGY,PVT,GUNTUR,GUNTUR,COED,ANU,CSE,50811.0,51182.0,129360.0,171976,172950.0,172950.0,78444.0,78444,73445.0,139676,50811.0,51182.0,67323.0,85998,74489.0,74489,59217.0,46227.0,35000
200,CIET,CHALAPATHI INST OF ENGG AND TECHNOLOGY,PVT,GUNTUR,GUNTUR,COED,ANU,CSM,64173.0,67450.0,172623.0,172623,160329.0,160329.0,134804.0,134804,158474.0,158474,114410.0,114410.0,95678.0,167303,98374.0,98374,53477.0,90327.0,35000
201,CIET,CHALAPATHI INST OF ENGG AND TECHNOLOGY,PVT,GUNTUR,GUNTUR,COED,ANU,ECE,98359.0,98359.0,171931.0,171931,107432.0,165636.0,164865.0,164865,141979.0,160757,98359.0,141120.0,130266.0,130917,157804.0,164678,100215.0,122862.0,35000
202,CIET,CHALAPATHI INST OF ENGG AND TECHNOLOGY,PVT,GUNTUR,GUNTUR,COED,ANU,EEE,124101.0,124101.0,168976.0,168976,135265.0,135265.0,124101.0,124101,124101.0,124101,124101.0,124101.0,162715.0,162715,145330.0,145330,142200.0,149863.0,35000
203,CIPS,CHEBROLU HANUMAIAH INST. OF PHARM SCIENCES,PVT,GUNTUR,GUNTUR,COED,ANU,PHM,169131.0,169131.0,173540.0,173540,173554.0,173554.0,169163.0,169163,169169.0,169169,169131.0,169131.0,169142.0,169142,169163.0,169163,999999.0,999999.0,39600
204,CITY,CHALAPATHI INST OF TECHNOLOGY,PVT,GUNTUR,GUNTUR,COED,JNTUK,AIM,104146.0,126126.0,121253.0,126126,104146.0,126126.0,140242.0,167140,167497.0,167497,118604.0,126126.0,135927.0,135927,149181.0,149181,98604.0,125954.0,35000
205,CITY,CHALAPATHI INST OF TECHNOLOGY,PVT,GUNTUR,GUNTUR,COED,JNTUK,CAI,129624.0,142608.0,153398.0,153398,129624.0,142608.0,158337.0,158337,167371.0,167371,129624.0,142608.0,135022.0,142608,153258.0,153258,127699.0,148660.0,35000
206,CITY,CHALAPATHI INST OF TECHNOLOGY,PVT,GUNTUR,GUNTUR,COED,JNTUK,CIV,169131.0,169131.0,172239.0,172239,173554.0,173554.0,169131.0,169131,169169.0,169169,169131.0,169131.0,169131.0,169131,169131.0,169131,158906.0,158906.0,35000
207,CITY,CHALAPATHI INST OF TECHNOLOGY,PVT,GUNTUR,GUNTUR,COED,JNTUK,CSC,114961.0,154876.0,125715.0,154876,114961.0,154876.0,157878.0,157878,123158.0,167191,114961.0,154876.0,146907.0,154876,114961.0,154876,127535.0,100730.0,35000
208,CITY,CHALAPATHI INST OF TECHNOLOGY,PVT,GUNTUR,GUNTUR,COED,JNTUK,CSD,115893.0,115893.0,172502.0,172646,171391.0,171391.0,156468.0,156468,165103.0,165103,115893.0,115893.0,133923.0,158221,147850.0,163831,113974.0,127435.0,35000
209,CITY,CHALAPATHI INST OF TECHNOLOGY,PVT,GUNTUR,GUNTUR,COED,JNTUK,CSE,60103.0,62609.0,171144.0,171144,169605.0,172298.0,94500.0,167875,127416.0,132052,75675.0,75675.0,89974.0,91658,109224.0,109224,71922.0,99424.0,35000
210,CITY,CHALAPATHI INST OF TECHNOLOGY,PVT,GUNTUR,GUNTUR,COED,JNTUK,ECE,129409.0,129409.0,141097.0,172618,130906.0,130906.0,139812.0,157709,158413.0,167079,149095.0,149095.0,154313.0,166784,146066.0,146066,126384.0,103811.0,35000
211,CLPT,CHALAPATHI INSTITUTE OF PHARMACEUTICAL SCI.,PVT,GUNTUR,GUNTUR,COED,ANU,PHD,170988.0,170988.0,170988.0,170988,170988.0,170988.0,170988.0,170988,170988.0,170988,170988.0,170988.0,170988.0,170988,170988.0,170988,999999.0,999999.0,36600
212,CLPT,CHALAPATHI INSTITUTE OF PHARMACEUTICAL SCI.,PVT,GUNTUR,GUNTUR,COED,ANU,PHM,169131.0,169163.0,173540.0,173540,173554.0,173554.0,169163.0,169163,169169.0,169169,999999.0,999999.0,169142.0,169163,169163.0,169163,999999.0,999999.0,36100
213,ESWR,ESWAR COLLEGE OF ENGINEERING,PVT,GUNTUR,NARSARAOPET,COED,JNTUK,AUT,169372.0,169372.0,169372.0,169372,169372.0,169372.0,169372.0,169372,169372.0,169372,169372.0,169372.0,169372.0,169372,169372.0,169372,999999.0,999999.0,35000
214,ESWR,ESWAR COLLEGE OF ENGINEERING,PVT,GUNTUR,NARSARAOPET,COED,JNTUK,CSE,73110.0,104936.0,158514.0,158514,161884.0,161884.0,135515.0,135515,109981.0,109981,73110.0,104936.0,87423.0,104936,98967.0,104936,92304.0,102185.0,35000
215,ESWR,ESWAR COLLEGE OF ENGINEERING,PVT,GUNTUR,NARSARAOPET,COED,JNTUK,CSG,136190.0,136190.0,172741.0,172741,152542.0,152542.0,151961.0,161531,159860.0,164154,136190.0,136190.0,167009.0,167009,142692.0,142692,165448.0,127509.0,35000
216,ESWR,ESWAR COLLEGE OF ENGINEERING,PVT,GUNTUR,NARSARAOPET,COED,JNTUK,CSM,109769.0,109769.0,170667.0,170667,139514.0,159138.0,163861.0,163861,151536.0,163706,109769.0,109769.0,167590.0,167590,135265.0,163371,155380.0,134198.0,35000
217,ESWR,ESWAR COLLEGE OF ENGINEERING,PVT,GUNTUR,NARSARAOPET,COED,JNTUK,ECE,165344.0,165344.0,168119.0,171524,165344.0,165344.0,165344.0,165344,165344.0,165344,165344.0,165344.0,165344.0,165344,165344.0,165344,108641.0,131397.0,35000
218,ESWR,ESWAR COLLEGE OF ENGINEERING,PVT,GUNTUR,NARSARAOPET,COED,JNTUK,EEE,113886.0,113886.0,113886.0,113886,113886.0,113886.0,113886.0,113886,113886.0,113886,113886.0,113886.0,113886.0,113886,113886.0,113886,999999.0,999999.0,35000
219,GECG,GUNTUR ENGINEERING COLLEGE,PVT,GUNTUR,GUNTUR,COED,JNTUK,CSD,75773.0,151077.0,165519.0,165519,128779.0,151077.0,111010.0,160158,148545.0,151077,148817.0,151077.0,154603.0,154603,148884.0,157319,103434.0,79536.0,35000
220,GECG,GUNTUR ENGINEERING COLLEGE,PVT,GUNTUR,GUNTUR,COED,JNTUK,CSE,109359.0,109359.0,143302.0,164049,142855.0,142855.0,154466.0,154466,149714.0,164754,109359.0,109359.0,115834.0,115834,109359.0,122248,56980.0,49419.0,35000
221,GECG,GUNTUR ENGINEERING COLLEGE,PVT,GUNTUR,GUNTUR,COED,JNTUK,CSM,75837.0,89494.0,90620.0,139498,90741.0,136404.0,105818.0,105818,160272.0,167191,114603.0,114603.0,148884.0,148884,108974.0,123928,159987.0,102805.0,35000
222,GECG,GUNTUR ENGINEERING COLLEGE,PVT,GUNTUR,GUNTUR,COED,JNTUK,ECE,103027.0,103027.0,108362.0,170521,103255.0,103255.0,137072.0,162773,111333.0,111333,103027.0,103027.0,164237.0,164237,109528.0,110450,129117.0,112358.0,35000
223,GVRS,G V R AND S COLLEGE OF ENGG. AND TECHNOLOGY,PVT,GUNTUR,GUNTUR,COED,JNTUK,AID,142331.0,142331.0,166810.0,169572,154185.0,154185.0,159648.0,159648,155499.0,155499,142331.0,142331.0,142331.0,142331,155231.0,155231,99429.0,99429.0,35000
224,GVRS,G V R AND S COLLEGE OF ENGG. AND TECHNOLOGY,PVT,GUNTUR,GUNTUR,COED,JNTUK,CSE,122223.0,156098.0,153406.0,173405,168716.0,168716.0,162166.0,162166,160397.0,160397,136918.0,156098.0,137183.0,156098,122223.0,156098,167749.0,167749.0,35000
225,GVRS,G V R AND S COLLEGE OF ENGG. AND TECHNOLOGY,PVT,GUNTUR,GUNTUR,COED,JNTUK,CSM,169131.0,169131.0,169285.0,169285,169131.0,169131.0,169131.0,169131,169131.0,169131,169131.0,169131.0,169131.0,169131,169131.0,169131,999999.0,999999.0,35000
226,GVRS,G V R AND S COLLEGE OF ENGG. AND TECHNOLOGY,PVT,GUNTUR,GUNTUR,COED,JNTUK,ECE,94049.0,94049.0,173219.0,173219,94049.0,94049.0,94049.0,168712,94049.0,170063,94049.0,94049.0,151212.0,151212,94049.0,94049,112592.0,112592.0,35000
227,HICP,HINDU COLLEGE OF PHARMACY,PVT,GUNTUR,GUNTUR,COED,ANU,PHM,169131.0,169163.0,169131.0,169163,173554.0,173554.0,169163.0,169163,169131.0,169163,999999.0,999999.0,169142.0,169163,169163.0,169163,999999.0,999999.0,54300
228,HIND,HINDU COLLEGE OF ENGINEERING AND TECHNOLOGY,PVT,GUNTUR,GUNTUR,COED,JNTUK,AIM,136773.0,136773.0,136773.0,136773,136773.0,136773.0,136773.0,161367,162324.0,162324,136773.0,136773.0,136773.0,136773,136773.0,136773,999999.0,999999.0,35000
229,HIND,HINDU COLLEGE OF ENGINEERING AND TECHNOLOGY,PVT,GUNTUR,GUNTUR,COED,JNTUK,CSE,90937.0,160777.0,171064.0,171064,153532.0,160777.0,163397.0,166950,159089.0,160777,90937.0,160777.0,157079.0,169025,164774.0,164774,127344.0,86222.0,35000
230,HIND,HINDU COLLEGE OF ENGINEERING AND TECHNOLOGY,PVT,GUNTUR,GUNTUR,COED,JNTUK,ECE,109831.0,109831.0,109831.0,109831,109831.0,109831.0,109831.0,109831,109831.0,109831,109831.0,109831.0,151716.0,151716,161218.0,161218,999999.0,999999.0,35000
231,JNTN,JNTUK COLLEGE OF ENGINEERING NARSARAOPETA,UNIV,GUNTUR,NARSARAOPET,COED,JNTUK,CIV,54073.0,54073.0,160603.0,166086,171669.0,171669.0,80254.0,80254,138070.0,138070,54073.0,54073.0,155045.0,155045,120221.0,120221,999999.0,999999.0,10000
232,JNTN,JNTUK COLLEGE OF ENGINEERING NARSARAOPETA,UNIV,GUNTUR,NARSARAOPET,COED,JNTUK,CSE,22270.0,31358.0,47938.0,47938,42530.0,42530.0,22270.0,39357,49716.0,49716,22270.0,31358.0,25787.0,47352,22270.0,31358,29813.0,11083.0,10000
233,JNTN,JNTUK COLLEGE OF ENGINEERING NARSARAOPETA,UNIV,GUNTUR,NARSARAOPET,COED,JNTUK,ECE,38184.0,54711.0,67518.0,106864,79311.0,132493.0,89593.0,89593,97100.0,97100,81109.0,81109.0,64955.0,64955,85767.0,90849,60492.0,73751.0,10000
234,JNTN,JNTUK COLLEGE OF ENGINEERING NARSARAOPETA,UNIV,GUNTUR,NARSARAOPET,COED,JNTUK,EEE,164348.0,164348.0,172246.0,172246,164348.0,164348.0,164348.0,164348,164348.0,164348,164348.0,164348.0,164348.0,164348,164348.0,164348,999999.0,999999.0,10000
235,JNTN,JNTUK COLLEGE OF ENGINEERING NARSARAOPETA,UNIV,GUNTUR,NARSARAOPET,COED,JNTUK,MEC,169131.0,169163.0,169131.0,169163,169131.0,169163.0,169131.0,169163,169131.0,169163,999999.0,999999.0,169131.0,169163,169131.0,169163,135515.0,135515.0,10000
236,KECW,KRISHNAVENI ENGG COLLEGE FOR WOMEN,PVT,GUNTUR,NARSARAOPET,GIRLS,JNTUK,CSE,148538.0,148538.0,166511.0,166511,148538.0,148538.0,166129.0,166129,148538.0,148538,999999.0,999999.0,148538.0,148538,148538.0,148538,123214.0,123214.0,35000
237,KHIT,KALLAM HARANADH REDDY INST OF TECH,PVT,GUNTUR,GUNTUR,COED,JNTUK,CAD,60377.0,74115.0,138413.0,138413,64778.0,74893.0,76531.0,141155,117246.0,117246,100071.0,100071.0,84089.0,84089,113706.0,116918,59645.0,47678.0,43000
238,KHIT,KALLAM HARANADH REDDY INST OF TECH,PVT,GUNTUR,GUNTUR,COED,JNTUK,CIV,141128.0,141128.0,159679.0,171866,158124.0,158124.0,165856.0,165856,141128.0,141128,141128.0,141128.0,141128.0,141128,141128.0,141128,127818.0,127818.0,43000
239,KHIT,KALLAM HARANADH REDDY INST OF TECH,PVT,GUNTUR,GUNTUR,COED,JNTUK,CSD,53435.0,53435.0,170240.0,170240,116135.0,116135.0,53435.0,95998,89304.0,140811,116392.0,116392.0,115387.0,115387,97730.0,97730,50037.0,47860.0,43000
240,KHIT,KALLAM HARANADH REDDY INST OF TECH,PVT,GUNTUR,GUNTUR,COED,JNTUK,CSE,44537.0,44537.0,105333.0,105333,170161.0,170161.0,61601.0,68625,72954.0,90344,44537.0,54118.0,63087.0,63087,73154.0,73154,49307.0,55971.0,43000
241,KHIT,KALLAM HARANADH REDDY INST OF TECH,PVT,GUNTUR,GUNTUR,COED,JNTUK,CSM,70436.0,74465.0,170814.0,170814,127986.0,127986.0,96070.0,153999,113011.0,139409,104835.0,104835.0,94312.0,123818,98253.0,98253,69725.0,73381.0,43000
242,KHIT,KALLAM HARANADH REDDY INST OF TECH,PVT,GUNTUR,GUNTUR,COED,JNTUK,ECE,77674.0,78017.0,172402.0,172784,131929.0,131929.0,106765.0,106765,151266.0,156040,129409.0,129409.0,114079.0,130283,104421.0,114674,83171.0,93301.0,43000
243,KHIT,KALLAM HARANADH REDDY INST OF TECH,PVT,GUNTUR,GUNTUR,COED,JNTUK,EEE,129865.0,141012.0,169182.0,169182,170740.0,170740.0,167314.0,167314,162484.0,162484,129865.0,141012.0,129865.0,141012,129988.0,166697,150301.0,105619.0,43000
244,KHIT,KALLAM HARANADH REDDY INST OF TECH,PVT,GUNTUR,GUNTUR,COED,JNTUK,INF,47824.0,51816.0,151004.0,169669,162166.0,171988.0,79897.0,125538,90553.0,141267,47824.0,90158.0,90452.0,130795,78969.0,78969,45613.0,58522.0,43000
245,KHIT,KALLAM HARANADH REDDY INST OF TECH,PVT,GUNTUR,GUNTUR,COED,JNTUK,MEC,110267.0,110267.0,143550.0,143550,147650.0,147650.0,110267.0,110267,147429.0,147429,110267.0,110267.0,110267.0,134592,110267.0,110267,999999.0,999999.0,43000
246,KITS,KKR AND KSR INST OF TECHNOLOGY AND SCI,PVT,GUNTUR,GUNTUR,COED,JNTUK,CAI,30402.0,30402.0,169528.0,169528,168334.0,168334.0,63966.0,70857,72115.0,79859,59117.0,59117.0,53594.0,53594,47266.0,47266,28797.0,36303.0,37700
247,KITS,KKR AND KSR INST OF TECHNOLOGY AND SCI,PVT,GUNTUR,GUNTUR,COED,JNTUK,CSD,29270.0,38118.0,98359.0,98359,101215.0,169793.0,60950.0,60950,61203.0,66041,29270.0,168229.0,50133.0,50133,58389.0,60526,27643.0,27968.0,37700
248,KITS,KKR AND KSR INST OF TECHNOLOGY AND SCI,PVT,GUNTUR,GUNTUR,COED,JNTUK,CSE,25899.0,29465.0,52626.0,52626,98737.0,144469.0,29296.0,29465,32209.0,32209,64768.0,64768.0,45241.0,45241,39296.0,39296,30141.0,29695.0,37700
249,KITS,KKR AND KSR INST OF TECHNOLOGY AND SCI,PVT,GUNTUR,GUNTUR,COED,JNTUK,CSM,28248.0,30183.0,97160.0,97160,112500.0,134240.0,55394.0,55394,48102.0,49758,28248.0,30183.0,49972.0,49972,54424.0,54424,22580.0,23739.0,37700
250,KITS,KKR AND KSR INST OF TECHNOLOGY AND SCI,PVT,GUNTUR,GUNTUR,COED,JNTUK,ECE,49365.0,49365.0,113525.0,163510,165103.0,172488.0,69218.0,74017,82444.0,82444,142297.0,142297.0,62132.0,73173,63804.0,63804,38467.0,31344.0,37700
251,KITS,KKR AND KSR INST OF TECHNOLOGY AND SCI,PVT,GUNTUR,GUNTUR,COED,JNTUK,EEE,58681.0,142657.0,163280.0,163280,160931.0,160931.0,167157.0,167157,142901.0,142901,58681.0,142657.0,158097.0,158097,120016.0,167955,141128.0,143584.0,37700
252,KITS,KKR AND KSR INST OF TECHNOLOGY AND SCI,PVT,GUNTUR,GUNTUR,COED,JNTUK,INF,34593.0,40031.0,114642.0,169940,171879.0,171879.0,65426.0,65426,68461.0,70601,50498.0,50498.0,67471.0,67471,50376.0,50376,37987.0,27793.0,37700
253,LOYL,LOYOLA INSTITUTE OF TECHNOLOGY AND MGMT,PVT,GUNTUR,SATTENAPALLY,COED,JNTUK,CSE,152167.0,154020.0,152167.0,170347,152167.0,154020.0,168676.0,168676,168446.0,168985,152167.0,154020.0,166840.0,166840,158000.0,158000,135060.0,104722.0,35000
254,LOYL,LOYOLA INSTITUTE OF TECHNOLOGY AND MGMT,PVT,GUNTUR,SATTENAPALLY,COED,JNTUK,ECE,169131.0,169163.0,169131.0,169163,172605.0,172605.0,169131.0,169163,169169.0,169169,999999.0,999999.0,169131.0,169163,169131.0,169163,999999.0,999999.0,35000
255,MAMN,M.A.M COLLEGE OF PHARMACY,PVT,GUNTUR,NARSARAOPET,COED,ANU,PHM,169131.0,169131.0,173540.0,173540,173554.0,173554.0,169163.0,169163,169169.0,169169,169131.0,169131.0,169142.0,169142,169163.0,169163,999999.0,999999.0,35000
256,MLEW,MALINENI LAKSHMAIAH WOMENS ENGG. COLLEGE,PVT,GUNTUR,GUNTUR,GIRLS,JNTUK,AID,84860.0,84860.0,112724.0,112724,104929.0,104929.0,163648.0,163648,150350.0,150350,999999.0,999999.0,127096.0,127096,115797.0,115797,111416.0,111416.0,35000
257,MLEW,MALINENI LAKSHMAIAH WOMENS ENGG. COLLEGE,PVT,GUNTUR,GUNTUR,GIRLS,JNTUK,CSD,109685.0,109685.0,169429.0,169429,109685.0,109685.0,161632.0,161632,163189.0,163189,109685.0,109685.0,164902.0,164902,151243.0,151243,114079.0,114079.0,35000
258,MLEW,MALINENI LAKSHMAIAH WOMENS ENGG. COLLEGE,PVT,GUNTUR,GUNTUR,GIRLS,JNTUK,CSE,65130.0,65130.0,172457.0,172457,147785.0,147785.0,105794.0,105794,153779.0,153779,92821.0,92821.0,95449.0,95449,113011.0,113011,95938.0,95938.0,35000
259,MLEW,MALINENI LAKSHMAIAH WOMENS ENGG. COLLEGE,PVT,GUNTUR,GUNTUR,GIRLS,JNTUK,CSM,111571.0,111571.0,111571.0,111571,111571.0,111571.0,145314.0,145314,140811.0,140811,999999.0,999999.0,139944.0,139944,139309.0,139309,86113.0,86113.0,35000
260,MLEW,MALINENI LAKSHMAIAH WOMENS ENGG. COLLEGE,PVT,GUNTUR,GUNTUR,GIRLS,JNTUK,ECE,162599.0,162599.0,162599.0,162599,162599.0,162599.0,164648.0,164648,162599.0,162599,162599.0,162599.0,167009.0,167009,162599.0,162599,168998.0,168998.0,35000
261,MLEW,MALINENI LAKSHMAIAH WOMENS ENGG. COLLEGE,PVT,GUNTUR,GUNTUR,GIRLS,JNTUK,INF,108577.0,108577.0,170961.0,170961,112453.0,112453.0,158732.0,158732,165073.0,165073,108577.0,108577.0,133458.0,133458,159658.0,159658,117196.0,117196.0,35000
262,MPLG,SRI MITTAPALLI COLLEGE OF ENGINEERING,PVT,GUNTUR,GUNTUR,COED,JNTUK,CAI,132704.0,132704.0,132704.0,132704,138356.0,138356.0,163246.0,163246,142273.0,152886,132704.0,132704.0,157516.0,157516,168224.0,168224,141410.0,114712.0,35000
263,MPLG,SRI MITTAPALLI COLLEGE OF ENGINEERING,PVT,GUNTUR,GUNTUR,COED,JNTUK,CSD,167459.0,167459.0,168400.0,168886,167459.0,167459.0,167459.0,167459,167459.0,167459,167459.0,167459.0,167459.0,167459,167459.0,167459,159880.0,147201.0,35000
264,MPLG,SRI MITTAPALLI COLLEGE OF ENGINEERING,PVT,GUNTUR,GUNTUR,COED,JNTUK,CSE,121833.0,121833.0,169741.0,172351,171770.0,171770.0,152025.0,161957,161551.0,166754,160132.0,160132.0,159608.0,159608,121833.0,123425,168563.0,165980.0,35000
265,MPLG,SRI MITTAPALLI COLLEGE OF ENGINEERING,PVT,GUNTUR,GUNTUR,COED,JNTUK,ECE,142634.0,154589.0,146663.0,169741,146836.0,154589.0,167471.0,167471,169217.0,169217,142634.0,154589.0,142634.0,154589,159022.0,161008,141961.0,132600.0,35000
266,MPLG,SRI MITTAPALLI COLLEGE OF ENGINEERING,PVT,GUNTUR,GUNTUR,COED,JNTUK,INF,159717.0,159717.0,159717.0,159717,159717.0,159717.0,159717.0,159717,168907.0,168907,159717.0,159717.0,164906.0,164906,159717.0,159717,140219.0,154057.0,35000
267,MPLW,SRI MITTAPALLI INST OF TECHNOLOGY FOR WOMEN,PVT,GUNTUR,GUNTUR,GIRLS,JNTUK,CSD,164062.0,164062.0,164062.0,164062,164062.0,164062.0,164062.0,164062,164062.0,164062,999999.0,999999.0,164062.0,164062,164062.0,164062,135173.0,135173.0,41600
268,MPLW,SRI MITTAPALLI INST OF TECHNOLOGY FOR WOMEN,PVT,GUNTUR,GUNTUR,GIRLS,JNTUK,CSE,166784.0,166784.0,170564.0,170564,166784.0,166784.0,166784.0,166784,166784.0,166784,166784.0,166784.0,166784.0,166784,167020.0,167020,168486.0,168486.0,41600
269,MPLW,SRI MITTAPALLI INST OF TECHNOLOGY FOR WOMEN,PVT,GUNTUR,GUNTUR,GIRLS,JNTUK,ECE,133696.0,133696.0,133696.0,133696,133696.0,133696.0,133696.0,133696,133696.0,133696,999999.0,999999.0,133696.0,133696,133696.0,133696,999999.0,999999.0,41600
270,NEWS,NEWTONS INST OF SCI AND TECH,PVT,GUNTUR,MACHERLA,COED,JNTUK,CSE,52254.0,167340.0,170561.0,170561,152636.0,167340.0,100095.0,167340,160991.0,167340,52254.0,167340.0,106956.0,167340,101802.0,167340,162309.0,104517.0,35000
271,NEWS,NEWTONS INST OF SCI AND TECH,PVT,GUNTUR,MACHERLA,COED,JNTUK,ECE,118357.0,156700.0,118357.0,156700,171590.0,171590.0,168486.0,168486,159959.0,159959,118357.0,156700.0,157151.0,157151,118357.0,156700,148433.0,148433.0,35000
272,NEWS,NEWTONS INST OF SCI AND TECH,PVT,GUNTUR,MACHERLA,COED,JNTUK,EEE,156935.0,156935.0,156935.0,156935,156935.0,156935.0,156935.0,156935,156935.0,156935,156935.0,156935.0,156935.0,156935,156935.0,156935,999999.0,999999.0,35000
273,NEWS,NEWTONS INST OF SCI AND TECH,PVT,GUNTUR,MACHERLA,COED,JNTUK,MEC,41589.0,41589.0,41589.0,41589,41589.0,41589.0,41589.0,41589,41589.0,41589,41589.0,41589.0,41589.0,41589,41589.0,41589,999999.0,999999.0,35000
274,NEWT,NEWTON INSTITUTE OF ENGINEERING,PVT,GUNTUR,MACHERLA,COED,JNTUK,CSE,145124.0,145124.0,169240.0,171331,173386.0,173386.0,167787.0,167938,163900.0,163900,145124.0,145124.0,145124.0,145124,145124.0,165273,153398.0,151552.0,35000
275,NEWT,NEWTON INSTITUTE OF ENGINEERING,PVT,GUNTUR,MACHERLA,COED,JNTUK,CSM,152078.0,152078.0,168755.0,169800,152078.0,152078.0,164719.0,169163,152078.0,152078,152078.0,152078.0,161367.0,166906,162521.0,162521,156805.0,167955.0,35000
276,NEWT,NEWTON INSTITUTE OF ENGINEERING,PVT,GUNTUR,MACHERLA,COED,JNTUK,ECE,168511.0,168511.0,171392.0,171392,168511.0,168511.0,168511.0,168511,168511.0,168511,168511.0,168511.0,168526.0,168526,168511.0,168511,999999.0,999999.0,35000
277,NEWT,NEWTON INSTITUTE OF ENGINEERING,PVT,GUNTUR,MACHERLA,COED,JNTUK,EEE,157929.0,157929.0,157929.0,157929,157929.0,157929.0,157929.0,157929,157929.0,157929,157929.0,157929.0,157929.0,157929,157929.0,157929,999999.0,999999.0,35000
278,NITN,NARSARAOPET INSTITUTE OF TECHNOLOGY,PVT,GUNTUR,NARSARAOPET,COED,JNTUK,AIM,113821.0,113821.0,115793.0,162702,113821.0,113821.0,143268.0,158097,161175.0,161175,163991.0,163991.0,165839.0,165839,113821.0,139700,118625.0,116162.0,35000
279,NITN,NARSARAOPET INSTITUTE OF TECHNOLOGY,PVT,GUNTUR,NARSARAOPET,COED,JNTUK,CAI,84947.0,85132.0,86686.0,89142,96928.0,96928.0,102597.0,120400,166803.0,166803,84947.0,85132.0,126086.0,161074,125864.0,125864,106185.0,89985.0,35000
280,NITN,NARSARAOPET INSTITUTE OF TECHNOLOGY,PVT,GUNTUR,NARSARAOPET,COED,JNTUK,CSE,83738.0,98009.0,172991.0,172991,136633.0,171406.0,134240.0,134240,162865.0,162865,136918.0,136918.0,128563.0,128563,93256.0,98009,145977.0,115279.0,35000
281,NITN,NARSARAOPET INSTITUTE OF TECHNOLOGY,PVT,GUNTUR,NARSARAOPET,COED,JNTUK,ECE,144301.0,146580.0,171208.0,171208,169667.0,169667.0,162959.0,162959,167919.0,167919,144301.0,168005.0,166552.0,166552,144301.0,146580,139805.0,136230.0,35000
282,NRIT,NRI INSTT OF TECHNOLOGY,PVT,GUNTUR,GUNTUR,COED,JNTUK,AIM,76926.0,107885.0,132018.0,171229,91869.0,107885.0,166152.0,166152,139784.0,166697,129777.0,129777.0,131312.0,149020,136479.0,136479,138510.0,140295.0,35000
283,NRIT,NRI INSTT OF TECHNOLOGY,PVT,GUNTUR,GUNTUR,COED,JNTUK,CSD,124405.0,135668.0,125409.0,135668,171254.0,171254.0,164238.0,164238,167207.0,168886,133204.0,135668.0,160137.0,168370,145747.0,149245,147870.0,161686.0,35000
284,NRIT,NRI INSTT OF TECHNOLOGY,PVT,GUNTUR,GUNTUR,COED,JNTUK,CSE,112911.0,112911.0,173084.0,173084,172571.0,173107.0,151313.0,155446,123534.0,136617,112911.0,125659.0,142356.0,147562,148750.0,148750,135299.0,80756.0,35000
285,NRIT,NRI INSTT OF TECHNOLOGY,PVT,GUNTUR,GUNTUR,COED,JNTUK,ECE,106336.0,146197.0,171999.0,171999,160708.0,160708.0,166029.0,168320,165577.0,168046,153574.0,153574.0,157448.0,157448,137811.0,146197,166784.0,137326.0,35000
286,NRIT,NRI INSTT OF TECHNOLOGY,PVT,GUNTUR,GUNTUR,COED,JNTUK,INF,68384.0,158150.0,173239.0,173239,164411.0,172672.0,139472.0,158150,132406.0,158150,100867.0,158150.0,139545.0,158150,146465.0,158150,157510.0,162132.0,35000
287,NRML,NIRMALA COLL. OF PHARM,PVT,GUNTUR,MANGALAGIRI,COED,ANU,PHD,107959.0,107959.0,107959.0,107959,107959.0,107959.0,107959.0,107959,107959.0,107959,107959.0,107959.0,107959.0,107959,107959.0,107959,999999.0,999999.0,35000
288,NRML,NIRMALA COLL. OF PHARM,PVT,GUNTUR,MANGALAGIRI,COED,ANU,PHM,108659.0,108659.0,108659.0,108659,108659.0,108659.0,108659.0,108659,116303.0,116303,108659.0,108659.0,108659.0,108659,108659.0,108659,999999.0,999999.0,50300
289,NSPE,NARSARAOPETA ENGINEERING COLLEGE,PVT,GUNTUR,NARSARAOPET,COED,JNTUK,CAI,44954.0,60329.0,113671.0,120624,109902.0,169238.0,69777.0,97331,92246.0,137099,44954.0,60329.0,63074.0,63074,56820.0,60329,43929.0,37630.0,60400
290,NSPE,NARSARAOPETA ENGINEERING COLLEGE,PVT,GUNTUR,NARSARAOPET,COED,JNTUK,CIV,122006.0,122006.0,166511.0,166511,122006.0,167252.0,122006.0,122006,165021.0,165021,122006.0,122006.0,122006.0,122006,162959.0,162959,96311.0,96311.0,60400
291,NSPE,NARSARAOPETA ENGINEERING COLLEGE,PVT,GUNTUR,NARSARAOPET,COED,JNTUK,CSC,53604.0,62431.0,149035.0,152317,169712.0,172823.0,79359.0,122034,76501.0,89381,53604.0,62431.0,75126.0,75754,63376.0,63376,46249.0,50615.0,60400
292,NSPE,NARSARAOPETA ENGINEERING COLLEGE,PVT,GUNTUR,NARSARAOPET,COED,JNTUK,CSD,44436.0,44436.0,120400.0,131993,140782.0,140782.0,78447.0,95608,101411.0,127047,75326.0,75326.0,73637.0,134677,55182.0,65223,43700.0,54426.0,60400
293,NSPE,NARSARAOPETA ENGINEERING COLLEGE,PVT,GUNTUR,NARSARAOPET,COED,JNTUK,CSE,28874.0,39351.0,81330.0,99587,152380.0,171843.0,52088.0,54591,61982.0,61982,67583.0,69511.0,40098.0,43190,50619.0,50619,28874.0,31118.0,60400
294,NSPE,NARSARAOPETA ENGINEERING COLLEGE,PVT,GUNTUR,NARSARAOPET,COED,JNTUK,CSM,42978.0,42978.0,169994.0,169994,42978.0,160390.0,77794.0,108902,94579.0,132374,100685.0,100685.0,59505.0,64173,67807.0,67807,36806.0,43096.0,60400
295,NSPE,NARSARAOPETA ENGINEERING COLLEGE,PVT,GUNTUR,NARSARAOPET,COED,JNTUK,ECE,68211.0,68211.0,165759.0,172055,169495.0,172750.0,100357.0,115802,108315.0,133673,68211.0,99760.0,83430.0,100867,87911.0,118509,69953.0,76064.0,60400
296,NSPE,NARSARAOPETA ENGINEERING COLLEGE,PVT,GUNTUR,NARSARAOPET,COED,JNTUK,EEE,144204.0,144204.0,148859.0,156114,144204.0,161001.0,167113.0,167113,168159.0,168159,144204.0,144204.0,165346.0,165346,166519.0,168084,135702.0,125907.0,60400
297,NSPE,NARSARAOPETA ENGINEERING COLLEGE,PVT,GUNTUR,NARSARAOPET,COED,JNTUK,INF,40268.0,44645.0,113906.0,113906,170970.0,170970.0,68414.0,95030,87374.0,87374,55064.0,55064.0,59399.0,67715,63055.0,63055,40161.0,44025.0,60400
298,NSPE,NARSARAOPETA ENGINEERING COLLEGE,PVT,GUNTUR,NARSARAOPET,COED,JNTUK,MEC,74862.0,74862.0,147625.0,147625,74862.0,74862.0,74862.0,74862,74862.0,74862,74862.0,74862.0,74862.0,74862,150158.0,150158,999999.0,999999.0,60400
299,NSPP,NARSARAOPET INSTT. OF PHARM.SCI.,PVT,GUNTUR,NARSARAOPET,COED,JNTUK,PHD,53450.0,53450.0,53450.0,53450,53450.0,53450.0,53450.0,53450,53450.0,53450,53450.0,53450.0,53450.0,53450,53450.0,53450,999999.0,999999.0,35000
300,NSPP,NARSARAOPET INSTT. OF PHARM.SCI.,PVT,GUNTUR,NARSARAOPET,COED,JNTUK,PHM,130080.0,130080.0,130080.0,130080,130080.0,130080.0,130080.0,130080,130080.0,130080,130080.0,130080.0,130080.0,130080,130080.0,130080,999999.0,999999.0,44800
301,NVRT,N.V.R.COLLEGE OF ENGG TECHNOLOGY,PVT,GUNTUR,TENALI,COED,JNTUK,CSE,144761.0,144761.0,171593.0,171593,171643.0,171643.0,152579.0,163562,157709.0,157709,144761.0,144761.0,144761.0,150034,164812.0,164812,119294.0,119294.0,35000
302,PIIT,PRIYADARSHINI INST OF TECH AND MGMT,PVT,GUNTUR,GUNTUR,COED,JNTUK,AID,169131.0,169163.0,169131.0,169163,173554.0,173554.0,169163.0,169163,169169.0,169169,999999.0,999999.0,169142.0,169163,169131.0,169163,999999.0,999999.0,35000
303,PIIT,PRIYADARSHINI INST OF TECH AND MGMT,PVT,GUNTUR,GUNTUR,COED,JNTUK,CSE,92042.0,130189.0,170251.0,172890,173298.0,173298.0,171419.0,171419,168261.0,168261,92042.0,130189.0,166784.0,166784,92042.0,149597,163476.0,68473.0,35000
304,PIIT,PRIYADARSHINI INST OF TECH AND MGMT,PVT,GUNTUR,GUNTUR,COED,JNTUK,ECE,169131.0,169131.0,169131.0,169131,170076.0,170076.0,169163.0,169163,169169.0,169169,169131.0,169131.0,169142.0,169142,169163.0,169163,117185.0,117185.0,35000
305,PITT,PRIYADARSHINI INST. OF TECHNOLOGY AND SCIENCES,PVT,GUNTUR,TENALI,COED,JNTUK,AID,145977.0,145977.0,169210.0,169210,145977.0,145977.0,145977.0,145977,145977.0,145977,145977.0,145977.0,145977.0,145977,145977.0,145977,999999.0,999999.0,35000
306,PITT,PRIYADARSHINI INST. OF TECHNOLOGY AND SCIENCES,PVT,GUNTUR,TENALI,COED,JNTUK,CIV,109269.0,164747.0,139640.0,164747,120016.0,171982.0,109269.0,164747,109269.0,164747,109269.0,164747.0,109269.0,164747,109269.0,164747,999999.0,999999.0,35000
307,PITT,PRIYADARSHINI INST. OF TECHNOLOGY AND SCIENCES,PVT,GUNTUR,TENALI,COED,JNTUK,CSE,156847.0,156847.0,172955.0,172955,162773.0,162773.0,168526.0,168526,161315.0,161315,156847.0,156847.0,156847.0,162246,156847.0,156847,166843.0,157249.0,35000
308,PITT,PRIYADARSHINI INST. OF TECHNOLOGY AND SCIENCES,PVT,GUNTUR,TENALI,COED,JNTUK,ECE,169131.0,169131.0,169131.0,169131,173554.0,173554.0,169163.0,169163,169169.0,169169,169131.0,169131.0,169142.0,169142,169163.0,169163,999999.0,999999.0,35000
309,PITT,PRIYADARSHINI INST. OF TECHNOLOGY AND SCIENCES,PVT,GUNTUR,TENALI,COED,JNTUK,MEC,169131.0,169163.0,169131.0,169163,173554.0,173554.0,169163.0,169163,169169.0,169169,999999.0,999999.0,169142.0,169163,169163.0,169163,999999.0,999999.0,35000
310,PITW,PRIYADARSHINI INST. OF TECH AND SCIENCES FOR WOMEN,PVT,GUNTUR,TENALI,GIRLS,JNTUK,CSE,166625.0,166625.0,172780.0,172780,171748.0,171748.0,166625.0,166625,173525.0,173525,999999.0,999999.0,166625.0,166625,166625.0,166625,167816.0,167816.0,35000
311,PITW,PRIYADARSHINI INST. OF TECH AND SCIENCES FOR WOMEN,PVT,GUNTUR,TENALI,GIRLS,JNTUK,ECE,162203.0,162203.0,162203.0,162203,162203.0,162203.0,162203.0,162203,162203.0,162203,999999.0,999999.0,162203.0,162203,162203.0,162203,999999.0,999999.0,35000
312,RVJC,R V R AND J C COLLEGE OF ENGINEERING,PVT,GUNTUR,GUNTUR,COED,ANU,CHE,143726.0,143726.0,143726.0,143726,143726.0,143726.0,164560.0,164560,160861.0,160861,143726.0,143726.0,149181.0,151129,143726.0,143726,144164.0,144164.0,69400
313,RVJC,R V R AND J C COLLEGE OF ENGINEERING,PVT,GUNTUR,GUNTUR,COED,ANU,CIV,88720.0,107359.0,172917.0,172917,173020.0,173020.0,121322.0,167020,168676.0,168676,88720.0,107359.0,168582.0,168582,166592.0,166592,128491.0,140219.0,69400
314,RVJC,R V R AND J C COLLEGE OF ENGINEERING,PVT,GUNTUR,GUNTUR,COED,ANU,CSB,19098.0,19098.0,73327.0,73327,171783.0,171783.0,19098.0,49967,23807.0,23807,83905.0,83905.0,26335.0,26335,33582.0,33582,13110.0,12389.0,69400
315,RVJC,R V R AND J C COLLEGE OF ENGINEERING,PVT,GUNTUR,GUNTUR,COED,ANU,CSD,15610.0,15610.0,47068.0,60728,132087.0,137039.0,17391.0,25846,21642.0,21642,51182.0,51182.0,26139.0,26139,24857.0,28768,16800.0,12057.0,69400
316,RVJC,R V R AND J C COLLEGE OF ENGINEERING,PVT,GUNTUR,GUNTUR,COED,ANU,CSE,7646.0,7646.0,21655.0,21655,40060.0,40060.0,11678.0,12760,11353.0,11353,7646.0,22082.0,8586.0,11969,15481.0,15481,8497.0,7269.0,69400
317,RVJC,R V R AND J C COLLEGE OF ENGINEERING,PVT,GUNTUR,GUNTUR,COED,ANU,CSM,13400.0,13400.0,54591.0,54591,92587.0,92587.0,23023.0,23306,16176.0,18543,45315.0,45315.0,15666.0,59328,19673.0,39998,14347.0,11145.0,69400
318,RVJC,R V R AND J C COLLEGE OF ENGINEERING,PVT,GUNTUR,GUNTUR,COED,ANU,CSO,18315.0,18315.0,65323.0,66825,169927.0,169927.0,24994.0,41193,33012.0,40728,18315.0,18315.0,26559.0,27890,29352.0,40553,19767.0,14958.0,69400
319,RVJC,R V R AND J C COLLEGE OF ENGINEERING,PVT,GUNTUR,GUNTUR,COED,ANU,ECE,23860.0,28288.0,52307.0,61189,133432.0,139011.0,36967.0,38458,39531.0,48094,23860.0,35660.0,41208.0,41208,34368.0,34368,25621.0,20652.0,69400
320,RVJC,R V R AND J C COLLEGE OF ENGINEERING,PVT,GUNTUR,GUNTUR,COED,ANU,EEE,51215.0,58421.0,146618.0,173268,172360.0,172360.0,77957.0,111946,126749.0,150900,55064.0,58421.0,58486.0,73056,111946.0,112609,65607.0,76907.0,69400
321,RVJC,R V R AND J C COLLEGE OF ENGINEERING,PVT,GUNTUR,GUNTUR,COED,ANU,INF,16782.0,17078.0,46189.0,46695,78881.0,78881.0,23122.0,23122,24153.0,60279,37577.0,37577.0,20488.0,37673,17123.0,28235,13302.0,20442.0,69400
322,RVJC,R V R AND J C COLLEGE OF ENGINEERING,PVT,GUNTUR,GUNTUR,COED,ANU,MEC,132406.0,132406.0,171486.0,173067,170486.0,170486.0,165665.0,167294,168196.0,168196,132406.0,136047.0,166452.0,166452,156968.0,156968,135406.0,135463.0,69400
323,STEN,SAI TIRUMALA N V R ENGINEERING COLLEGE,PVT,GUNTUR,NARSARAOPET,COED,JNTUK,AI,116711.0,148199.0,146335.0,148199,116711.0,148199.0,116711.0,148199,165650.0,165650,116711.0,148199.0,116711.0,148199,116711.0,148199,147625.0,142452.0,35000
324,STEN,SAI TIRUMALA N V R ENGINEERING COLLEGE,PVT,GUNTUR,NARSARAOPET,COED,JNTUK,CAI,161367.0,161367.0,164724.0,164724,166552.0,166552.0,161367.0,161367,161367.0,161367,161367.0,161367.0,161367.0,161367,161367.0,161367,137999.0,133923.0,35000
325,STEN,SAI TIRUMALA N V R ENGINEERING COLLEGE,PVT,GUNTUR,NARSARAOPET,COED,JNTUK,CSD,149954.0,149954.0,166242.0,166242,149954.0,149954.0,149954.0,149954,149954.0,149954,149954.0,149954.0,149954.0,149954,149954.0,149954,999999.0,999999.0,35000
326,STEN,SAI TIRUMALA N V R ENGINEERING COLLEGE,PVT,GUNTUR,NARSARAOPET,COED,JNTUK,CSE,157202.0,157202.0,172426.0,172426,157202.0,157202.0,157202.0,166927,157202.0,157202,157202.0,157202.0,157202.0,157202,157202.0,157202,159941.0,113968.0,35000
327,STEN,SAI TIRUMALA N V R ENGINEERING COLLEGE,PVT,GUNTUR,NARSARAOPET,COED,JNTUK,ECE,169131.0,169163.0,169131.0,169163,173554.0,173554.0,169163.0,169163,169169.0,169169,999999.0,999999.0,169142.0,169163,169163.0,169163,999999.0,999999.0,35000
328,TMLN,TIRUMALA ENGINEERING COLLEGE,PVT,GUNTUR,NARSARAOPET,COED,JNTUK,CSE,42374.0,42374.0,105091.0,105867,172455.0,172455.0,64224.0,64224,90072.0,90849,42374.0,42374.0,65205.0,65205,55485.0,55485,41630.0,36615.0,50800
329,TMLN,TIRUMALA ENGINEERING COLLEGE,PVT,GUNTUR,NARSARAOPET,COED,JNTUK,CSM,61853.0,61853.0,170112.0,170112,61853.0,61901.0,96102.0,97569,107895.0,107895,61853.0,61853.0,97201.0,97201,82198.0,82198,59259.0,43254.0,50800
330,TMLN,TIRUMALA ENGINEERING COLLEGE,PVT,GUNTUR,NARSARAOPET,COED,JNTUK,ECE,103611.0,103611.0,136190.0,173225,103611.0,103611.0,146728.0,146728,158964.0,158964,103611.0,124636.0,160835.0,160835,119459.0,119459,99518.0,98322.0,50800
331,TMLN,TIRUMALA ENGINEERING COLLEGE,PVT,GUNTUR,NARSARAOPET,COED,JNTUK,EEE,169131.0,169131.0,169131.0,169131,173554.0,173554.0,169131.0,169131,169169.0,169169,169131.0,169131.0,169142.0,169142,169163.0,169163,158906.0,152097.0,50800
332,TMLN,TIRUMALA ENGINEERING COLLEGE,PVT,GUNTUR,NARSARAOPET,COED,JNTUK,INF,64090.0,64090.0,159996.0,169260,108095.0,108095.0,85494.0,85494,134252.0,155720,95144.0,95144.0,94727.0,94727,82214.0,91491,64072.0,68585.0,50800
333,UNIV,UNIVERSAL COLLEGE OF ENGG AND TECHNOLOGY,PVT,GUNTUR,GUNTUR,COED,JNTUK,AIM,160257.0,160257.0,160257.0,167207,160257.0,160257.0,160257.0,163311,160257.0,168015,160257.0,160257.0,160257.0,160257,160257.0,160257,104018.0,119000.0,35000
334,UNIV,UNIVERSAL COLLEGE OF ENGG AND TECHNOLOGY,PVT,GUNTUR,GUNTUR,COED,JNTUK,CSE,128262.0,154756.0,170240.0,173387,129723.0,154756.0,156431.0,156431,160934.0,160934,160469.0,160469.0,133696.0,160125,151720.0,154756,126182.0,129988.0,35000
335,UNIV,UNIVERSAL COLLEGE OF ENGG AND TECHNOLOGY,PVT,GUNTUR,GUNTUR,COED,JNTUK,ECE,105995.0,105995.0,172312.0,172312,116078.0,116078.0,167497.0,168370,152587.0,152587,105995.0,105995.0,105995.0,158269,168526.0,168526,149742.0,156721.0,35000
336,VCPG,VAGDEVI COLLEGE OF PHARMACY,PVT,GUNTUR,GURAZALA,COED,ANU,PHM,131524.0,131524.0,131524.0,131524,131524.0,131524.0,131524.0,131524,131524.0,131524,131524.0,131524.0,131524.0,131524,131524.0,131524,999999.0,999999.0,50000
337,VICG,VICTORIA COLLEGE OF PHARMACY,PVT,GUNTUR,GUNTUR,COED,ANU,PHM,157448.0,157448.0,157448.0,157448,157448.0,157448.0,157448.0,157448,157448.0,157448,157448.0,157448.0,157448.0,157448,157448.0,157448,999999.0,999999.0,38300
338,VLIT,VIGNANS LARA INST. OF TECHNOLOGY AND SCI,PVT,GUNTUR,VADLAMUDI,COED,JNTUK,AIM,36820.0,36820.0,97557.0,97557,103050.0,103050.0,58843.0,58843,70164.0,70164,36820.0,36820.0,40378.0,40378,62695.0,62695,40916.0,25279.0,38000
339,VLIT,VIGNANS LARA INST. OF TECHNOLOGY AND SCI,PVT,GUNTUR,VADLAMUDI,COED,JNTUK,CAI,28131.0,28131.0,99036.0,99036,113050.0,127735.0,48578.0,56090,56926.0,56926,115367.0,115367.0,67458.0,67458,28131.0,44276,25285.0,24916.0,38000
340,VLIT,VIGNANS LARA INST. OF TECHNOLOGY AND SCI,PVT,GUNTUR,VADLAMUDI,COED,JNTUK,CIV,95590.0,95590.0,170335.0,171985,110783.0,110783.0,95590.0,95590,159819.0,159819,95590.0,95590.0,121696.0,121696,95590.0,95590,142754.0,142754.0,38000
341,VLIT,VIGNANS LARA INST. OF TECHNOLOGY AND SCI,PVT,GUNTUR,VADLAMUDI,COED,JNTUK,CSD,27894.0,28444.0,84733.0,84733,113968.0,167722.0,56273.0,56273,62839.0,87182,27894.0,28444.0,63372.0,63372,49497.0,49497,20740.0,22037.0,38000
342,VLIT,VIGNANS LARA INST. OF TECHNOLOGY AND SCI,PVT,GUNTUR,VADLAMUDI,COED,JNTUK,CSE,25200.0,25200.0,56969.0,56969,116400.0,162564.0,29064.0,29064,35236.0,36279,45886.0,136955.0,39837.0,39837,25200.0,44584,26695.0,17924.0,38000
343,VLIT,VIGNANS LARA INST. OF TECHNOLOGY AND SCI,PVT,GUNTUR,VADLAMUDI,COED,JNTUK,CSM,30964.0,30964.0,88645.0,92547,88353.0,90382.0,40585.0,40585,37942.0,63347,65902.0,65902.0,30964.0,30964,40300.0,40300,29874.0,25046.0,38000
344,VLIT,VIGNANS LARA INST. OF TECHNOLOGY AND SCI,PVT,GUNTUR,VADLAMUDI,COED,JNTUK,ECE,42049.0,42049.0,100159.0,100159,173212.0,173212.0,98106.0,106648,67082.0,75789,107618.0,107618.0,114253.0,114253,47824.0,72031,52404.0,49693.0,38000
345,VLIT,VIGNANS LARA INST. OF TECHNOLOGY AND SCI,PVT,GUNTUR,VADLAMUDI,COED,JNTUK,EEE,92900.0,92900.0,171724.0,171724,160227.0,160227.0,151168.0,159234,160688.0,160688,92900.0,92900.0,157028.0,157028,133350.0,159041,79754.0,85998.0,38000
346,VLIT,VIGNANS LARA INST. OF TECHNOLOGY AND SCI,PVT,GUNTUR,VADLAMUDI,COED,JNTUK,INF,31666.0,31666.0,82214.0,82214,31666.0,86318.0,39623.0,48721,37221.0,37221,31666.0,53594.0,75563.0,75563,58207.0,58207,31975.0,32418.0,38000
347,VLIT,VIGNANS LARA INST. OF TECHNOLOGY AND SCI,PVT,GUNTUR,VADLAMUDI,COED,JNTUK,MEC,122905.0,168886.0,171011.0,171011,147915.0,168886.0,122905.0,168886,135270.0,168886,141961.0,168886.0,122905.0,168886,122905.0,168886,157058.0,157058.0,38000
348,VNIW,VIGNANS NIRULA INST OF TECH. AND SCI FOR WOMEN,PVT,GUNTUR,GUNTUR,GIRLS,JNTUK,CSD,36043.0,36043.0,172025.0,172025,143756.0,143756.0,150364.0,150364,149863.0,149863,999999.0,999999.0,64929.0,64929,105080.0,105080,35558.0,35558.0,35000
349,VNIW,VIGNANS NIRULA INST OF TECH. AND SCI FOR WOMEN,PVT,GUNTUR,GUNTUR,GIRLS,JNTUK,CSE,33290.0,33290.0,93633.0,93633,146597.0,146597.0,69232.0,69232,81531.0,81531,124101.0,124101.0,54591.0,54591,63911.0,63911,41696.0,41696.0,35000
350,VNIW,VIGNANS NIRULA INST OF TECH. AND SCI FOR WOMEN,PVT,GUNTUR,GUNTUR,GIRLS,JNTUK,CSM,43402.0,43402.0,170714.0,170714,171777.0,171777.0,78975.0,78975,119177.0,119177,999999.0,999999.0,88210.0,88210,84697.0,84697,48698.0,48698.0,35000
351,VNIW,VIGNANS NIRULA INST OF TECH. AND SCI FOR WOMEN,PVT,GUNTUR,GUNTUR,GIRLS,JNTUK,ECE,166552.0,166552.0,169680.0,169680,166552.0,166552.0,167395.0,167395,166552.0,166552,166552.0,166552.0,166552.0,166552,166552.0,166552,58005.0,58005.0,35000
352,VNIW,VIGNANS NIRULA INST OF TECH. AND SCI FOR WOMEN,PVT,GUNTUR,GUNTUR,GIRLS,JNTUK,EEE,159115.0,159115.0,165421.0,165421,159115.0,159115.0,159115.0,159115,159115.0,159115,999999.0,999999.0,159115.0,159115,159115.0,159115,999999.0,999999.0,35000
353,VNIW,VIGNANS NIRULA INST OF TECH. AND SCI FOR WOMEN,PVT,GUNTUR,GUNTUR,GIRLS,JNTUK,INF,53195.0,53195.0,173056.0,173056,53223.0,53223.0,132973.0,132973,157062.0,157062,53195.0,53195.0,134779.0,134779,84865.0,84865,54881.0,54881.0,35000
354,VPCV,VIGNAN PHARMACY COLLEGE,PVT,GUNTUR,VADLAMUDI,COED,JNTUK,PHM,169131.0,169131.0,173540.0,173540,173554.0,173554.0,169163.0,169163,169169.0,169169,169131.0,169131.0,169142.0,169142,169163.0,169163,999999.0,999999.0,44600
355,VRIT,VARAPRASAD REDDY INST OF TECHNOLOGY,PVT,GUNTUR,SATTENAPALLY,COED,JNTUK,AID,146571.0,146571.0,146571.0,146799,146571.0,146571.0,146571.0,146571,146571.0,146571,146571.0,146571.0,146571.0,146571,146571.0,155823,999999.0,999999.0,36500
356,VRIT,VARAPRASAD REDDY INST OF TECHNOLOGY,PVT,GUNTUR,SATTENAPALLY,COED,JNTUK,CS,169131.0,169131.0,169131.0,169131,173554.0,173554.0,169163.0,169163,169169.0,169169,169131.0,169131.0,169131.0,169131,169163.0,169163,999999.0,999999.0,36500
357,VRIT,VARAPRASAD REDDY INST OF TECHNOLOGY,PVT,GUNTUR,SATTENAPALLY,COED,JNTUK,CSE,139951.0,160336.0,158861.0,172045,139951.0,160336.0,142551.0,160336,168196.0,168196,139951.0,160336.0,161237.0,168716,139951.0,160336,111049.0,111049.0,36500
358,VRIT,VARAPRASAD REDDY INST OF TECHNOLOGY,PVT,GUNTUR,SATTENAPALLY,COED,JNTUK,ECE,110358.0,138433.0,110358.0,138433,110358.0,138433.0,110358.0,138433,110358.0,138433,110358.0,138433.0,131566.0,138433,110358.0,138433,167955.0,167955.0,36500
359,VRIT,VARAPRASAD REDDY INST OF TECHNOLOGY,PVT,GUNTUR,SATTENAPALLY,COED,JNTUK,IOT,71499.0,71499.0,71499.0,71499,71499.0,71499.0,81016.0,81016,124956.0,124956,71499.0,71499.0,71499.0,71499,141687.0,141687,999999.0,999999.0,36500
360,VVIT,VASIREDDY VENKATADRI INST. OF TECHNOLOGY,PVT,GUNTUR,GUNTUR,COED,JNTUK,AID,15778.0,18946.0,82250.0,82250,116741.0,116741.0,35076.0,44402,43423.0,43423,15778.0,71885.0,30777.0,30777,35325.0,35325,16316.0,15308.0,55000
361,VVIT,VASIREDDY VENKATADRI INST. OF TECHNOLOGY,PVT,GUNTUR,GUNTUR,COED,JNTUK,AIM,13329.0,13329.0,60821.0,81240,157210.0,157210.0,27238.0,27716,30268.0,30268,22832.0,22832.0,17981.0,29985,36171.0,36577,13981.0,13676.0,55000
362,VVIT,VASIREDDY VENKATADRI INST. OF TECHNOLOGY,PVT,GUNTUR,GUNTUR,COED,JNTUK,CIC,23211.0,23211.0,93452.0,93452,96285.0,99870.0,40744.0,57612,32810.0,51241,103701.0,103701.0,34682.0,35273,34478.0,42568,27825.0,19478.0,55000
363,VVIT,VASIREDDY VENKATADRI INST. OF TECHNOLOGY,PVT,GUNTUR,GUNTUR,COED,JNTUK,CIV,113050.0,154886.0,170311.0,170311,142273.0,154886.0,165636.0,165636,124834.0,154886,113050.0,154886.0,162113.0,162113,152348.0,154886,136568.0,70990.0,55000
364,VVIT,VASIREDDY VENKATADRI INST. OF TECHNOLOGY,PVT,GUNTUR,GUNTUR,COED,JNTUK,CSE,12445.0,12445.0,28768.0,28768,81135.0,81135.0,20451.0,20451,15920.0,25801,32643.0,32643.0,14118.0,14118,17974.0,17974,14436.0,12776.0,55000
365,VVIT,VASIREDDY VENKATADRI INST. OF TECHNOLOGY,PVT,GUNTUR,GUNTUR,COED,JNTUK,CSM,16196.0,16196.0,74180.0,74180,149986.0,173310.0,24114.0,25780,22374.0,22980,67274.0,67274.0,31385.0,31385,29247.0,39544,17093.0,17824.0,55000
366,VVIT,VASIREDDY VENKATADRI INST. OF TECHNOLOGY,PVT,GUNTUR,GUNTUR,COED,JNTUK,CSO,20520.0,23543.0,82070.0,89914,145419.0,145419.0,50728.0,50728,38791.0,46765,85169.0,85169.0,39004.0,39004,20520.0,45445,23502.0,20043.0,55000
367,VVIT,VASIREDDY VENKATADRI INST. OF TECHNOLOGY,PVT,GUNTUR,GUNTUR,COED,JNTUK,ECE,28071.0,28071.0,72163.0,83502,172095.0,172095.0,49365.0,49365,47445.0,107801,28071.0,71848.0,60789.0,60789,39544.0,64090,24747.0,31045.0,55000
368,VVIT,VASIREDDY VENKATADRI INST. OF TECHNOLOGY,PVT,GUNTUR,GUNTUR,COED,JNTUK,EEE,107498.0,107498.0,170696.0,173079,126774.0,126774.0,129837.0,165546,167840.0,167840,107498.0,107498.0,164886.0,164886,146297.0,146297,136479.0,91111.0,55000
369,VVIT,VASIREDDY VENKATADRI INST. OF TECHNOLOGY,PVT,GUNTUR,GUNTUR,COED,JNTUK,INF,21202.0,21202.0,61913.0,67048,169903.0,170878.0,36117.0,43444,33861.0,41589,66205.0,80225.0,26278.0,26278,34748.0,37027,21907.0,16553.0,55000
370,VVIT,VASIREDDY VENKATADRI INST. OF TECHNOLOGY,PVT,GUNTUR,GUNTUR,COED,JNTUK,MEC,116720.0,116720.0,173039.0,173039,138026.0,138026.0,150773.0,150773,116720.0,137763,116720.0,116720.0,140859.0,140859,169060.0,169060,134207.0,134207.0,55000
371,XAVP,ST XAVIER INST OF PHARMACY,PVT,GUNTUR,GUNTUR,COED,ANU,PHM,158807.0,158807.0,160727.0,160727,158807.0,158807.0,158807.0,158807,158807.0,158807,158807.0,158807.0,158807.0,158807,158807.0,158807,999999.0,999999.0,35000
372,ALIT,ANDHRA LOYOLA INSTT OF ENGG AND TECHNOLOGY,PVT,KRISHNA,VIJAYAWADA,COED,JNTUK,CIV,169131.0,169131.0,169131.0,169131,169131.0,169131.0,169163.0,169163,169169.0,169169,169131.0,169131.0,169131.0,169131,169163.0,169163,999999.0,999999.0,50200
373,ALIT,ANDHRA LOYOLA INSTT OF ENGG AND TECHNOLOGY,PVT,KRISHNA,VIJAYAWADA,COED,JNTUK,CSD,47824.0,55951.0,108362.0,108362,135087.0,135087.0,164356.0,164356,88691.0,109902,50165.0,55951.0,57820.0,74054,48414.0,131454,59460.0,53042.0,50200
374,ALIT,ANDHRA LOYOLA INSTT OF ENGG AND TECHNOLOGY,PVT,KRISHNA,VIJAYAWADA,COED,JNTUK,CSE,41919.0,50973.0,68504.0,126798,165992.0,165992.0,97750.0,97750,74289.0,74289,55630.0,76406.0,59982.0,59982,98178.0,98178,58830.0,57342.0,50200
375,ALIT,ANDHRA LOYOLA INSTT OF ENGG AND TECHNOLOGY,PVT,KRISHNA,VIJAYAWADA,COED,JNTUK,CSM,45555.0,45555.0,98811.0,169938,100254.0,171376.0,70612.0,74069,67773.0,114649,68060.0,68060.0,60453.0,60453,140624.0,140624,47659.0,46380.0,50200
376,ALIT,ANDHRA LOYOLA INSTT OF ENGG AND TECHNOLOGY,PVT,KRISHNA,VIJAYAWADA,COED,JNTUK,ECE,53207.0,53207.0,169385.0,169385,139883.0,139883.0,130295.0,138954,98222.0,138026,99971.0,135356.0,94607.0,94607,149533.0,149533,82707.0,73137.0,50200
377,ALIT,ANDHRA LOYOLA INSTT OF ENGG AND TECHNOLOGY,PVT,KRISHNA,VIJAYAWADA,COED,JNTUK,EEE,51603.0,51603.0,160695.0,170209,121236.0,121236.0,159781.0,167938,164356.0,164356,51603.0,51603.0,166573.0,166573,51603.0,128033,106904.0,106904.0,50200
378,ALIT,ANDHRA LOYOLA INSTT OF ENGG AND TECHNOLOGY,PVT,KRISHNA,VIJAYAWADA,COED,JNTUK,INF,52435.0,52435.0,148416.0,148416,163444.0,163444.0,99834.0,99834,75943.0,88353,53474.0,53474.0,84686.0,84686,137397.0,137397,77513.0,44923.0,50200
379,ALIT,ANDHRA LOYOLA INSTT OF ENGG AND TECHNOLOGY,PVT,KRISHNA,VIJAYAWADA,COED,JNTUK,MEC,140347.0,140347.0,159185.0,159185,140347.0,140347.0,140347.0,140347,140347.0,140347,140347.0,140347.0,140347.0,140347,140347.0,140347,999999.0,999999.0,50200
380,ASIP,AMRITA SAI INST. OF SCIENCE AND TECHNOLOGY,PVT,KRISHNA,PARITALA,COED,JNTUK,CBA,97415.0,98548.0,105882.0,105882,170193.0,170193.0,148799.0,157972,164477.0,164477,114608.0,114608.0,111769.0,116379,115956.0,155217,104152.0,106874.0,35000
381,ASIP,AMRITA SAI INST. OF SCIENCE AND TECHNOLOGY,PVT,KRISHNA,PARITALA,COED,JNTUK,CIC,104062.0,109339.0,104062.0,110664,106241.0,109339.0,165551.0,165551,126224.0,155401,104062.0,109339.0,104062.0,138467,167531.0,167531,88604.0,108990.0,35000
382,ASIP,AMRITA SAI INST. OF SCIENCE AND TECHNOLOGY,PVT,KRISHNA,PARITALA,COED,JNTUK,CIV,169131.0,169163.0,169131.0,169163,173554.0,173554.0,169131.0,169163,169169.0,169169,999999.0,999999.0,169131.0,169163,169163.0,169163,999999.0,999999.0,35000
383,ASIP,AMRITA SAI INST. OF SCIENCE AND TECHNOLOGY,PVT,KRISHNA,PARITALA,COED,JNTUK,CSD,81624.0,84400.0,172104.0,172104,85239.0,85239.0,137118.0,137118,122949.0,122949,81624.0,84400.0,99036.0,99036,146477.0,146477,83133.0,61549.0,35000
384,ASIP,AMRITA SAI INST. OF SCIENCE AND TECHNOLOGY,PVT,KRISHNA,PARITALA,COED,JNTUK,CSE,62692.0,76488.0,166927.0,166927,170541.0,170541.0,80590.0,117483,81626.0,94197,62692.0,83566.0,83738.0,83738,122145.0,122145,74709.0,113525.0,35000
385,ASIP,AMRITA SAI INST. OF SCIENCE AND TECHNOLOGY,PVT,KRISHNA,PARITALA,COED,JNTUK,CSM,169131.0,169131.0,169271.0,169271,169131.0,169131.0,169131.0,169131,169131.0,169131,169131.0,169131.0,169131.0,169131,169131.0,169131,94219.0,115367.0,35000
386,ASIP,AMRITA SAI INST. OF SCIENCE AND TECHNOLOGY,PVT,KRISHNA,PARITALA,COED,JNTUK,ECE,106290.0,115787.0,169705.0,169705,173450.0,173450.0,163952.0,165315,157390.0,157390,145882.0,145882.0,142669.0,153014,164949.0,164949,122550.0,137037.0,35000
387,ASIP,AMRITA SAI INST. OF SCIENCE AND TECHNOLOGY,PVT,KRISHNA,PARITALA,COED,JNTUK,EEE,163460.0,163460.0,163460.0,163460,163460.0,163460.0,163460.0,166452,163460.0,163460,163460.0,163460.0,163460.0,163460,163460.0,163460,134633.0,134633.0,35000
388,ASIP,AMRITA SAI INST. OF SCIENCE AND TECHNOLOGY,PVT,KRISHNA,PARITALA,COED,JNTUK,MEC,160469.0,160469.0,160469.0,160469,160469.0,160469.0,160469.0,160469,160469.0,160469,160469.0,160469.0,160469.0,160469,160469.0,160469,999999.0,999999.0,35000
389,DHAN,DHANEKULA INST OF ENGG TECHNOLOGY,PVT,KRISHNA,VIJAYAWADA,COED,JNTUK,CIV,169131.0,169131.0,173540.0,173540,173554.0,173554.0,169163.0,169163,169169.0,169169,169131.0,169131.0,169131.0,169131,169163.0,169163,999999.0,999999.0,60800
390,DHAN,DHANEKULA INST OF ENGG TECHNOLOGY,PVT,KRISHNA,VIJAYAWADA,COED,JNTUK,CSE,57172.0,57172.0,154057.0,154057,155287.0,155287.0,114976.0,114976,70001.0,70001,57172.0,91822.0,89818.0,89818,70093.0,70093,65386.0,62221.0,60800
391,DHAN,DHANEKULA INST OF ENGG TECHNOLOGY,PVT,KRISHNA,VIJAYAWADA,COED,JNTUK,CSM,71855.0,71855.0,171696.0,171696,128322.0,172005.0,138070.0,138070,110920.0,110920,73736.0,73736.0,98551.0,109831,91773.0,94312,79820.0,85730.0,60800
392,DHAN,DHANEKULA INST OF ENGG TECHNOLOGY,PVT,KRISHNA,VIJAYAWADA,COED,JNTUK,ECE,60817.0,74126.0,172428.0,172428,85420.0,145148.0,168159.0,168159,161142.0,168563,109959.0,109959.0,107528.0,107528,168526.0,168526,129060.0,105780.0,60800
393,DHAN,DHANEKULA INST OF ENGG TECHNOLOGY,PVT,KRISHNA,VIJAYAWADA,COED,JNTUK,EEE,137940.0,137940.0,172694.0,172694,146276.0,146276.0,137940.0,137940,137940.0,137940,137940.0,137940.0,139848.0,155350,137940.0,137940,142236.0,142236.0,60800
394,DHAN,DHANEKULA INST OF ENGG TECHNOLOGY,PVT,KRISHNA,VIJAYAWADA,COED,JNTUK,INF,82510.0,82510.0,171631.0,171631,82510.0,172993.0,167514.0,167514,105923.0,134860,96566.0,96566.0,101104.0,116690,102260.0,102260,84566.0,90630.0,60800
395,DJRC,SRI CHAITANYA -DJR COLL OF ENGG AND TECH,PVT,KRISHNA,VIJAYAWADA,COED,JNTUK,CSE,102149.0,102149.0,155640.0,155640,102149.0,145462.0,102149.0,159138,102149.0,102149,102149.0,102149.0,134519.0,134519,102149.0,102149,142255.0,142255.0,35000
396,DJRC,SRI CHAITANYA -DJR COLL OF ENGG AND TECH,PVT,KRISHNA,VIJAYAWADA,COED,JNTUK,ECE,116642.0,116642.0,116642.0,116642,116642.0,116642.0,116642.0,116642,116642.0,116642,116642.0,116642.0,116642.0,116642,116642.0,116642,999999.0,999999.0,35000
397,GDLV,SESHADRI RAO GUDLAVALLERU ENGINEERING COLLEGE,PVT,KRISHNA,GUDLAVALLERU,COED,JNTUK,AID,27181.0,30402.0,109172.0,119435,157929.0,157929.0,55675.0,55675,45491.0,45491,34618.0,109412.0,37626.0,46026,37418.0,57137,23544.0,30787.0,65000
398,GDLV,SESHADRI RAO GUDLAVALLERU ENGINEERING COLLEGE,PVT,KRISHNA,GUDLAVALLERU,COED,JNTUK,CIV,119761.0,132443.0,173038.0,173038,146402.0,146402.0,155860.0,169025,119761.0,154545,155206.0,155206.0,167805.0,167805,119761.0,132443,166723.0,67390.0,65000
399,GDLV,SESHADRI RAO GUDLAVALLERU ENGINEERING COLLEGE,PVT,KRISHNA,GUDLAVALLERU,COED,JNTUK,CSE,18350.0,19618.0,39363.0,43885,110576.0,170439.0,24601.0,39759,27375.0,27375,18350.0,43072.0,27913.0,31153,28672.0,28672,17879.0,16782.0,65000
400,GDLV,SESHADRI RAO GUDLAVALLERU ENGINEERING COLLEGE,PVT,KRISHNA,GUDLAVALLERU,COED,JNTUK,CSM,26728.0,30855.0,73295.0,119333,145285.0,145285.0,49307.0,49307,44509.0,44509,26728.0,30855.0,43060.0,71376,41905.0,68581,21079.0,24202.0,65000
401,GDLV,SESHADRI RAO GUDLAVALLERU ENGINEERING COLLEGE,PVT,KRISHNA,GUDLAVALLERU,COED,JNTUK,ECE,37747.0,37747.0,99789.0,106755,171811.0,171811.0,61523.0,62148,61039.0,61039,58814.0,58814.0,49326.0,49326,70233.0,107588,45747.0,55325.0,65000
402,GDLV,SESHADRI RAO GUDLAVALLERU ENGINEERING COLLEGE,PVT,KRISHNA,GUDLAVALLERU,COED,JNTUK,EEE,128182.0,128384.0,162354.0,162354,170557.0,170557.0,150278.0,157287,150364.0,150364,128182.0,128384.0,128182.0,129117,128182.0,128384,93495.0,142803.0,65000
403,GDLV,SESHADRI RAO GUDLAVALLERU ENGINEERING COLLEGE,PVT,KRISHNA,GUDLAVALLERU,COED,JNTUK,INF,30584.0,30584.0,169428.0,169428,112906.0,148371.0,50405.0,67650,44494.0,65312,56054.0,56054.0,46614.0,60587,52851.0,52851,26216.0,32450.0,65000
404,GDLV,SESHADRI RAO GUDLAVALLERU ENGINEERING COLLEGE,PVT,KRISHNA,GUDLAVALLERU,COED,JNTUK,IOT,46276.0,46276.0,134219.0,137125,141687.0,150202.0,68741.0,79526,72264.0,75049,46276.0,54920.0,58767.0,63193,102323.0,102323,48208.0,49672.0,65000
405,GDLV,SESHADRI RAO GUDLAVALLERU ENGINEERING COLLEGE,PVT,KRISHNA,GUDLAVALLERU,COED,JNTUK,MEC,145606.0,145606.0,173265.0,173265,145606.0,145606.0,145606.0,145606,164868.0,164868,145606.0,145606.0,164700.0,164700,145606.0,145606,143146.0,151394.0,65000
406,KRUESF,KRISHNA UNIVERSITY COLLEGE OF ENGG AND TECHNOLOGY-SLEF FINAN,SF,KRISHNA,MACHILIPATNA M,COED,KSUM,CSE,55653.0,108763.0,129892.0,171394,149703.0,169889.0,166400.0,166400,148581.0,156363,129988.0,129988.0,132733.0,159793,154215.0,154215,103027.0,154202.0,35000
407,KRUESF,KRISHNA UNIVERSITY COLLEGE OF ENGG AND TECHNOLOGY-SLEF FINAN,SF,KRISHNA,MACHILIPATNA M,COED,KSUM,ECE,86626.0,125680.0,172566.0,173049,165021.0,165021.0,159544.0,164490,167146.0,167146,86626.0,125680.0,144565.0,144565,159433.0,159433,161531.0,162028.0,35000
408,KUCPSF,KRU COLLEGE OF PHARMACEUTICAL SCIS& RESEARCH-SELF FINANCE,SF,KRISHNA,MACHILIPATNA M,COED,KSUM,PHM,145068.0,145068.0,145068.0,145068,145068.0,145068.0,145068.0,145068,145068.0,145068,145068.0,145068.0,145068.0,145068,145068.0,145068,999999.0,999999.0,35000
409,LBCE,LAKIREDDY BALIREDDY COLLEGE OF ENGINEERING,PVT,KRISHNA,MYLAVARAM,COED,JNTUK,AID,22303.0,22303.0,63120.0,75163,119009.0,170311.0,40612.0,59157,39351.0,42193,38499.0,38499.0,27727.0,27727,47427.0,47427,22388.0,26369.0,69700
410,LBCE,LAKIREDDY BALIREDDY COLLEGE OF ENGINEERING,PVT,KRISHNA,MYLAVARAM,COED,JNTUK,ASE,40942.0,53167.0,135971.0,135971,74000.0,74000.0,125569.0,125569,115166.0,160308,40942.0,53167.0,95792.0,153008,135049.0,153454,105794.0,102898.0,69700
411,LBCE,LAKIREDDY BALIREDDY COLLEGE OF ENGINEERING,PVT,KRISHNA,MYLAVARAM,COED,JNTUK,CIV,142571.0,142571.0,170135.0,170135,142571.0,171202.0,154520.0,154520,164868.0,164868,142571.0,142571.0,156348.0,156348,142571.0,142571,143854.0,116207.0,69700
412,LBCE,LAKIREDDY BALIREDDY COLLEGE OF ENGINEERING,PVT,KRISHNA,MYLAVARAM,COED,JNTUK,CSE,19672.0,22307.0,36695.0,86495,87899.0,87899.0,33056.0,33056,28318.0,28318,32659.0,67431.0,26824.0,31604,30979.0,35098,21442.0,17054.0,69700
413,LBCE,LAKIREDDY BALIREDDY COLLEGE OF ENGINEERING,PVT,KRISHNA,MYLAVARAM,COED,JNTUK,CSM,20039.0,20039.0,47504.0,81376,134903.0,134903.0,38201.0,38201,40023.0,40023,85060.0,85060.0,34307.0,34307,20039.0,20039,19642.0,18063.0,69700
414,LBCE,LAKIREDDY BALIREDDY COLLEGE OF ENGINEERING,PVT,KRISHNA,MYLAVARAM,COED,JNTUK,ECE,35208.0,35208.0,82070.0,88114,134198.0,134198.0,55394.0,57520,53660.0,56354,52444.0,52444.0,52357.0,52357,63804.0,63804,35943.0,42237.0,69700
415,LBCE,LAKIREDDY BALIREDDY COLLEGE OF ENGINEERING,PVT,KRISHNA,MYLAVARAM,COED,JNTUK,EEE,88998.0,88998.0,171873.0,171873,90233.0,159501.0,127066.0,127066,150111.0,150111,116837.0,116837.0,100608.0,100608,108273.0,135608,105231.0,110711.0,69700
416,LBCE,LAKIREDDY BALIREDDY COLLEGE OF ENGINEERING,PVT,KRISHNA,MYLAVARAM,COED,JNTUK,INF,29193.0,29193.0,64551.0,70471,171628.0,171628.0,47748.0,47748,38009.0,42709,29193.0,103843.0,36772.0,36772,43067.0,43067,25552.0,20739.0,69700
417,LBCE,LAKIREDDY BALIREDDY COLLEGE OF ENGINEERING,PVT,KRISHNA,MYLAVARAM,COED,JNTUK,MEC,132931.0,132931.0,161074.0,169198,172919.0,172919.0,163359.0,163359,160098.0,160098,132931.0,132931.0,132931.0,132931,132931.0,132931,165839.0,117544.0,69700
418,LIMT,LINGAYAS INST OF MGMT AND TECHNOLOGY,PVT,KRISHNA,VIJAYAWADA,COED,JNTUK,AID,117808.0,153125.0,167563.0,167563,136918.0,153125.0,134647.0,153125,153999.0,153999,117808.0,153125.0,152072.0,153125,117808.0,153125,120221.0,154151.0,35000
419,LIMT,LINGAYAS INST OF MGMT AND TECHNOLOGY,PVT,KRISHNA,VIJAYAWADA,COED,JNTUK,AIM,129797.0,129797.0,138266.0,138266,129797.0,129797.0,129797.0,129797,129797.0,129797,129797.0,129797.0,148086.0,148086,129797.0,129797,999999.0,999999.0,35000
420,LIMT,LINGAYAS INST OF MGMT AND TECHNOLOGY,PVT,KRISHNA,VIJAYAWADA,COED,JNTUK,CSE,97079.0,97079.0,140421.0,167526,143031.0,143031.0,152246.0,168015,153330.0,153330,166242.0,166242.0,158474.0,158474,160329.0,160329,122588.0,101411.0,35000
421,LIMT,LINGAYAS INST OF MGMT AND TECHNOLOGY,PVT,KRISHNA,VIJAYAWADA,COED,JNTUK,ECE,129252.0,129252.0,170647.0,172865,129252.0,129252.0,168676.0,168676,148906.0,148906,129252.0,129252.0,156161.0,156161,129252.0,129252,999999.0,999999.0,35000
422,MICT,DVR AND DR.HS MIC COLLEGE OF TECHNOLOGY,PVT,KRISHNA,"KANCHIKACHER
LA",COED,JNTUK,AID,62105.0,62105.0,170611.0,172466,171416.0,172134.0,115893.0,115893,108833.0,108833,130000.0,130000.0,72767.0,113502,135941.0,135941,65864.0,65134.0,36100
423,MICT,DVR AND DR.HS MIC COLLEGE OF TECHNOLOGY,PVT,KRISHNA,"KANCHIKACHER
LA",COED,JNTUK,AIM,62045.0,73588.0,163851.0,163851,69214.0,73588.0,129459.0,129459,156968.0,161632,62045.0,73588.0,75262.0,92459,158861.0,158861,71364.0,73445.0,36100
424,MICT,DVR AND DR.HS MIC COLLEGE OF TECHNOLOGY,PVT,KRISHNA,"KANCHIKACHER
LA",COED,JNTUK,CIV,111693.0,111693.0,123858.0,123858,111693.0,111693.0,111693.0,111693,123202.0,123202,111693.0,111693.0,111693.0,111693,111693.0,111693,999999.0,999999.0,36100
425,MICT,DVR AND DR.HS MIC COLLEGE OF TECHNOLOGY,PVT,KRISHNA,"KANCHIKACHER
LA",COED,JNTUK,CSE,33203.0,39374.0,98918.0,102558,161426.0,161426.0,59798.0,59798,55848.0,60716,67566.0,67566.0,50752.0,90604,77234.0,77234,39089.0,32717.0,36100
426,MICT,DVR AND DR.HS MIC COLLEGE OF TECHNOLOGY,PVT,KRISHNA,"KANCHIKACHER
LA",COED,JNTUK,ECE,73857.0,78802.0,161451.0,171495,169456.0,172808.0,120479.0,120479,113734.0,165784,73857.0,78802.0,88738.0,112776,126251.0,126251,73270.0,80022.0,36100
427,MICT,DVR AND DR.HS MIC COLLEGE OF TECHNOLOGY,PVT,KRISHNA,"KANCHIKACHER
LA",COED,JNTUK,EEE,155879.0,155879.0,161994.0,161994,155879.0,155879.0,159464.0,159464,155879.0,155879,155879.0,155879.0,155879.0,155879,155879.0,155879,117808.0,128016.0,36100
428,MICT,DVR AND DR.HS MIC COLLEGE OF TECHNOLOGY,PVT,KRISHNA,"KANCHIKACHER
LA",COED,JNTUK,INF,51855.0,51855.0,131929.0,159643,141573.0,141573.0,81969.0,81969,89422.0,89422,51855.0,51855.0,66646.0,66646,94272.0,136427,47969.0,49226.0,36100
429,MICT,DVR AND DR.HS MIC COLLEGE OF TECHNOLOGY,PVT,KRISHNA,"KANCHIKACHER
LA",COED,JNTUK,MEC,169131.0,169163.0,169131.0,169163,173554.0,173554.0,169163.0,169163,169169.0,169169,999999.0,999999.0,169142.0,169163,169163.0,169163,999999.0,999999.0,36100
430,MIET,MANDAVA INSTITUTE OF ENGG AND TECHNOLOGY,PVT,KRISHNA,JAGGAIAHPETA,COED,JNTUK,CIV,160137.0,162427.0,173396.0,173396,171161.0,171161.0,160137.0,162427,160137.0,162427,160137.0,162427.0,160137.0,162427,160137.0,162427,999999.0,999999.0,35000
431,MIET,MANDAVA INSTITUTE OF ENGG AND TECHNOLOGY,PVT,KRISHNA,JAGGAIAHPETA,COED,JNTUK,CSE,156414.0,156414.0,173490.0,173490,162514.0,162514.0,156414.0,156414,166478.0,166478,156414.0,156414.0,160872.0,160872,156414.0,156414,149868.0,157100.0,35000
432,MIET,MANDAVA INSTITUTE OF ENGG AND TECHNOLOGY,PVT,KRISHNA,JAGGAIAHPETA,COED,JNTUK,CSM,123627.0,164078.0,169788.0,169788,123627.0,171553.0,123627.0,164078,123627.0,164078,123627.0,164078.0,123627.0,164078,123627.0,164078,98777.0,98777.0,35000
433,MIET,MANDAVA INSTITUTE OF ENGG AND TECHNOLOGY,PVT,KRISHNA,JAGGAIAHPETA,COED,JNTUK,ECE,158021.0,158021.0,171744.0,171744,158021.0,172306.0,158021.0,158021,158021.0,158021,158021.0,158021.0,158021.0,158021,158021.0,158021,162148.0,162148.0,35000
434,MVRS,M.V.R.COLL OF ENGINEERING AND TECHNOLOGY,PVT,KRISHNA,PARITALA,COED,JNTUK,AID,67166.0,85784.0,169671.0,169671,170358.0,170358.0,138969.0,138969,131332.0,160589,131143.0,131143.0,117251.0,117251,118479.0,151106,91424.0,159115.0,35000
435,MVRS,M.V.R.COLL OF ENGINEERING AND TECHNOLOGY,PVT,KRISHNA,PARITALA,COED,JNTUK,CAI,102047.0,102047.0,173178.0,173178,172019.0,172019.0,152273.0,152273,143112.0,143112,124909.0,124909.0,115854.0,115854,111754.0,156344,102107.0,96740.0,35000
436,MVRS,M.V.R.COLL OF ENGINEERING AND TECHNOLOGY,PVT,KRISHNA,PARITALA,COED,JNTUK,CIV,155244.0,163861.0,167161.0,167161,155244.0,163861.0,155244.0,163861,155244.0,163861,155244.0,163861.0,155244.0,163861,155244.0,163861,163936.0,163936.0,35000
437,MVRS,M.V.R.COLL OF ENGINEERING AND TECHNOLOGY,PVT,KRISHNA,PARITALA,COED,JNTUK,CSE,69827.0,69827.0,173362.0,173362,149703.0,152946.0,126430.0,126430,116997.0,164373,69827.0,69827.0,96992.0,124677,125043.0,159370,91038.0,76262.0,35000
438,MVRS,M.V.R.COLL OF ENGINEERING AND TECHNOLOGY,PVT,KRISHNA,PARITALA,COED,JNTUK,ECE,110802.0,142452.0,173058.0,173058,171012.0,171012.0,142170.0,149659,152642.0,157743,110802.0,142452.0,160059.0,165344,163199.0,163199,126311.0,141838.0,35000
439,MVRS,M.V.R.COLL OF ENGINEERING AND TECHNOLOGY,PVT,KRISHNA,PARITALA,COED,JNTUK,MEC,167340.0,167340.0,169326.0,169326,167340.0,167340.0,167340.0,167340,167340.0,167340,167340.0,167340.0,167340.0,167340,167340.0,167340,156660.0,156660.0,35000
440,NRIA,NRI INSTITUTE OF TECHNOLOGY,PVT,KRISHNA,AGIRIPALLY,COED,JNTUK,AIM,57229.0,69845.0,169781.0,171248,113864.0,113864.0,121622.0,123480,123954.0,125300,73937.0,73937.0,96234.0,96234,132406.0,151438,68940.0,62395.0,42500
441,NRIA,NRI INSTITUTE OF TECHNOLOGY,PVT,KRISHNA,AGIRIPALLY,COED,JNTUK,CIV,120589.0,120589.0,120589.0,172576,120589.0,120589.0,120589.0,120589,160363.0,160363,120589.0,120589.0,120589.0,120589,120589.0,120589,100222.0,100222.0,42500
442,NRIA,NRI INSTITUTE OF TECHNOLOGY,PVT,KRISHNA,AGIRIPALLY,COED,JNTUK,CSD,48409.0,48409.0,169191.0,171390,171926.0,171926.0,102383.0,102383,93668.0,93668,67433.0,84187.0,64997.0,71762,65410.0,91696,45755.0,50131.0,42500
443,NRIA,NRI INSTITUTE OF TECHNOLOGY,PVT,KRISHNA,AGIRIPALLY,COED,JNTUK,CSE,25128.0,31661.0,78215.0,78215,148574.0,148574.0,41933.0,47052,61581.0,61581,53875.0,53875.0,37080.0,37080,58799.0,67138,25008.0,29388.0,42500
444,NRIA,NRI INSTITUTE OF TECHNOLOGY,PVT,KRISHNA,AGIRIPALLY,COED,JNTUK,CSER,91424.0,91424.0,105543.0,169550,91424.0,91424.0,121750.0,161475,163991.0,163991,91424.0,91424.0,109737.0,111206,157182.0,157182,129380.0,133399.0,42500
445,NRIA,NRI INSTITUTE OF TECHNOLOGY,PVT,KRISHNA,AGIRIPALLY,COED,JNTUK,CSM,47126.0,56973.0,144832.0,167130,52525.0,56973.0,98092.0,98092,96336.0,100420,47126.0,56973.0,68721.0,68721,105247.0,143472,46749.0,57184.0,42500
446,NRIA,NRI INSTITUTE OF TECHNOLOGY,PVT,KRISHNA,AGIRIPALLY,COED,JNTUK,ECE,61613.0,61613.0,141553.0,172067,166906.0,172908.0,113130.0,151927,109928.0,109928,75535.0,77234.0,81007.0,81007,163991.0,163991,62957.0,61523.0,42500
447,NRIA,NRI INSTITUTE OF TECHNOLOGY,PVT,KRISHNA,AGIRIPALLY,COED,JNTUK,EEE,154679.0,154679.0,154679.0,154679,154679.0,154679.0,164829.0,164829,165625.0,167401,154679.0,154679.0,154679.0,166394,154679.0,154679,117749.0,141519.0,42500
448,NRIA,NRI INSTITUTE OF TECHNOLOGY,PVT,KRISHNA,AGIRIPALLY,COED,JNTUK,INF,39234.0,45029.0,141861.0,170416,167758.0,172229.0,90352.0,101093,92095.0,94283,54335.0,54335.0,58645.0,84680,39234.0,94354,42757.0,37585.0,42500
449,NRIA,NRI INSTITUTE OF TECHNOLOGY,PVT,KRISHNA,AGIRIPALLY,COED,JNTUK,MEC,169131.0,169163.0,173540.0,173558,173554.0,173554.0,169163.0,169163,169169.0,169169,999999.0,999999.0,169131.0,169163,169163.0,169163,999999.0,999999.0,42500
450,PPDV,PALADUGU PARVATHI DEVI COLLEGE OF ENGG AND TECH,PVT,KRISHNA,VIJAYAWADA,COED,JNTUK,CSE,169131.0,169163.0,169131.0,169163,173554.0,173554.0,169163.0,169163,169131.0,169163,999999.0,999999.0,169131.0,169163,169131.0,169163,159819.0,159819.0,35000
451,PPDV,PALADUGU PARVATHI DEVI COLLEGE OF ENGG AND TECH,PVT,KRISHNA,VIJAYAWADA,COED,JNTUK,ECE,126471.0,126471.0,126471.0,126471,126471.0,126471.0,126471.0,126471,126471.0,126471,126471.0,126471.0,126471.0,126471,126471.0,126471,112828.0,112828.0,35000
452,PPDV,PALADUGU PARVATHI DEVI COLLEGE OF ENGG AND TECH,PVT,KRISHNA,VIJAYAWADA,COED,JNTUK,MEC,169131.0,169163.0,169867.0,169867,173554.0,173554.0,169163.0,169163,169169.0,169169,999999.0,999999.0,169142.0,169163,169163.0,169163,999999.0,999999.0,35000
453,PPSV,PRASAD V POTLURI SIDDHARTHA INSTT OF TECHNOLOGY,PVT,KRISHNA,VIJAYAWADA,COED,JNTUK,CIV,131002.0,157393.0,138954.0,171270,131002.0,157393.0,131002.0,157393,161074.0,161074,131002.0,157393.0,131002.0,157393,131002.0,157393,125409.0,125409.0,70000
454,PPSV,PRASAD V POTLURI SIDDHARTHA INSTT OF TECHNOLOGY,PVT,KRISHNA,VIJAYAWADA,COED,JNTUK,CSD,12623.0,15394.0,54408.0,54408,129235.0,129235.0,27664.0,27664,12623.0,27380,12623.0,15394.0,20657.0,20657,30207.0,30207,12516.0,11438.0,70000
455,PPSV,PRASAD V POTLURI SIDDHARTHA INSTT OF TECHNOLOGY,PVT,KRISHNA,VIJAYAWADA,COED,JNTUK,CSE,11716.0,11716.0,30113.0,39039,92797.0,108802.0,15135.0,18215,14622.0,25027,16517.0,16517.0,11716.0,13400,21919.0,21919,13991.0,10408.0,70000
456,PPSV,PRASAD V POTLURI SIDDHARTHA INSTT OF TECHNOLOGY,PVT,KRISHNA,VIJAYAWADA,COED,JNTUK,CSM,13514.0,13514.0,45193.0,45193,166942.0,166942.0,19070.0,35089,25639.0,25639,67971.0,67971.0,13514.0,20599,23974.0,34052,11306.0,11938.0,70000
457,PPSV,PRASAD V POTLURI SIDDHARTHA INSTT OF TECHNOLOGY,PVT,KRISHNA,VIJAYAWADA,COED,JNTUK,ECE,21480.0,26148.0,66469.0,74740,159472.0,169842.0,43578.0,43578,35136.0,35136,38073.0,38073.0,47281.0,56680,52986.0,52986,38521.0,31710.0,70000
458,PPSV,PRASAD V POTLURI SIDDHARTHA INSTT OF TECHNOLOGY,PVT,KRISHNA,VIJAYAWADA,COED,JNTUK,EEE,58681.0,58681.0,169246.0,169246,95525.0,95525.0,149774.0,149774,134616.0,134616,58681.0,92949.0,98680.0,98680,58681.0,58681,96251.0,67345.0,70000
459,PPSV,PRASAD V POTLURI SIDDHARTHA INSTT OF TECHNOLOGY,PVT,KRISHNA,VIJAYAWADA,COED,JNTUK,INF,16732.0,18705.0,47748.0,48583,139961.0,170813.0,30383.0,32336,26389.0,26389,16732.0,70982.0,21845.0,24295,33184.0,33184,19153.0,19585.0,70000
460,PPSV,PRASAD V POTLURI SIDDHARTHA INSTT OF TECHNOLOGY,PVT,KRISHNA,VIJAYAWADA,COED,JNTUK,MEC,130348.0,130348.0,145148.0,160272,145285.0,165103.0,162817.0,162817,162846.0,162846,130348.0,130348.0,165282.0,165282,161531.0,164648,137963.0,167051.0,70000
461,PSCV,POTTI SRIRAMULU COLLEGE OF ENGG AND TECHNOLOGY,PVT,KRISHNA,VIJAYAWADA,COED,JNTUK,CAI,87029.0,87029.0,102869.0,170180,87029.0,95287.0,160353.0,160353,121519.0,141585,87029.0,87029.0,87029.0,87029,140970.0,140970,102480.0,67151.0,41500
462,PSCV,POTTI SRIRAMULU COLLEGE OF ENGG AND TECHNOLOGY,PVT,KRISHNA,VIJAYAWADA,COED,JNTUK,CIC,103661.0,103661.0,131566.0,171514,171353.0,171353.0,163861.0,167595,166202.0,166749,103661.0,103661.0,109308.0,109308,103661.0,103661,105446.0,94887.0,41500
463,PSCV,POTTI SRIRAMULU COLLEGE OF ENGG AND TECHNOLOGY,PVT,KRISHNA,VIJAYAWADA,COED,JNTUK,CSD,75517.0,78427.0,170719.0,170719,77639.0,78427.0,150610.0,150610,111874.0,111874,115496.0,115496.0,83579.0,83579,75517.0,144419,76247.0,75597.0,41500
464,PSCV,POTTI SRIRAMULU COLLEGE OF ENGG AND TECHNOLOGY,PVT,KRISHNA,VIJAYAWADA,COED,JNTUK,CSE,48393.0,48393.0,156995.0,156995,160981.0,160981.0,126845.0,126845,134524.0,134524,82532.0,82532.0,57137.0,57137,91256.0,91256,75995.0,46099.0,41500
465,PSCV,POTTI SRIRAMULU COLLEGE OF ENGG AND TECHNOLOGY,PVT,KRISHNA,VIJAYAWADA,COED,JNTUK,CSM,64589.0,77659.0,172210.0,172210,116774.0,116774.0,162274.0,162274,97557.0,97557,64589.0,129380.0,81452.0,81452,141676.0,143847,96057.0,55621.0,41500
466,PSCV,POTTI SRIRAMULU COLLEGE OF ENGG AND TECHNOLOGY,PVT,KRISHNA,VIJAYAWADA,COED,JNTUK,CSO,85763.0,85763.0,169820.0,169820,90233.0,172514.0,144623.0,144623,153128.0,168450,85763.0,115956.0,130732.0,130732,150588.0,168159,91686.0,107081.0,41500
467,PSCV,POTTI SRIRAMULU COLLEGE OF ENGG AND TECHNOLOGY,PVT,KRISHNA,VIJAYAWADA,COED,JNTUK,ECE,113473.0,114608.0,172419.0,172419,138919.0,138919.0,146989.0,147269,161884.0,167395,113473.0,125714.0,168396.0,168976,161957.0,168585,118292.0,126086.0,41500
468,PSCV,POTTI SRIRAMULU COLLEGE OF ENGG AND TECHNOLOGY,PVT,KRISHNA,VIJAYAWADA,COED,JNTUK,EEE,168478.0,168478.0,168478.0,168478,168478.0,168478.0,168478.0,168478,168478.0,168478,168478.0,168478.0,168478.0,168478,168478.0,168478,155760.0,159249.0,41500
469,RKCE,R.K.COLLEGE OF ENGINEERING,PVT,KRISHNA,"IBRAHIMPATNA
M",COED,JNTUK,AIM,79509.0,107942.0,171904.0,171904,138779.0,138779.0,160469.0,161171,146558.0,160032,79509.0,107942.0,149891.0,170902,139427.0,139427,111206.0,102924.0,35000
470,RKCE,R.K.COLLEGE OF ENGINEERING,PVT,KRISHNA,"IBRAHIMPATNA
M",COED,JNTUK,CIV,169131.0,169163.0,173540.0,173558,173554.0,173554.0,169131.0,169163,169169.0,169169,999999.0,999999.0,169142.0,169163,169163.0,169163,999999.0,999999.0,35000
471,RKCE,R.K.COLLEGE OF ENGINEERING,PVT,KRISHNA,"IBRAHIMPATNA
M",COED,JNTUK,CSD,140816.0,140816.0,170676.0,170676,140816.0,140816.0,165625.0,167310,167303.0,168396,140816.0,140816.0,160013.0,160013,164388.0,164388,126091.0,130500.0,35000
472,RKCE,R.K.COLLEGE OF ENGINEERING,PVT,KRISHNA,"IBRAHIMPATNA
M",COED,JNTUK,CSE,112567.0,112567.0,172772.0,172772,161195.0,172518.0,135555.0,154607,163899.0,163899,167781.0,167781.0,144401.0,144401,160727.0,160727,160164.0,104346.0,35000
473,RKCE,R.K.COLLEGE OF ENGINEERING,PVT,KRISHNA,"IBRAHIMPATNA
M",COED,JNTUK,ECE,128495.0,128495.0,172129.0,172238,157751.0,168582.0,151278.0,160708,167113.0,167113,128495.0,128495.0,163831.0,163831,128495.0,149824,108794.0,165193.0,35000
474,RKCE,R.K.COLLEGE OF ENGINEERING,PVT,KRISHNA,"IBRAHIMPATNA
M",COED,JNTUK,EEE,169131.0,169163.0,173540.0,173540,173554.0,173554.0,169163.0,169163,169169.0,169169,999999.0,999999.0,169142.0,169163,169163.0,169163,999999.0,999999.0,35000
475,RKCE,R.K.COLLEGE OF ENGINEERING,PVT,KRISHNA,"IBRAHIMPATNA
M",COED,JNTUK,MEC,87972.0,87972.0,87972.0,87972,163771.0,163771.0,87972.0,87972,87972.0,87972,87972.0,87972.0,87972.0,87972,87972.0,87972,999999.0,999999.0,35000
476,SIEN,SRI SARATHI INSTITUTE OF ENGG. AND TECHNOLOGY,PVT,KRISHNA,NUZVID,COED,JNTUK,AID,155113.0,155113.0,173032.0,173500,155113.0,164224.0,162370.0,162370,167781.0,167781,155113.0,155113.0,164528.0,164528,164149.0,164149,138376.0,138376.0,35000
477,SIEN,SRI SARATHI INSTITUTE OF ENGG. AND TECHNOLOGY,PVT,KRISHNA,NUZVID,COED,JNTUK,CSE,120906.0,139588.0,169891.0,169891,173047.0,173047.0,156551.0,156551,157306.0,157306,168943.0,168943.0,144641.0,148086,122204.0,139588,162986.0,148603.0,35000
478,SIEN,SRI SARATHI INSTITUTE OF ENGG. AND TECHNOLOGY,PVT,KRISHNA,NUZVID,COED,JNTUK,ECE,99580.0,102358.0,152486.0,152486,99580.0,102358.0,121366.0,121366,99580.0,102358,99580.0,102358.0,121928.0,121928,99580.0,102358,999999.0,999999.0,35000
479,SRKI,S R K INST. OF TECHNOLOGY,PVT,KRISHNA,VIJAYAWADA,COED,JNTUK,CIV,169131.0,169131.0,169131.0,169131,173554.0,173554.0,169163.0,169163,169169.0,169169,169131.0,169131.0,169142.0,169142,169163.0,169163,999999.0,999999.0,35000
480,SRKI,S R K INST. OF TECHNOLOGY,PVT,KRISHNA,VIJAYAWADA,COED,JNTUK,CSD,66256.0,86871.0,158743.0,158743,169770.0,169770.0,118637.0,140839,122676.0,122676,75334.0,86871.0,94833.0,94833,156134.0,156134,78705.0,65607.0,35000
481,SRKI,S R K INST. OF TECHNOLOGY,PVT,KRISHNA,VIJAYAWADA,COED,JNTUK,CSE,56402.0,56402.0,162893.0,162893,169872.0,169872.0,85445.0,85445,75675.0,75675,89039.0,89039.0,90233.0,107831,56402.0,82022,66137.0,37835.0,35000
482,SRKI,S R K INST. OF TECHNOLOGY,PVT,KRISHNA,VIJAYAWADA,COED,JNTUK,CSM,50848.0,50848.0,169903.0,169903,50848.0,52754.0,135173.0,135173,85249.0,85249,50848.0,50848.0,76099.0,86786,127070.0,127070,72661.0,100730.0,35000
483,SRKI,S R K INST. OF TECHNOLOGY,PVT,KRISHNA,VIJAYAWADA,COED,JNTUK,ECE,111643.0,111643.0,170262.0,170262,173089.0,173089.0,160681.0,160681,155406.0,155406,111643.0,153502.0,121812.0,121812,146335.0,160448,130283.0,85962.0,35000
484,SRKI,S R K INST. OF TECHNOLOGY,PVT,KRISHNA,VIJAYAWADA,COED,JNTUK,EEE,161884.0,161884.0,169464.0,169464,161884.0,161884.0,161884.0,161884,161884.0,161884,161884.0,161884.0,161884.0,161884,161884.0,161884,999999.0,999999.0,35000
485,SRKI,S R K INST. OF TECHNOLOGY,PVT,KRISHNA,VIJAYAWADA,COED,JNTUK,INF,69009.0,69265.0,101093.0,172256,81550.0,82325.0,166614.0,166614,110233.0,110233,114584.0,114584.0,105673.0,105673,158462.0,158462,45968.0,63647.0,35000
486,SRKI,S R K INST. OF TECHNOLOGY,PVT,KRISHNA,VIJAYAWADA,COED,JNTUK,MEC,169131.0,169131.0,173540.0,173540,173554.0,173554.0,169163.0,169163,169131.0,169131,169131.0,169131.0,169142.0,169142,169163.0,169163,147982.0,147982.0,35000
487,SVET,SRI VASAVI INSTT OF ENGINEERING AND TECHNOLOGY,PVT,KRISHNA,PEDANA,COED,JNTUK,CSE,104459.0,104459.0,171958.0,171958,145414.0,145414.0,130333.0,130333,122981.0,122981,104459.0,104459.0,166697.0,166697,108335.0,108335,129230.0,76692.0,35000
488,SVET,SRI VASAVI INSTT OF ENGINEERING AND TECHNOLOGY,PVT,KRISHNA,PEDANA,COED,JNTUK,CSM,79820.0,80873.0,89561.0,89561,89615.0,89615.0,156257.0,156257,136508.0,139290,79820.0,80873.0,149868.0,149868,141614.0,167687,89866.0,92655.0,35000
489,SVET,SRI VASAVI INSTT OF ENGINEERING AND TECHNOLOGY,PVT,KRISHNA,PEDANA,COED,JNTUK,ECE,99981.0,118949.0,171902.0,171902,147529.0,147529.0,162246.0,162246,168784.0,168784,99981.0,118949.0,166296.0,166296,165738.0,165738,135809.0,140428.0,35000
490,SVHE,D M S S V H COLLEGE OF ENGINEERING,PVT,KRISHNA,"MACHILIPATNA
M",COED,JNTUK,CSE,120016.0,168998.0,172979.0,172979,134407.0,168998.0,163586.0,168998,168806.0,168998,120016.0,168998.0,160905.0,168998,120016.0,168998,103387.0,112626.0,35000
491,SVHE,D M S S V H COLLEGE OF ENGINEERING,PVT,KRISHNA,"MACHILIPATNA
M",COED,JNTUK,ECE,114899.0,114899.0,152915.0,152915,114899.0,114899.0,114899.0,114899,114899.0,119558,114899.0,114899.0,114899.0,114899,114899.0,114899,161848.0,161848.0,35000
492,URCE,USHA RAMA COLL OF ENGG AND TECHNOLOGY,PVT,KRISHNA,TELAPROLU,COED,JNTUK,AID,75309.0,93633.0,172540.0,172540,91923.0,93633.0,99097.0,99097,102383.0,102383,75309.0,93633.0,80854.0,93633,76962.0,117994,72232.0,73575.0,35000
493,URCE,USHA RAMA COLL OF ENGG AND TECHNOLOGY,PVT,KRISHNA,TELAPROLU,COED,JNTUK,AIM,80283.0,80283.0,172610.0,172610,80283.0,80283.0,127169.0,127169,120176.0,121345,148151.0,148151.0,85877.0,113130,80283.0,117131,66326.0,106617.0,35000
494,URCE,USHA RAMA COLL OF ENGG AND TECHNOLOGY,PVT,KRISHNA,TELAPROLU,COED,JNTUK,CSE,43334.0,55424.0,114014.0,172269,125333.0,125333.0,69596.0,69596,68340.0,112172,43334.0,55424.0,89730.0,89730,105314.0,105314,54685.0,44508.0,35000
495,URCE,USHA RAMA COLL OF ENGG AND TECHNOLOGY,PVT,KRISHNA,TELAPROLU,COED,JNTUK,ECE,100420.0,100444.0,172408.0,172564,101328.0,101328.0,140322.0,151326,149839.0,150410,101399.0,102443.0,108206.0,108206,155069.0,157283,118162.0,114410.0,35000
496,URCE,USHA RAMA COLL OF ENGG AND TECHNOLOGY,PVT,KRISHNA,TELAPROLU,COED,JNTUK,EEE,136130.0,136130.0,156891.0,156891,136130.0,136130.0,157312.0,157312,163991.0,163991,149020.0,149020.0,165904.0,165904,153330.0,153330,167310.0,104094.0,35000
497,URCE,USHA RAMA COLL OF ENGG AND TECHNOLOGY,PVT,KRISHNA,TELAPROLU,COED,JNTUK,INF,62168.0,64181.0,173281.0,173351,128719.0,168005.0,93101.0,100505,109902.0,109902,148140.0,148140.0,64245.0,77489,135691.0,135691,65545.0,131739.0,35000
498,URCE,USHA RAMA COLL OF ENGG AND TECHNOLOGY,PVT,KRISHNA,TELAPROLU,COED,JNTUK,MEC,133104.0,133104.0,170706.0,170706,147039.0,147039.0,152915.0,152915,133104.0,133104,133104.0,133104.0,149048.0,159272,133104.0,133104,149967.0,149967.0,35000
499,VCTN,VIKAS COLLEGE OF ENGINEERING AND TECHNOLOGY,PVT,KRISHNA,VIJAYAWADA,COED,JNTUK,CSD,76671.0,150330.0,165223.0,165223,76671.0,150330.0,76671.0,150330,155417.0,155417,76671.0,150330.0,76671.0,150330,76671.0,158502,168426.0,168426.0,35000
500,VCTN,VIKAS COLLEGE OF ENGINEERING AND TECHNOLOGY,PVT,KRISHNA,VIJAYAWADA,COED,JNTUK,CSE,134784.0,134784.0,169188.0,169188,165551.0,165551.0,166511.0,166511,151025.0,151025,166614.0,166614.0,134784.0,135147,166248.0,166248,96809.0,165902.0,35000
501,VCTN,VIKAS COLLEGE OF ENGINEERING AND TECHNOLOGY,PVT,KRISHNA,VIJAYAWADA,COED,JNTUK,CSM,162846.0,172559.0,173095.0,173095,162846.0,172559.0,162846.0,172559,162846.0,172559,162846.0,172559.0,162846.0,172559,162846.0,172559,152380.0,152380.0,35000
502,VCTN,VIKAS COLLEGE OF ENGINEERING AND TECHNOLOGY,PVT,KRISHNA,VIJAYAWADA,COED,JNTUK,ECE,93913.0,146422.0,143309.0,149546,145767.0,146422.0,93913.0,146422,95468.0,153779,93913.0,146422.0,165992.0,165992,93913.0,146422,112626.0,112626.0,35000
503,VGTN,VIKAS GROUP OF INSTITUTIONS,PVT,KRISHNA,"VIJAYAWADA
RURAL",COED,JNTUK,CSD,124909.0,124909.0,124909.0,124909,124909.0,124909.0,124909.0,124909,124909.0,124909,124909.0,124909.0,128178.0,128178,124909.0,124909,999999.0,999999.0,35000
504,VGTN,VIKAS GROUP OF INSTITUTIONS,PVT,KRISHNA,"VIJAYAWADA
RURAL",COED,JNTUK,CSE,130843.0,167066.0,171454.0,173361,130843.0,167066.0,156791.0,167066,151418.0,167066,144885.0,167066.0,161515.0,167066,154040.0,167066,167919.0,117994.0,35000
505,VGTN,VIKAS GROUP OF INSTITUTIONS,PVT,KRISHNA,"VIJAYAWADA
RURAL",COED,JNTUK,CSM,119466.0,119466.0,119466.0,119466,119466.0,119466.0,119466.0,119466,164119.0,164119,119466.0,119466.0,156864.0,156864,119466.0,119466,102614.0,102614.0,35000
506,VGTN,VIKAS GROUP OF INSTITUTIONS,PVT,KRISHNA,"VIJAYAWADA
RURAL",COED,JNTUK,EEE,169131.0,169163.0,173540.0,173558,173554.0,173554.0,169163.0,169163,169169.0,169169,999999.0,999999.0,169142.0,169163,169131.0,169163,999999.0,999999.0,35000
507,VHNI,SREE VAHINI INSTT OF SCIENCE AND TECHNOLOGY,PVT,KRISHNA,TIRUVURU,COED,JNTUK,AIM,52042.0,103216.0,140624.0,140624,171764.0,171764.0,149758.0,149758,120842.0,120902,52042.0,103216.0,143847.0,143847,144623.0,149230,108908.0,104129.0,35000
508,VHNI,SREE VAHINI INSTT OF SCIENCE AND TECHNOLOGY,PVT,KRISHNA,TIRUVURU,COED,JNTUK,CIV,92547.0,92547.0,92547.0,92547,135622.0,149847.0,92547.0,92547,92547.0,92547,92547.0,92547.0,92547.0,92547,92547.0,92547,999999.0,999999.0,35000
509,VHNI,SREE VAHINI INSTT OF SCIENCE AND TECHNOLOGY,PVT,KRISHNA,TIRUVURU,COED,JNTUK,CSD,114488.0,114488.0,156402.0,156402,163090.0,163090.0,153008.0,153720,156360.0,168196,114488.0,167020.0,159352.0,160727,155841.0,155841,127848.0,122811.0,35000
510,VHNI,SREE VAHINI INSTT OF SCIENCE AND TECHNOLOGY,PVT,KRISHNA,TIRUVURU,COED,JNTUK,CSE,87235.0,87235.0,125235.0,125235,129308.0,129308.0,151536.0,151536,112162.0,112162,95824.0,95824.0,92547.0,92547,121161.0,121161,89432.0,88176.0,35000
511,VHNI,SREE VAHINI INSTT OF SCIENCE AND TECHNOLOGY,PVT,KRISHNA,TIRUVURU,COED,JNTUK,ECE,131047.0,152842.0,172215.0,172273,170680.0,170680.0,167970.0,167970,169026.0,169026,132850.0,152842.0,160469.0,160469,142489.0,152842,157945.0,161491.0,35000
512,VHNI,SREE VAHINI INSTT OF SCIENCE AND TECHNOLOGY,PVT,KRISHNA,TIRUVURU,COED,JNTUK,EEE,44486.0,108426.0,172920.0,173000,173072.0,173072.0,173461.0,173461,44486.0,173160,44486.0,108426.0,44486.0,173293,44486.0,108426,999999.0,999999.0,35000
513,VHNI,SREE VAHINI INSTT OF SCIENCE AND TECHNOLOGY,PVT,KRISHNA,TIRUVURU,COED,JNTUK,MEC,169131.0,169163.0,169131.0,169163,173554.0,173554.0,169131.0,169163,169169.0,169169,999999.0,999999.0,169142.0,169163,169163.0,169163,999999.0,999999.0,35000
514,VIPW,VIJAYA INST OF PHARM SCI FOR WOMEN,PVT,KRISHNA,VIJAYAWADA,GIRLS,JNTUK,PHM,165739.0,165739.0,165739.0,165739,165739.0,165739.0,165739.0,165739,165739.0,165739,999999.0,999999.0,165739.0,165739,165739.0,165739,999999.0,999999.0,44100
515,VITW,VIJAYA INST. OF TECHNOLOGY FOR WOMEN,PVT,KRISHNA,VIJAYAWADA,GIRLS,JNTUK,AIM,121779.0,121779.0,143433.0,143433,121779.0,121779.0,145797.0,145797,160835.0,160835,999999.0,999999.0,160688.0,160688,127499.0,127499,168275.0,168275.0,35000
516,VITW,VIJAYA INST. OF TECHNOLOGY FOR WOMEN,PVT,KRISHNA,VIJAYAWADA,GIRLS,JNTUK,CSD,129614.0,129614.0,145587.0,145587,172009.0,172009.0,163371.0,163371,132311.0,132311,157732.0,157732.0,164444.0,164444,166268.0,166268,134401.0,134401.0,35000
517,VITW,VIJAYA INST. OF TECHNOLOGY FOR WOMEN,PVT,KRISHNA,VIJAYAWADA,GIRLS,JNTUK,CSE,153650.0,153650.0,172640.0,172640,153650.0,153650.0,153650.0,153650,153650.0,153650,153650.0,153650.0,153650.0,153650,153650.0,153650,93680.0,93680.0,35000
518,VITW,VIJAYA INST. OF TECHNOLOGY FOR WOMEN,PVT,KRISHNA,VIJAYAWADA,GIRLS,JNTUK,ECE,148416.0,148416.0,165223.0,165223,148416.0,148416.0,154838.0,154838,160861.0,160861,999999.0,999999.0,166129.0,166129,148416.0,148416,134677.0,134677.0,35000
519,VITW,VIJAYA INST. OF TECHNOLOGY FOR WOMEN,PVT,KRISHNA,VIJAYAWADA,GIRLS,JNTUK,INF,150384.0,150384.0,150384.0,150384,150384.0,150384.0,160608.0,160608,158070.0,158070,999999.0,999999.0,150384.0,150384,150384.0,150384,123858.0,123858.0,35000
520,VRSE,V R SIDDHARTHA ENGINEERING COLLEGE,PVT,KRISHNA,VIJAYAWADA,COED,JNTUK,AID,9758.0,12019.0,29358.0,29358,102296.0,102296.0,14819.0,17158,11493.0,12019,9758.0,12019.0,16129.0,16129,11580.0,12019,11829.0,24596.0,66200
521,VRSE,V R SIDDHARTHA ENGINEERING COLLEGE,PVT,KRISHNA,VIJAYAWADA,COED,JNTUK,CIV,121506.0,151521.0,165558.0,171882,172327.0,172327.0,150303.0,151521,145732.0,155760,146707.0,151521.0,125847.0,151521,153866.0,153866,152317.0,126224.0,66200
522,VRSE,V R SIDDHARTHA ENGINEERING COLLEGE,PVT,KRISHNA,VIJAYAWADA,COED,JNTUK,CSE,6148.0,6755.0,13486.0,33222,28046.0,28046.0,10974.0,10974,7290.0,7290,7057.0,7057.0,6148.0,7120,7285.0,8192,6250.0,4644.0,66200
523,VRSE,V R SIDDHARTHA ENGINEERING COLLEGE,PVT,KRISHNA,VIJAYAWADA,COED,JNTUK,CSM,7380.0,9449.0,25095.0,25095,57187.0,57187.0,13685.0,13685,8745.0,10686,7380.0,9449.0,7380.0,9449,8136.0,13855,7457.0,10950.0,66200
524,VRSE,V R SIDDHARTHA ENGINEERING COLLEGE,PVT,KRISHNA,VIJAYAWADA,COED,JNTUK,ECE,21857.0,21857.0,38353.0,38353,105977.0,139915.0,37515.0,37838,29150.0,29150,38367.0,38367.0,31237.0,31237,32680.0,42997,26138.0,25588.0,66200
525,VRSE,V R SIDDHARTHA ENGINEERING COLLEGE,PVT,KRISHNA,VIJAYAWADA,COED,JNTUK,EEE,49272.0,49272.0,116916.0,162793,137628.0,137628.0,97100.0,100028,102383.0,124255,56922.0,56922.0,54417.0,65719,102124.0,102124,61913.0,58814.0,66200
526,VRSE,V R SIDDHARTHA ENGINEERING COLLEGE,PVT,KRISHNA,VIJAYAWADA,COED,JNTUK,EIE,91843.0,91843.0,141534.0,172776,123041.0,123041.0,112751.0,162097,129495.0,132704,91843.0,115641.0,91843.0,138527,139068.0,139068,79411.0,95573.0,66200
527,VRSE,V R SIDDHARTHA ENGINEERING COLLEGE,PVT,KRISHNA,VIJAYAWADA,COED,JNTUK,INF,13410.0,13410.0,31999.0,31999,87408.0,105019.0,36539.0,36539,15401.0,15651,15713.0,15713.0,18342.0,18342,17994.0,28628,16917.0,15654.0,66200
528,VRSE,V R SIDDHARTHA ENGINEERING COLLEGE,PVT,KRISHNA,VIJAYAWADA,COED,JNTUK,MEC,77113.0,131721.0,173254.0,173254,171240.0,171240.0,134064.0,137751,124085.0,167450,104094.0,131721.0,106342.0,131721,84853.0,131721,129134.0,164243.0,66200
529,VRSP,K V S R SIDDHARTHA COLLEGE OF PHARMACEUTICAL SCI.S,PVT,KRISHNA,VIJAYAWADA,COED,KSUM,PHD,125821.0,125821.0,125821.0,125821,125821.0,125821.0,125821.0,125821,125821.0,125821,125821.0,125821.0,125821.0,125821,125821.0,125821,999999.0,999999.0,35000
530,VRSP,K V S R SIDDHARTHA COLLEGE OF PHARMACEUTICAL SCI.S,PVT,KRISHNA,VIJAYAWADA,COED,KSUM,PHM,97277.0,97277.0,97277.0,97277,97277.0,97277.0,97277.0,126845,97277.0,97277,97277.0,97277.0,97277.0,97277,97277.0,99003,999999.0,999999.0,63400
531,VVGV,VKR VNB AND AGK ENGINEERING COLLEGE,PVT,KRISHNA,GUDIVADA,COED,JNTUK,AID,169131.0,169131.0,169131.0,173191,169131.0,169131.0,169131.0,169131,169131.0,169131,169131.0,169131.0,169131.0,169131,169131.0,169131,165470.0,164237.0,35000
532,VVGV,VKR VNB AND AGK ENGINEERING COLLEGE,PVT,KRISHNA,GUDIVADA,COED,JNTUK,CSE,108709.0,108709.0,172854.0,172854,173407.0,173407.0,165103.0,165103,169099.0,169099,110622.0,110622.0,148383.0,148383,152886.0,152886,151168.0,76568.0,35000
533,VVGV,VKR VNB AND AGK ENGINEERING COLLEGE,PVT,KRISHNA,GUDIVADA,COED,JNTUK,CSM,57549.0,57549.0,144054.0,144054,131438.0,131438.0,154400.0,154400,144780.0,144780,57549.0,57549.0,57549.0,147650,57549.0,160432,156468.0,156468.0,35000
534,VVGV,VKR VNB AND AGK ENGINEERING COLLEGE,PVT,KRISHNA,GUDIVADA,COED,JNTUK,ECE,168676.0,168676.0,168676.0,172989,168676.0,168676.0,168676.0,168676,168676.0,168676,168676.0,168676.0,168676.0,168676,168676.0,168676,137882.0,137882.0,35000
535,VVIP,VALLABHANENI VENKATADRI INST OF PHARM SCIENCES,PVT,KRISHNA,GUDLAVALLERU,COED,JNTUK,PHM,114014.0,114014.0,114014.0,114014,114014.0,114014.0,114014.0,114014,114014.0,114014,114014.0,114014.0,114014.0,114014,114014.0,114014,999999.0,999999.0,45300
536,ABRK,ABR COLLEGE OF ENGG AND TECHNOLOGY,PVT,PRAKASAM,KANIGIRI,COED,JNTUK,AGR,169131.0,169131.0,169131.0,169131,173554.0,173554.0,169163.0,169163,169169.0,169169,169131.0,169131.0,169142.0,169142,169163.0,169163,999999.0,999999.0,35000
537,ABRK,ABR COLLEGE OF ENGG AND TECHNOLOGY,PVT,PRAKASAM,KANIGIRI,COED,JNTUK,CAI,143061.0,143061.0,173428.0,173428,143061.0,143061.0,143061.0,143061,160550.0,160550,143061.0,143061.0,143061.0,143061,143061.0,143061,999999.0,999999.0,35000
538,ABRK,ABR COLLEGE OF ENGG AND TECHNOLOGY,PVT,PRAKASAM,KANIGIRI,COED,JNTUK,CIV,154276.0,154276.0,154276.0,154276,154276.0,154276.0,154276.0,154276,160777.0,160777,154276.0,154276.0,154276.0,154276,154276.0,154276,999999.0,999999.0,35000
539,ABRK,ABR COLLEGE OF ENGG AND TECHNOLOGY,PVT,PRAKASAM,KANIGIRI,COED,JNTUK,CSD,168132.0,168132.0,168159.0,168159,168132.0,168132.0,168132.0,168132,168132.0,168132,168132.0,168132.0,168132.0,168132,168132.0,168132,999999.0,999999.0,35000
540,ABRK,ABR COLLEGE OF ENGG AND TECHNOLOGY,PVT,PRAKASAM,KANIGIRI,COED,JNTUK,CSE,135844.0,143847.0,155618.0,173093,162986.0,162986.0,164893.0,164893,135844.0,143847,135844.0,143847.0,152495.0,152495,137685.0,143847,85835.0,85835.0,35000
541,ABRK,ABR COLLEGE OF ENGG AND TECHNOLOGY,PVT,PRAKASAM,KANIGIRI,COED,JNTUK,ECE,134928.0,134928.0,172040.0,172040,134928.0,134928.0,146335.0,146335,134928.0,146422,134928.0,134928.0,134928.0,134928,155339.0,166152,163037.0,163037.0,35000
542,ABRK,ABR COLLEGE OF ENGG AND TECHNOLOGY,PVT,PRAKASAM,KANIGIRI,COED,JNTUK,EEE,133982.0,133982.0,133982.0,133982,173154.0,173154.0,166452.0,166452,133982.0,133982,133982.0,133982.0,133982.0,133982,133982.0,133982,124481.0,124481.0,35000
543,ABRK,ABR COLLEGE OF ENGG AND TECHNOLOGY,PVT,PRAKASAM,KANIGIRI,COED,JNTUK,MEC,143410.0,148984.0,143410.0,148984,171324.0,171324.0,143410.0,148984,143410.0,148984,143410.0,148984.0,143410.0,148984,143410.0,148984,147718.0,147718.0,35000
544,ABRK,ABR COLLEGE OF ENGG AND TECHNOLOGY,PVT,PRAKASAM,KANIGIRI,COED,JNTUK,MIN,165902.0,165902.0,165902.0,165902,165902.0,165902.0,165902.0,165902,165902.0,165902,165902.0,165902.0,165902.0,165902,165902.0,165902,999999.0,999999.0,35000
545,ANNP,ST.ANNS COLLEGE OF PHARAMACY,PVT,PRAKASAM,CHIRALA,COED,JNTUK,PHM,156061.0,156061.0,156061.0,156061,156061.0,156061.0,156061.0,156061,156061.0,156061,156061.0,156061.0,156061.0,156061,156061.0,156061,999999.0,999999.0,35000
546,ANSN,ST. ANNS COLLEGE OF ENGG. AND TECHNOLOGY,PVT,PRAKASAM,CHIRALA,COED,JNTUK,CIV,90305.0,90305.0,144857.0,158615,163624.0,163624.0,166686.0,166686,166820.0,166820,90305.0,90305.0,168405.0,168405,136130.0,144444,101785.0,101785.0,47700
547,ANSN,ST. ANNS COLLEGE OF ENGG. AND TECHNOLOGY,PVT,PRAKASAM,CHIRALA,COED,JNTUK,CSC,60227.0,60227.0,127735.0,169099,165223.0,169394.0,97614.0,140516,93452.0,118005,111464.0,111464.0,91073.0,91073,126057.0,134064,66205.0,64156.0,47700
548,ANSN,ST. ANNS COLLEGE OF ENGG. AND TECHNOLOGY,PVT,PRAKASAM,CHIRALA,COED,JNTUK,CSD,55665.0,55665.0,160991.0,160991,165902.0,165902.0,120677.0,120677,92389.0,92389,55665.0,55665.0,70841.0,77957,104517.0,104517,53625.0,51317.0,47700
549,ANSN,ST. ANNS COLLEGE OF ENGG. AND TECHNOLOGY,PVT,PRAKASAM,CHIRALA,COED,JNTUK,CSE,45289.0,45289.0,95770.0,113764,159234.0,159234.0,61458.0,61458,70282.0,77234,55630.0,147851.0,54591.0,54591,68490.0,68490,44764.0,44883.0,47700
550,ANSN,ST. ANNS COLLEGE OF ENGG. AND TECHNOLOGY,PVT,PRAKASAM,CHIRALA,COED,JNTUK,CSM,48310.0,48310.0,133605.0,133605,135039.0,143199.0,98240.0,104256,76962.0,77581,48310.0,48310.0,67528.0,72174,111371.0,111371,59431.0,56980.0,47700
551,ANSN,ST. ANNS COLLEGE OF ENGG. AND TECHNOLOGY,PVT,PRAKASAM,CHIRALA,COED,JNTUK,CSO,69895.0,72407.0,170552.0,170552,173313.0,173313.0,156904.0,156904,120096.0,123078,69895.0,72407.0,120400.0,132828,94078.0,132200,76791.0,81496.0,47700
552,ANSN,ST. ANNS COLLEGE OF ENGG. AND TECHNOLOGY,PVT,PRAKASAM,CHIRALA,COED,JNTUK,ECE,83502.0,90119.0,170102.0,170102,173479.0,173479.0,115747.0,147039,119154.0,120624,124174.0,124174.0,122292.0,122292,130449.0,130449,95403.0,116224.0,47700
553,ANSN,ST. ANNS COLLEGE OF ENGG. AND TECHNOLOGY,PVT,PRAKASAM,CHIRALA,COED,JNTUK,EEE,100579.0,100579.0,160477.0,160477,173316.0,173316.0,162959.0,162959,151577.0,160098,138891.0,138891.0,135702.0,149774,100579.0,160158,131509.0,118973.0,47700
554,ANSN,ST. ANNS COLLEGE OF ENGG. AND TECHNOLOGY,PVT,PRAKASAM,CHIRALA,COED,JNTUK,MEC,169131.0,169163.0,169131.0,171131,169131.0,169163.0,169131.0,169163,169131.0,169163,999999.0,999999.0,169131.0,169163,169131.0,169163,999999.0,999999.0,47700
555,BVSR,BVSR ENGINEERING COLLEGE,PVT,PRAKASAM,CHIMAKURTHY,COED,JNTUK,CIV,4166.0,4166.0,4166.0,4166,4166.0,4166.0,4166.0,4166,4166.0,4166,4166.0,4166.0,4166.0,4166,4166.0,4166,999999.0,999999.0,35000
556,BVSR,BVSR ENGINEERING COLLEGE,PVT,PRAKASAM,CHIMAKURTHY,COED,JNTUK,CSD,159348.0,159348.0,161105.0,161105,159348.0,159348.0,159348.0,168173,165960.0,165960,159348.0,159348.0,159348.0,164407,159348.0,159348,153756.0,117921.0,35000
557,BVSR,BVSR ENGINEERING COLLEGE,PVT,PRAKASAM,CHIMAKURTHY,COED,JNTUK,CSE,98873.0,98873.0,158732.0,172546,170008.0,172407.0,122624.0,122624,132850.0,132850,139531.0,139531.0,135228.0,135228,102103.0,102103,117079.0,82848.0,35000
558,BVSR,BVSR ENGINEERING COLLEGE,PVT,PRAKASAM,CHIMAKURTHY,COED,JNTUK,ECE,166057.0,166057.0,167840.0,167840,166731.0,166731.0,166057.0,166057,166057.0,166057,166057.0,166057.0,166057.0,166057,166057.0,166057,148952.0,156285.0,35000
559,CECC,CHIRALA ENGINEERING COLLEGE,PVT,PRAKASAM,CHIRALA,COED,JNTUK,CSD,160973.0,160973.0,167846.0,167846,160973.0,160973.0,160973.0,160973,160973.0,160973,160973.0,160973.0,160973.0,160973,160973.0,160973,145767.0,145767.0,45000
560,CECC,CHIRALA ENGINEERING COLLEGE,PVT,PRAKASAM,CHIRALA,COED,JNTUK,CSE,125209.0,125209.0,173393.0,173393,125209.0,162346.0,165488.0,165488,163513.0,168624,125209.0,163268.0,149954.0,149954,166217.0,166217,125264.0,147427.0,45000
561,CECC,CHIRALA ENGINEERING COLLEGE,PVT,PRAKASAM,CHIRALA,COED,JNTUK,CSM,153201.0,153201.0,167895.0,172029,153201.0,153201.0,153201.0,165759,153201.0,168648,153201.0,153201.0,153201.0,153201,153201.0,158124,143483.0,109370.0,45000
562,CECC,CHIRALA ENGINEERING COLLEGE,PVT,PRAKASAM,CHIRALA,COED,JNTUK,ECE,95770.0,124192.0,171612.0,171612,157709.0,172168.0,153216.0,153216,95770.0,124192,95770.0,124192.0,167274.0,167274,95770.0,142895,95924.0,125308.0,45000
563,CECC,CHIRALA ENGINEERING COLLEGE,PVT,PRAKASAM,CHIRALA,COED,JNTUK,INF,169131.0,169131.0,170169.0,172029,169131.0,169131.0,169131.0,169131,169169.0,169169,169131.0,169131.0,169142.0,169142,169163.0,169163,146929.0,131480.0,45000
564,IITM,INDIRA INST OF TECHNOLOGY SCI,PVT,PRAKASAM,MARKAPUR,COED,JNTUK,CAI,166950.0,168500.0,173505.0,173505,166950.0,168500.0,166950.0,168500,166950.0,168500,166950.0,168500.0,166950.0,168500,166950.0,168500,999999.0,999999.0,35000
565,IITM,INDIRA INST OF TECHNOLOGY SCI,PVT,PRAKASAM,MARKAPUR,COED,JNTUK,CIV,169131.0,169163.0,173540.0,173558,173554.0,173554.0,169131.0,169163,169169.0,169169,999999.0,999999.0,169142.0,169163,169163.0,169163,999999.0,999999.0,35000
566,IITM,INDIRA INST OF TECHNOLOGY SCI,PVT,PRAKASAM,MARKAPUR,COED,JNTUK,CSC,168227.0,168227.0,172311.0,172311,168227.0,168227.0,168227.0,168227,168227.0,172169,168227.0,168227.0,168227.0,168227,168227.0,168227,999999.0,999999.0,35000
567,IITM,INDIRA INST OF TECHNOLOGY SCI,PVT,PRAKASAM,MARKAPUR,COED,JNTUK,CSE,136577.0,136577.0,171937.0,171937,171945.0,171945.0,159910.0,159910,164329.0,164329,136577.0,136577.0,162372.0,162372,136577.0,136577,147936.0,147936.0,35000
568,IITM,INDIRA INST OF TECHNOLOGY SCI,PVT,PRAKASAM,MARKAPUR,COED,JNTUK,ECE,106639.0,106639.0,172089.0,173354,156805.0,156805.0,153779.0,154781,159695.0,159695,127355.0,127355.0,106639.0,106639,106639.0,106639,999999.0,999999.0,35000
569,IITM,INDIRA INST OF TECHNOLOGY SCI,PVT,PRAKASAM,MARKAPUR,COED,JNTUK,MEC,168912.0,168912.0,168912.0,168912,168912.0,168912.0,168912.0,168912,168912.0,168912,168912.0,168912.0,168912.0,168912,168912.0,168912,999999.0,999999.0,35000
570,KCIT,KRISHNA CHAITANYA INST OF TECHNOLOGY AND SCIENCES,PVT,PRAKASAM,MARKAPUR,COED,JNTUK,AIM,133935.0,133935.0,138192.0,138192,138578.0,138578.0,165298.0,165298,143664.0,157638,147410.0,147410.0,151106.0,151106,154094.0,154094,158075.0,124778.0,35000
571,KCIT,KRISHNA CHAITANYA INST OF TECHNOLOGY AND SCIENCES,PVT,PRAKASAM,MARKAPUR,COED,JNTUK,CAI,89234.0,117278.0,172188.0,172188,114319.0,123577.0,130189.0,158309,156210.0,156210,89234.0,129630.0,119082.0,150330,165262.0,165262,135608.0,131038.0,35000
572,KCIT,KRISHNA CHAITANYA INST OF TECHNOLOGY AND SCIENCES,PVT,PRAKASAM,MARKAPUR,COED,JNTUK,CSE,112038.0,112038.0,173494.0,173494,112038.0,169594.0,135941.0,135941,163831.0,163831,142452.0,142452.0,146218.0,156195,124043.0,137264,109836.0,113019.0,35000
573,KCIT,KRISHNA CHAITANYA INST OF TECHNOLOGY AND SCIENCES,PVT,PRAKASAM,MARKAPUR,COED,JNTUK,ECE,144582.0,144582.0,171587.0,171587,169396.0,169396.0,167624.0,167624,169025.0,169025,144582.0,144582.0,152717.0,156261,163072.0,163072,167471.0,167471.0,35000
574,MSEW,MALINENI SUSEELAMMA WOMENS ENGG COLLEGE,PVT,PRAKASAM,"SINGARAYAKON
DA",GIRLS,JNTUK,CSE,168755.0,168755.0,172557.0,172557,168755.0,168755.0,168755.0,168755,168755.0,168755,168755.0,168755.0,168755.0,168755,168755.0,168755,148088.0,148088.0,35500
575,PACE,PACE INSTITUTE OF TECHNOLOGY AND SCIENCES,PVT,PRAKASAM,ONGOLE,COED,JNTUK,AID,59178.0,65330.0,111333.0,120663,129097.0,129097.0,81132.0,81132,118717.0,145376,88485.0,88485.0,85972.0,92024,70282.0,70282,59505.0,51260.0,40400
576,PACE,PACE INSTITUTE OF TECHNOLOGY AND SCIENCES,PVT,PRAKASAM,ONGOLE,COED,JNTUK,AIM,54757.0,54757.0,138909.0,138909,141051.0,141051.0,86585.0,86585,127356.0,127356,54757.0,54757.0,91424.0,95621,66285.0,70062,68504.0,72181.0,40400
577,PACE,PACE INSTITUTE OF TECHNOLOGY AND SCIENCES,PVT,PRAKASAM,ONGOLE,COED,JNTUK,CIC,53301.0,73457.0,119745.0,146778,142297.0,147448.0,96321.0,96321,137725.0,137725,53301.0,73457.0,86659.0,86659,95243.0,95243,72545.0,79948.0,40400
578,PACE,PACE INSTITUTE OF TECHNOLOGY AND SCIENCES,PVT,PRAKASAM,ONGOLE,COED,JNTUK,CIT,62464.0,70876.0,111342.0,111342,128947.0,143112.0,76474.0,76474,85428.0,85428,80978.0,80978.0,98510.0,98510,62989.0,86779,61901.0,58005.0,40400
579,PACE,PACE INSTITUTE OF TECHNOLOGY AND SCIENCES,PVT,PRAKASAM,ONGOLE,COED,JNTUK,CIV,145544.0,145544.0,172962.0,172962,172031.0,172031.0,164812.0,164812,167640.0,167640,145544.0,145544.0,168196.0,168196,159481.0,165665,141461.0,131438.0,40400
580,PACE,PACE INSTITUTE OF TECHNOLOGY AND SCIENCES,PVT,PRAKASAM,ONGOLE,COED,JNTUK,CSE,34089.0,34089.0,63754.0,63754,133345.0,148086.0,57072.0,57072,56100.0,56100,49822.0,49822.0,43184.0,43184,43544.0,60202,47181.0,48627.0,40400
581,PACE,PACE INSTITUTE OF TECHNOLOGY AND SCIENCES,PVT,PRAKASAM,ONGOLE,COED,JNTUK,CSER,103862.0,103862.0,172104.0,172104,103862.0,173463.0,116207.0,164296,161047.0,161047,103862.0,103862.0,121928.0,131454,166156.0,168976,106884.0,105992.0,40400
582,PACE,PACE INSTITUTE OF TECHNOLOGY AND SCIENCES,PVT,PRAKASAM,ONGOLE,COED,JNTUK,ECE,70076.0,70076.0,134466.0,134466,171022.0,171022.0,105149.0,105149,124327.0,142489,70076.0,72339.0,94775.0,103179,109926.0,109926,77185.0,78187.0,40400
583,PACE,PACE INSTITUTE OF TECHNOLOGY AND SCIENCES,PVT,PRAKASAM,ONGOLE,COED,JNTUK,EEE,109111.0,109111.0,170169.0,172840,173145.0,173145.0,167057.0,167057,158666.0,168563,128510.0,128510.0,158097.0,158097,141644.0,145812,121053.0,113013.0,40400
584,PACE,PACE INSTITUTE OF TECHNOLOGY AND SCIENCES,PVT,PRAKASAM,ONGOLE,COED,JNTUK,INF,63877.0,63877.0,87362.0,134733,123350.0,144690.0,98322.0,98322,128875.0,143341,63877.0,63877.0,89304.0,89304,85063.0,95066,64224.0,63939.0,40400
585,PACE,PACE INSTITUTE OF TECHNOLOGY AND SCIENCES,PVT,PRAKASAM,ONGOLE,COED,JNTUK,MEC,69049.0,126277.0,172281.0,172281,171714.0,171714.0,164490.0,164490,168755.0,168755,154979.0,154979.0,158356.0,158356,69049.0,126277,139676.0,128262.0,40400
586,PKSK,PRAKASAM ENGINEERING COLLEGE,PVT,PRAKASAM,KANDKUR,COED,JNTUK,CAI,110315.0,110315.0,171682.0,172467,113326.0,113326.0,164348.0,164348,167749.0,167749,110315.0,126072.0,156257.0,156257,110315.0,127673,135240.0,123663.0,38000
587,PKSK,PRAKASAM ENGINEERING COLLEGE,PVT,PRAKASAM,KANDKUR,COED,JNTUK,CIV,135173.0,135173.0,153008.0,164089,135173.0,135173.0,135173.0,135173,135173.0,135173,135173.0,135173.0,135173.0,135173,144191.0,144191,999999.0,999999.0,38000
588,PKSK,PRAKASAM ENGINEERING COLLEGE,PVT,PRAKASAM,KANDKUR,COED,JNTUK,CSC,108487.0,108487.0,169889.0,169889,108487.0,108487.0,155595.0,155595,108487.0,140254,108487.0,108487.0,157729.0,157729,144565.0,144565,146392.0,114919.0,38000
589,PKSK,PRAKASAM ENGINEERING COLLEGE,PVT,PRAKASAM,KANDKUR,COED,JNTUK,CSE,93799.0,93799.0,171653.0,171653,172653.0,172653.0,144594.0,154733,166843.0,166843,128945.0,128945.0,132311.0,132311,163311.0,163311,98025.0,97160.0,38000
590,PKSK,PRAKASAM ENGINEERING COLLEGE,PVT,PRAKASAM,KANDKUR,COED,JNTUK,ECE,134386.0,149484.0,173257.0,173257,150729.0,171567.0,162658.0,162658,156152.0,159501,156867.0,156867.0,168396.0,168396,159481.0,159481,168943.0,160363.0,38000
591,PKSK,PRAKASAM ENGINEERING COLLEGE,PVT,PRAKASAM,KANDKUR,COED,JNTUK,EEE,86550.0,140472.0,172369.0,172369,162017.0,162017.0,86550.0,140472,168533.0,168533,86550.0,140472.0,167595.0,167595,86550.0,140472,164172.0,164172.0,38000
592,PKSK,PRAKASAM ENGINEERING COLLEGE,PVT,PRAKASAM,KANDKUR,COED,JNTUK,MEC,22060.0,61661.0,172969.0,172969,143874.0,143874.0,80312.0,143778,131836.0,131836,22060.0,61661.0,22060.0,61661,22060.0,61661,999999.0,999999.0,38000
593,QISE,QIS COLLEGE OF ENGG. AND TECHNOLOGY,PVT,PRAKASAM,ONGOLE,COED,JNTUK,AI,67692.0,67692.0,155128.0,155128,156144.0,156144.0,109269.0,115701,146433.0,146433,67692.0,67692.0,97145.0,97145,96992.0,118135,69752.0,54125.0,36700
594,QISE,QIS COLLEGE OF ENGG. AND TECHNOLOGY,PVT,PRAKASAM,ONGOLE,COED,JNTUK,AID,68652.0,74000.0,170723.0,170723,72067.0,153543.0,116096.0,116096,122588.0,148799,68652.0,74000.0,101429.0,101429,94954.0,150227,72174.0,73937.0,36700
595,QISE,QIS COLLEGE OF ENGG. AND TECHNOLOGY,PVT,PRAKASAM,ONGOLE,COED,JNTUK,CIC,72130.0,81469.0,102953.0,138345,77909.0,81469.0,124372.0,124372,156061.0,168196,107004.0,107004.0,103733.0,112453,105818.0,105818,81800.0,78908.0,36700
596,QISE,QIS COLLEGE OF ENGG. AND TECHNOLOGY,PVT,PRAKASAM,ONGOLE,COED,JNTUK,CIT,78773.0,85514.0,172756.0,172756,78773.0,85514.0,126191.0,126191,145882.0,145882,78773.0,85514.0,107863.0,114112,160277.0,163814,83693.0,82325.0,36700
597,QISE,QIS COLLEGE OF ENGG. AND TECHNOLOGY,PVT,PRAKASAM,ONGOLE,COED,JNTUK,CIV,108291.0,167628.0,156333.0,167769,159481.0,167628.0,108291.0,167628,151458.0,167628,108291.0,167628.0,117079.0,167628,108291.0,167628,999999.0,999999.0,36700
598,QISE,QIS COLLEGE OF ENGG. AND TECHNOLOGY,PVT,PRAKASAM,ONGOLE,COED,JNTUK,CSD,57429.0,57429.0,159037.0,159037,169602.0,169602.0,105635.0,105635,116096.0,146078,57429.0,100133.0,89253.0,96880,105576.0,125934,57463.0,57703.0,36700
599,QISE,QIS COLLEGE OF ENGG. AND TECHNOLOGY,PVT,PRAKASAM,ONGOLE,COED,JNTUK,CSE,49064.0,49672.0,138969.0,141003,172829.0,172829.0,87741.0,106812,90250.0,125627,68340.0,68919.0,96660.0,96660,97514.0,100353,51731.0,51486.0,36700
600,QISE,QIS COLLEGE OF ENGG. AND TECHNOLOGY,PVT,PRAKASAM,ONGOLE,COED,JNTUK,CSEB,84374.0,89594.0,89009.0,90158,126692.0,126692.0,120663.0,120663,161426.0,161426,129409.0,129409.0,117005.0,119620,84374.0,154157,88629.0,84980.0,36700
601,QISE,QIS COLLEGE OF ENGG. AND TECHNOLOGY,PVT,PRAKASAM,ONGOLE,COED,JNTUK,CSM,38272.0,58960.0,172688.0,172688,173165.0,173312.0,106441.0,106441,138345.0,138345,55554.0,58960.0,89956.0,89956,75126.0,155253,59605.0,62651.0,36700
602,QISE,QIS COLLEGE OF ENGG. AND TECHNOLOGY,PVT,PRAKASAM,ONGOLE,COED,JNTUK,ECE,99184.0,111411.0,172482.0,173307,168976.0,170273.0,159071.0,161515,151966.0,162599,140219.0,140219.0,141519.0,152097,150587.0,156783,110481.0,102414.0,36700
603,QISE,QIS COLLEGE OF ENGG. AND TECHNOLOGY,PVT,PRAKASAM,ONGOLE,COED,JNTUK,EEE,165117.0,165117.0,170229.0,173052,165117.0,165117.0,167948.0,167948,166741.0,166741,165117.0,165117.0,165117.0,165117,165117.0,166262,166789.0,163929.0,36700
604,QISE,QIS COLLEGE OF ENGG. AND TECHNOLOGY,PVT,PRAKASAM,ONGOLE,COED,JNTUK,EVT,135882.0,135882.0,135882.0,135882,135882.0,135882.0,160987.0,165152,168637.0,168637,135882.0,135882.0,135882.0,150667,135882.0,135882,130868.0,128123.0,36700
605,QISE,QIS COLLEGE OF ENGG. AND TECHNOLOGY,PVT,PRAKASAM,ONGOLE,COED,JNTUK,INF,84400.0,84400.0,173127.0,173127,143940.0,143940.0,125300.0,125300,166803.0,166803,84400.0,84400.0,122093.0,122093,128719.0,157837,84809.0,71706.0,36700
606,QISE,QIS COLLEGE OF ENGG. AND TECHNOLOGY,PVT,PRAKASAM,ONGOLE,COED,JNTUK,MEC,103811.0,157855.0,165021.0,165021,103811.0,157855.0,106089.0,157855,103811.0,157855,103811.0,157855.0,103811.0,157855,103811.0,157855,999999.0,999999.0,36700
607,QISP,QIS COLLEGE OF PHARMACY,PVT,PRAKASAM,ONGOLE,COED,JNTUK,PHM,169131.0,169163.0,173540.0,173540,173554.0,173554.0,169163.0,169163,169169.0,169169,999999.0,999999.0,169142.0,169163,169163.0,169163,999999.0,999999.0,44300
608,RGAN,RISE KRISHNA SAI GANDHI GROUP OF INSTITUTIONS,PVT,PRAKASAM,ONGOLE,COED,JNTUK,CSD,86340.0,86340.0,156414.0,156414,172810.0,172810.0,144124.0,144124,166152.0,166152,86340.0,86340.0,168712.0,168712,86340.0,97392,105912.0,97312.0,42000
609,RGAN,RISE KRISHNA SAI GANDHI GROUP OF INSTITUTIONS,PVT,PRAKASAM,ONGOLE,COED,JNTUK,CSE,82414.0,82414.0,170989.0,173173,167435.0,167435.0,127841.0,127841,167471.0,167471,82414.0,82414.0,136822.0,144614,150938.0,150938,88114.0,127986.0,42000
610,RGAN,RISE KRISHNA SAI GANDHI GROUP OF INSTITUTIONS,PVT,PRAKASAM,ONGOLE,COED,JNTUK,ECE,150653.0,150653.0,173232.0,173232,162354.0,164024.0,162986.0,162986,163371.0,163371,156891.0,156891.0,166430.0,166430,157855.0,166741,159524.0,161718.0,42000
611,RPRA,RISE KRISHNA SAI PRAKASAM GROUP OF INSTITUTIONS,PVT,PRAKASAM,ONGOLE,COED,JNTUK,CIV,152156.0,152156.0,167875.0,167875,152156.0,152156.0,152156.0,152156,152156.0,152156,152156.0,152156.0,152156.0,152156,152156.0,152156,55405.0,55405.0,36100
612,RPRA,RISE KRISHNA SAI PRAKASAM GROUP OF INSTITUTIONS,PVT,PRAKASAM,ONGOLE,COED,JNTUK,CSD,122764.0,122764.0,122764.0,160531,122764.0,122764.0,152782.0,152782,122764.0,158056,122764.0,122764.0,125977.0,148068,122764.0,122764,122588.0,122402.0,36100
613,RPRA,RISE KRISHNA SAI PRAKASAM GROUP OF INSTITUTIONS,PVT,PRAKASAM,ONGOLE,COED,JNTUK,CSE,80521.0,107418.0,169601.0,172172,171215.0,172728.0,144868.0,144868,166478.0,166478,99563.0,107418.0,124353.0,124353,130759.0,130759,113444.0,83009.0,36100
614,RPRA,RISE KRISHNA SAI PRAKASAM GROUP OF INSTITUTIONS,PVT,PRAKASAM,ONGOLE,COED,JNTUK,CSM,102480.0,102480.0,136070.0,136070,104487.0,104487.0,154689.0,154689,161411.0,161491,102480.0,102480.0,151266.0,151266,102480.0,156565,96913.0,74054.0,36100
615,RPRA,RISE KRISHNA SAI PRAKASAM GROUP OF INSTITUTIONS,PVT,PRAKASAM,ONGOLE,COED,JNTUK,ECE,155547.0,155547.0,166077.0,171417,155547.0,155547.0,155547.0,158584,164507.0,164507,155547.0,155547.0,159739.0,159739,155547.0,155547,154806.0,151129.0,36100
616,RPRA,RISE KRISHNA SAI PRAKASAM GROUP OF INSTITUTIONS,PVT,PRAKASAM,ONGOLE,COED,JNTUK,EEE,164411.0,164411.0,164411.0,166086,164411.0,164411.0,164411.0,167157,164411.0,164411,164411.0,167541.0,164411.0,164411,164411.0,164411,167550.0,164917.0,36100
617,RPRA,RISE KRISHNA SAI PRAKASAM GROUP OF INSTITUTIONS,PVT,PRAKASAM,ONGOLE,COED,JNTUK,MEC,160098.0,160098.0,172890.0,172890,172863.0,172863.0,160098.0,160098,160098.0,160098,160098.0,160098.0,160098.0,160098,160098.0,160098,999999.0,999999.0,36100
618,SGIP,DR. SAMUEL GEORGE INSTITUTE OF PHARM. SCI.S,PVT,PRAKASAM,MARKAPUR,COED,ANU,PHM,169131.0,169131.0,173540.0,173540,173554.0,173554.0,169163.0,169163,169169.0,169169,169131.0,169131.0,169142.0,169142,169163.0,169163,999999.0,999999.0,37800
619,SGIT,DR SAMUEL GEORGE INSTITUTE OF ENGG. AND TECHNOLOGY,PVT,PRAKASAM,MARKAPUR,COED,JNTUK,AIM,140559.0,161171.0,172150.0,172150,169545.0,170461.0,144565.0,161171,155253.0,161171,140559.0,161171.0,171199.0,171199,140559.0,162966,999999.0,999999.0,54000
620,SGIT,DR SAMUEL GEORGE INSTITUTE OF ENGG. AND TECHNOLOGY,PVT,PRAKASAM,MARKAPUR,COED,JNTUK,CIV,167128.0,167128.0,171262.0,171262,167128.0,167128.0,167128.0,167128,167128.0,167128,167128.0,167128.0,167128.0,167128,167128.0,167128,999999.0,999999.0,54000
621,SGIT,DR SAMUEL GEORGE INSTITUTE OF ENGG. AND TECHNOLOGY,PVT,PRAKASAM,MARKAPUR,COED,JNTUK,CSE,153258.0,153258.0,172341.0,172341,153258.0,171692.0,153258.0,153258,163952.0,166876,153258.0,153258.0,167348.0,167348,153258.0,153258,151733.0,131498.0,54000
622,SGIT,DR SAMUEL GEORGE INSTITUTE OF ENGG. AND TECHNOLOGY,PVT,PRAKASAM,MARKAPUR,COED,JNTUK,ECE,156596.0,167380.0,171539.0,171539,173101.0,173101.0,165268.0,167380,156596.0,167380,156596.0,167380.0,168985.0,168985,156596.0,167380,999999.0,999999.0,54000
623,SGIT,DR SAMUEL GEORGE INSTITUTE OF ENGG. AND TECHNOLOGY,PVT,PRAKASAM,MARKAPUR,COED,JNTUK,MEC,72942.0,72942.0,172235.0,172235,72942.0,72942.0,72942.0,72942,72942.0,72942,72942.0,72942.0,72942.0,72942,72942.0,72942,999999.0,999999.0,54000
624,ADIT,ADITYA INSTITUTE OF TECHNOLOGY AND MGMT,PVT,SRIKAKULAM,TEKKALI,COED,JNTUV,CIV,112851.0,112851.0,113086.0,169678,116323.0,116323.0,112851.0,112851,164101.0,164101,112851.0,112851.0,112851.0,114348,112851.0,132901,166375.0,120268.0,61200
625,ADIT,ADITYA INSTITUTE OF TECHNOLOGY AND MGMT,PVT,SRIKAKULAM,TEKKALI,COED,JNTUV,CSD,29310.0,29310.0,148455.0,148455,32524.0,32524.0,37865.0,44336,55274.0,59605,29310.0,29310.0,36717.0,36717,37867.0,37867,58248.0,43967.0,61200
626,ADIT,ADITYA INSTITUTE OF TECHNOLOGY AND MGMT,PVT,SRIKAKULAM,TEKKALI,COED,JNTUV,CSE,15364.0,15364.0,74969.0,74969,164129.0,169972.0,26947.0,26947,36240.0,36240,22762.0,22762.0,20584.0,22939,163771.0,163771,39351.0,43688.0,61200
627,ADIT,ADITYA INSTITUTE OF TECHNOLOGY AND MGMT,PVT,SRIKAKULAM,TEKKALI,COED,JNTUV,CSM,27737.0,28023.0,169464.0,169464,172598.0,172598.0,40051.0,40051,53100.0,53100,27737.0,34759.0,40316.0,40316,45801.0,45801,50887.0,118263.0,61200
628,ADIT,ADITYA INSTITUTE OF TECHNOLOGY AND MGMT,PVT,SRIKAKULAM,TEKKALI,COED,JNTUV,ECE,39589.0,39589.0,160013.0,160013,172248.0,172248.0,46732.0,63741,71584.0,88984,39589.0,39589.0,40796.0,41902,48361.0,52055,78628.0,75204.0,61200
629,ADIT,ADITYA INSTITUTE OF TECHNOLOGY AND MGMT,PVT,SRIKAKULAM,TEKKALI,COED,JNTUV,EEE,71716.0,71716.0,159987.0,159987,71716.0,71716.0,81992.0,90577,109588.0,144463,71716.0,71716.0,71716.0,73588,80756.0,85937,132704.0,168247.0,61200
630,ADIT,ADITYA INSTITUTE OF TECHNOLOGY AND MGMT,PVT,SRIKAKULAM,TEKKALI,COED,JNTUV,INF,38467.0,38467.0,170096.0,172742,127818.0,127818.0,47396.0,47396,65949.0,72594,38467.0,40069.0,41515.0,42264,48322.0,48448,71616.0,66608.0,61200
631,ADIT,ADITYA INSTITUTE OF TECHNOLOGY AND MGMT,PVT,SRIKAKULAM,TEKKALI,COED,JNTUV,MEC,90418.0,130203.0,113930.0,170300,90418.0,131210.0,122138.0,134572,147249.0,167140,90418.0,130203.0,90418.0,150544,90418.0,130203,165157.0,102518.0,61200
632,BRAUSF,COLLEGE OF ENGINEERING BR AMBEDKAR UNIV SELF FINANCE,SF,SRIKAKULAM,SRIKAKULAM,COED,BRAU,CIV,67241.0,157929.0,152183.0,157929,67241.0,157929.0,167938.0,167938,67241.0,157929,67241.0,157929.0,144371.0,157929,67241.0,157929,999999.0,999999.0,48500
633,BRAUSF,COLLEGE OF ENGINEERING BR AMBEDKAR UNIV SELF FINANCE,SF,SRIKAKULAM,SRIKAKULAM,COED,BRAU,CSE,44677.0,45078.0,65168.0,140703,139992.0,150809.0,74216.0,74216,78920.0,80143,44677.0,45078.0,60388.0,60388,60419.0,60419,136190.0,59720.0,48500
634,BRAUSF,COLLEGE OF ENGINEERING BR AMBEDKAR UNIV SELF FINANCE,SF,SRIKAKULAM,SRIKAKULAM,COED,BRAU,ECE,38767.0,77667.0,171792.0,173116,168247.0,168247.0,126532.0,126532,148634.0,148634,38767.0,77667.0,97360.0,97360,133472.0,133472,158890.0,106536.0,48500
635,BRAUSF,COLLEGE OF ENGINEERING BR AMBEDKAR UNIV SELF FINANCE,SF,SRIKAKULAM,SRIKAKULAM,COED,BRAU,EEE,82385.0,160808.0,148660.0,160808,131250.0,160808.0,163430.0,163430,162097.0,162097,82385.0,160808.0,164662.0,164662,94534.0,160808,999999.0,999999.0,48500
636,BRAUSF,COLLEGE OF ENGINEERING BR AMBEDKAR UNIV SELF FINANCE,SF,SRIKAKULAM,SRIKAKULAM,COED,BRAU,MEC,150273.0,150273.0,172318.0,172318,150273.0,150273.0,150273.0,150273,150273.0,150273,150273.0,150273.0,150273.0,150273,150273.0,150273,999999.0,999999.0,48500
637,GMRI,G M R INSTITUTE OF TECHNOLOGY,PVT,SRIKAKULAM,RAJAM,COED,JNTUV,CAD,13077.0,13077.0,101627.0,105354,103325.0,103325.0,20191.0,20191,24524.0,24524,13077.0,13077.0,16129.0,19439,91521.0,91521,13230.0,19643.0,66000
638,GMRI,G M R INSTITUTE OF TECHNOLOGY,PVT,SRIKAKULAM,RAJAM,COED,JNTUV,CIV,59438.0,62601.0,144690.0,168486,171954.0,171954.0,98478.0,124703,105645.0,128262,59438.0,62601.0,66442.0,68049,95824.0,137072,117363.0,121243.0,66000
639,GMRI,G M R INSTITUTE OF TECHNOLOGY,PVT,SRIKAKULAM,RAJAM,COED,JNTUV,CSE,9696.0,11763.0,37747.0,37747,45883.0,76870.0,17486.0,17486,17055.0,19343,19292.0,19292.0,10347.0,13489,31763.0,56054,12559.0,12922.0,66000
640,GMRI,G M R INSTITUTE OF TECHNOLOGY,PVT,SRIKAKULAM,RAJAM,COED,JNTUV,CSM,14045.0,15037.0,45990.0,56594,55224.0,92905.0,15745.0,15745,17192.0,23266,14045.0,15037.0,18466.0,19426,48270.0,54212,17305.0,15525.0,66000
641,GMRI,G M R INSTITUTE OF TECHNOLOGY,PVT,SRIKAKULAM,RAJAM,COED,JNTUV,ECE,18738.0,18738.0,73199.0,115235,173051.0,173051.0,28239.0,28371,51236.0,51236,142968.0,142968.0,24571.0,24571,135356.0,135356,27900.0,29329.0,66000
642,GMRI,G M R INSTITUTE OF TECHNOLOGY,PVT,SRIKAKULAM,RAJAM,COED,JNTUV,EEE,28570.0,43847.0,167541.0,167541,141997.0,141997.0,73053.0,85648,88010.0,136334,28570.0,43847.0,45894.0,55645,72809.0,121560,47538.0,93184.0,66000
643,GMRI,G M R INSTITUTE OF TECHNOLOGY,PVT,SRIKAKULAM,RAJAM,COED,JNTUV,INF,13183.0,19489.0,82848.0,119323,170187.0,170187.0,22883.0,43735,25318.0,36780,22089.0,22089.0,22050.0,22050,101640.0,101640,21945.0,25603.0,66000
644,GMRI,G M R INSTITUTE OF TECHNOLOGY,PVT,SRIKAKULAM,RAJAM,COED,JNTUV,MEC,64679.0,103500.0,171286.0,171286,108548.0,108548.0,84059.0,128016,100883.0,168943,64679.0,103500.0,67151.0,117214,93785.0,104129,154838.0,154876.0,66000
645,SSCE,SRI SIVANI COLLEGE OF ENGINEERING,PVT,SRIKAKULAM,SRIKAKULAM,COED,JNTUV,AIM,94371.0,95403.0,156114.0,156114,158192.0,158192.0,142608.0,168582,160861.0,169025,94371.0,95403.0,107996.0,149328,108315.0,108315,148325.0,148325.0,35000
646,SSCE,SRI SIVANI COLLEGE OF ENGINEERING,PVT,SRIKAKULAM,SRIKAKULAM,COED,JNTUV,CIV,169131.0,169131.0,169131.0,169131,169131.0,169131.0,169131.0,169131,169131.0,169131,169131.0,169131.0,169131.0,169131,169163.0,169163,999999.0,999999.0,35000
647,SSCE,SRI SIVANI COLLEGE OF ENGINEERING,PVT,SRIKAKULAM,SRIKAKULAM,COED,JNTUV,CSE,56760.0,56760.0,150246.0,173281,136260.0,136260.0,92142.0,157494,85792.0,85792,101480.0,101480.0,95950.0,108462,89057.0,96361,124956.0,111371.0,35000
648,SSCE,SRI SIVANI COLLEGE OF ENGINEERING,PVT,SRIKAKULAM,SRIKAKULAM,COED,JNTUV,ECE,108095.0,108095.0,135098.0,135098,125066.0,125066.0,126185.0,134466,158281.0,158281,108095.0,108095.0,108095.0,113764,134094.0,154496,137265.0,137265.0,35000
649,SSCE,SRI SIVANI COLLEGE OF ENGINEERING,PVT,SRIKAKULAM,SRIKAKULAM,COED,JNTUV,EEE,169131.0,169131.0,169131.0,169131,173554.0,173554.0,169163.0,169163,169131.0,169131,169131.0,169131.0,169131.0,169131,169163.0,169163,999999.0,999999.0,35000
650,SSCE,SRI SIVANI COLLEGE OF ENGINEERING,PVT,SRIKAKULAM,SRIKAKULAM,COED,JNTUV,MEC,169131.0,169163.0,169131.0,169163,173554.0,173554.0,169131.0,169163,169169.0,169169,999999.0,999999.0,169131.0,169163,169163.0,169163,999999.0,999999.0,35000
651,SSCP,SRI SIVANI COLLEGE OF PHARMACY,PVT,SRIKAKULAM,SRIKAKULAM,COED,JNTUV,PHM,169131.0,169131.0,173540.0,173540,173554.0,173554.0,169163.0,169163,169169.0,169169,169131.0,169131.0,169142.0,169142,169163.0,169163,999999.0,999999.0,35000
652,VETS,SR VENKATESWARA COLL OF ENGINEERING,PVT,SRIKAKULAM,SRIKAKULAM,COED,JNTUV,AIM,92219.0,148596.0,164273.0,164273,116379.0,162210.0,150773.0,150773,149134.0,151536,92219.0,152690.0,159115.0,159115,92219.0,164955,142047.0,142047.0,35000
653,VETS,SR VENKATESWARA COLL OF ENGINEERING,PVT,SRIKAKULAM,SRIKAKULAM,COED,JNTUV,CIV,169131.0,169131.0,173414.0,173414,172601.0,172601.0,169131.0,169131,169131.0,169131,169131.0,169131.0,169131.0,169131,169163.0,169163,999999.0,999999.0,35000
654,VETS,SR VENKATESWARA COLL OF ENGINEERING,PVT,SRIKAKULAM,SRIKAKULAM,COED,JNTUV,CSE,52929.0,55722.0,172436.0,172436,167726.0,169225.0,141461.0,141461,144335.0,150330,78273.0,78273.0,106034.0,114842,137472.0,137472,142489.0,141623.0,35000
655,VETS,SR VENKATESWARA COLL OF ENGINEERING,PVT,SRIKAKULAM,SRIKAKULAM,COED,JNTUV,CSM,52122.0,52122.0,171630.0,171630,153201.0,153201.0,126779.0,136972,132940.0,132940,52122.0,52122.0,155652.0,155652,131002.0,131002,144054.0,144054.0,35000
656,VETS,SR VENKATESWARA COLL OF ENGINEERING,PVT,SRIKAKULAM,SRIKAKULAM,COED,JNTUV,ECE,83150.0,83150.0,173416.0,173416,144654.0,168500.0,156904.0,156904,132406.0,162932,83150.0,83150.0,124053.0,162498,83959.0,83959,148634.0,148634.0,35000
657,VETS,SR VENKATESWARA COLL OF ENGINEERING,PVT,SRIKAKULAM,SRIKAKULAM,COED,JNTUV,EEE,169131.0,169163.0,173540.0,173540,169131.0,169163.0,169131.0,169163,169131.0,169163,999999.0,999999.0,169131.0,169163,169131.0,169163,999999.0,999999.0,35000
658,VETS,SR VENKATESWARA COLL OF ENGINEERING,PVT,SRIKAKULAM,SRIKAKULAM,COED,JNTUV,MEC,169131.0,169131.0,173540.0,173540,173554.0,173554.0,169163.0,169163,169169.0,169169,169131.0,169131.0,169131.0,169131,169163.0,169163,999999.0,999999.0,35000
659,VNKS,SRI VENKATESWARA COLLEGE OF PHARMACY,PVT,SRIKAKULAM,SRIKAKULAM,COED,AU,PHD,169131.0,169163.0,173540.0,173558,173554.0,173554.0,169163.0,169163,169169.0,169169,999999.0,999999.0,169131.0,169163,169163.0,169163,999999.0,999999.0,35000
660,VNKS,SRI VENKATESWARA COLLEGE OF PHARMACY,PVT,SRIKAKULAM,SRIKAKULAM,COED,AU,PHM,169131.0,169163.0,169131.0,169163,173554.0,173554.0,169163.0,169163,169169.0,169169,999999.0,999999.0,169142.0,169163,169163.0,169163,999999.0,999999.0,38000
661,ANIL,ANIL NEERUKONDA INSTITUTE OF TECHNOLOGY AND SCI,PVT,VISAKHAPATNAM,"BHEEMUNIPAT
NAM",COED,AU,CHE,169131.0,169163.0,169131.0,169163,173554.0,173554.0,169131.0,169163,169131.0,169163,999999.0,999999.0,169131.0,169163,169163.0,169163,129892.0,129892.0,54500
662,ANIL,ANIL NEERUKONDA INSTITUTE OF TECHNOLOGY AND SCI,PVT,VISAKHAPATNAM,"BHEEMUNIPAT
NAM",COED,AU,CIV,169131.0,169131.0,171610.0,171610,169131.0,169131.0,169131.0,169131,169131.0,169131,169131.0,169131.0,169131.0,169131,169131.0,169131,156470.0,139956.0,54500
663,ANIL,ANIL NEERUKONDA INSTITUTE OF TECHNOLOGY AND SCI,PVT,VISAKHAPATNAM,"BHEEMUNIPAT
NAM",COED,AU,CSD,13577.0,13648.0,45232.0,90310,107588.0,107588.0,17945.0,32290,21685.0,36297,13577.0,89569.0,16535.0,16535,53150.0,54006,14984.0,26783.0,54500
664,ANIL,ANIL NEERUKONDA INSTITUTE OF TECHNOLOGY AND SCI,PVT,VISAKHAPATNAM,"BHEEMUNIPAT
NAM",COED,AU,CSE,9238.0,9337.0,27923.0,62168,60478.0,60478.0,9238.0,9345,10365.0,10365,21529.0,21529.0,10048.0,10048,12620.0,14583,9626.0,13727.0,54500
665,ANIL,ANIL NEERUKONDA INSTITUTE OF TECHNOLOGY AND SCI,PVT,VISAKHAPATNAM,"BHEEMUNIPAT
NAM",COED,AU,CSM,15462.0,15808.0,66056.0,66056,142141.0,142141.0,17469.0,17469,15462.0,32490,15462.0,23929.0,18042.0,18100,51466.0,66608,18790.0,11891.0,54500
666,ANIL,ANIL NEERUKONDA INSTITUTE OF TECHNOLOGY AND SCI,PVT,VISAKHAPATNAM,"BHEEMUNIPAT
NAM",COED,AU,ECE,20993.0,20993.0,92978.0,171893,172816.0,172816.0,31851.0,31851,46322.0,72174,122840.0,122840.0,28891.0,34224,74728.0,152219,38871.0,47552.0,54500
667,ANIL,ANIL NEERUKONDA INSTITUTE OF TECHNOLOGY AND SCI,PVT,VISAKHAPATNAM,"BHEEMUNIPAT
NAM",COED,AU,EEE,63592.0,63592.0,149546.0,172578,63592.0,80791.0,73457.0,101464,99167.0,163923,63592.0,63592.0,77172.0,85619,122034.0,122034,124584.0,162324.0,54500
668,ANIL,ANIL NEERUKONDA INSTITUTE OF TECHNOLOGY AND SCI,PVT,VISAKHAPATNAM,"BHEEMUNIPAT
NAM",COED,AU,INF,16266.0,18734.0,65426.0,149758,171966.0,171966.0,31100.0,35933,30402.0,62787,24127.0,129093.0,27019.0,27019,65864.0,105374,32391.0,17904.0,54500
669,ANIL,ANIL NEERUKONDA INSTITUTE OF TECHNOLOGY AND SCI,PVT,VISAKHAPATNAM,"BHEEMUNIPAT
NAM",COED,AU,MEC,85645.0,115472.0,159819.0,159819,172912.0,172912.0,112776.0,156507,160134.0,160134,102573.0,115472.0,114488.0,159402,117855.0,129865,164564.0,55613.0,54500
670,AUCE,A U COLLEGE OF ENGG. VISAKHAPATNAM,UNIV,VISAKHAPATNAM,"VISAKHAPATNA
M",COED,AU,BIO,169131.0,169131.0,169131.0,169131,173554.0,173554.0,169131.0,169131,169169.0,169169,169131.0,169131.0,169131.0,169131,169131.0,169131,41161.0,41161.0,39500
671,AUCE,A U COLLEGE OF ENGG. VISAKHAPATNAM,UNIV,VISAKHAPATNAM,"VISAKHAPATNA
M",COED,AU,CHE,29172.0,39390.0,49517.0,88427,117421.0,117421.0,37835.0,63028,67807.0,67807,85441.0,85441.0,38751.0,39390,69968.0,140896,66475.0,78728.0,39500
672,AUCE,A U COLLEGE OF ENGG. VISAKHAPATNAM,UNIV,VISAKHAPATNAM,"VISAKHAPATNA
M",COED,AU,CIV,32337.0,32337.0,38400.0,38400,32337.0,32337.0,34649.0,34649,78501.0,78501,32337.0,32337.0,32337.0,44826,82089.0,85835,50144.0,54591.0,39500
673,AUCE,A U COLLEGE OF ENGG. VISAKHAPATNAM,UNIV,VISAKHAPATNAM,"VISAKHAPATNA
M",COED,AU,CSE,3987.0,4348.0,5880.0,5880,3987.0,4348.0,3987.0,4486,3987.0,4348,3987.0,6251.0,3987.0,4348,3987.0,4348,4277.0,5978.0,39500
674,AUCE,A U COLLEGE OF ENGG. VISAKHAPATNAM,UNIV,VISAKHAPATNAM,"VISAKHAPATNA
M",COED,AU,ECE,9143.0,9143.0,16737.0,16737,9143.0,9143.0,9673.0,9673,10660.0,10660,9143.0,9143.0,9143.0,9979,22216.0,22216,9413.0,14493.0,39500
675,AUCE,A U COLLEGE OF ENGG. VISAKHAPATNAM,UNIV,VISAKHAPATNAM,"VISAKHAPATNA
M",COED,AU,EEE,15685.0,15685.0,44744.0,70361,15685.0,15685.0,31540.0,31540,36150.0,54881,15685.0,15685.0,17214.0,17214,15685.0,15685,41743.0,149967.0,39500
676,AUCE,A U COLLEGE OF ENGG. VISAKHAPATNAM,UNIV,VISAKHAPATNAM,"VISAKHAPATNA
M",COED,AU,GIN,25705.0,90018.0,117568.0,117568,124659.0,124659.0,129632.0,129632,55076.0,148416,25705.0,90018.0,77179.0,98737,153310.0,153310,44795.0,44795.0,39500
677,AUCE,A U COLLEGE OF ENGG. VISAKHAPATNAM,UNIV,VISAKHAPATNAM,"VISAKHAPATNA
M",COED,AU,IST,33573.0,33573.0,55554.0,55554,44222.0,52799.0,50636.0,50636,33573.0,33573,33573.0,33573.0,37019.0,46845,33573.0,33573,39623.0,84853.0,39500
678,AUCE,A U COLLEGE OF ENGG. VISAKHAPATNAM,UNIV,VISAKHAPATNAM,"VISAKHAPATNA
M",COED,AU,MEC,16706.0,26358.0,38560.0,61962,93224.0,93224.0,24810.0,106791,36133.0,138291,21139.0,60236.0,32211.0,50320,16706.0,82092,57802.0,157202.0,39500
679,AUCE,A U COLLEGE OF ENGG. VISAKHAPATNAM,UNIV,VISAKHAPATNAM,"VISAKHAPATNA
M",COED,AU,MET,18738.0,18738.0,130845.0,161284,61458.0,61458.0,33328.0,37133,164498.0,164498,18738.0,18738.0,78273.0,78273,167675.0,167675,116609.0,116609.0,39500
680,AUCE,A U COLLEGE OF ENGG. VISAKHAPATNAM,UNIV,VISAKHAPATNAM,"VISAKHAPATNA
M",COED,AU,NAM,32203.0,57367.0,47783.0,57367,120225.0,120225.0,32203.0,57367,55621.0,57367,32203.0,57367.0,40640.0,57367,32203.0,68384,73953.0,99319.0,39500
681,AUCESF,A U COLLEGE OF ENGG-SELF FINANCE VISAKHAPATNAM,SF,VISAKHAPATNAM,"VISAKHAPATNA
M",COED,AU,ENV,100278.0,100278.0,126771.0,154520,100278.0,153216.0,145424.0,145424,100278.0,100278,100278.0,100278.0,102075.0,102075,100278.0,100278,999999.0,999999.0,62000
682,AUCESF,A U COLLEGE OF ENGG-SELF FINANCE VISAKHAPATNAM,SF,VISAKHAPATNAM,"VISAKHAPATNA
M",COED,AU,INF,14103.0,25092.0,16943.0,37955,14103.0,62920.0,14103.0,25227,18034.0,27937,16866.0,25092.0,14103.0,25092,25817.0,25817,9048.0,16380.0,62000
683,AUCP,AU COLLEGE OF ENGG. SCHOOL OF PHARMACY,UNIV,VISAKHAPATNAM,"VISAKHAPATNA
M",COED,AU,PHM,77765.0,77765.0,161218.0,170441,173434.0,173434.0,116078.0,167693,125043.0,125043,149873.0,149873.0,131855.0,131855,164591.0,164591,132733.0,132733.0,10000
684,AUEWSF,A U COLLEGE OF ENGG FOR WOMEN- SELF FINANCE,SF,VISAKHAPATNAM,"VISAKHAPATNA
M",GIRLS,AU,CIV,89178.0,89178.0,173472.0,173472,170172.0,170172.0,155350.0,155350,163716.0,163716,999999.0,999999.0,162846.0,162846,89178.0,89178,152782.0,152782.0,62000
685,AUEWSF,A U COLLEGE OF ENGG FOR WOMEN- SELF FINANCE,SF,VISAKHAPATNAM,"VISAKHAPATNA
M",GIRLS,AU,CSE,13627.0,13627.0,29445.0,29445,63230.0,63230.0,19040.0,19040,16406.0,16406,49485.0,49485.0,19346.0,19346,34239.0,34239,14513.0,14513.0,62000
686,AUEWSF,A U COLLEGE OF ENGG FOR WOMEN- SELF FINANCE,SF,VISAKHAPATNAM,"VISAKHAPATNA
M",GIRLS,AU,ECE,23473.0,23473.0,108335.0,108335,135970.0,135970.0,53042.0,53042,53408.0,53408,999999.0,999999.0,43124.0,43124,149572.0,149572,80354.0,80354.0,62000
687,AUEWSF,A U COLLEGE OF ENGG FOR WOMEN- SELF FINANCE,SF,VISAKHAPATNAM,"VISAKHAPATNA
M",GIRLS,AU,EEE,55394.0,55394.0,170506.0,170506,77358.0,77358.0,119470.0,119470,124101.0,124101,67847.0,67847.0,85763.0,85763,137751.0,137751,130189.0,130189.0,62000
688,AUEWSF,A U COLLEGE OF ENGG FOR WOMEN- SELF FINANCE,SF,VISAKHAPATNAM,"VISAKHAPATNA
M",GIRLS,AU,INF,29141.0,29141.0,115578.0,115578,168661.0,168661.0,35943.0,35943,84566.0,84566,32637.0,32637.0,30949.0,30949,45847.0,45847,77489.0,77489.0,62000
689,AUEWSF,A U COLLEGE OF ENGG FOR WOMEN- SELF FINANCE,SF,VISAKHAPATNAM,"VISAKHAPATNA
M",GIRLS,AU,MEC,140493.0,140493.0,172010.0,172010,140493.0,140493.0,166706.0,166706,140493.0,140493,999999.0,999999.0,167274.0,167274,140493.0,140493,152609.0,152609.0,62000
690,AVEN,AVANTHI INSTITUTE OF ENGG. AND TECHNOLOGY,PVT,VISAKHAPATNAM,NARSIPATNAM,COED,JNTUV,CSD,73219.0,104316.0,83941.0,112188,80248.0,104316.0,127148.0,133488,96067.0,104316,73219.0,104316.0,100278.0,104316,113386.0,113386,158169.0,130006.0,49400
691,AVEN,AVANTHI INSTITUTE OF ENGG. AND TECHNOLOGY,PVT,VISAKHAPATNAM,NARSIPATNAM,COED,JNTUV,CSE,77195.0,77195.0,171329.0,171329,160843.0,170674.0,117363.0,138545,138433.0,138433,77195.0,77195.0,80952.0,80952,122348.0,167625,143726.0,124387.0,49400
692,AVEN,AVANTHI INSTITUTE OF ENGG. AND TECHNOLOGY,PVT,VISAKHAPATNAM,NARSIPATNAM,COED,JNTUV,CSM,48137.0,54818.0,91151.0,91151,91595.0,96671.0,120534.0,126868,92356.0,92356,48137.0,83955.0,98761.0,99841,149644.0,149644,115641.0,117483.0,49400
693,AVEN,AVANTHI INSTITUTE OF ENGG. AND TECHNOLOGY,PVT,VISAKHAPATNAM,NARSIPATNAM,COED,JNTUV,ECE,72688.0,72688.0,114035.0,114035,116335.0,116335.0,142753.0,148765,167411.0,167411,72688.0,72688.0,118750.0,118750,142452.0,143152,147468.0,160048.0,49400
694,AVEN,AVANTHI INSTITUTE OF ENGG. AND TECHNOLOGY,PVT,VISAKHAPATNAM,NARSIPATNAM,COED,JNTUV,EEE,149299.0,149299.0,154959.0,154959,156168.0,156168.0,149299.0,149299,157390.0,157390,149299.0,149299.0,161262.0,161262,165884.0,165884,155401.0,155401.0,49400
695,AVEN,AVANTHI INSTITUTE OF ENGG. AND TECHNOLOGY,PVT,VISAKHAPATNAM,NARSIPATNAM,COED,JNTUV,MEC,169131.0,169131.0,169131.0,169131,173554.0,173554.0,169131.0,169131,169131.0,169131,169131.0,169131.0,169131.0,169131,169163.0,169163,999999.0,999999.0,49400
696,BABA,BABA INST OF TECH AND SCIENCES,PVT,VISAKHAPATNAM,"VISAKHAPATNA
M",COED,JNTUV,CIV,121345.0,165820.0,173021.0,173021,121345.0,165820.0,172443.0,172443,155230.0,169193,121345.0,165820.0,167499.0,171835,173147.0,173147,999999.0,999999.0,35000
697,BABA,BABA INST OF TECH AND SCIENCES,PVT,VISAKHAPATNAM,"VISAKHAPATNA
M",COED,JNTUV,CSE,93990.0,93990.0,173318.0,173318,171362.0,171559.0,114584.0,114584,107618.0,136190,93990.0,98502.0,93990.0,100092,119376.0,137914,153158.0,164982.0,35000
698,BABA,BABA INST OF TECH AND SCIENCES,PVT,VISAKHAPATNAM,"VISAKHAPATNA
M",COED,JNTUV,ECE,111049.0,111049.0,173176.0,173176,143324.0,143324.0,124778.0,154266,132236.0,155652,111049.0,111049.0,113786.0,113786,128410.0,156632,142382.0,139686.0,35000
699,BABA,BABA INST OF TECH AND SCIENCES,PVT,VISAKHAPATNAM,"VISAKHAPATNA
M",COED,JNTUV,EEE,103669.0,103669.0,173555.0,173555,167846.0,167846.0,154756.0,154756,163318.0,163318,103669.0,128895.0,140943.0,168263,160390.0,160390,999999.0,999999.0,35000
700,BABA,BABA INST OF TECH AND SCIENCES,PVT,VISAKHAPATNAM,"VISAKHAPATNA
M",COED,JNTUV,MEC,127499.0,127611.0,171510.0,173475,166957.0,166957.0,140158.0,140158,163240.0,163240,127499.0,127611.0,165193.0,165193,152380.0,152380,999999.0,999999.0,35000
701,CEVP,CHAITANYA ENGINEERING COLLEGE,PVT,VISAKHAPATNAM,"VISAKHAPATNA
M",COED,JNTUV,AID,108409.0,108409.0,115131.0,149423,108409.0,154626.0,166242.0,166242,166517.0,166517,108409.0,108409.0,120447.0,146066,146952.0,146952,116616.0,103350.0,35000
702,CEVP,CHAITANYA ENGINEERING COLLEGE,PVT,VISAKHAPATNAM,"VISAKHAPATNA
M",COED,JNTUV,AIM,85858.0,85858.0,97312.0,168500,155128.0,155128.0,153671.0,153671,165884.0,165884,85858.0,85858.0,85858.0,93256,85858.0,145969,155676.0,155676.0,35000
703,CEVP,CHAITANYA ENGINEERING COLLEGE,PVT,VISAKHAPATNAM,"VISAKHAPATNA
M",COED,JNTUV,CIV,169131.0,169163.0,169131.0,169163,169131.0,169163.0,169163.0,169163,169169.0,169169,999999.0,999999.0,169142.0,169163,169163.0,169163,999999.0,999999.0,35000
704,CEVP,CHAITANYA ENGINEERING COLLEGE,PVT,VISAKHAPATNAM,"VISAKHAPATNA
M",COED,JNTUV,CSE,78618.0,78618.0,171541.0,172297,78618.0,101347.0,132733.0,132733,119134.0,156234,153787.0,153787.0,85459.0,101859,135749.0,135749,114410.0,160835.0,35000
705,CEVP,CHAITANYA ENGINEERING COLLEGE,PVT,VISAKHAPATNAM,"VISAKHAPATNA
M",COED,JNTUV,ECE,65743.0,136288.0,159855.0,159855,154838.0,154838.0,146558.0,147093,155658.0,155658,93785.0,136288.0,158955.0,158955,148634.0,148634,114728.0,125919.0,35000
706,CEVP,CHAITANYA ENGINEERING COLLEGE,PVT,VISAKHAPATNAM,"VISAKHAPATNA
M",COED,JNTUV,EEE,159869.0,159869.0,164739.0,164739,159869.0,159869.0,159869.0,161980,162017.0,162017,159869.0,159869.0,159869.0,159869,159869.0,159869,999999.0,999999.0,35000
707,CEVP,CHAITANYA ENGINEERING COLLEGE,PVT,VISAKHAPATNAM,"VISAKHAPATNA
M",COED,JNTUV,MEC,169131.0,169163.0,169131.0,169163,169131.0,169163.0,169163.0,169163,169169.0,169169,999999.0,999999.0,169131.0,169163,169163.0,169163,999999.0,999999.0,35000
708,DIET,DADI INSTT. OF ENGINEERING AND TECHNOLOGY,PVT,VISAKHAPATNAM,ANAKAPALLE,COED,JNTUV,CIV,161884.0,161884.0,161884.0,161884,161884.0,161884.0,161884.0,161884,161884.0,161884,161884.0,161884.0,161884.0,161884,161884.0,161884,999999.0,999999.0,35000
709,DIET,DADI INSTT. OF ENGINEERING AND TECHNOLOGY,PVT,VISAKHAPATNAM,ANAKAPALLE,COED,JNTUV,CSD,106047.0,106047.0,110081.0,110081,111423.0,111423.0,133707.0,133707,162309.0,162309,106047.0,106047.0,119868.0,119868,106047.0,159022,168065.0,149936.0,35000
710,DIET,DADI INSTT. OF ENGINEERING AND TECHNOLOGY,PVT,VISAKHAPATNAM,ANAKAPALLE,COED,JNTUV,CSE,99184.0,99184.0,171356.0,171356,122694.0,122694.0,99184.0,100215,134779.0,166942,99184.0,99184.0,99184.0,99184,152274.0,152274,134423.0,143383.0,35000
711,DIET,DADI INSTT. OF ENGINEERING AND TECHNOLOGY,PVT,VISAKHAPATNAM,ANAKAPALLE,COED,JNTUV,CSM,118509.0,118509.0,157374.0,157374,134698.0,134698.0,167604.0,169045,139746.0,139746,118509.0,118509.0,135463.0,137628,134313.0,134313,151844.0,166180.0,35000
712,DIET,DADI INSTT. OF ENGINEERING AND TECHNOLOGY,PVT,VISAKHAPATNAM,ANAKAPALLE,COED,JNTUV,ECE,80952.0,122905.0,134268.0,161583,169628.0,169628.0,149546.0,158005,160553.0,165719,80952.0,122905.0,151844.0,167718,127163.0,127163,160132.0,134127.0,35000
713,DIET,DADI INSTT. OF ENGINEERING AND TECHNOLOGY,PVT,VISAKHAPATNAM,ANAKAPALLE,COED,JNTUV,EEE,169122.0,169122.0,169122.0,169122,169122.0,169122.0,169122.0,169122,169122.0,169122,169122.0,169122.0,169122.0,169122,169122.0,169122,121114.0,121114.0,35000
714,DLBC,DR L BULLAYYA COLL EGE OF ENGINEERING,PVT,VISAKHAPATNAM,"VISAKHAPATNA
M",COED,AU,CIV,169131.0,169131.0,169131.0,169131,169131.0,169131.0,169131.0,169131,169131.0,169131,169131.0,169131.0,169131.0,169131,169163.0,169163,999999.0,999999.0,35000
715,DLBC,DR L BULLAYYA COLL EGE OF ENGINEERING,PVT,VISAKHAPATNAM,"VISAKHAPATNA
M",COED,AU,CSE,47063.0,47063.0,173504.0,173504,161655.0,161655.0,73125.0,73125,64394.0,64394,47063.0,47063.0,56288.0,58410,125757.0,125757,92637.0,72767.0,35000
716,DLBC,DR L BULLAYYA COLL EGE OF ENGINEERING,PVT,VISAKHAPATNAM,"VISAKHAPATNA
M",COED,AU,ECE,66226.0,94073.0,172980.0,172980,74683.0,108974.0,107383.0,107383,118788.0,118788,66226.0,94073.0,87554.0,94073,139524.0,139524,115925.0,149299.0,35000
717,DLBC,DR L BULLAYYA COLL EGE OF ENGINEERING,PVT,VISAKHAPATNAM,"VISAKHAPATNA
M",COED,AU,EEE,148416.0,148416.0,156001.0,156001,148416.0,148416.0,149957.0,152119,162166.0,162166,148416.0,148416.0,162391.0,162391,148416.0,148416,999999.0,999999.0,35000
718,GITS,GONNA INST OF INFO TECHNOLOGY SCIENCES,PVT,VISAKHAPATNAM,"VISAKHAPATNA
M",COED,JNTUV,CIV,97069.0,97069.0,142079.0,159608,145894.0,145894.0,136759.0,136759,97069.0,97069,170072.0,170072.0,97069.0,97069,97069.0,97069,999999.0,999999.0,39300
719,GITS,GONNA INST OF INFO TECHNOLOGY SCIENCES,PVT,VISAKHAPATNAM,"VISAKHAPATNA
M",COED,JNTUV,CSE,54523.0,61469.0,173301.0,173301,100665.0,122471.0,157390.0,157390,130795.0,130795,54523.0,61469.0,123525.0,123525,148108.0,168209,140624.0,118889.0,39300
720,GITS,GONNA INST OF INFO TECHNOLOGY SCIENCES,PVT,VISAKHAPATNAM,"VISAKHAPATNA
M",COED,JNTUV,ECE,80901.0,80901.0,169341.0,169341,80901.0,107045.0,133075.0,157600,150410.0,150410,125360.0,125360.0,168854.0,168854,137099.0,137099,999999.0,999999.0,39300
721,GITS,GONNA INST OF INFO TECHNOLOGY SCIENCES,PVT,VISAKHAPATNAM,"VISAKHAPATNA
M",COED,JNTUV,EEE,104722.0,104722.0,170361.0,170361,164982.0,164982.0,149533.0,149533,151147.0,151147,104722.0,104722.0,153069.0,153069,154276.0,154276,999999.0,999999.0,39300
722,GITS,GONNA INST OF INFO TECHNOLOGY SCIENCES,PVT,VISAKHAPATNAM,"VISAKHAPATNA
M",COED,JNTUV,MEC,169131.0,169163.0,169131.0,169163,169131.0,169163.0,169131.0,169163,169169.0,169169,999999.0,999999.0,169142.0,169163,169163.0,169163,999999.0,999999.0,39300
723,GVPE,GAYATHRI VIDYA PARISHAD COLL. OF ENGINEERING,PVT,VISAKHAPATNAM,"VISAKHAPATNA
M",COED,AU,CHE,123185.0,123185.0,164788.0,164788,171835.0,171835.0,124798.0,124798,165625.0,165625,127937.0,127937.0,123185.0,123185,125696.0,125696,88492.0,166552.0,69000
724,GVPE,GAYATHRI VIDYA PARISHAD COLL. OF ENGINEERING,PVT,VISAKHAPATNAM,"VISAKHAPATNA
M",COED,AU,CIV,64551.0,95596.0,172919.0,172919,171161.0,171161.0,129904.0,162427,102230.0,168563,64551.0,95596.0,78782.0,95596,64551.0,112851,125640.0,125640.0,69000
725,GVPE,GAYATHRI VIDYA PARISHAD COLL. OF ENGINEERING,PVT,VISAKHAPATNAM,"VISAKHAPATNA
M",COED,AU,CSD,6973.0,7990.0,14090.0,14090,51156.0,51156.0,6973.0,7990,6973.0,7990,20804.0,20804.0,7967.0,8194,7825.0,7990,7606.0,12683.0,69000
726,GVPE,GAYATHRI VIDYA PARISHAD COLL. OF ENGINEERING,PVT,VISAKHAPATNAM,"VISAKHAPATNA
M",COED,AU,CSE,5527.0,5527.0,12166.0,12166,17558.0,26266.0,5527.0,5674,5527.0,5527,7494.0,11592.0,5527.0,5527,5527.0,6839,6507.0,7689.0,69000
727,GVPE,GAYATHRI VIDYA PARISHAD COLL. OF ENGINEERING,PVT,VISAKHAPATNAM,"VISAKHAPATNA
M",COED,AU,CSM,6284.0,7173.0,14573.0,14573,44226.0,57667.0,6284.0,7173,6284.0,12863,6284.0,7173.0,7186.0,8479,13591.0,22172,7160.0,8241.0,69000
728,GVPE,GAYATHRI VIDYA PARISHAD COLL. OF ENGINEERING,PVT,VISAKHAPATNAM,"VISAKHAPATNA
M",COED,AU,ECE,15421.0,15963.0,35117.0,51691,70224.0,70224.0,22864.0,22864,16401.0,51599,94716.0,94716.0,17474.0,23495,43230.0,97614,23118.0,41763.0,69000
729,GVPE,GAYATHRI VIDYA PARISHAD COLL. OF ENGINEERING,PVT,VISAKHAPATNAM,"VISAKHAPATNA
M",COED,AU,EEE,25875.0,25875.0,113326.0,142452,172452.0,172452.0,97807.0,97807,66973.0,86721,25875.0,54186.0,45185.0,51835,159464.0,159464,65794.0,157950.0,69000
730,GVPE,GAYATHRI VIDYA PARISHAD COLL. OF ENGINEERING,PVT,VISAKHAPATNAM,"VISAKHAPATNA
M",COED,AU,INF,10069.0,10324.0,25115.0,25115,31110.0,31110.0,10069.0,10324,10069.0,31093,10069.0,10324.0,11732.0,11732,19567.0,19567,11641.0,18071.0,69000
731,GVPE,GAYATHRI VIDYA PARISHAD COLL. OF ENGINEERING,PVT,VISAKHAPATNAM,"VISAKHAPATNA
M",COED,AU,MEC,58960.0,79997.0,115821.0,128510,103465.0,135982.0,65794.0,130604,105324.0,108763,58960.0,79997.0,67626.0,144948,58960.0,79997,123858.0,166359.0,69000
732,GVPE,GAYATHRI VIDYA PARISHAD COLL. OF ENGINEERING,PVT,VISAKHAPATNAM,"VISAKHAPATNA
M",COED,AU,MRB,68721.0,68721.0,170585.0,170585,99971.0,99971.0,113821.0,115614,95322.0,150227,68721.0,68721.0,111307.0,142855,110892.0,116105,87538.0,133020.0,69000
733,GVPT,G V P COLLEGE FOR DEGREE AND PG COURSES,PVT,VISAKHAPATNAM,"VISAKHAPATNA
M",COED,AU,CIV,165582.0,165582.0,168898.0,168898,165582.0,165582.0,165582.0,165582,165582.0,168563,165582.0,165582.0,165582.0,165582,165582.0,165582,999999.0,999999.0,63000
734,GVPT,G V P COLLEGE FOR DEGREE AND PG COURSES,PVT,VISAKHAPATNAM,"VISAKHAPATNA
M",COED,AU,CSE,34874.0,34874.0,163203.0,163203,170983.0,170983.0,43383.0,43383,50905.0,50905,41481.0,41481.0,41372.0,41372,78084.0,78084,69329.0,44996.0,63000
735,GVPT,G V P COLLEGE FOR DEGREE AND PG COURSES,PVT,VISAKHAPATNAM,"VISAKHAPATNA
M",COED,AU,CSM,26148.0,43807.0,169050.0,169050,136155.0,136155.0,46647.0,46647,53966.0,53966,131387.0,131387.0,45678.0,54263,122204.0,122204,70800.0,70728.0,63000
736,GVPT,G V P COLLEGE FOR DEGREE AND PG COURSES,PVT,VISAKHAPATNAM,"VISAKHAPATNA
M",COED,AU,ECE,44738.0,44738.0,170665.0,170665,172531.0,172531.0,55785.0,79901,72933.0,99645,44738.0,44738.0,62438.0,64906,70412.0,86263,125627.0,141212.0,63000
737,GVPT,G V P COLLEGE FOR DEGREE AND PG COURSES,PVT,VISAKHAPATNAM,"VISAKHAPATNA
M",COED,AU,MEC,69310.0,147829.0,142631.0,170285,137725.0,147829.0,164648.0,164648,102723.0,147829,108548.0,147829.0,146624.0,149856,110486.0,147829,134964.0,102455.0,63000
738,GVPW,GAYATHRI VIDYA PARISHAD COLL OF ENGG FOR WOMEN,PVT,VISAKHAPATNAM,"VISAKHAPATNA
M",GIRLS,AU,CSE,23150.0,23150.0,100631.0,100631,172327.0,172327.0,27380.0,27380,40876.0,40876,90670.0,90670.0,23822.0,23822,73913.0,73913,46960.0,46960.0,60200
739,GVPW,GAYATHRI VIDYA PARISHAD COLL OF ENGG FOR WOMEN,PVT,VISAKHAPATNAM,"VISAKHAPATNA
M",GIRLS,AU,CSM,36812.0,36812.0,147480.0,147480,172916.0,172916.0,51404.0,51404,68593.0,68593,101104.0,101104.0,36812.0,36812,128149.0,128149,77627.0,77627.0,60200
740,GVPW,GAYATHRI VIDYA PARISHAD COLL OF ENGG FOR WOMEN,PVT,VISAKHAPATNAM,"VISAKHAPATNA
M",GIRLS,AU,ECE,34874.0,34874.0,173304.0,173304,66009.0,66009.0,130000.0,130000,86770.0,86770,999999.0,999999.0,70841.0,70841,109071.0,109071,99366.0,99366.0,60200
741,GVPW,GAYATHRI VIDYA PARISHAD COLL OF ENGG FOR WOMEN,PVT,VISAKHAPATNAM,"VISAKHAPATNA
M",GIRLS,AU,EEE,71984.0,71984.0,152052.0,152052,82867.0,82867.0,144005.0,144005,138979.0,138979,141553.0,141553.0,111874.0,111874,148980.0,148980,999999.0,999999.0,60200
742,GVPW,GAYATHRI VIDYA PARISHAD COLL OF ENGG FOR WOMEN,PVT,VISAKHAPATNAM,"VISAKHAPATNA
M",GIRLS,AU,INF,44699.0,44699.0,153456.0,153456,51923.0,51923.0,66355.0,66355,97890.0,97890,999999.0,999999.0,52028.0,52028,167590.0,167590,153258.0,153258.0,60200
743,NSRT,NADIMPALLI SATYANARAYANA RAJU INSTITUTE OF TECHNOLOGY,PVT,VISAKHAPATNAM,"VISAKHAPATNA
M",COED,JNTUV,CIV,169131.0,169131.0,169131.0,169131,173554.0,173554.0,169131.0,169131,169169.0,169169,169131.0,169131.0,169131.0,169131,169131.0,169131,999999.0,999999.0,35000
744,NSRT,NADIMPALLI SATYANARAYANA RAJU INSTITUTE OF TECHNOLOGY,PVT,VISAKHAPATNAM,"VISAKHAPATNA
M",COED,JNTUV,CSD,47585.0,47585.0,171188.0,171188,171804.0,171804.0,64100.0,109636,80549.0,80549,85094.0,85094.0,49590.0,49590,64477.0,112358,54561.0,59662.0,35000
745,NSRT,NADIMPALLI SATYANARAYANA RAJU INSTITUTE OF TECHNOLOGY,PVT,VISAKHAPATNAM,"VISAKHAPATNA
M",COED,JNTUV,CSE,27304.0,27808.0,122994.0,161411,148683.0,168005.0,52799.0,60483,57955.0,65719,27304.0,51468.0,41323.0,51749,92324.0,92324,43527.0,56835.0,35000
746,NSRT,NADIMPALLI SATYANARAYANA RAJU INSTITUTE OF TECHNOLOGY,PVT,VISAKHAPATNAM,"VISAKHAPATNA
M",COED,JNTUV,CSM,41488.0,41488.0,169954.0,169954,46431.0,46431.0,53042.0,83287,78350.0,91809,41488.0,41488.0,46687.0,49361,56161.0,90259,53485.0,54625.0,35000
747,NSRT,NADIMPALLI SATYANARAYANA RAJU INSTITUTE OF TECHNOLOGY,PVT,VISAKHAPATNAM,"VISAKHAPATNA
M",COED,JNTUV,ECE,46640.0,46640.0,171967.0,171967,55738.0,67390.0,71805.0,74740,83655.0,104018,168159.0,168159.0,56258.0,61014,67699.0,94463,75943.0,72067.0,35000
748,NSRT,NADIMPALLI SATYANARAYANA RAJU INSTITUTE OF TECHNOLOGY,PVT,VISAKHAPATNAM,"VISAKHAPATNA
M",COED,JNTUV,EEE,93032.0,93032.0,93032.0,102499,93264.0,171489.0,106942.0,106942,151438.0,151438,93032.0,93032.0,93032.0,106447,130146.0,130146,101429.0,123425.0,35000
749,NSRT,NADIMPALLI SATYANARAYANA RAJU INSTITUTE OF TECHNOLOGY,PVT,VISAKHAPATNAM,"VISAKHAPATNA
M",COED,JNTUV,MEC,88884.0,153008.0,125300.0,153008,88884.0,153008.0,153943.0,153943,88884.0,153008,132682.0,153008.0,133310.0,153008,88884.0,153008,154806.0,154806.0,35000
750,RAGU,RAGHU ENGINEERING COLLEGE,PVT,VISAKHAPATNAM,"BHEEMUNIPAT
NAM",COED,JNTUV,CIV,77172.0,81066.0,140624.0,140624,77172.0,121209.0,167128.0,167128,114348.0,133131,77172.0,81066.0,103701.0,103701,163878.0,163878,133260.0,133260.0,69700
751,RAGU,RAGHU ENGINEERING COLLEGE,PVT,VISAKHAPATNAM,"BHEEMUNIPAT
NAM",COED,JNTUV,CSC,17607.0,17607.0,89142.0,115472,165392.0,167685.0,37162.0,37835,32874.0,48297,17607.0,17607.0,29908.0,38314,143483.0,143483,32219.0,30580.0,69700
752,RAGU,RAGHU ENGINEERING COLLEGE,PVT,VISAKHAPATNAM,"BHEEMUNIPAT
NAM",COED,JNTUV,CSD,28620.0,28620.0,114744.0,135844,173343.0,173343.0,37759.0,40688,43700.0,48378,28620.0,31465.0,31844.0,40630,87802.0,111675,37424.0,35293.0,69700
753,RAGU,RAGHU ENGINEERING COLLEGE,PVT,VISAKHAPATNAM,"BHEEMUNIPAT
NAM",COED,JNTUV,CSE,17929.0,17929.0,56090.0,73154,77352.0,77352.0,23804.0,23893,26164.0,45902,50678.0,50678.0,21297.0,21297,28771.0,139431,19374.0,23141.0,69700
754,RAGU,RAGHU ENGINEERING COLLEGE,PVT,VISAKHAPATNAM,"BHEEMUNIPAT
NAM",COED,JNTUV,CSM,18879.0,23755.0,101832.0,165392,116096.0,170235.0,30174.0,40705,37621.0,48545,18879.0,39815.0,30994.0,37071,103954.0,155069,28759.0,28268.0,69700
755,RAGU,RAGHU ENGINEERING COLLEGE,PVT,VISAKHAPATNAM,"BHEEMUNIPAT
NAM",COED,JNTUV,CSO,169131.0,169131.0,170453.0,172047,169131.0,169131.0,169131.0,169131,169131.0,169131,169131.0,169131.0,169131.0,169131,169131.0,169131,40445.0,62639.0,69700
756,RAGU,RAGHU ENGINEERING COLLEGE,PVT,VISAKHAPATNAM,"BHEEMUNIPAT
NAM",COED,JNTUV,ECE,18075.0,32480.0,119734.0,157053,171267.0,172190.0,51182.0,55668,70990.0,84611,32336.0,32480.0,45917.0,53065,106791.0,113893,60540.0,69296.0,69700
757,RAGU,RAGHU ENGINEERING COLLEGE,PVT,VISAKHAPATNAM,"BHEEMUNIPAT
NAM",COED,JNTUV,EEE,34018.0,62191.0,169484.0,173403,125481.0,125481.0,90103.0,90103,106643.0,120129,55990.0,63403.0,71697.0,87920,104002.0,104002,103521.0,81358.0,69700
758,RAGU,RAGHU ENGINEERING COLLEGE,PVT,VISAKHAPATNAM,"BHEEMUNIPAT
NAM",COED,JNTUV,MEC,110058.0,159172.0,162514.0,162514,119413.0,159172.0,155401.0,159172,148353.0,159172,110058.0,159172.0,125066.0,164350,151561.0,159172,157804.0,106367.0,69700
759,RITV,RAGHU INST. OF TECHNOLOGY,PVT,VISAKHAPATNAM,"BHEEMUNIPAT
NAM",COED,JNTUV,CSC,28105.0,31432.0,160973.0,160973,33086.0,41715.0,49190.0,49190,59481.0,73286,38269.0,38269.0,38922.0,44080,48378.0,48378,45103.0,40006.0,61000
760,RITV,RAGHU INST. OF TECHNOLOGY,PVT,VISAKHAPATNAM,"BHEEMUNIPAT
NAM",COED,JNTUV,CSD,33650.0,33650.0,159959.0,159959,103977.0,119120.0,62413.0,68657,69420.0,69420,33650.0,42528.0,42408.0,49190,122789.0,122789,43383.0,61153.0,61000
761,RITV,RAGHU INST. OF TECHNOLOGY,PVT,VISAKHAPATNAM,"BHEEMUNIPAT
NAM",COED,JNTUV,CSE,22770.0,22770.0,99188.0,132516,121560.0,172736.0,29457.0,55325,36483.0,52982,38118.0,38118.0,32133.0,32133,111293.0,116135,23418.0,32868.0,61000
762,RITV,RAGHU INST. OF TECHNOLOGY,PVT,VISAKHAPATNAM,"BHEEMUNIPAT
NAM",COED,JNTUV,CSM,34302.0,34302.0,172569.0,172569,126664.0,134616.0,54776.0,84025,62869.0,68801,39019.0,39019.0,40965.0,53909,163052.0,163052,45000.0,73751.0,61000
763,RITV,RAGHU INST. OF TECHNOLOGY,PVT,VISAKHAPATNAM,"BHEEMUNIPAT
NAM",COED,JNTUV,ECE,33773.0,42978.0,171563.0,171563,162737.0,171794.0,65304.0,66676,81395.0,81395,33773.0,42978.0,48182.0,58553,66608.0,113800,65597.0,87182.0,61000
764,RITV,RAGHU INST. OF TECHNOLOGY,PVT,VISAKHAPATNAM,"BHEEMUNIPAT
NAM",COED,JNTUV,MEC,77406.0,160160.0,144754.0,160160,93184.0,160160.0,86407.0,160160,159941.0,160160,77406.0,160160.0,151107.0,160160,153330.0,160160,80274.0,80274.0,61000
765,SAVE,SANKETHIKA VIDYA PARISHAD ENGINEERING COLLEGE,PVT,VISAKHAPATNAM,"VISAKHAPATNA
M",COED,AU,CIV,123577.0,123577.0,123577.0,123577,123577.0,123577.0,123577.0,123577,123577.0,123577,123577.0,123577.0,123577.0,123577,123577.0,123577,999999.0,999999.0,35000
766,SAVE,SANKETHIKA VIDYA PARISHAD ENGINEERING COLLEGE,PVT,VISAKHAPATNAM,"VISAKHAPATNA
M",COED,AU,CSE,36279.0,50516.0,145831.0,171669,90604.0,114488.0,128233.0,137826,90768.0,134880,36279.0,50516.0,92821.0,102480,54472.0,54472,73588.0,69830.0,35000
767,SAVE,SANKETHIKA VIDYA PARISHAD ENGINEERING COLLEGE,PVT,VISAKHAPATNAM,"VISAKHAPATNA
M",COED,AU,ECE,106737.0,106737.0,131454.0,156735,121114.0,163710.0,142734.0,142734,131639.0,147449,146437.0,146437.0,153398.0,153398,107004.0,149343,162461.0,129952.0,35000
768,SAVE,SANKETHIKA VIDYA PARISHAD ENGINEERING COLLEGE,PVT,VISAKHAPATNAM,"VISAKHAPATNA
M",COED,AU,EEE,169131.0,169163.0,173540.0,173540,173554.0,173554.0,169163.0,169163,169131.0,169163,999999.0,999999.0,169131.0,169163,169163.0,169163,999999.0,999999.0,35000
769,SGEC,SAI GANAPATHI ENGINEERING COLLEGE,PVT,VISAKHAPATNAM,"VISAKHAPATNA
M",COED,JNTUV,CSE,82530.0,102614.0,172744.0,172744,82530.0,102614.0,163338.0,163338,109685.0,167840,82530.0,102614.0,82530.0,102614,128499.0,128499,143883.0,162017.0,35000
770,SGEC,SAI GANAPATHI ENGINEERING COLLEGE,PVT,VISAKHAPATNAM,"VISAKHAPATNA
M",COED,JNTUV,ECE,169131.0,169163.0,169131.0,169976,169131.0,169163.0,169131.0,169163,169131.0,169163,999999.0,999999.0,169131.0,169163,169131.0,169163,156986.0,156986.0,35000
771,SGEC,SAI GANAPATHI ENGINEERING COLLEGE,PVT,VISAKHAPATNAM,"VISAKHAPATNA
M",COED,JNTUV,EEE,169131.0,169131.0,169131.0,169131,173554.0,173554.0,169131.0,169131,169169.0,169169,169131.0,169131.0,169131.0,169131,169163.0,169163,999999.0,999999.0,35000
772,SIMH,SIMHADRI EDNL SOC GRP OF INSTNS,PVT,VISAKHAPATNAM,SABBAVARAM,COED,JNTUV,CSE,36676.0,36676.0,171474.0,171474,133635.0,133635.0,167184.0,167184,143081.0,154332,36676.0,36676.0,160931.0,160931,123320.0,123320,999999.0,999999.0,35000
773,SIMH,SIMHADRI EDNL SOC GRP OF INSTNS,PVT,VISAKHAPATNAM,SABBAVARAM,COED,JNTUV,ECE,169131.0,169163.0,173540.0,173558,169131.0,169163.0,169131.0,169163,169131.0,169163,999999.0,999999.0,169142.0,169163,169163.0,169163,999999.0,999999.0,35000
774,STMV,SANKETHIKA INST OF TECHNOLOGY MANAGEMENT,PVT,VISAKHAPATNAM,"VISAKHAPATNA
M",COED,JNTUV,CIV,169131.0,169163.0,173540.0,173558,169131.0,169163.0,169163.0,169163,169169.0,169169,999999.0,999999.0,169142.0,169163,169163.0,169163,999999.0,999999.0,35000
775,STMV,SANKETHIKA INST OF TECHNOLOGY MANAGEMENT,PVT,VISAKHAPATNAM,"VISAKHAPATNA
M",COED,JNTUV,CSE,128372.0,128372.0,168089.0,168089,128372.0,169762.0,154313.0,154313,133655.0,162246,128372.0,128372.0,130734.0,152295,129125.0,136990,45474.0,164838.0,35000
776,STMV,SANKETHIKA INST OF TECHNOLOGY MANAGEMENT,PVT,VISAKHAPATNAM,"VISAKHAPATNA
M",COED,JNTUV,ECE,169131.0,169163.0,169131.0,169163,169131.0,169163.0,169131.0,169163,169131.0,169163,999999.0,999999.0,169131.0,169163,169131.0,169163,132374.0,132374.0,35000
777,VIEW,VIGNANS INSTT OF ENGINEERING FOR WOMEN,PVT,VISAKHAPATNAM,"VISAKHAPATNA
M",GIRLS,JNTUV,CAI,39932.0,39932.0,63457.0,63457,46009.0,46009.0,61705.0,61705,111146.0,111146,39932.0,39932.0,47325.0,47325,84324.0,84324,106173.0,106173.0,41600
778,VIEW,VIGNANS INSTT OF ENGINEERING FOR WOMEN,PVT,VISAKHAPATNAM,"VISAKHAPATNA
M",GIRLS,JNTUV,CSC,42513.0,42513.0,172238.0,172238,170410.0,170410.0,105576.0,105576,103350.0,103350,999999.0,999999.0,48242.0,48242,139514.0,139514,57772.0,57772.0,41600
779,VIEW,VIGNANS INSTT OF ENGINEERING FOR WOMEN,PVT,VISAKHAPATNAM,"VISAKHAPATNA
M",GIRLS,JNTUV,CSD,36494.0,36494.0,165707.0,165707,40981.0,40981.0,60728.0,60728,65449.0,65449,36494.0,36494.0,53712.0,53712,94654.0,94654,47682.0,47682.0,41600
780,VIEW,VIGNANS INSTT OF ENGINEERING FOR WOMEN,PVT,VISAKHAPATNAM,"VISAKHAPATNA
M",GIRLS,JNTUV,CSE,26179.0,26179.0,110107.0,110107,150487.0,150487.0,44303.0,44303,53489.0,53489,142420.0,142420.0,38184.0,38184,152271.0,152271,47494.0,47494.0,41600
781,VIEW,VIGNANS INSTT OF ENGINEERING FOR WOMEN,PVT,VISAKHAPATNAM,"VISAKHAPATNA
M",GIRLS,JNTUV,CSM,32104.0,32104.0,169564.0,169564,38618.0,38618.0,60483.0,60483,71794.0,71794,999999.0,999999.0,51392.0,51392,60680.0,60680,42039.0,42039.0,41600
782,VIEW,VIGNANS INSTT OF ENGINEERING FOR WOMEN,PVT,VISAKHAPATNAM,"VISAKHAPATNA
M",GIRLS,JNTUV,ECE,46954.0,46954.0,173365.0,173365,60388.0,60388.0,110582.0,110582,87037.0,87037,46954.0,46954.0,62548.0,62548,121435.0,121435,152806.0,152806.0,41600
783,VIEW,VIGNANS INSTT OF ENGINEERING FOR WOMEN,PVT,VISAKHAPATNAM,"VISAKHAPATNA
M",GIRLS,JNTUV,EEE,162683.0,162683.0,164119.0,164119,162683.0,162683.0,165853.0,165853,167362.0,167362,162683.0,162683.0,162683.0,162683,162683.0,162683,109278.0,109278.0,41600
784,VIEW,VIGNANS INSTT OF ENGINEERING FOR WOMEN,PVT,VISAKHAPATNAM,"VISAKHAPATNA
M",GIRLS,JNTUV,INF,38952.0,38952.0,169540.0,169540,152425.0,152425.0,108527.0,108527,107863.0,107863,50461.0,50461.0,51673.0,51673,58964.0,58964,70806.0,70806.0,41600
785,VIEW,VIGNANS INSTT OF ENGINEERING FOR WOMEN,PVT,VISAKHAPATNAM,"VISAKHAPATNA
M",GIRLS,JNTUV,MEC,104658.0,104658.0,165636.0,165636,104658.0,104658.0,104658.0,104658,104658.0,104658,999999.0,999999.0,104658.0,104658,104658.0,104658,999999.0,999999.0,41600
786,VIPV,VIGNAN INST.OF PHARM.,PVT,VISAKHAPATNAM,"VISAKHAPATNA
M",COED,JNTUV,PHD,169131.0,169131.0,173540.0,173540,173554.0,173554.0,169163.0,169163,169169.0,169169,169131.0,169131.0,169142.0,169142,169163.0,169163,999999.0,999999.0,70000
787,VIVP,VIGNANS INSTITUTE OF INFORMATION TECHNOLOGY,PVT,VISAKHAPATNAM,"VISAKHAPATNA
M",COED,JNTUV,AID,21546.0,21546.0,134386.0,170190,142608.0,170941.0,21675.0,32917,26250.0,30314,21546.0,117489.0,21546.0,21546,21546.0,43139,17348.0,24319.0,52000
788,VIVP,VIGNANS INSTITUTE OF INFORMATION TECHNOLOGY,PVT,VISAKHAPATNAM,"VISAKHAPATNA
M",COED,JNTUV,CAI,18046.0,18046.0,99288.0,137628,117341.0,122306.0,21350.0,21350,30535.0,30535,25921.0,25921.0,18638.0,18638,18567.0,94579,23090.0,30099.0,52000
789,VIVP,VIGNANS INSTITUTE OF INFORMATION TECHNOLOGY,PVT,VISAKHAPATNAM,"VISAKHAPATNA
M",COED,JNTUV,CIV,123772.0,164540.0,171185.0,171185,144005.0,164540.0,168281.0,168281,123772.0,164540,157306.0,164540.0,145462.0,164540,158568.0,164540,103464.0,103464.0,52000
790,VIVP,VIGNANS INSTITUTE OF INFORMATION TECHNOLOGY,PVT,VISAKHAPATNAM,"VISAKHAPATNA
M",COED,JNTUV,CSC,21178.0,21178.0,79490.0,79490,131438.0,172627.0,32157.0,32157,26535.0,27198,154626.0,154626.0,22566.0,22566,56793.0,56793,23137.0,19845.0,52000
791,VIVP,VIGNANS INSTITUTE OF INFORMATION TECHNOLOGY,PVT,VISAKHAPATNAM,"VISAKHAPATNA
M",COED,JNTUV,CSD,17371.0,17371.0,79490.0,107555,67345.0,67345.0,19568.0,27367,23123.0,23123,17371.0,17371.0,20599.0,22732,48248.0,48248,21346.0,30504.0,52000
792,VIVP,VIGNANS INSTITUTE OF INFORMATION TECHNOLOGY,PVT,VISAKHAPATNAM,"VISAKHAPATNA
M",COED,JNTUV,CSE,11860.0,11860.0,44402.0,44402,124481.0,124481.0,16274.0,16274,20887.0,20887,12538.0,91361.0,13648.0,13648,50320.0,50320,16190.0,10943.0,52000
793,VIVP,VIGNANS INSTITUTE OF INFORMATION TECHNOLOGY,PVT,VISAKHAPATNAM,"VISAKHAPATNA
M",COED,JNTUV,ECE,24357.0,24357.0,104094.0,122862,169199.0,169199.0,39871.0,54461,37676.0,41161,131739.0,131739.0,36558.0,36558,98691.0,143751,33286.0,34018.0,52000
794,VIVP,VIGNANS INSTITUTE OF INFORMATION TECHNOLOGY,PVT,VISAKHAPATNAM,"VISAKHAPATNA
M",COED,JNTUV,ECM,26782.0,26782.0,146297.0,172802,142551.0,168806.0,52617.0,121345,85912.0,85912,26782.0,26782.0,41301.0,45934,54548.0,140440,52003.0,51378.0,52000
795,VIVP,VIGNANS INSTITUTE OF INFORMATION TECHNOLOGY,PVT,VISAKHAPATNAM,"VISAKHAPATNA
M",COED,JNTUV,EEE,58375.0,61318.0,167840.0,167840,64969.0,66863.0,103201.0,118661,122376.0,161591,91658.0,91658.0,72858.0,77429,104755.0,128033,84255.0,76428.0,52000
796,VIVP,VIGNANS INSTITUTE OF INFORMATION TECHNOLOGY,PVT,VISAKHAPATNAM,"VISAKHAPATNA
M",COED,JNTUV,INF,169131.0,169131.0,169131.0,169131,169131.0,169131.0,169131.0,169131,169131.0,169131,169131.0,169131.0,169131.0,169131,169131.0,169131,28184.0,33420.0,52000
797,VIVP,VIGNANS INSTITUTE OF INFORMATION TECHNOLOGY,PVT,VISAKHAPATNAM,"VISAKHAPATNA
M",COED,JNTUV,MEC,107872.0,168500.0,167970.0,168500,140598.0,168500.0,167032.0,168500,161284.0,168500,107872.0,168500.0,127034.0,168500,107872.0,168500,168084.0,114762.0,52000
798,VSPT,VISAKHA INST OF ENGG AND TECHNOLOGY,PVT,VISAKHAPATNAM,"VISAKHAPATNA
M",COED,JNTUV,CIV,127818.0,127818.0,127818.0,127818,171796.0,171796.0,127818.0,127818,127818.0,127818,127818.0,127818.0,127818.0,127818,127818.0,127818,999999.0,999999.0,35000
799,VSPT,VISAKHA INST OF ENGG AND TECHNOLOGY,PVT,VISAKHAPATNAM,"VISAKHAPATNA
M",COED,JNTUV,CSC,70394.0,70394.0,146297.0,146297,125300.0,125300.0,70394.0,91386,155008.0,155008,70394.0,70394.0,139119.0,148502,70394.0,160412,118556.0,122138.0,35000
800,VSPT,VISAKHA INST OF ENGG AND TECHNOLOGY,PVT,VISAKHAPATNAM,"VISAKHAPATNA
M",COED,JNTUV,CSD,169131.0,169163.0,169131.0,169163,173554.0,173554.0,169131.0,169163,169131.0,169163,999999.0,999999.0,169131.0,169163,169131.0,169163,137072.0,137072.0,35000
801,VSPT,VISAKHA INST OF ENGG AND TECHNOLOGY,PVT,VISAKHAPATNAM,"VISAKHAPATNA
M",COED,JNTUV,CSE,128542.0,128542.0,169836.0,173508,171003.0,171003.0,141267.0,150633,166876.0,166876,128542.0,128542.0,128542.0,142562,139427.0,139427,167781.0,140703.0,35000
802,VSPT,VISAKHA INST OF ENGG AND TECHNOLOGY,PVT,VISAKHAPATNAM,"VISAKHAPATNA
M",COED,JNTUV,CSM,49639.0,142091.0,129794.0,142091,49639.0,142091.0,135039.0,142091,137099.0,168146,49639.0,142091.0,145481.0,147829,150574.0,150574,155652.0,112104.0,35000
803,VSPT,VISAKHA INST OF ENGG AND TECHNOLOGY,PVT,VISAKHAPATNAM,"VISAKHAPATNA
M",COED,JNTUV,ECE,169131.0,169131.0,172865.0,172865,169131.0,169131.0,169131.0,169131,169131.0,169131,169131.0,169131.0,169131.0,169131,169163.0,169163,150507.0,169084.0,35000
804,VSPT,VISAKHA INST OF ENGG AND TECHNOLOGY,PVT,VISAKHAPATNAM,"VISAKHAPATNA
M",COED,JNTUV,EEE,169131.0,169163.0,173540.0,173540,173554.0,173554.0,169163.0,169163,169131.0,169163,999999.0,999999.0,169131.0,169163,169163.0,169163,999999.0,999999.0,35000
805,VSPT,VISAKHA INST OF ENGG AND TECHNOLOGY,PVT,VISAKHAPATNAM,"VISAKHAPATNA
M",COED,JNTUV,MEC,124940.0,124940.0,126337.0,126337,124940.0,172423.0,124940.0,124940,124940.0,124940,124940.0,124940.0,124940.0,124940,124940.0,124940,999999.0,999999.0,35000
806,WSTM,WELLFARE INST OF SCIENCE TECH AND MGMT,PVT,VISAKHAPATNAM,PINAGADI,COED,AU,CIV,100543.0,100543.0,146422.0,146422,100543.0,171846.0,100543.0,100543,168864.0,168864,100543.0,100543.0,100543.0,100543,100543.0,100543,999999.0,999999.0,35000
807,WSTM,WELLFARE INST OF SCIENCE TECH AND MGMT,PVT,VISAKHAPATNAM,PINAGADI,COED,AU,CSE,48158.0,51348.0,171242.0,171242,153398.0,171931.0,79376.0,82530,104002.0,104002,48158.0,51348.0,72012.0,72012,78100.0,122716,139745.0,77046.0,35000
808,WSTM,WELLFARE INST OF SCIENCE TECH AND MGMT,PVT,VISAKHAPATNAM,PINAGADI,COED,AU,ECE,90710.0,90710.0,121297.0,121297,126495.0,126495.0,109559.0,109559,166129.0,166129,90710.0,90710.0,112280.0,140322,132973.0,132973,143324.0,117788.0,35000
809,WSTM,WELLFARE INST OF SCIENCE TECH AND MGMT,PVT,VISAKHAPATNAM,PINAGADI,COED,AU,EEE,169131.0,169163.0,169131.0,169163,169131.0,169163.0,169131.0,169163,169131.0,169163,999999.0,999999.0,169131.0,169163,169163.0,169163,999999.0,999999.0,35000
810,WSTM,WELLFARE INST OF SCIENCE TECH AND MGMT,PVT,VISAKHAPATNAM,PINAGADI,COED,AU,MEC,167435.0,167435.0,167435.0,167435,167435.0,167435.0,167435.0,167435,167435.0,167435,167435.0,167435.0,167435.0,167435,167435.0,167435,57259.0,57259.0,35000
811,ARTB,AVANTHIS RESEARCH AND TECHNOLOGICAL ACADEMY,PVT,VIZIANAGARAM,BHOGAPURAM,COED,JNTUV,CSC,102310.0,143199.0,159996.0,159996,138639.0,143199.0,139784.0,143199,135365.0,155188,107418.0,143199.0,141838.0,143363,155640.0,155640,149378.0,149378.0,39300
812,ARTB,AVANTHIS RESEARCH AND TECHNOLOGICAL ACADEMY,PVT,VIZIANAGARAM,BHOGAPURAM,COED,JNTUV,CSE,56030.0,56030.0,134981.0,134981,77513.0,117251.0,119487.0,119487,159942.0,163789,56030.0,56030.0,92246.0,106536,107809.0,107809,161583.0,117668.0,39300
813,ARTB,AVANTHIS RESEARCH AND TECHNOLOGICAL ACADEMY,PVT,VIZIANAGARAM,BHOGAPURAM,COED,JNTUV,CSM,101571.0,101571.0,169776.0,172018,131836.0,131836.0,165313.0,165313,151018.0,163991,101571.0,101571.0,128831.0,128831,133020.0,133020,148416.0,162274.0,39300
814,ARTB,AVANTHIS RESEARCH AND TECHNOLOGICAL ACADEMY,PVT,VIZIANAGARAM,BHOGAPURAM,COED,JNTUV,ECE,149256.0,149256.0,151209.0,158203,149256.0,149256.0,154248.0,157328,149256.0,149256,149256.0,149256.0,161237.0,161237,164168.0,164168,126136.0,126136.0,39300
815,ARTB,AVANTHIS RESEARCH AND TECHNOLOGICAL ACADEMY,PVT,VIZIANAGARAM,BHOGAPURAM,COED,JNTUV,EEE,169131.0,169163.0,173540.0,173558,173554.0,173554.0,169131.0,169163,169131.0,169163,999999.0,999999.0,169131.0,169163,169163.0,169163,999999.0,999999.0,39300
816,ARTB,AVANTHIS RESEARCH AND TECHNOLOGICAL ACADEMY,PVT,VIZIANAGARAM,BHOGAPURAM,COED,JNTUV,MEC,169131.0,169163.0,173540.0,173558,173554.0,173554.0,169163.0,169163,169131.0,169163,999999.0,999999.0,169142.0,169163,169163.0,169163,999999.0,999999.0,39300
817,ASTC,AVANTHIS ST THERESSA INSTITUTE OF ENGG AND TECHNOLOGY,PVT,VIZIANAGARAM,CHEEPURUPALLI,COED,JNTUK,CSE,99241.0,100706.0,172984.0,172984,173402.0,173402.0,168450.0,168450,144614.0,144614,99241.0,100706.0,118454.0,164677,136947.0,136947,155789.0,139415.0,41000
818,ASTC,AVANTHIS ST THERESSA INSTITUTE OF ENGG AND TECHNOLOGY,PVT,VIZIANAGARAM,CHEEPURUPALLI,COED,JNTUK,CSM,138891.0,165193.0,163172.0,165193,140765.0,165193.0,138891.0,165193,151910.0,165193,152271.0,165193.0,164053.0,165193,159892.0,166686,62762.0,62762.0,41000
819,ASTC,AVANTHIS ST THERESSA INSTITUTE OF ENGG AND TECHNOLOGY,PVT,VIZIANAGARAM,CHEEPURUPALLI,COED,JNTUK,ECE,134749.0,166573.0,160727.0,172509,153756.0,166573.0,168224.0,168224,165707.0,166573,134749.0,166573.0,162017.0,166573,163719.0,166573,128086.0,102230.0,41000
820,ASTC,AVANTHIS ST THERESSA INSTITUTE OF ENGG AND TECHNOLOGY,PVT,VIZIANAGARAM,CHEEPURUPALLI,COED,JNTUK,EEE,169131.0,169163.0,173540.0,173558,169131.0,169163.0,169163.0,169163,169169.0,169169,999999.0,999999.0,169131.0,169163,169163.0,169163,999999.0,999999.0,41000
821,ASTC,AVANTHIS ST THERESSA INSTITUTE OF ENGG AND TECHNOLOGY,PVT,VIZIANAGARAM,CHEEPURUPALLI,COED,JNTUK,MEC,147427.0,147427.0,147427.0,147427,151947.0,151947.0,147427.0,147427,147427.0,147427,147427.0,147427.0,147427.0,147427,147427.0,147427,999999.0,999999.0,41000
822,AVEV,AVANTHI INST. OF ENGINEERING AND TECHNOLOGY,PVT,VIZIANAGARAM,BHOGAPURAM,COED,JNTUV,CSD,83765.0,83765.0,86659.0,86659,88604.0,88604.0,112214.0,118844,147945.0,147945,83765.0,83765.0,88788.0,88788,127841.0,127841,125802.0,130036.0,41500
823,AVEV,AVANTHI INST. OF ENGINEERING AND TECHNOLOGY,PVT,VIZIANAGARAM,BHOGAPURAM,COED,JNTUV,CSE,60853.0,60853.0,171438.0,173059,114620.0,114620.0,84089.0,84089,95548.0,108124,60853.0,60853.0,62168.0,71403,166418.0,166418,118811.0,111333.0,41500
824,AVEV,AVANTHI INST. OF ENGINEERING AND TECHNOLOGY,PVT,VIZIANAGARAM,BHOGAPURAM,COED,JNTUV,CSM,87777.0,87777.0,95843.0,154400,97136.0,97136.0,125161.0,125161,161491.0,163737,87777.0,88284.0,87777.0,87777,133635.0,133635,132828.0,162638.0,41500
825,AVEV,AVANTHI INST. OF ENGINEERING AND TECHNOLOGY,PVT,VIZIANAGARAM,BHOGAPURAM,COED,JNTUV,ECE,66272.0,66272.0,90829.0,93853,95548.0,173134.0,104722.0,115925,147983.0,156675,66272.0,66272.0,98967.0,98967,108409.0,130158,143538.0,143031.0,41500
826,AVEV,AVANTHI INST. OF ENGINEERING AND TECHNOLOGY,PVT,VIZIANAGARAM,BHOGAPURAM,COED,JNTUV,EEE,149399.0,149399.0,149399.0,163037,160798.0,162658.0,156210.0,156210,158651.0,158651,149399.0,149399.0,149399.0,163648,160059.0,160059,999999.0,999999.0,41500
827,AVEV,AVANTHI INST. OF ENGINEERING AND TECHNOLOGY,PVT,VIZIANAGARAM,BHOGAPURAM,COED,JNTUV,MEC,163084.0,163084.0,163084.0,165775,163084.0,168637.0,168864.0,168864,163084.0,163084,163084.0,163084.0,163084.0,163084,163084.0,163084,999999.0,999999.0,41500
828,AVNP,AVANTHI INST. OF PHARM. SCI.,PVT,VIZIANAGARAM,BHOGAPURAM,COED,JNTUV,PHD,169131.0,169163.0,173540.0,173558,173554.0,173554.0,169163.0,169163,169131.0,169163,999999.0,999999.0,169142.0,169163,169163.0,169163,999999.0,999999.0,47100
829,AVNP,AVANTHI INST. OF PHARM. SCI.,PVT,VIZIANAGARAM,BHOGAPURAM,COED,JNTUV,PHM,102015.0,102015.0,102015.0,102015,102015.0,102015.0,102015.0,102015,102015.0,102015,102015.0,102015.0,102015.0,102015,102015.0,102015,999999.0,999999.0,65000
830,GGIB,GOKUL GROUP OF INSTITUTIONS,PVT,VIZIANAGARAM,BOBBILI,COED,JNTUV,CSD,169131.0,169163.0,173540.0,173558,169131.0,169163.0,169163.0,169163,169169.0,169169,999999.0,999999.0,169142.0,169163,169163.0,169163,999999.0,999999.0,35000
831,GGIB,GOKUL GROUP OF INSTITUTIONS,PVT,VIZIANAGARAM,BOBBILI,COED,JNTUV,CSE,169131.0,169131.0,169131.0,169131,169131.0,169131.0,169163.0,169163,169131.0,169131,169131.0,169131.0,169131.0,169131,169131.0,169131,999999.0,999999.0,35000
832,GGIB,GOKUL GROUP OF INSTITUTIONS,PVT,VIZIANAGARAM,BOBBILI,COED,JNTUV,MEC,169131.0,169163.0,173540.0,173558,173554.0,173554.0,169163.0,169163,169169.0,169169,999999.0,999999.0,169131.0,169163,169163.0,169163,999999.0,999999.0,35000
833,JNTV,JNTUK COLLEGE OF ENGINEERING VIZIANAGARAM,UNIV,VIZIANAGARAM,VIZIANAGARAM,COED,JNTUV,CIV,39695.0,39695.0,95393.0,170094,57281.0,57281.0,39695.0,54263,102953.0,102953,39695.0,39695.0,39695.0,56112,50013.0,109041,114683.0,60789.0,10000
834,JNTV,JNTUK COLLEGE OF ENGINEERING VIZIANAGARAM,UNIV,VIZIANAGARAM,VIZIANAGARAM,COED,JNTUV,CSE,9602.0,9602.0,11676.0,12207,26358.0,26358.0,9602.0,9602,11508.0,11515,9602.0,29280.0,10286.0,10694,15258.0,52339,10553.0,15738.0,10000
835,JNTV,JNTUK COLLEGE OF ENGINEERING VIZIANAGARAM,UNIV,VIZIANAGARAM,VIZIANAGARAM,COED,JNTUV,ECE,18386.0,21564.0,30646.0,30646,61061.0,61061.0,24448.0,24448,24272.0,24662,20400.0,55463.0,20970.0,21564,31172.0,31172,15458.0,46786.0,10000
836,JNTV,JNTUK COLLEGE OF ENGINEERING VIZIANAGARAM,UNIV,VIZIANAGARAM,VIZIANAGARAM,COED,JNTUV,EEE,37905.0,37905.0,79332.0,112408,57571.0,70008.0,46162.0,71600,49394.0,49394,37905.0,37905.0,48494.0,51935,81403.0,114488,74180.0,133216.0,10000
837,JNTV,JNTUK COLLEGE OF ENGINEERING VIZIANAGARAM,UNIV,VIZIANAGARAM,VIZIANAGARAM,COED,JNTUV,INF,19217.0,19217.0,32303.0,32303,38922.0,39126.0,31882.0,31882,19262.0,36379,19217.0,19217.0,21439.0,21439,31661.0,31661,23557.0,19914.0,10000
838,JNTV,JNTUK COLLEGE OF ENGINEERING VIZIANAGARAM,UNIV,VIZIANAGARAM,VIZIANAGARAM,COED,JNTUV,MEC,29120.0,29120.0,100560.0,125043,63550.0,79143.0,67536.0,96913,97730.0,127096,29120.0,29120.0,61235.0,71959,29120.0,152642,134903.0,137014.0,10000
839,JNTV,JNTUK COLLEGE OF ENGINEERING VIZIANAGARAM,UNIV,VIZIANAGARAM,VIZIANAGARAM,COED,JNTUV,MET,39176.0,115787.0,171588.0,171588,173197.0,173197.0,150917.0,165807,164078.0,164078,126337.0,126337.0,93101.0,115787,39176.0,115787,999999.0,999999.0,10000
840,LIET,LENDI INST OF ENGG AND TECHNOLOGY,PVT,VIZIANAGARAM,VIZIANAGARAM,COED,JNTUV,CIT,32312.0,32312.0,172286.0,172286,32312.0,32332.0,68302.0,69796,51073.0,58553,32312.0,32312.0,36279.0,36279,66930.0,66930,39854.0,39725.0,35000
841,LIET,LENDI INST OF ENGG AND TECHNOLOGY,PVT,VIZIANAGARAM,VIZIANAGARAM,COED,JNTUV,CSE,13904.0,16633.0,89044.0,90761,166057.0,166057.0,44727.0,44727,30699.0,63797,63820.0,97201.0,26700.0,28301,156439.0,159717,25947.0,24132.0,35000
842,LIET,LENDI INST OF ENGG AND TECHNOLOGY,PVT,VIZIANAGARAM,VIZIANAGARAM,COED,JNTUV,CSS,27085.0,27085.0,123058.0,123058,35262.0,35262.0,57772.0,75326,55236.0,70920,27085.0,27085.0,38486.0,38486,74763.0,84089,46272.0,38637.0,35000
843,LIET,LENDI INST OF ENGG AND TECHNOLOGY,PVT,VIZIANAGARAM,VIZIANAGARAM,COED,JNTUV,ECE,31597.0,40638.0,173333.0,173333,145462.0,145462.0,60044.0,75318,62287.0,74524,37470.0,40638.0,43573.0,45545,117465.0,117465,47949.0,53958.0,35000
844,LIET,LENDI INST OF ENGG AND TECHNOLOGY,PVT,VIZIANAGARAM,VIZIANAGARAM,COED,JNTUV,EEE,75773.0,75773.0,77008.0,79526,75773.0,79705.0,95438.0,104206,131699.0,131699,75773.0,75773.0,78637.0,85060,105196.0,108434,149954.0,92863.0,35000
845,LIET,LENDI INST OF ENGG AND TECHNOLOGY,PVT,VIZIANAGARAM,VIZIANAGARAM,COED,JNTUV,MEC,112938.0,139374.0,135703.0,152976,146337.0,146337.0,138413.0,168998,168927.0,168927,112938.0,142694.0,138295.0,168247,154313.0,167893,149059.0,141370.0,35000
846,MHRJ,MAHARAJAHS COLLEGE PHARMACY,PVT,VIZIANAGARAM,VIZIANAGARAM,COED,AU,PHM,133718.0,133718.0,133718.0,133718,133718.0,133718.0,133718.0,133718,133718.0,133718,133718.0,133718.0,133718.0,133718,133718.0,133718,999999.0,999999.0,60000
847,MRCL,MIRACLE EDNL SOC GROUP OF INSTNS,PVT,VIZIANAGARAM,BHOGAPURAM,COED,JNTUV,AID,104691.0,115641.0,170107.0,170107,104691.0,127792.0,132995.0,132995,136301.0,144490,104691.0,115641.0,115086.0,133243,111946.0,115641,101746.0,103837.0,35000
848,MRCL,MIRACLE EDNL SOC GROUP OF INSTNS,PVT,VIZIANAGARAM,BHOGAPURAM,COED,JNTUV,CIV,169131.0,169163.0,169131.0,169163,169131.0,169163.0,169131.0,169163,169169.0,169169,999999.0,999999.0,169131.0,169163,169163.0,169163,999999.0,999999.0,35000
849,MRCL,MIRACLE EDNL SOC GROUP OF INSTNS,PVT,VIZIANAGARAM,BHOGAPURAM,COED,JNTUV,CSE,78416.0,78416.0,169340.0,169340,111693.0,111693.0,121194.0,121194,156414.0,158391,93032.0,93032.0,111214.0,111214,139132.0,139132,147520.0,132087.0,35000
850,MRCL,MIRACLE EDNL SOC GROUP OF INSTNS,PVT,VIZIANAGARAM,BHOGAPURAM,COED,JNTUV,ECE,107204.0,107204.0,124724.0,127151,107204.0,107204.0,152976.0,168563,134422.0,155069,107204.0,107204.0,128311.0,128311,161218.0,161218,166226.0,167454.0,35000
851,MRCL,MIRACLE EDNL SOC GROUP OF INSTNS,PVT,VIZIANAGARAM,BHOGAPURAM,COED,JNTUV,EEE,169131.0,169131.0,173540.0,173540,173554.0,173554.0,169131.0,169131,169131.0,169131,169131.0,169131.0,169131.0,169131,169163.0,169163,152692.0,152692.0,35000
852,MRCL,MIRACLE EDNL SOC GROUP OF INSTNS,PVT,VIZIANAGARAM,BHOGAPURAM,COED,JNTUV,MEC,132208.0,132208.0,171196.0,171196,136047.0,136047.0,167805.0,167805,132208.0,132208,132208.0,132208.0,155856.0,155856,132208.0,132208,999999.0,999999.0,35000
853,MVRG,M V G R COLLEGE OF ENGINEERNG,PVT,VIZIANAGARAM,VIZIANAGARAM,COED,JNTUV,CHE,88353.0,88353.0,106147.0,134252,107618.0,107618.0,109294.0,160835,119540.0,133248,88353.0,88353.0,88353.0,108527,88353.0,166277,83224.0,83224.0,67700
854,MVRG,M V G R COLLEGE OF ENGINEERNG,PVT,VIZIANAGARAM,VIZIANAGARAM,COED,JNTUV,CIC,17820.0,20408.0,25743.0,72232,28148.0,165488.0,43645.0,43645,33092.0,46566,26549.0,26549.0,28125.0,28125,98478.0,135406,21698.0,59103.0,67700
855,MVRG,M V G R COLLEGE OF ENGINEERNG,PVT,VIZIANAGARAM,VIZIANAGARAM,COED,JNTUV,CIT,18648.0,26885.0,144084.0,164949,173243.0,173243.0,27133.0,32447,45301.0,49839,18648.0,26885.0,30289.0,30289,40479.0,40479,23224.0,22808.0,67700
856,MVRG,M V G R COLLEGE OF ENGINEERNG,PVT,VIZIANAGARAM,VIZIANAGARAM,COED,JNTUV,CIV,72321.0,72321.0,163359.0,163359,83398.0,83398.0,85763.0,158025,147486.0,167371,72321.0,72321.0,72321.0,93785,72321.0,164201,148799.0,164906.0,67700
857,MVRG,M V G R COLLEGE OF ENGINEERNG,PVT,VIZIANAGARAM,VIZIANAGARAM,COED,JNTUV,CSD,169131.0,169131.0,169131.0,169131,169131.0,169131.0,169131.0,169131,169131.0,169131,169131.0,169131.0,169131.0,169131,169131.0,169131,19217.0,19465.0,67700
858,MVRG,M V G R COLLEGE OF ENGINEERNG,PVT,VIZIANAGARAM,VIZIANAGARAM,COED,JNTUV,CSE,13201.0,13536.0,55776.0,55776,63592.0,105496.0,15947.0,15947,16962.0,18714,18299.0,18299.0,14907.0,14907,33297.0,42078,13413.0,17118.0,67700
859,MVRG,M V G R COLLEGE OF ENGINEERNG,PVT,VIZIANAGARAM,VIZIANAGARAM,COED,JNTUV,CSM,13119.0,13119.0,139840.0,139840,100790.0,100790.0,20398.0,20398,26813.0,26813,13119.0,140896.0,20852.0,20852,13119.0,13119,17191.0,40891.0,67700
860,MVRG,M V G R COLLEGE OF ENGINEERNG,PVT,VIZIANAGARAM,VIZIANAGARAM,COED,JNTUV,ECE,11898.0,16966.0,107045.0,107045,148742.0,169342.0,36779.0,47718,46799.0,48398,11898.0,16966.0,28105.0,29358,135905.0,135905,54226.0,39725.0,67700
861,MVRG,M V G R COLLEGE OF ENGINEERNG,PVT,VIZIANAGARAM,VIZIANAGARAM,COED,JNTUV,EEE,169131.0,169131.0,169338.0,169338,172544.0,172544.0,169131.0,169131,169131.0,169131,169131.0,169131.0,169131.0,169131,169131.0,169131,73416.0,80935.0,67700
862,MVRG,M V G R COLLEGE OF ENGINEERNG,PVT,VIZIANAGARAM,VIZIANAGARAM,COED,JNTUV,INF,19657.0,19657.0,116819.0,123417,99824.0,167185.0,36570.0,36570,36413.0,55653,32927.0,32927.0,31651.0,31843,55848.0,55848,36944.0,57717.0,67700
863,MVRG,M V G R COLLEGE OF ENGINEERNG,PVT,VIZIANAGARAM,VIZIANAGARAM,COED,JNTUV,MEC,59204.0,112254.0,166226.0,166226,59204.0,114095.0,107959.0,158364,156618.0,156618,59204.0,112254.0,64997.0,115787,106312.0,155828,153588.0,135406.0,67700
864,SGVP,SATYA INST OF TECHNOLOGY AND MGMT,PVT,VIZIANAGARAM,VIZIANAGARAM,COED,JNTUV,AID,33079.0,33079.0,169385.0,170850,66100.0,66100.0,96289.0,108518,158540.0,158540,82801.0,82801.0,84627.0,84627,33079.0,112408,109024.0,91143.0,45600
865,SGVP,SATYA INST OF TECHNOLOGY AND MGMT,PVT,VIZIANAGARAM,VIZIANAGARAM,COED,JNTUV,CIV,143940.0,143940.0,161074.0,161074,143940.0,143940.0,148680.0,148680,157332.0,165721,143940.0,143940.0,155676.0,155676,143940.0,143940,999999.0,999999.0,45600
866,SGVP,SATYA INST OF TECHNOLOGY AND MGMT,PVT,VIZIANAGARAM,VIZIANAGARAM,COED,JNTUV,CSE,57496.0,57496.0,167541.0,167541,147074.0,168846.0,94741.0,97632,88767.0,151685,57496.0,57496.0,57496.0,63686,89546.0,112168,83040.0,84137.0,45600
867,SGVP,SATYA INST OF TECHNOLOGY AND MGMT,PVT,VIZIANAGARAM,VIZIANAGARAM,COED,JNTUV,ECE,69407.0,69407.0,98627.0,172502,74811.0,87748.0,97315.0,125236,115544.0,115544,69407.0,71928.0,81711.0,88291,118844.0,118844,128491.0,137571.0,45600
868,SGVP,SATYA INST OF TECHNOLOGY AND MGMT,PVT,VIZIANAGARAM,VIZIANAGARAM,COED,JNTUV,EEE,133075.0,133075.0,133935.0,141573,134364.0,134364.0,156288.0,156288,165625.0,165625,133075.0,133075.0,146650.0,146650,133075.0,133075,92928.0,92928.0,45600
869,SGVP,SATYA INST OF TECHNOLOGY AND MGMT,PVT,VIZIANAGARAM,VIZIANAGARAM,COED,JNTUV,MEC,100444.0,149378.0,159695.0,159695,128003.0,149378.0,132794.0,149618,160942.0,168784,156344.0,156344.0,163415.0,166371,159357.0,159357,135809.0,135809.0,45600
870,BVRM,BHIMAVARAM INST. OF ENGG. AND TECHNOLOGY,PVT,WEST GODAVARI,BHIMAVARAM,COED,JNTUK,CSE,84280.0,142420.0,171914.0,173080,149256.0,149256.0,161392.0,161392,151910.0,151910,134572.0,142420.0,136450.0,152579,155720.0,155720,119154.0,156032.0,35000
871,BVRM,BHIMAVARAM INST. OF ENGG. AND TECHNOLOGY,PVT,WEST GODAVARI,BHIMAVARAM,COED,JNTUK,CSM,156632.0,156632.0,158561.0,161171,156632.0,162387.0,167628.0,167628,161171.0,161171,156632.0,156632.0,162113.0,162113,156632.0,156632,168526.0,134804.0,35000
872,BVRM,BHIMAVARAM INST. OF ENGG. AND TECHNOLOGY,PVT,WEST GODAVARI,BHIMAVARAM,COED,JNTUK,ECE,169131.0,169131.0,169131.0,169131,173554.0,173554.0,169131.0,169131,169131.0,169131,169131.0,169131.0,169131.0,169131,169163.0,169163,153412.0,153412.0,35000
873,CRRE,SIR C R R COLLEGE OF ENGINEERING,PVT,WEST GODAVARI,ELURU,COED,JNTUK,AID,37405.0,47063.0,150246.0,155044,164865.0,172787.0,60031.0,60031,98161.0,143436,37405.0,47063.0,55198.0,62942,48312.0,48312,47962.0,35730.0,51200
874,CRRE,SIR C R R COLLEGE OF ENGINEERING,PVT,WEST GODAVARI,ELURU,COED,JNTUK,CIV,110892.0,154806.0,171534.0,171534,110892.0,154806.0,110892.0,154806,110892.0,154806,110892.0,154806.0,163996.0,163996,110892.0,154806,142692.0,142692.0,51200
875,CRRE,SIR C R R COLLEGE OF ENGINEERING,PVT,WEST GODAVARI,ELURU,COED,JNTUK,CSE,28497.0,28497.0,71446.0,71446,129486.0,146728.0,48745.0,49271,57405.0,70107,47580.0,47580.0,37086.0,39121,73249.0,87138,38400.0,47226.0,51200
876,CRRE,SIR C R R COLLEGE OF ENGINEERING,PVT,WEST GODAVARI,ELURU,COED,JNTUK,CSM,35531.0,47889.0,147922.0,147922,152636.0,152636.0,120400.0,120400,49758.0,49758,153866.0,153866.0,36253.0,85341,91595.0,91595,45518.0,30542.0,51200
877,CRRE,SIR C R R COLLEGE OF ENGINEERING,PVT,WEST GODAVARI,ELURU,COED,JNTUK,ECE,46070.0,61558.0,172208.0,172208,172228.0,172228.0,140473.0,140473,92604.0,121502,62994.0,65655.0,69023.0,75408,152592.0,152592,91175.0,98548.0,51200
878,CRRE,SIR C R R COLLEGE OF ENGINEERING,PVT,WEST GODAVARI,ELURU,COED,JNTUK,EEE,153502.0,153502.0,172531.0,172915,153502.0,153502.0,153502.0,167079,153502.0,160322,153502.0,153502.0,153502.0,161402,153502.0,153502,159407.0,153133.0,51200
879,CRRE,SIR C R R COLLEGE OF ENGINEERING,PVT,WEST GODAVARI,ELURU,COED,JNTUK,INF,42346.0,43060.0,122676.0,146728,142020.0,149461.0,75583.0,94146,102970.0,102970,42346.0,43060.0,56443.0,62431,139676.0,139676,53921.0,54241.0,51200
880,CRRE,SIR C R R COLLEGE OF ENGINEERING,PVT,WEST GODAVARI,ELURU,COED,JNTUK,MEC,115641.0,115641.0,172693.0,172693,115641.0,160843.0,115641.0,115641,129252.0,129252,163415.0,163415.0,164243.0,164243,115641.0,115641,80283.0,80283.0,51200
881,CRRP,SIR C.R.REDDY COLLEGE OF PHARMACY,PVT,WEST GODAVARI,ELURU,COED,AU,PHM,118813.0,118813.0,118813.0,118813,118813.0,118813.0,118813.0,118813,118813.0,118813,118813.0,118813.0,118813.0,118813,118813.0,118813,999999.0,999999.0,39700
882,DNRE,DNR COLLEGE OF ENGG AND TECH,PVT,WEST GODAVARI,BHIMAVARAM,COED,JNTUK,AID,138301.0,138301.0,141311.0,141311,140685.0,140685.0,167526.0,167526,142091.0,167095,138301.0,138301.0,143509.0,143509,163444.0,163444,148308.0,129637.0,35000
883,DNRE,DNR COLLEGE OF ENGG AND TECH,PVT,WEST GODAVARI,BHIMAVARAM,COED,JNTUK,CIV,63617.0,63617.0,163831.0,163831,63617.0,63617.0,63617.0,63617,63617.0,160931,63617.0,63617.0,63617.0,63617,63617.0,148371,999999.0,999999.0,35000
884,DNRE,DNR COLLEGE OF ENGG AND TECH,PVT,WEST GODAVARI,BHIMAVARAM,COED,JNTUK,CSE,93853.0,121779.0,169333.0,169722,172110.0,172110.0,102310.0,161146,113734.0,146352,93853.0,121779.0,120063.0,121779,118094.0,121779,129952.0,127632.0,35000
885,DNRE,DNR COLLEGE OF ENGG AND TECH,PVT,WEST GODAVARI,BHIMAVARAM,COED,JNTUK,CSM,132949.0,132949.0,136155.0,150553,142551.0,142551.0,156891.0,156891,162203.0,165954,132949.0,132949.0,153014.0,153014,166027.0,166027,134435.0,118965.0,35000
886,DNRE,DNR COLLEGE OF ENGG AND TECH,PVT,WEST GODAVARI,BHIMAVARAM,COED,JNTUK,ECE,119526.0,164719.0,168784.0,168784,150900.0,164719.0,159845.0,164719,159283.0,164719,125569.0,164719.0,163311.0,165344,163464.0,164719,130976.0,130966.0,35000
887,DNRE,DNR COLLEGE OF ENGG AND TECH,PVT,WEST GODAVARI,BHIMAVARAM,COED,JNTUK,EEE,169131.0,169163.0,169131.0,169163,169131.0,169163.0,169131.0,169163,169169.0,169169,999999.0,999999.0,169142.0,169163,169163.0,169163,999999.0,999999.0,35000
888,DNRE,DNR COLLEGE OF ENGG AND TECH,PVT,WEST GODAVARI,BHIMAVARAM,COED,JNTUK,MEC,119201.0,119201.0,119201.0,119201,119201.0,119201.0,119201.0,119201,119201.0,119201,119201.0,119201.0,119201.0,152886,119201.0,119201,999999.0,999999.0,35000
889,ELRU,ELURU COLLEGE OF ENGG AND TECHNOLOGY,PVT,WEST GODAVARI,ELURU,COED,JNTUK,AID,57772.0,57772.0,171926.0,171926,96285.0,96285.0,106560.0,147635,159185.0,159185,57772.0,57772.0,123577.0,123577,152953.0,156195,117265.0,88957.0,35000
890,ELRU,ELURU COLLEGE OF ENGG AND TECHNOLOGY,PVT,WEST GODAVARI,ELURU,COED,JNTUK,CSD,112567.0,112567.0,172507.0,172507,114268.0,114268.0,158007.0,160496,144948.0,144948,112567.0,112567.0,135484.0,135484,168827.0,168827,116323.0,116078.0,35000
891,ELRU,ELURU COLLEGE OF ENGG AND TECHNOLOGY,PVT,WEST GODAVARI,ELURU,COED,JNTUK,CSE,71483.0,71483.0,172746.0,172746,169464.0,171298.0,128499.0,128499,111150.0,111150,71483.0,71483.0,92219.0,92219,145894.0,145894,90376.0,95827.0,35000
892,ELRU,ELURU COLLEGE OF ENGG AND TECHNOLOGY,PVT,WEST GODAVARI,ELURU,COED,JNTUK,ECE,126648.0,126648.0,172983.0,172983,136688.0,136688.0,168943.0,168943,163110.0,163110,165021.0,165021.0,144902.0,146102,160973.0,160973,153069.0,150704.0,35000
893,ELRU,ELURU COLLEGE OF ENGG AND TECHNOLOGY,PVT,WEST GODAVARI,ELURU,COED,JNTUK,EEE,150246.0,150246.0,152915.0,152915,150246.0,150246.0,165950.0,166011,150246.0,150246,150246.0,150246.0,150246.0,160896,150246.0,150246,999999.0,999999.0,35000
894,ELRU,ELURU COLLEGE OF ENGG AND TECHNOLOGY,PVT,WEST GODAVARI,ELURU,COED,JNTUK,MEC,165301.0,165301.0,165301.0,165301,165301.0,165301.0,165301.0,165301,165301.0,165301,165301.0,165301.0,165301.0,165301,165301.0,165301,999999.0,999999.0,35000
895,HITE,HELAPURI INST OF TECH AND SCIENCE,PVT,WEST GODAVARI,ELURU,COED,JNTUK,CIV,169131.0,169131.0,173540.0,173540,173554.0,173554.0,169163.0,169163,169169.0,169169,169131.0,169131.0,169142.0,169142,169163.0,169163,999999.0,999999.0,35000
896,HITE,HELAPURI INST OF TECH AND SCIENCE,PVT,WEST GODAVARI,ELURU,COED,JNTUK,CSE,130263.0,130263.0,169980.0,169980,160353.0,172574.0,170924.0,170924,172741.0,172741,130263.0,130263.0,173515.0,173515,145767.0,168886,125726.0,125726.0,35000
897,HITE,HELAPURI INST OF TECH AND SCIENCE,PVT,WEST GODAVARI,ELURU,COED,JNTUK,ECE,104533.0,104533.0,172948.0,172948,173344.0,173344.0,135356.0,135356,121161.0,121161,104533.0,104533.0,104533.0,104533,171766.0,171766,999999.0,999999.0,35000
898,HITE,HELAPURI INST OF TECH AND SCIENCE,PVT,WEST GODAVARI,ELURU,COED,JNTUK,MEC,87899.0,87899.0,87899.0,173152,87899.0,87899.0,87899.0,87899,87899.0,87899,87899.0,87899.0,87899.0,87899,87899.0,87899,999999.0,999999.0,35000
899,NOVA,NOVA COLLEGE OF ENGG. AND TECHNOLOGY,PVT,WEST GODAVARI,"JANGAREDDYG
UDEM",COED,JNTUK,CSE,169131.0,169131.0,173540.0,173540,173554.0,173554.0,169163.0,169163,169169.0,169169,169131.0,169131.0,169142.0,169142,169163.0,169163,999999.0,999999.0,35000
900,RCEE,RAMACHANDRA COLLEGE OF ENGINEERING,PVT,WEST GODAVARI,ELURU,COED,JNTUK,AID,37942.0,37942.0,125910.0,125910,135136.0,135136.0,60838.0,60838,57775.0,74893,37942.0,87450.0,82144.0,82144,90986.0,90986,45069.0,40697.0,45900
901,RCEE,RAMACHANDRA COLLEGE OF ENGINEERING,PVT,WEST GODAVARI,ELURU,COED,JNTUK,CIV,145606.0,145606.0,146402.0,160732,145606.0,145606.0,167758.0,167758,155499.0,164516,145606.0,145606.0,158666.0,158666,145606.0,155008,142200.0,155810.0,45900
902,RCEE,RAMACHANDRA COLLEGE OF ENGINEERING,PVT,WEST GODAVARI,ELURU,COED,JNTUK,CSC,50795.0,54561.0,168976.0,169677,172159.0,173522.0,143302.0,143302,76129.0,77229,50795.0,54561.0,69909.0,69909,96148.0,96148,61257.0,72615.0,45900
903,RCEE,RAMACHANDRA COLLEGE OF ENGINEERING,PVT,WEST GODAVARI,ELURU,COED,JNTUK,CSE,37260.0,39357.0,108192.0,108192,150447.0,150447.0,54399.0,54399,68572.0,70028,114268.0,114268.0,67063.0,67063,92424.0,111284,56390.0,52678.0,45900
904,RCEE,RAMACHANDRA COLLEGE OF ENGINEERING,PVT,WEST GODAVARI,ELURU,COED,JNTUK,CSM,47015.0,47015.0,145812.0,170568,166331.0,166331.0,106854.0,106854,77020.0,77079,153949.0,153949.0,67886.0,67886,103877.0,129547,61954.0,56795.0,45900
905,RCEE,RAMACHANDRA COLLEGE OF ENGINEERING,PVT,WEST GODAVARI,ELURU,COED,JNTUK,CSO,61901.0,65827.0,78499.0,171431,68625.0,68625.0,89304.0,124592,85199.0,88273,61901.0,65827.0,74646.0,74646,102358.0,102358,58093.0,62858.0,45900
906,RCEE,RAMACHANDRA COLLEGE OF ENGINEERING,PVT,WEST GODAVARI,ELURU,COED,JNTUK,ECE,76262.0,79706.0,172826.0,172826,146874.0,146874.0,116840.0,116840,106791.0,106791,76262.0,150729.0,78302.0,87235,118917.0,151703,84038.0,82535.0,45900
907,RCEE,RAMACHANDRA COLLEGE OF ENGINEERING,PVT,WEST GODAVARI,ELURU,COED,JNTUK,EEE,97730.0,110630.0,170041.0,171563,106800.0,110630.0,137221.0,163444,131721.0,140254,102788.0,110630.0,105699.0,110630,97730.0,144885,167749.0,108641.0,45900
908,RCEE,RAMACHANDRA COLLEGE OF ENGINEERING,PVT,WEST GODAVARI,ELURU,COED,JNTUK,MEC,169131.0,169131.0,169131.0,169131,169131.0,169131.0,169131.0,169131,169131.0,169131,169131.0,169131.0,169131.0,169131,169131.0,169131,166061.0,166061.0,45900
909,SASI,SASI INSTITUTE OF TECHNOLOGY AND ENGINEERING,PVT,WEST GODAVARI,"TADEPALLIGUDE
M",COED,JNTUK,AIM,49241.0,49241.0,170242.0,170242,53273.0,53273.0,132875.0,132875,91809.0,91809,49241.0,49241.0,55769.0,68354,69105.0,69105,35558.0,65050.0,45700
910,SASI,SASI INSTITUTE OF TECHNOLOGY AND ENGINEERING,PVT,WEST GODAVARI,"TADEPALLIGUDE
M",COED,JNTUK,CIC,64778.0,64778.0,64778.0,67861,64778.0,67919.0,166262.0,166262,93591.0,107888,64778.0,64778.0,82398.0,92415,162364.0,162364,66355.0,61034.0,45700
911,SASI,SASI INSTITUTE OF TECHNOLOGY AND ENGINEERING,PVT,WEST GODAVARI,"TADEPALLIGUDE
M",COED,JNTUK,CIV,142631.0,142631.0,148007.0,148007,142631.0,142631.0,142631.0,142631,147760.0,147760,142631.0,142631.0,142631.0,159377,142631.0,151577,133189.0,132883.0,45700
912,SASI,SASI INSTITUTE OF TECHNOLOGY AND ENGINEERING,PVT,WEST GODAVARI,"TADEPALLIGUDE
M",COED,JNTUK,CSD,52103.0,60526.0,160374.0,160374,56074.0,60526.0,58877.0,61619,77598.0,77598,52103.0,60526.0,57280.0,78990,137357.0,137357,58005.0,37957.0,45700
913,SASI,SASI INSTITUTE OF TECHNOLOGY AND ENGINEERING,PVT,WEST GODAVARI,"TADEPALLIGUDE
M",COED,JNTUK,CSE,26807.0,27808.0,88663.0,116002,99703.0,105320.0,60024.0,60483,45069.0,61248,104696.0,104696.0,40441.0,40441,65127.0,94197,32868.0,28516.0,45700
914,SASI,SASI INSTITUTE OF TECHNOLOGY AND ENGINEERING,PVT,WEST GODAVARI,"TADEPALLIGUDE
M",COED,JNTUK,CSM,50046.0,56329.0,50386.0,56329,51521.0,56329.0,84089.0,117030,77013.0,77284,50046.0,74802.0,51073.0,75365,97358.0,97358,58279.0,56474.0,45700
915,SASI,SASI INSTITUTE OF TECHNOLOGY AND ENGINEERING,PVT,WEST GODAVARI,"TADEPALLIGUDE
M",COED,JNTUK,CST,41640.0,41640.0,171839.0,171839,41640.0,41640.0,95176.0,95176,76754.0,98106,41640.0,41640.0,56939.0,56939,104267.0,104267,41034.0,50320.0,45700
916,SASI,SASI INSTITUTE OF TECHNOLOGY AND ENGINEERING,PVT,WEST GODAVARI,"TADEPALLIGUDE
M",COED,JNTUK,ECE,59150.0,60377.0,172295.0,172295,149299.0,149299.0,85808.0,117015,88485.0,97069,65902.0,66893.0,89405.0,89405,166661.0,166661,59083.0,70610.0,45700
917,SASI,SASI INSTITUTE OF TECHNOLOGY AND ENGINEERING,PVT,WEST GODAVARI,"TADEPALLIGUDE
M",COED,JNTUK,ECT,76716.0,76716.0,170305.0,170305,78302.0,78302.0,111962.0,149856,102277.0,109831,76716.0,76716.0,94887.0,107805,85494.0,85494,79590.0,72964.0,45700
918,SASI,SASI INSTITUTE OF TECHNOLOGY AND ENGINEERING,PVT,WEST GODAVARI,"TADEPALLIGUDE
M",COED,JNTUK,EEE,117131.0,117131.0,117131.0,117131,117131.0,117131.0,168132.0,168132,169099.0,169099,147805.0,147805.0,157817.0,157817,161789.0,161789,118750.0,97268.0,45700
919,SASI,SASI INSTITUTE OF TECHNOLOGY AND ENGINEERING,PVT,WEST GODAVARI,"TADEPALLIGUDE
M",COED,JNTUK,INF,32618.0,47752.0,157484.0,157484,32618.0,170393.0,91658.0,91658,66548.0,69699,32618.0,47752.0,62053.0,62053,123216.0,123216,39556.0,69365.0,45700
920,SASI,SASI INSTITUTE OF TECHNOLOGY AND ENGINEERING,PVT,WEST GODAVARI,"TADEPALLIGUDE
M",COED,JNTUK,MEC,147000.0,147000.0,157053.0,157053,152746.0,152746.0,167435.0,167435,166528.0,166528,147000.0,147000.0,147000.0,147000,147000.0,147000,114014.0,114014.0,45700
921,SCPB,SRI VISHNU COLLEGE OF PHARMACY,PVT,WEST GODAVARI,BHIMAVARAM,COED,AU,PHD,125997.0,125997.0,125997.0,125997,125997.0,125997.0,125997.0,125997,125997.0,125997,125997.0,125997.0,125997.0,125997,125997.0,125997,999999.0,999999.0,60300
922,SCPB,SRI VISHNU COLLEGE OF PHARMACY,PVT,WEST GODAVARI,BHIMAVARAM,COED,AU,PHM,169131.0,169131.0,173540.0,173540,173554.0,173554.0,169163.0,169163,169169.0,169169,169131.0,169131.0,169142.0,169142,169163.0,169163,999999.0,999999.0,60300
923,SRKR,S R K R ENGINEERING COLLEGE,PVT,WEST GODAVARI,BHIMAVARAM,COED,JNTUK,AID,13237.0,19938.0,49455.0,119686,64290.0,114584.0,30068.0,63257,19073.0,19938,13237.0,29388.0,30311.0,30311,29666.0,115235,19304.0,15415.0,70000
924,SRKR,S R K R ENGINEERING COLLEGE,PVT,WEST GODAVARI,BHIMAVARAM,COED,JNTUK,AIM,15634.0,17450.0,55665.0,110765,111157.0,111157.0,34562.0,34562,18275.0,26451,15634.0,17450.0,22637.0,22637,38025.0,105543,19419.0,15773.0,70000
925,SRKR,S R K R ENGINEERING COLLEGE,PVT,WEST GODAVARI,BHIMAVARAM,COED,JNTUK,CIC,18439.0,20776.0,78917.0,120527,18928.0,134696.0,46249.0,46249,23396.0,35047,18439.0,20776.0,18439.0,22009,43010.0,43010,20271.0,21580.0,70000
926,SRKR,S R K R ENGINEERING COLLEGE,PVT,WEST GODAVARI,BHIMAVARAM,COED,JNTUK,CIV,108029.0,108029.0,172301.0,172301,112086.0,143702.0,144730.0,144730,139616.0,139616,159326.0,166612.0,108029.0,166086,154741.0,156157,117627.0,87741.0,70000
927,SRKR,S R K R ENGINEERING COLLEGE,PVT,WEST GODAVARI,BHIMAVARAM,COED,JNTUK,CSB,21382.0,21382.0,81088.0,81088,85169.0,116592.0,38552.0,54868,31902.0,37041,21382.0,21382.0,36214.0,36214,43969.0,43969,25027.0,26484.0,70000
928,SRKR,S R K R ENGINEERING COLLEGE,PVT,WEST GODAVARI,BHIMAVARAM,COED,JNTUK,CSE,9017.0,10698.0,28212.0,30805,97437.0,100535.0,9912.0,13511,9502.0,13226,9017.0,25258.0,9017.0,10698,17715.0,20622,9752.0,7771.0,70000
929,SRKR,S R K R ENGINEERING COLLEGE,PVT,WEST GODAVARI,BHIMAVARAM,COED,JNTUK,CSG,16439.0,20269.0,94989.0,132556,108495.0,139011.0,58185.0,58185,33238.0,38073,69253.0,69253.0,22670.0,22670,54140.0,54140,27466.0,29299.0,70000
930,SRKR,S R K R ENGINEERING COLLEGE,PVT,WEST GODAVARI,BHIMAVARAM,COED,JNTUK,ECE,21598.0,21598.0,69725.0,72615,171208.0,171208.0,41129.0,74834,33556.0,33556,21598.0,65743.0,36123.0,45144,61870.0,61870,27170.0,20415.0,70000
931,SRKR,S R K R ENGINEERING COLLEGE,PVT,WEST GODAVARI,BHIMAVARAM,COED,JNTUK,EEE,49497.0,49497.0,125481.0,171844,149378.0,170368.0,114113.0,114113,72775.0,87336,52148.0,52148.0,53559.0,53559,115994.0,152010,54142.0,31306.0,70000
932,SRKR,S R K R ENGINEERING COLLEGE,PVT,WEST GODAVARI,BHIMAVARAM,COED,JNTUK,INF,16181.0,16181.0,66882.0,66882,170169.0,170169.0,31295.0,31295,22828.0,22828,37317.0,37317.0,30603.0,30603,49565.0,56700,18363.0,14002.0,70000
933,SRKR,S R K R ENGINEERING COLLEGE,PVT,WEST GODAVARI,BHIMAVARAM,COED,JNTUK,MEC,86476.0,123893.0,170063.0,170928,86476.0,149095.0,159144.0,169045,138131.0,156314,89327.0,123893.0,98025.0,167082,161961.0,167362,102750.0,129723.0,70000
934,SWRN,SWARNANDHRA COLL. OF ENGG AND TECHNOLOGY,PVT,WEST GODAVARI,NARSAPURAM,COED,JNTUK,AID,68024.0,75190.0,162773.0,162773,72767.0,75190.0,106134.0,106134,93352.0,95586,68024.0,113308.0,104190.0,111067,96321.0,96321,63737.0,73698.0,35000
935,SWRN,SWARNANDHRA COLL. OF ENGG AND TECHNOLOGY,PVT,WEST GODAVARI,NARSAPURAM,COED,JNTUK,AIM,73628.0,73628.0,120284.0,165884,73857.0,135290.0,142219.0,142219,94534.0,94534,96024.0,96024.0,77819.0,109116,73628.0,167164,72643.0,73765.0,35000
936,SWRN,SWARNANDHRA COLL. OF ENGG AND TECHNOLOGY,PVT,WEST GODAVARI,NARSAPURAM,COED,JNTUK,CIV,144054.0,144054.0,162968.0,162968,159249.0,165344.0,165448.0,168563,168396.0,168396,144054.0,144054.0,149181.0,149181,144054.0,144054,145985.0,112149.0,35000
937,SWRN,SWARNANDHRA COLL. OF ENGG AND TECHNOLOGY,PVT,WEST GODAVARI,NARSAPURAM,COED,JNTUK,CSC,71397.0,71397.0,168976.0,168976,164429.0,164429.0,111849.0,152810,90531.0,115641,71397.0,71397.0,108709.0,113596,113706.0,113706,54844.0,60068.0,35000
938,SWRN,SWARNANDHRA COLL. OF ENGG AND TECHNOLOGY,PVT,WEST GODAVARI,NARSAPURAM,COED,JNTUK,CSD,62336.0,62825.0,133243.0,159987,64711.0,64711.0,167749.0,167749,84551.0,84551,75401.0,75401.0,69208.0,69208,151860.0,151860,65304.0,70028.0,35000
939,SWRN,SWARNANDHRA COLL. OF ENGG AND TECHNOLOGY,PVT,WEST GODAVARI,NARSAPURAM,COED,JNTUK,CSE,43991.0,48448.0,140039.0,140039,152123.0,152123.0,78718.0,78718,56630.0,56630,44276.0,128003.0,60202.0,69408,152425.0,152425,40942.0,39768.0,35000
940,SWRN,SWARNANDHRA COLL. OF ENGG AND TECHNOLOGY,PVT,WEST GODAVARI,NARSAPURAM,COED,JNTUK,CSEB,86573.0,86573.0,89902.0,89902,90409.0,90409.0,153616.0,153616,116660.0,116660,86573.0,86573.0,111293.0,157283,128553.0,128553,85523.0,68461.0,35000
941,SWRN,SWARNANDHRA COLL. OF ENGG AND TECHNOLOGY,PVT,WEST GODAVARI,NARSAPURAM,COED,JNTUK,ECE,87073.0,92928.0,170286.0,170938,169814.0,169814.0,162989.0,162989,103977.0,104443,135240.0,135240.0,128677.0,128677,160067.0,167020,92389.0,88377.0,35000
942,SWRN,SWARNANDHRA COLL. OF ENGG AND TECHNOLOGY,PVT,WEST GODAVARI,NARSAPURAM,COED,JNTUK,EEE,132704.0,148202.0,132704.0,148202,132704.0,148202.0,157729.0,167232,160363.0,160363,132704.0,148202.0,145235.0,148202,142814.0,148202,152380.0,95903.0,35000
943,SWRN,SWARNANDHRA COLL. OF ENGG AND TECHNOLOGY,PVT,WEST GODAVARI,NARSAPURAM,COED,JNTUK,INF,58235.0,58235.0,171888.0,171888,58235.0,58235.0,98359.0,140788,71428.0,71428,58235.0,58235.0,69355.0,124608,75816.0,164154,62330.0,48651.0,35000
944,SWRN,SWARNANDHRA COLL. OF ENGG AND TECHNOLOGY,PVT,WEST GODAVARI,NARSAPURAM,COED,JNTUK,MEC,158000.0,158000.0,164406.0,164406,165344.0,165344.0,167919.0,167919,165255.0,165255,169131.0,169131.0,158000.0,158000,158000.0,161262,145977.0,149811.0,35000
945,SWRN,SWARNANDHRA COLL. OF ENGG AND TECHNOLOGY,PVT,WEST GODAVARI,NARSAPURAM,COED,JNTUK,RBT,105320.0,105320.0,105320.0,131136,105320.0,129743.0,166167.0,166167,131784.0,131784,105320.0,105320.0,160558.0,160558,105320.0,105320,126154.0,145797.0,35000
946,VISW,SHRI VISHNU ENGG. COLLEGE FOR WOMEN,PVT,WEST GODAVARI,BHIMAVARAM,GIRLS,JNTUK,CAD,9686.0,9686.0,156333.0,156333,153965.0,153965.0,37090.0,37090,20622.0,20622,25681.0,25681.0,13554.0,13554,123158.0,123158,9880.0,9880.0,70000
947,VISW,SHRI VISHNU ENGG. COLLEGE FOR WOMEN,PVT,WEST GODAVARI,BHIMAVARAM,GIRLS,JNTUK,CIV,86113.0,86113.0,165738.0,165738,119266.0,119266.0,109588.0,109588,132664.0,132664,999999.0,999999.0,156989.0,156989,133148.0,133148,139321.0,139321.0,70000
948,VISW,SHRI VISHNU ENGG. COLLEGE FOR WOMEN,PVT,WEST GODAVARI,BHIMAVARAM,GIRLS,JNTUK,CSC,13506.0,13506.0,123350.0,123350,139388.0,139388.0,53381.0,53381,26097.0,26097,999999.0,999999.0,19359.0,19359,73327.0,73327,11089.0,11089.0,70000
949,VISW,SHRI VISHNU ENGG. COLLEGE FOR WOMEN,PVT,WEST GODAVARI,BHIMAVARAM,GIRLS,JNTUK,CSE,6223.0,6223.0,24878.0,24878,71899.0,71899.0,11819.0,11819,7438.0,7438,6359.0,6359.0,7332.0,7332,15813.0,15813,6289.0,6289.0,70000
950,VISW,SHRI VISHNU ENGG. COLLEGE FOR WOMEN,PVT,WEST GODAVARI,BHIMAVARAM,GIRLS,JNTUK,CSM,13501.0,13501.0,73937.0,73937,93101.0,93101.0,24823.0,24823,17275.0,17275,74565.0,74565.0,17089.0,17089,58508.0,58508,14604.0,14604.0,70000
951,VISW,SHRI VISHNU ENGG. COLLEGE FOR WOMEN,PVT,WEST GODAVARI,BHIMAVARAM,GIRLS,JNTUK,ECE,19795.0,19795.0,86291.0,86291,169456.0,169456.0,46622.0,46622,30343.0,30343,21414.0,21414.0,27238.0,27238,61853.0,61853,21621.0,21621.0,70000
952,VISW,SHRI VISHNU ENGG. COLLEGE FOR WOMEN,PVT,WEST GODAVARI,BHIMAVARAM,GIRLS,JNTUK,EEE,45706.0,45706.0,170796.0,170796,45706.0,45706.0,70684.0,70684,53065.0,53065,999999.0,999999.0,49964.0,49964,144301.0,144301,48521.0,48521.0,70000
953,VISW,SHRI VISHNU ENGG. COLLEGE FOR WOMEN,PVT,WEST GODAVARI,BHIMAVARAM,GIRLS,JNTUK,INF,15135.0,15135.0,64018.0,64018,146808.0,146808.0,26678.0,26678,20176.0,20176,52678.0,52678.0,19676.0,19676,39544.0,39544,16833.0,16833.0,70000
954,VISW,SHRI VISHNU ENGG. COLLEGE FOR WOMEN,PVT,WEST GODAVARI,BHIMAVARAM,GIRLS,JNTUK,MEC,50483.0,50483.0,156596.0,156596,89159.0,89159.0,136660.0,136660,139355.0,139355,999999.0,999999.0,112802.0,112802,168160.0,168160,116285.0,116285.0,70000
955,VITB,VISHNU GRP OF INSTNS - VISHNU INST OF TECHNOLOGY,PVT,WEST GODAVARI,BHIMAVARAM,COED,JNTUK,CAD,12091.0,16013.0,52080.0,53286,165839.0,165839.0,33184.0,51646,18771.0,18771,12091.0,16013.0,12091.0,16013,25568.0,25568,16692.0,19926.0,60000
956,VITB,VISHNU GRP OF INSTNS - VISHNU INST OF TECHNOLOGY,PVT,WEST GODAVARI,BHIMAVARAM,COED,JNTUK,CIV,84304.0,84400.0,173076.0,173076,112067.0,129815.0,113225.0,113225,142489.0,147264,133310.0,133310.0,117872.0,133635,116186.0,116186,118453.0,81811.0,60000
957,VITB,VISHNU GRP OF INSTNS - VISHNU INST OF TECHNOLOGY,PVT,WEST GODAVARI,BHIMAVARAM,COED,JNTUK,CSB,14963.0,22552.0,67787.0,109460,76671.0,122624.0,32758.0,39076,37643.0,37643,74715.0,74715.0,29442.0,29442,42102.0,42102,18658.0,22666.0,60000
958,VITB,VISHNU GRP OF INSTNS - VISHNU INST OF TECHNOLOGY,PVT,WEST GODAVARI,BHIMAVARAM,COED,JNTUK,CSE,8396.0,11157.0,20711.0,30069,57921.0,135555.0,12304.0,13290,11604.0,12627,15903.0,15903.0,8396.0,11157,14566.0,21661,10933.0,11593.0,60000
959,VITB,VISHNU GRP OF INSTNS - VISHNU INST OF TECHNOLOGY,PVT,WEST GODAVARI,BHIMAVARAM,COED,JNTUK,CSM,14784.0,14784.0,41638.0,82345,166824.0,166824.0,26453.0,26453,18856.0,20189,14784.0,14784.0,16683.0,18610,24994.0,83536,16016.0,9333.0,60000
960,VITB,VISHNU GRP OF INSTNS - VISHNU INST OF TECHNOLOGY,PVT,WEST GODAVARI,BHIMAVARAM,COED,JNTUK,ECE,23845.0,30410.0,74203.0,114232,159165.0,171459.0,48883.0,50428,35143.0,35203,46193.0,127148.0,29883.0,37162,78392.0,82982,29113.0,33925.0,60000
961,VITB,VISHNU GRP OF INSTNS - VISHNU INST OF TECHNOLOGY,PVT,WEST GODAVARI,BHIMAVARAM,COED,JNTUK,EEE,49485.0,50829.0,143847.0,172531,164273.0,164273.0,75990.0,75990,76247.0,76247,49485.0,50829.0,62514.0,62514,92837.0,92837,58634.0,88812.0,60000
962,VITB,VISHNU GRP OF INSTNS - VISHNU INST OF TECHNOLOGY,PVT,WEST GODAVARI,BHIMAVARAM,COED,JNTUK,INF,17346.0,20291.0,61328.0,115035,170141.0,170141.0,41715.0,47071,25061.0,25061,33816.0,33816.0,18336.0,26351,32052.0,76501,20083.0,22017.0,60000
963,VITB,VISHNU GRP OF INSTNS - VISHNU INST OF TECHNOLOGY,PVT,WEST GODAVARI,BHIMAVARAM,COED,JNTUK,MEC,50341.0,92075.0,64076.0,169724,81852.0,165577.0,104330.0,115324,122564.0,134094,50341.0,100092.0,112802.0,112802,130102.0,130102,61022.0,89985.0,60000
964,VSVP,SRI VASAVI INST. OF PHARM. SCI.,PVT,WEST GODAVARI,"TADEPALLIGUDE
M",COED,AU,PHM,90479.0,90479.0,90479.0,90479,93352.0,93352.0,90479.0,90479,90479.0,90479,90479.0,90479.0,90479.0,90479,90479.0,90479,999999.0,999999.0,39700
965,VSVT,SRI VASAVI ENGINEERING COLLEGE,PVT,WEST GODAVARI,"TADEPALLIGUDE
M",COED,JNTUK,AIM,28176.0,28785.0,144043.0,171683,167474.0,167474.0,79490.0,99001,48855.0,51937,116173.0,116173.0,43871.0,43871,86054.0,96361,28948.0,30736.0,63000
966,VSVT,SRI VASAVI ENGINEERING COLLEGE,PVT,WEST GODAVARI,"TADEPALLIGUDE
M",COED,JNTUK,CAI,31366.0,31366.0,165193.0,169217,171105.0,171105.0,65192.0,75649,54651.0,54651,31366.0,31366.0,44903.0,48380,162292.0,162292,30960.0,33037.0,63000
967,VSVT,SRI VASAVI ENGINEERING COLLEGE,PVT,WEST GODAVARI,"TADEPALLIGUDE
M",COED,JNTUK,CIV,117319.0,117319.0,117319.0,120930,148363.0,148363.0,141486.0,141486,163090.0,163090,155686.0,155686.0,159037.0,159037,117319.0,158599,148086.0,136918.0,63000
968,VSVT,SRI VASAVI ENGINEERING COLLEGE,PVT,WEST GODAVARI,"TADEPALLIGUDE
M",COED,JNTUK,CSE,16775.0,20387.0,55335.0,62677,62053.0,172159.0,36733.0,39066,36247.0,36247,38628.0,38628.0,23490.0,23490,64731.0,64731,19596.0,15652.0,63000
969,VSVT,SRI VASAVI ENGINEERING COLLEGE,PVT,WEST GODAVARI,"TADEPALLIGUDE
M",COED,JNTUK,CST,27386.0,27386.0,87235.0,98548,91424.0,105977.0,50453.0,50453,36703.0,36703,27386.0,31737.0,27386.0,34251,73676.0,162367,31509.0,24714.0,63000
970,VSVT,SRI VASAVI ENGINEERING COLLEGE,PVT,WEST GODAVARI,"TADEPALLIGUDE
M",COED,JNTUK,ECE,34987.0,34987.0,111616.0,118152,137548.0,137548.0,79444.0,79444,63146.0,63146,34987.0,56030.0,49485.0,49949,104246.0,133260,34487.0,32444.0,63000
971,VSVT,SRI VASAVI ENGINEERING COLLEGE,PVT,WEST GODAVARI,"TADEPALLIGUDE
M",COED,JNTUK,ECT,42617.0,42617.0,158540.0,158540,43096.0,43096.0,95770.0,95770,75898.0,96432,42617.0,42617.0,68537.0,70990,42617.0,129360,37630.0,46168.0,63000
972,VSVT,SRI VASAVI ENGINEERING COLLEGE,PVT,WEST GODAVARI,"TADEPALLIGUDE
M",COED,JNTUK,EEE,80133.0,80133.0,170452.0,170452,80133.0,80133.0,163928.0,163928,114842.0,114842,80133.0,80133.0,83566.0,84009,142895.0,142895,78260.0,92643.0,63000
973,VSVT,SRI VASAVI ENGINEERING COLLEGE,PVT,WEST GODAVARI,"TADEPALLIGUDE
M",COED,JNTUK,MEC,151625.0,151625.0,151625.0,172625,151625.0,151625.0,156982.0,156982,152543.0,152543,151625.0,151625.0,151625.0,153122,161246.0,161246,149954.0,153425.0,63000
974,WISE,WEST GODAVARI INSTT OF SCIENCE AND ENGINEERING,PVT,WEST GODAVARI,NALLAJERLA,COED,JNTUK,AID,58634.0,58634.0,172656.0,172656,150818.0,150818.0,58634.0,169456,148075.0,148075,58634.0,58634.0,58634.0,168806,58634.0,58634,144730.0,144730.0,35000
975,WISE,WEST GODAVARI INSTT OF SCIENCE AND ENGINEERING,PVT,WEST GODAVARI,NALLAJERLA,COED,JNTUK,CSE,81088.0,91143.0,170257.0,170257,170209.0,172308.0,168010.0,168010,155629.0,162148,81088.0,91143.0,148430.0,151220,155155.0,155155,131137.0,125102.0,35000
976,WISE,WEST GODAVARI INSTT OF SCIENCE AND ENGINEERING,PVT,WEST GODAVARI,NALLAJERLA,COED,JNTUK,ECE,58335.0,110338.0,153398.0,162737,58335.0,160302.0,78575.0,135290,126384.0,154245,58335.0,110338.0,154215.0,159005,58335.0,110338,999999.0,999999.0,35000
977,WISE,WEST GODAVARI INSTT OF SCIENCE AND ENGINEERING,PVT,WEST GODAVARI,NALLAJERLA,COED,JNTUK,MEC,130500.0,130500.0,130500.0,130500,130500.0,130500.0,130500.0,130500,130500.0,130500,130500.0,130500.0,130500.0,130500,130500.0,130500,999999.0,999999.0,35000
978,ALTS,ANANTHA LAKSHMI INST OF TECHNOLOGY AND SCI,PVT,ANANTAPUR,"ANANTAPURAM
U",COED,JNTUA,CIV,143302.0,143302.0,152101.0,152101,167051.0,167051.0,143302.0,156414,164563.0,164563,143302.0,143302.0,165164.0,165164,143302.0,168755,999999.0,999999.0,35000
979,ALTS,ANANTHA LAKSHMI INST OF TECHNOLOGY AND SCI,PVT,ANANTAPUR,"ANANTAPURAM
U",COED,JNTUA,CSD,61639.0,61639.0,65597.0,65597,126627.0,126627.0,93357.0,93357,94500.0,94500,61639.0,78471.0,103064.0,103064,110693.0,119540,77722.0,56218.0,35000
980,ALTS,ANANTHA LAKSHMI INST OF TECHNOLOGY AND SCI,PVT,ANANTAPUR,"ANANTAPURAM
U",COED,JNTUA,CSE,43276.0,43276.0,144579.0,144579,124379.0,171244.0,78847.0,78847,56621.0,56621,43276.0,57921.0,78049.0,83040,57407.0,57407,48691.0,51937.0,35000
981,ALTS,ANANTHA LAKSHMI INST OF TECHNOLOGY AND SCI,PVT,ANANTAPUR,"ANANTAPURAM
U",COED,JNTUA,CSM,78187.0,78187.0,139096.0,139096,171719.0,171719.0,108377.0,108556,99952.0,100486,99115.0,99115.0,168065.0,168065,98510.0,114642,104049.0,111767.0,35000
982,ALTS,ANANTHA LAKSHMI INST OF TECHNOLOGY AND SCI,PVT,ANANTAPUR,"ANANTAPURAM
U",COED,JNTUA,ECE,76754.0,79383.0,172223.0,172223,84211.0,172465.0,90761.0,111206,105463.0,105463,113166.0,113166.0,115819.0,125066,79658.0,135199,87408.0,115203.0,35000
983,ALTS,ANANTHA LAKSHMI INST OF TECHNOLOGY AND SCI,PVT,ANANTAPUR,"ANANTAPURAM
U",COED,JNTUA,EEE,130500.0,130500.0,170064.0,170064,153275.0,153275.0,139021.0,146102,163878.0,163878,130500.0,130500.0,153201.0,153201,168294.0,168294,145124.0,145124.0,35000
984,ALTS,ANANTHA LAKSHMI INST OF TECHNOLOGY AND SCI,PVT,ANANTAPUR,"ANANTAPURAM
U",COED,JNTUA,MEC,169131.0,169163.0,169131.0,169163,169131.0,169163.0,169163.0,169163,169169.0,169169,999999.0,999999.0,169142.0,169163,169163.0,169163,999999.0,999999.0,35000
985,BALA,BALAJI COLLEGE OF PHARMACY,PVT,ANANTAPUR,"ANANTAPURAM
U",COED,JNTUA,PHM,169131.0,169131.0,173540.0,173540,173554.0,173554.0,169163.0,169163,169169.0,169169,169131.0,169131.0,169142.0,169142,169163.0,169163,999999.0,999999.0,44100
986,CRIT,CHIRANJIVI REDDY INST OF ENGG AND TECHNOLOGY,PVT,ANANTAPUR,"ANANTAPURAM
U",COED,JNTUA,CSE,169131.0,169163.0,169131.0,169163,169131.0,169163.0,169131.0,169163,169131.0,169163,999999.0,999999.0,169131.0,169163,169131.0,169163,64467.0,64467.0,35000
987,CRIT,CHIRANJIVI REDDY INST OF ENGG AND TECHNOLOGY,PVT,ANANTAPUR,"ANANTAPURAM
U",COED,JNTUA,ECE,169131.0,169163.0,173540.0,173558,173554.0,173554.0,169131.0,169163,169169.0,169169,999999.0,999999.0,169142.0,169163,169163.0,169163,999999.0,999999.0,35000
988,CRIT,CHIRANJIVI REDDY INST OF ENGG AND TECHNOLOGY,PVT,ANANTAPUR,"ANANTAPURAM
U",COED,JNTUA,EEE,151742.0,151742.0,151742.0,151742,151742.0,151742.0,151742.0,151742,151742.0,151742,151742.0,151742.0,151742.0,151742,151742.0,151742,999999.0,999999.0,35000
989,CVRT,SIR C.V RAMAN INST OF TECHNOLOGY SCIENCES,PVT,ANANTAPUR,TADIPATRI,COED,JNTUA,AIM,162067.0,162067.0,170553.0,170553,162067.0,173132.0,162067.0,162067,165599.0,165599,162067.0,162067.0,167689.0,167689,162067.0,162067,124740.0,167454.0,35000
990,CVRT,SIR C.V RAMAN INST OF TECHNOLOGY SCIENCES,PVT,ANANTAPUR,TADIPATRI,COED,JNTUA,CSE,105475.0,105475.0,173433.0,173433,132302.0,132302.0,146520.0,146520,158238.0,158238,105475.0,113625.0,159869.0,159869,163293.0,163293,148947.0,165448.0,35000
991,CVRT,SIR C.V RAMAN INST OF TECHNOLOGY SCIENCES,PVT,ANANTAPUR,TADIPATRI,COED,JNTUA,ECE,165448.0,165448.0,172856.0,172856,165448.0,165448.0,165448.0,165448,165448.0,165448,165448.0,165448.0,165448.0,169060,165448.0,165448,154876.0,154876.0,35000
992,CVRT,SIR C.V RAMAN INST OF TECHNOLOGY SCIENCES,PVT,ANANTAPUR,TADIPATRI,COED,JNTUA,EEE,46769.0,46769.0,46769.0,46769,46769.0,46769.0,46769.0,46769,46769.0,46769,46769.0,46769.0,46769.0,46769,46769.0,46769,999999.0,999999.0,35000
993,CVRT,SIR C.V RAMAN INST OF TECHNOLOGY SCIENCES,PVT,ANANTAPUR,TADIPATRI,COED,JNTUA,MEC,169131.0,169131.0,173540.0,173540,173554.0,173554.0,169163.0,169163,169169.0,169169,169131.0,169131.0,169142.0,169142,169163.0,169163,999999.0,999999.0,35000
994,GATE,GATES INSTITUTE OF TECHNOLOGY,PVT,ANANTAPUR,GOOTY,COED,JNTUA,CAI,128178.0,128178.0,172096.0,172096,128178.0,171615.0,145312.0,145312,128945.0,129360,128178.0,166202.0,143505.0,156791,130394.0,142692,121626.0,128049.0,41000
995,GATE,GATES INSTITUTE OF TECHNOLOGY,PVT,ANANTAPUR,GOOTY,COED,JNTUA,CIV,169131.0,169163.0,169131.0,169163,169131.0,169163.0,169163.0,169163,169131.0,169163,999999.0,999999.0,169142.0,169163,169163.0,169163,999999.0,999999.0,41000
996,GATE,GATES INSTITUTE OF TECHNOLOGY,PVT,ANANTAPUR,GOOTY,COED,JNTUA,CSC,104062.0,104062.0,170434.0,172065,104062.0,104062.0,122079.0,122079,156618.0,156618,104062.0,104062.0,143777.0,143777,132493.0,132493,131002.0,143081.0,41000
997,GATE,GATES INSTITUTE OF TECHNOLOGY,PVT,ANANTAPUR,GOOTY,COED,JNTUA,CSD,76129.0,76129.0,161342.0,161342,80756.0,87646.0,124220.0,131887,110450.0,162274,76129.0,76129.0,137863.0,137863,113706.0,113706,86329.0,102774.0,41000
998,GATE,GATES INSTITUTE OF TECHNOLOGY,PVT,ANANTAPUR,GOOTY,COED,JNTUA,CSE,48745.0,48745.0,129441.0,156972,128464.0,128464.0,63347.0,72339,88924.0,88924,146276.0,146276.0,87674.0,115000,61836.0,65932,64131.0,68366.0,41000
999,GATE,GATES INSTITUTE OF TECHNOLOGY,PVT,ANANTAPUR,GOOTY,COED,JNTUA,ECE,88466.0,101284.0,171020.0,171093,129572.0,129572.0,136822.0,136822,132038.0,145312,162387.0,163885.0,161105.0,163851,139355.0,156098,134435.0,137781.0,41000
1000,GATE,GATES INSTITUTE OF TECHNOLOGY,PVT,ANANTAPUR,GOOTY,COED,JNTUA,EEE,163226.0,163226.0,173209.0,173209,163226.0,163226.0,163226.0,167286,166274.0,166314,163226.0,163226.0,169142.0,169142,163226.0,163226,158966.0,155906.0,41000
1001,GATE,GATES INSTITUTE OF TECHNOLOGY,PVT,ANANTAPUR,GOOTY,COED,JNTUA,MEC,169131.0,169163.0,173540.0,173558,169131.0,169163.0,169163.0,169163,169169.0,169169,999999.0,999999.0,169142.0,169163,169163.0,169163,999999.0,999999.0,41000
1002,JNTA,JNTUA COLLEGE OF ENGG. ANANTAPURAMU,UNIV,ANANTAPUR,"ANANTAPURAM
U",COED,JNTUA,CHE,93256.0,93256.0,147453.0,165392,173099.0,173099.0,160374.0,160374,158814.0,166327,93256.0,93256.0,139355.0,142126,110358.0,132302,117030.0,142489.0,10000
1003,JNTA,JNTUA COLLEGE OF ENGG. ANANTAPURAMU,UNIV,ANANTAPUR,"ANANTAPURAM
U",COED,JNTUA,CIV,45592.0,52170.0,66412.0,116611,67820.0,67820.0,91732.0,91732,59746.0,75262,45592.0,52170.0,64711.0,64711,80520.0,80520,167938.0,55367.0,10000
1004,JNTA,JNTUA COLLEGE OF ENGG. ANANTAPURAMU,UNIV,ANANTAPUR,"ANANTAPURAM
U",COED,JNTUA,CSE,7839.0,7839.0,10615.0,13039,7839.0,7839.0,8956.0,8956,9262.0,9262,7839.0,7839.0,7839.0,7839,7839.0,7839,5694.0,3760.0,10000
1005,JNTA,JNTUA COLLEGE OF ENGG. ANANTAPURAMU,UNIV,ANANTAPUR,"ANANTAPURAM
U",COED,JNTUA,ECE,14947.0,15656.0,19460.0,19460,23882.0,23882.0,14959.0,15656,17712.0,17712,14947.0,113657.0,15184.0,15656,14947.0,15656,10713.0,19308.0,10000
1006,JNTA,JNTUA COLLEGE OF ENGG. ANANTAPURAMU,UNIV,ANANTAPUR,"ANANTAPURAM
U",COED,JNTUA,EEE,31995.0,36971.0,39374.0,39374,59364.0,68898.0,42135.0,49894,48855.0,57847,31995.0,36971.0,50144.0,50144,31995.0,65489,28553.0,45279.0,10000
1007,JNTA,JNTUA COLLEGE OF ENGG. ANANTAPURAMU,UNIV,ANANTAPUR,"ANANTAPURAM
U",COED,JNTUA,MEC,51131.0,170611.0,74740.0,170611,51615.0,170611.0,162514.0,170611,140943.0,170611,51131.0,170611.0,127756.0,170611,81877.0,170611,87235.0,60026.0,10000
1008,OTRISF,JNTUA-OIL TECHNOLOGICAL RESEARCH INSTITUTE-SELF FINANCE,SF,ANANTAPUR,ANANTAPURAM U,COED,JNTUA,PHM,137520.0,137520.0,137520.0,137520,137520.0,137520.0,137520.0,137520,137520.0,137520,137520.0,137520.0,137520.0,137520,137520.0,137520,999999.0,999999.0,31000
1009,PVKK,P.V.K.K. INSTITUTE OF TECHNOLOGY,PVT,ANANTAPUR,"ANANTAPURAM
U",COED,JNTUA,CIV,153821.0,153821.0,164454.0,164454,153821.0,171471.0,153821.0,153821,153821.0,153821,153821.0,153821.0,158694.0,158694,153821.0,153821,140982.0,140982.0,35000
1010,PVKK,P.V.K.K. INSTITUTE OF TECHNOLOGY,PVT,ANANTAPUR,"ANANTAPURAM
U",COED,JNTUA,CSE,69232.0,69232.0,140039.0,140039,162295.0,166840.0,91720.0,91720,101194.0,101680,69232.0,69232.0,105818.0,109215,69232.0,69232,89913.0,82848.0,35000
1011,PVKK,P.V.K.K. INSTITUTE OF TECHNOLOGY,PVT,ANANTAPUR,"ANANTAPURAM
U",COED,JNTUA,CSG,86861.0,86861.0,165577.0,171957,98986.0,98986.0,119476.0,119476,120624.0,138969,86861.0,120846.0,118625.0,127066,112518.0,167184,100117.0,114899.0,35000
1012,PVKK,P.V.K.K. INSTITUTE OF TECHNOLOGY,PVT,ANANTAPUR,"ANANTAPURAM
U",COED,JNTUA,ECE,111606.0,111606.0,172331.0,172331,126580.0,126580.0,115834.0,115834,122402.0,133901,111606.0,111606.0,153232.0,168985,129723.0,129723,124580.0,121750.0,35000
1013,PVKK,P.V.K.K. INSTITUTE OF TECHNOLOGY,PVT,ANANTAPUR,"ANANTAPURAM
U",COED,JNTUA,EEE,112828.0,112828.0,138345.0,165818,126144.0,152478.0,163084.0,165282,165301.0,165301,159370.0,159370.0,138639.0,138639,136047.0,136047,123487.0,160608.0,35000
1014,PVKK,P.V.K.K. INSTITUTE OF TECHNOLOGY,PVT,ANANTAPUR,"ANANTAPURAM
U",COED,JNTUA,MEC,153605.0,153605.0,153605.0,160469,161367.0,161367.0,153605.0,153605,153605.0,153605,153605.0,153605.0,165108.0,165108,153605.0,169084,144594.0,144594.0,35000
1015,SKUASF,SRI KRISHNADEVARAYA UNIV.COLL.OF ENG.- SELF FINANCE,SF,ANANTAPUR,ANANTAPURAM U,COED,SKU,CIV,169131.0,169163.0,172846.0,172846,169131.0,173532.0,169163.0,169163,169131.0,169163,999999.0,999999.0,169142.0,169163,169163.0,169163,999999.0,999999.0,70000
1016,SKUASF,SRI KRISHNADEVARAYA UNIV.COLL.OF ENG.- SELF FINANCE,SF,ANANTAPUR,ANANTAPURAM U,COED,SKU,CSE,25241.0,25241.0,69927.0,78746,69283.0,143512.0,44033.0,82022,45705.0,45705,120284.0,120284.0,104868.0,104868,75481.0,75481,39886.0,48448.0,70000
1017,SKUASF,SRI KRISHNADEVARAYA UNIV.COLL.OF ENG.- SELF FINANCE,SF,ANANTAPUR,ANANTAPURAM U,COED,SKU,ECE,52088.0,52088.0,97069.0,122716,157525.0,157525.0,70107.0,112868,66075.0,66893,83316.0,83316.0,86898.0,86898,87538.0,167252,90508.0,112567.0,70000
1018,SKUASF,SRI KRISHNADEVARAYA UNIV.COLL.OF ENG.- SELF FINANCE,SF,ANANTAPUR,ANANTAPURAM U,COED,SKU,EEE,81768.0,81768.0,172780.0,172780,170675.0,172994.0,160272.0,161583,166359.0,166359,81768.0,81768.0,161262.0,168277,165577.0,165577,74846.0,131802.0,70000
1019,SKUASF,SRI KRISHNADEVARAYA UNIV.COLL.OF ENG.- SELF FINANCE,SF,ANANTAPUR,ANANTAPURAM U,COED,SKU,MEC,169131.0,169163.0,173539.0,173539,169131.0,169163.0,169163.0,169163,169131.0,169163,999999.0,999999.0,169142.0,169163,169163.0,169163,999999.0,999999.0,70000
1020,SRIT,SRINIVASA RAMANUJAN INST OF TECHNOLOGY,PVT,ANANTAPUR,"ANANTAPURAM
U",COED,JNTUA,CIV,149597.0,149597.0,173007.0,173007,172521.0,172521.0,149597.0,151685,149597.0,149597,149597.0,149597.0,165316.0,166573,149597.0,156924,144236.0,129426.0,50200
1021,SRIT,SRINIVASA RAMANUJAN INST OF TECHNOLOGY,PVT,ANANTAPUR,"ANANTAPURAM
U",COED,JNTUA,CSD,34778.0,34778.0,155935.0,173255,171919.0,171919.0,53556.0,53556,46383.0,46383,75288.0,75288.0,74440.0,74440,72581.0,72581,40485.0,39176.0,50200
1022,SRIT,SRINIVASA RAMANUJAN INST OF TECHNOLOGY,PVT,ANANTAPUR,"ANANTAPURAM
U",COED,JNTUA,CSE,25633.0,25633.0,56238.0,61267,155879.0,155879.0,28000.0,28000,26389.0,32369,25633.0,25633.0,35806.0,35806,25633.0,25633,27091.0,17499.0,50200
1023,SRIT,SRINIVASA RAMANUJAN INST OF TECHNOLOGY,PVT,ANANTAPUR,"ANANTAPURAM
U",COED,JNTUA,CSM,37703.0,37703.0,153943.0,171397,173013.0,173013.0,55147.0,55147,49455.0,49455,47469.0,47469.0,44423.0,59239,59328.0,61469,34070.0,31408.0,50200
1024,SRIT,SRINIVASA RAMANUJAN INST OF TECHNOLOGY,PVT,ANANTAPUR,"ANANTAPURAM
U",COED,JNTUA,ECE,39413.0,44166.0,112828.0,112828,171001.0,171001.0,56922.0,56922,44182.0,54211,60654.0,60654.0,80514.0,80514,39413.0,44166,48028.0,40017.0,50200
1025,SRIT,SRINIVASA RAMANUJAN INST OF TECHNOLOGY,PVT,ANANTAPUR,"ANANTAPURAM
U",COED,JNTUA,EEE,101032.0,101032.0,167411.0,172292,101032.0,110358.0,124174.0,124174,155008.0,161848,101032.0,101032.0,123893.0,126283,124220.0,158861,108278.0,92261.0,50200
1026,SRIT,SRINIVASA RAMANUJAN INST OF TECHNOLOGY,PVT,ANANTAPUR,"ANANTAPURAM
U",COED,JNTUA,MEC,168099.0,168099.0,171524.0,171524,168099.0,168099.0,168099.0,168099,168099.0,168099,168099.0,168099.0,168099.0,168099,168099.0,168099,154245.0,154245.0,50200
1027,SSSE,SANSKRITHI SCHOOL OF ENGINEERING,PVT,ANANTAPUR,PUTAPARTHI,COED,JNTUA,CIV,129585.0,129585.0,129585.0,169655,129585.0,129585.0,147009.0,147009,167500.0,167500,155454.0,155454.0,129585.0,168784,129585.0,142047,999999.0,999999.0,35000
1028,SSSE,SANSKRITHI SCHOOL OF ENGINEERING,PVT,ANANTAPUR,PUTAPARTHI,COED,JNTUA,CSE,55288.0,55288.0,170099.0,170099,170038.0,170038.0,84947.0,84947,83905.0,83905,55288.0,55288.0,136990.0,136990,75983.0,75983,80710.0,70795.0,35000
1029,SSSE,SANSKRITHI SCHOOL OF ENGINEERING,PVT,ANANTAPUR,PUTAPARTHI,COED,JNTUA,ECE,73219.0,73219.0,172944.0,172944,91143.0,91143.0,107329.0,107329,107133.0,107801,163878.0,163878.0,146465.0,146465,98651.0,98651,104269.0,83682.0,35000
1030,SSSE,SANSKRITHI SCHOOL OF ENGINEERING,PVT,ANANTAPUR,PUTAPARTHI,COED,JNTUA,EEE,161237.0,161237.0,161237.0,161237,161237.0,162773.0,161237.0,161891,161237.0,161237,161237.0,161237.0,161237.0,161237,166077.0,166077,146352.0,134240.0,35000
1031,SSSE,SANSKRITHI SCHOOL OF ENGINEERING,PVT,ANANTAPUR,PUTAPARTHI,COED,JNTUA,MEC,83253.0,83253.0,140907.0,140907,83253.0,83253.0,83253.0,83253,83253.0,83253,83253.0,83253.0,83253.0,83253,83253.0,83253,116487.0,116487.0,35000
1032,SVIT,SRI VENKATESWARA INST OF TECHNOLOGY,PVT,ANANTAPUR,"ANANTAPURAM
U",COED,JNTUA,CIV,169131.0,169131.0,169131.0,169131,173554.0,173554.0,169163.0,169163,169169.0,169169,169131.0,169131.0,169142.0,169142,169163.0,169163,999999.0,999999.0,35000
1033,SVIT,SRI VENKATESWARA INST OF TECHNOLOGY,PVT,ANANTAPUR,"ANANTAPURAM
U",COED,JNTUA,CSD,135199.0,135199.0,145068.0,145068,151147.0,151147.0,148182.0,148182,148555.0,148555,135199.0,135199.0,143268.0,143268,163072.0,163072,154120.0,142855.0,35000
1034,SVIT,SRI VENKATESWARA INST OF TECHNOLOGY,PVT,ANANTAPUR,"ANANTAPURAM
U",COED,JNTUA,CSE,71794.0,71794.0,173398.0,173398,173538.0,173538.0,129794.0,129794,128553.0,132905,126664.0,126664.0,151297.0,151297,150900.0,150900,126111.0,90293.0,35000
1035,SVIT,SRI VENKATESWARA INST OF TECHNOLOGY,PVT,ANANTAPUR,"ANANTAPURAM
U",COED,JNTUA,ECE,161551.0,161551.0,171619.0,172430,163548.0,163548.0,164200.0,167563,169141.0,169141,161551.0,166686.0,163266.0,168104,168005.0,168005,149378.0,149461.0,35000
1036,SVIT,SRI VENKATESWARA INST OF TECHNOLOGY,PVT,ANANTAPUR,"ANANTAPURAM
U",COED,JNTUA,EEE,169131.0,169131.0,169131.0,169131,173554.0,173554.0,169163.0,169163,169131.0,169131,169131.0,169131.0,169142.0,169142,169163.0,169163,151881.0,137628.0,35000
1037,SVIT,SRI VENKATESWARA INST OF TECHNOLOGY,PVT,ANANTAPUR,"ANANTAPURAM
U",COED,JNTUA,MEC,118343.0,118343.0,155008.0,155008,118343.0,118343.0,118343.0,118343,118343.0,118343,118343.0,118343.0,118343.0,118343,118343.0,118343,999999.0,999999.0,35000
1038,TECH,TADIPATRI ENGG COLLEGE,PVT,ANANTAPUR,TADIPATRI,COED,JNTUA,CIV,169131.0,169163.0,170081.0,170081,173554.0,173554.0,169163.0,169163,169169.0,169169,999999.0,999999.0,169142.0,169163,169163.0,169163,999999.0,999999.0,35000
1039,TECH,TADIPATRI ENGG COLLEGE,PVT,ANANTAPUR,TADIPATRI,COED,JNTUA,CSD,116921.0,128540.0,173529.0,173529,164571.0,170172.0,146799.0,146799,166876.0,166876,116921.0,128540.0,158031.0,160663,168334.0,168334,136918.0,136918.0,35000
1040,TECH,TADIPATRI ENGG COLLEGE,PVT,ANANTAPUR,TADIPATRI,COED,JNTUA,CSE,89356.0,91354.0,154566.0,154566,172628.0,172628.0,132907.0,132907,139912.0,156333,118646.0,118646.0,146154.0,146154,121094.0,126022,165052.0,126728.0,35000
1041,TECH,TADIPATRI ENGG COLLEGE,PVT,ANANTAPUR,TADIPATRI,COED,JNTUA,ECE,129815.0,129815.0,166503.0,166503,171478.0,171478.0,170046.0,170046,173518.0,173518,129815.0,129815.0,167982.0,168209,165021.0,169903,163851.0,128262.0,35000
1042,TECH,TADIPATRI ENGG COLLEGE,PVT,ANANTAPUR,TADIPATRI,COED,JNTUA,EEE,59960.0,59960.0,59960.0,59960,59960.0,153133.0,59960.0,59960,163266.0,163266,59960.0,59960.0,59960.0,59960,59960.0,59960,999999.0,999999.0,35000
1043,ACEM,ADITYA COLLEGE OF ENGINEERING,PVT,CHITTOOR,MADANAPALLE,COED,JNTUA,AID,94146.0,94146.0,112523.0,113734,107234.0,107234.0,150364.0,150364,142106.0,152746,94146.0,94146.0,151521.0,161749,130449.0,130449,111342.0,71567.0,35000
1044,ACEM,ADITYA COLLEGE OF ENGINEERING,PVT,CHITTOOR,MADANAPALLE,COED,JNTUA,CAI,81836.0,81836.0,84089.0,92273,93069.0,93069.0,130837.0,147882,152478.0,152478,81836.0,136288.0,165467.0,165467,93876.0,135290,96037.0,67414.0,35000
1045,ACEM,ADITYA COLLEGE OF ENGINEERING,PVT,CHITTOOR,MADANAPALLE,COED,JNTUA,CSE,70292.0,70292.0,172685.0,172685,172055.0,172055.0,121053.0,121053,88998.0,88998,71922.0,71922.0,126418.0,126418,115506.0,115506,69329.0,67323.0,35000
1046,ACEM,ADITYA COLLEGE OF ENGINEERING,PVT,CHITTOOR,MADANAPALLE,COED,JNTUA,ECE,152504.0,152504.0,173341.0,173341,152504.0,152504.0,156414.0,156414,168334.0,168334,152504.0,152504.0,160496.0,162623,164507.0,164507,163246.0,101264.0,35000
1047,ACEM,ADITYA COLLEGE OF ENGINEERING,PVT,CHITTOOR,MADANAPALLE,COED,JNTUA,EEE,142631.0,142631.0,169796.0,169796,142631.0,142631.0,142631.0,142631,167633.0,167633,142631.0,142631.0,142631.0,142631,142631.0,142631,999999.0,999999.0,35000
1048,AITT,ANNAMACHARYA INST OF TECHNOLOGYAND SCIENCES,PVT,CHITTOOR,TIRUPATHI,COED,JNTUA,AID,67787.0,73445.0,173383.0,173383,118645.0,118645.0,107752.0,107752,95621.0,119074,93641.0,93641.0,92351.0,114612,150158.0,150158,72717.0,68269.0,39700
1049,AITT,ANNAMACHARYA INST OF TECHNOLOGYAND SCIENCES,PVT,CHITTOOR,TIRUPATHI,COED,JNTUA,AIM,83333.0,83536.0,171400.0,171400,83333.0,85784.0,108673.0,108673,127912.0,127912,108631.0,108631.0,106379.0,168005,88534.0,114976,85004.0,89933.0,39700
1050,AITT,ANNAMACHARYA INST OF TECHNOLOGYAND SCIENCES,PVT,CHITTOOR,TIRUPATHI,COED,JNTUA,CIC,62762.0,71930.0,172398.0,172398,108871.0,108871.0,95066.0,95066,109959.0,116143,62762.0,71930.0,88698.0,131721,138345.0,138345,82510.0,71712.0,39700
1051,AITT,ANNAMACHARYA INST OF TECHNOLOGYAND SCIENCES,PVT,CHITTOOR,TIRUPATHI,COED,JNTUA,CIV,150158.0,150158.0,160727.0,160727,164395.0,164395.0,150158.0,150158,150158.0,150158,150158.0,150158.0,150158.0,150158,150158.0,150158,168275.0,121969.0,39700
1052,AITT,ANNAMACHARYA INST OF TECHNOLOGYAND SCIENCES,PVT,CHITTOOR,TIRUPATHI,COED,JNTUA,CSD,42726.0,43443.0,153356.0,170840,44694.0,44694.0,66755.0,66755,75943.0,75943,72964.0,72964.0,72692.0,103661,104725.0,114015,42959.0,49251.0,39700
1053,AITT,ANNAMACHARYA INST OF TECHNOLOGYAND SCIENCES,PVT,CHITTOOR,TIRUPATHI,COED,JNTUA,CSE,40912.0,45996.0,88079.0,98329,161464.0,161464.0,57342.0,57342,65794.0,102953,40912.0,47617.0,53282.0,53282,106578.0,106578,31233.0,29963.0,39700
1054,AITT,ANNAMACHARYA INST OF TECHNOLOGYAND SCIENCES,PVT,CHITTOOR,TIRUPATHI,COED,JNTUA,ECE,60329.0,60329.0,173262.0,173262,172123.0,172123.0,76363.0,80803,95374.0,107070,72902.0,72902.0,90170.0,93032,123320.0,134364,64173.0,61773.0,39700
1055,AITT,ANNAMACHARYA INST OF TECHNOLOGYAND SCIENCES,PVT,CHITTOOR,TIRUPATHI,COED,JNTUA,EEE,168689.0,168689.0,169202.0,169202,168689.0,168689.0,168689.0,168689,168689.0,168689,168689.0,168689.0,168689.0,168689,168689.0,168689,154313.0,168998.0,39700
1056,AITT,ANNAMACHARYA INST OF TECHNOLOGYAND SCIENCES,PVT,CHITTOOR,TIRUPATHI,COED,JNTUA,MEC,148308.0,148308.0,159574.0,159574,148308.0,148308.0,160808.0,160808,148308.0,148308,148308.0,148308.0,148308.0,148308,148308.0,148308,108518.0,108518.0,39700
1057,CHDL,CHADALAWADA RAMANAMMA ENGG. COLLEGE,PVT,CHITTOOR,TIRUPATHI,COED,JNTUA,CAI,115593.0,115593.0,137963.0,137963,138211.0,138211.0,144463.0,144463,144515.0,144515,115593.0,115593.0,157635.0,162634,162460.0,164213,152542.0,160338.0,52500
1058,CHDL,CHADALAWADA RAMANAMMA ENGG. COLLEGE,PVT,CHITTOOR,TIRUPATHI,COED,JNTUA,CIV,169131.0,169163.0,173540.0,173558,169131.0,169163.0,169163.0,169163,169169.0,169169,999999.0,999999.0,169142.0,169163,169163.0,169163,999999.0,999999.0,52500
1059,CHDL,CHADALAWADA RAMANAMMA ENGG. COLLEGE,PVT,CHITTOOR,TIRUPATHI,COED,JNTUA,CSE,57241.0,57241.0,167787.0,171651,164795.0,172774.0,70920.0,106952,94219.0,106420,81264.0,81264.0,81311.0,94865,98548.0,98548,69478.0,83809.0,52500
1060,CHDL,CHADALAWADA RAMANAMMA ENGG. COLLEGE,PVT,CHITTOOR,TIRUPATHI,COED,JNTUA,CSM,120096.0,120096.0,146066.0,146066,138825.0,138825.0,120096.0,149423,163814.0,163814,158192.0,158192.0,162067.0,168173,120096.0,120096,147383.0,144815.0,52500
1061,CHDL,CHADALAWADA RAMANAMMA ENGG. COLLEGE,PVT,CHITTOOR,TIRUPATHI,COED,JNTUA,ECE,106812.0,119510.0,172821.0,172821,150511.0,170318.0,137072.0,154566,160336.0,163615,106812.0,138664.0,131993.0,131993,133874.0,159739,134572.0,140104.0,52500
1062,CHDL,CHADALAWADA RAMANAMMA ENGG. COLLEGE,PVT,CHITTOOR,TIRUPATHI,COED,JNTUA,EEE,139429.0,139429.0,169499.0,169499,164788.0,171867.0,139429.0,166171,139429.0,139429,139429.0,139429.0,139429.0,139429,139429.0,139429,153330.0,153330.0,52500
1063,CHDL,CHADALAWADA RAMANAMMA ENGG. COLLEGE,PVT,CHITTOOR,TIRUPATHI,COED,JNTUA,MEC,169131.0,169163.0,170997.0,170997,173554.0,173554.0,169131.0,169163,169169.0,169169,999999.0,999999.0,169131.0,169163,169163.0,169163,999999.0,999999.0,52500
1064,GVIC,GOLDEN VALLEY INTEGRATED CAMPUS,PVT,CHITTOOR,MADANAPALLE,COED,JNTUA,CSE,169131.0,169163.0,169333.0,169333,169131.0,169163.0,169131.0,169163,169131.0,169163,169163.0,169163.0,169142.0,169163,169131.0,169163,96521.0,96521.0,35000
1065,GVIC,GOLDEN VALLEY INTEGRATED CAMPUS,PVT,CHITTOOR,MADANAPALLE,COED,JNTUA,CSO,169131.0,169163.0,173540.0,173558,173554.0,173554.0,169163.0,169163,169169.0,169169,999999.0,999999.0,169142.0,169163,169163.0,169163,999999.0,999999.0,35000
1066,JNTC,JNTUA COLLEGE OF ENGINEERING. KALIKIRI,UNIV,CHITTOOR,KALIKIRI,COED,JNTUA,CIV,75915.0,75915.0,172881.0,172904,126771.0,140819.0,153572.0,163110,162514.0,171360,141534.0,141534.0,133959.0,153779,75915.0,75915,152915.0,152915.0,10000
1067,JNTC,JNTUA COLLEGE OF ENGINEERING. KALIKIRI,UNIV,CHITTOOR,KALIKIRI,COED,JNTUA,CSE,14870.0,14870.0,23878.0,23878,32484.0,32484.0,22369.0,22369,14870.0,17672,14870.0,14870.0,14870.0,14870,18234.0,53117,13000.0,26872.0,10000
1068,JNTC,JNTUA COLLEGE OF ENGINEERING. KALIKIRI,UNIV,CHITTOOR,KALIKIRI,COED,JNTUA,ECE,21251.0,21251.0,40573.0,40573,82490.0,82490.0,27346.0,72475,45078.0,45078,24236.0,43085.0,22882.0,30589,27988.0,28178,25195.0,48125.0,10000
1069,JNTC,JNTUA COLLEGE OF ENGINEERING. KALIKIRI,UNIV,CHITTOOR,KALIKIRI,COED,JNTUA,EEE,46418.0,46418.0,108158.0,108158,125997.0,170023.0,51615.0,60158,119000.0,119000,46418.0,46418.0,120297.0,120297,151077.0,151077,76049.0,110693.0,10000
1070,JNTC,JNTUA COLLEGE OF ENGINEERING. KALIKIRI,UNIV,CHITTOOR,KALIKIRI,COED,JNTUA,FDT,141715.0,164049.0,141715.0,164049,141715.0,164049.0,141715.0,164049,145636.0,164049,141715.0,164049.0,162203.0,164049,141715.0,164049,103641.0,103641.0,10000
1071,JNTC,JNTUA COLLEGE OF ENGINEERING. KALIKIRI,UNIV,CHITTOOR,KALIKIRI,COED,JNTUA,MEC,65482.0,65482.0,163018.0,172363,172351.0,172351.0,115273.0,166242,161074.0,161074,79332.0,79332.0,139472.0,162715,106453.0,106453,144114.0,107725.0,10000
1072,KMMT,KMM INST OF TECHNOLOGY AND SCIENCE,PVT,CHITTOOR,TIRUPATHI,COED,JNTUA,CAI,144043.0,144043.0,166859.0,166859,165039.0,165039.0,152852.0,152852,164919.0,167875,144043.0,144043.0,144043.0,163673,144043.0,144043,167128.0,167128.0,35000
1073,KMMT,KMM INST OF TECHNOLOGY AND SCIENCE,PVT,CHITTOOR,TIRUPATHI,COED,JNTUA,CSE,112638.0,112638.0,171751.0,171751,166573.0,166573.0,145587.0,145587,167970.0,167970,112638.0,112638.0,159928.0,162274,137464.0,137464,132516.0,129062.0,35000
1074,KMMT,KMM INST OF TECHNOLOGY AND SCIENCE,PVT,CHITTOOR,TIRUPATHI,COED,JNTUA,ECE,142331.0,142331.0,166041.0,166041,142331.0,142331.0,166507.0,166507,164498.0,164498,142331.0,142331.0,162564.0,162564,163912.0,163912,999999.0,999999.0,35000
1075,KUPM,KUPPAM ENGINEERING COLLEGE,PVT,CHITTOOR,KUPPAM,COED,JNTUA,CSE,58877.0,63769.0,145153.0,145153,167471.0,167471.0,83316.0,95374,122336.0,128178,58877.0,63769.0,124525.0,124525,123270.0,133696,146246.0,153904.0,45400
1076,KUPM,KUPPAM ENGINEERING COLLEGE,PVT,CHITTOOR,KUPPAM,COED,JNTUA,CSM,93591.0,93591.0,172844.0,172844,129892.0,149095.0,163280.0,163280,162865.0,162865,93591.0,93591.0,140039.0,165920,149922.0,149922,136733.0,142895.0,45400
1077,KUPM,KUPPAM ENGINEERING COLLEGE,PVT,CHITTOOR,KUPPAM,COED,JNTUA,ECE,146218.0,146218.0,157548.0,166226,165298.0,165298.0,146218.0,152515,152746.0,164024,146218.0,146218.0,161515.0,167669,161664.0,161664,139655.0,164198.0,45400
1078,KUPM,KUPPAM ENGINEERING COLLEGE,PVT,CHITTOOR,KUPPAM,COED,JNTUA,EEE,169131.0,169131.0,169131.0,169131,173554.0,173554.0,169163.0,169163,169169.0,169169,169131.0,169131.0,169142.0,169142,169163.0,169163,999999.0,999999.0,45400
1079,KUPM,KUPPAM ENGINEERING COLLEGE,PVT,CHITTOOR,KUPPAM,COED,JNTUA,MEC,169131.0,169131.0,169131.0,172004,173554.0,173554.0,169163.0,169163,169169.0,169169,169131.0,169131.0,169142.0,169142,169163.0,169163,999999.0,999999.0,45400
1080,MCPM,MAHATHI COLLEGE OF PHARMACY,PVT,CHITTOOR,"NEAR
MADANAPALLE RLY. STN",COED,JNTUA,PHM,54566.0,54566.0,54566.0,54566,54566.0,54566.0,54566.0,54566,54566.0,54566,54566.0,54566.0,54566.0,54566,54566.0,54566,999999.0,999999.0,51200
1081,MITS,MADANAPALLY INSTITUTE OF TECHNOLOGY AND SCI,PVT,CHITTOOR,MADANAPALLE,COED,JNTUA,CAI,22703.0,22934.0,162434.0,162434,146465.0,154648.0,34910.0,34910,40688.0,41191,35279.0,114488.0,34576.0,34576,38009.0,41821,27085.0,27119.0,69800
1082,MITS,MADANAPALLY INSTITUTE OF TECHNOLOGY AND SCI,PVT,CHITTOOR,MADANAPALLE,COED,JNTUA,CIV,90768.0,127696.0,169997.0,169997,139049.0,160531.0,149067.0,155499,152425.0,162537,90768.0,127696.0,166573.0,166573,168827.0,168827,110814.0,110814.0,69800
1083,MITS,MADANAPALLY INSTITUTE OF TECHNOLOGY AND SCI,PVT,CHITTOOR,MADANAPALLE,COED,JNTUA,CSC,24022.0,25678.0,115348.0,127673,129230.0,129230.0,39339.0,45125,44182.0,47846,24022.0,108382.0,38608.0,52070,41790.0,41790,27969.0,27920.0,69800
1084,MITS,MADANAPALLY INSTITUTE OF TECHNOLOGY AND SCI,PVT,CHITTOOR,MADANAPALLE,COED,JNTUA,CSD,21057.0,21057.0,152861.0,170968,146707.0,153543.0,37487.0,37487,31445.0,31445,21057.0,21057.0,51339.0,51392,39544.0,46009,25576.0,26014.0,69800
1085,MITS,MADANAPALLY INSTITUTE OF TECHNOLOGY AND SCI,PVT,CHITTOOR,MADANAPALLE,COED,JNTUA,CSE,17792.0,17886.0,56406.0,56406,66481.0,69016.0,27085.0,27085,24447.0,24447,50469.0,50469.0,25241.0,30880,24535.0,27980,17627.0,18719.0,69800
1086,MITS,MADANAPALLY INSTITUTE OF TECHNOLOGY AND SCI,PVT,CHITTOOR,MADANAPALLE,COED,JNTUA,CST,37137.0,37137.0,168784.0,172972,163604.0,163604.0,54061.0,57013,60544.0,61382,37137.0,84789.0,64820.0,87683,55554.0,74194,34018.0,33078.0,69800
1087,MITS,MADANAPALLY INSTITUTE OF TECHNOLOGY AND SCI,PVT,CHITTOOR,MADANAPALLE,COED,JNTUA,ECE,36242.0,36801.0,130394.0,170396,152025.0,171975.0,49993.0,61150,54850.0,54850,105818.0,105818.0,59655.0,95621,57772.0,62989,38935.0,38503.0,69800
1088,MITS,MADANAPALLY INSTITUTE OF TECHNOLOGY AND SCI,PVT,CHITTOOR,MADANAPALLE,COED,JNTUA,EEE,55076.0,55076.0,160068.0,160068,60305.0,68858.0,103733.0,135608,73621.0,87170,55076.0,55076.0,131136.0,146169,152453.0,162387,80338.0,70899.0,69800
1089,MITS,MADANAPALLY INSTITUTE OF TECHNOLOGY AND SCI,PVT,CHITTOOR,MADANAPALLE,COED,JNTUA,MEC,89615.0,137999.0,170965.0,170965,108664.0,137999.0,145732.0,149423,161198.0,161198,150246.0,150246.0,106737.0,145977,156300.0,158906,158779.0,107588.0,69800
1090,MJRT,MJR COLLEGE OF ENGG AND TECHNOLOGY,PVT,CHITTOOR,PILER,COED,JNTUA,CAI,146276.0,146276.0,146851.0,146851,146883.0,157709.0,146975.0,146975,161551.0,161551,146276.0,146276.0,146276.0,161884,146276.0,146276,158951.0,160631.0,35000
1091,MJRT,MJR COLLEGE OF ENGG AND TECHNOLOGY,PVT,CHITTOOR,PILER,COED,JNTUA,CSE,97136.0,97136.0,173247.0,173247,116124.0,116897.0,100685.0,109528,147324.0,155935,134844.0,134844.0,128543.0,164213,109533.0,109533,148794.0,127673.0,35000
1092,MJRT,MJR COLLEGE OF ENGG AND TECHNOLOGY,PVT,CHITTOOR,PILER,COED,JNTUA,ECE,166088.0,166088.0,172276.0,172276,166088.0,166088.0,168456.0,168456,166088.0,166088,166088.0,166088.0,166088.0,166088,166168.0,166168,154313.0,144301.0,35000
1093,MTIE,MOTHER THERESA INST OF ENGG AND TECH,PVT,CHITTOOR,PALAMNER,COED,JNTUA,AID,70806.0,77172.0,173163.0,173163,148139.0,165073.0,101015.0,101015,116869.0,126648,70806.0,77172.0,127066.0,134364,110265.0,110265,75816.0,71382.0,35000
1094,MTIE,MOTHER THERESA INST OF ENGG AND TECH,PVT,CHITTOOR,PALAMNER,COED,JNTUA,CSD,97205.0,97205.0,100066.0,110790,97205.0,112958.0,115910.0,115910,139784.0,163899,97205.0,97205.0,153605.0,153605,150083.0,150083,95721.0,76396.0,35000
1095,MTIE,MOTHER THERESA INST OF ENGG AND TECH,PVT,CHITTOOR,PALAMNER,COED,JNTUA,CSE,41750.0,41750.0,164477.0,164477,156766.0,169311.0,68065.0,68065,132733.0,132733,85923.0,85923.0,76032.0,76032,98253.0,98253,56922.0,42522.0,35000
1096,MTIE,MOTHER THERESA INST OF ENGG AND TECH,PVT,CHITTOOR,PALAMNER,COED,JNTUA,ECE,120063.0,120063.0,163771.0,163771,132776.0,132776.0,139202.0,139202,162427.0,162427,120063.0,120063.0,168676.0,168676,155720.0,166942,134633.0,140373.0,35000
1097,MTIE,MOTHER THERESA INST OF ENGG AND TECH,PVT,CHITTOOR,PALAMNER,COED,JNTUA,EEE,172073.0,172073.0,172073.0,172073,172073.0,172073.0,172073.0,172073,172073.0,172073,172073.0,172073.0,172073.0,172073,172073.0,172073,155856.0,149811.0,35000
1098,PDIT,PRIYADARSHINI INST OF TECHNOLOGY,PVT,CHITTOOR,TIRUPATHI,COED,JNTUA,CSE,159341.0,159341.0,166296.0,166296,159341.0,159341.0,159341.0,165030,167875.0,167875,159341.0,159341.0,160390.0,160390,168616.0,168616,158048.0,158048.0,35000
1099,PDIT,PRIYADARSHINI INST OF TECHNOLOGY,PVT,CHITTOOR,TIRUPATHI,COED,JNTUA,ECE,102061.0,102061.0,102061.0,102061,102061.0,102061.0,102061.0,102061,102061.0,102061,102061.0,102061.0,102061.0,102061,102061.0,102061,999999.0,999999.0,35000
1100,SDTN,SIDDHARTH INSTITUTE OF ENGG. AND TECHNOLOGY,PVT,CHITTOOR,PUTTUR,COED,JNTUA,AGR,145493.0,153720.0,145493.0,173534,145493.0,153720.0,145493.0,153720,145493.0,153720,145493.0,153720.0,145493.0,153720,145493.0,153720,999999.0,999999.0,37000
1101,SDTN,SIDDHARTH INSTITUTE OF ENGG. AND TECHNOLOGY,PVT,CHITTOOR,PUTTUR,COED,JNTUA,CAD,68156.0,79091.0,166661.0,166661,140896.0,140896.0,114674.0,131690,140916.0,155273,138172.0,138172.0,133548.0,133548,121022.0,164164,89792.0,65984.0,37000
1102,SDTN,SIDDHARTH INSTITUTE OF ENGG. AND TECHNOLOGY,PVT,CHITTOOR,PUTTUR,COED,JNTUA,CAI,46976.0,66302.0,172476.0,172476,79304.0,79304.0,64826.0,66302,83502.0,115802,46976.0,66302.0,86573.0,142862,133874.0,147829,40778.0,50800.0,37000
1103,SDTN,SIDDHARTH INSTITUTE OF ENGG. AND TECHNOLOGY,PVT,CHITTOOR,PUTTUR,COED,JNTUA,CCC,123392.0,123392.0,134928.0,134928,123392.0,139992.0,168616.0,168616,156947.0,160496,123392.0,142901.0,157554.0,165363,143940.0,144277,149967.0,147760.0,37000
1104,SDTN,SIDDHARTH INSTITUTE OF ENGG. AND TECHNOLOGY,PVT,CHITTOOR,PUTTUR,COED,JNTUA,CIC,84211.0,90208.0,93082.0,155652,90508.0,90508.0,136617.0,145200,124584.0,141267,84211.0,90208.0,114961.0,142906,145171.0,165546,98647.0,98359.0,37000
1105,SDTN,SIDDHARTH INSTITUTE OF ENGG. AND TECHNOLOGY,PVT,CHITTOOR,PUTTUR,COED,JNTUA,CIT,65996.0,79783.0,162166.0,168012,71990.0,82089.0,91038.0,109737,100535.0,131721,94934.0,94934.0,89453.0,115839,137042.0,137042,67297.0,84647.0,37000
1106,SDTN,SIDDHARTH INSTITUTE OF ENGG. AND TECHNOLOGY,PVT,CHITTOOR,PUTTUR,COED,JNTUA,CIV,146239.0,146239.0,151106.0,151106,146239.0,146239.0,146239.0,146239,146239.0,161305,146239.0,146239.0,146239.0,159433,146239.0,146239,128086.0,128086.0,37000
1107,SDTN,SIDDHARTH INSTITUTE OF ENGG. AND TECHNOLOGY,PVT,CHITTOOR,PUTTUR,COED,JNTUA,CSE,33245.0,33245.0,68049.0,107206,105346.0,128372.0,38191.0,56625,44222.0,48565,33245.0,61136.0,50320.0,50320,75233.0,102805,39570.0,41145.0,37000
1108,SDTN,SIDDHARTH INSTITUTE OF ENGG. AND TECHNOLOGY,PVT,CHITTOOR,PUTTUR,COED,JNTUA,CSM,52028.0,53032.0,171911.0,171911,119177.0,119177.0,86721.0,86721,85835.0,110644,52028.0,108377.0,95998.0,97557,141326.0,141326,49565.0,58207.0,37000
1109,SDTN,SIDDHARTH INSTITUTE OF ENGG. AND TECHNOLOGY,PVT,CHITTOOR,PUTTUR,COED,JNTUA,ECE,71520.0,71520.0,171681.0,173337,173141.0,173141.0,93184.0,93184,98222.0,103179,91497.0,91497.0,89921.0,89921,107204.0,120624,73327.0,71779.0,37000
1110,SDTN,SIDDHARTH INSTITUTE OF ENGG. AND TECHNOLOGY,PVT,CHITTOOR,PUTTUR,COED,JNTUA,EEE,136071.0,139096.0,150410.0,150410,159987.0,171024.0,165021.0,165021,168890.0,168890,136071.0,139096.0,149638.0,166639,141744.0,169802,146778.0,158203.0,37000
1111,SDTN,SIDDHARTH INSTITUTE OF ENGG. AND TECHNOLOGY,PVT,CHITTOOR,PUTTUR,COED,JNTUA,MEC,143061.0,147148.0,172510.0,172510,162364.0,162364.0,143061.0,147148,143061.0,147148,143061.0,147148.0,143061.0,147148,143061.0,147148,160589.0,93990.0,37000
1112,SEAT,SIDDARTHA EDNL ACADEMY GRP OF INSTNS,PVT,CHITTOOR,TIRUPATHI,COED,JNTUA,CSE,139740.0,139740.0,173482.0,173482,139740.0,139740.0,167976.0,167976,147009.0,147009,139740.0,139740.0,156275.0,156275,139740.0,139740,168275.0,166371.0,37000
1113,SEAT,SIDDARTHA EDNL ACADEMY GRP OF INSTNS,PVT,CHITTOOR,TIRUPATHI,COED,JNTUA,CSM,101891.0,101891.0,126019.0,126019,101891.0,123416.0,154876.0,162309,167620.0,167620,101891.0,101891.0,155084.0,155084,170152.0,170152,128269.0,165958.0,37000
1114,SEAT,SIDDARTHA EDNL ACADEMY GRP OF INSTNS,PVT,CHITTOOR,TIRUPATHI,COED,JNTUA,ECE,148947.0,148947.0,171319.0,171319,150283.0,154456.0,156314.0,156314,167685.0,167685,148947.0,168563.0,157740.0,162882,160496.0,160496,149484.0,144326.0,37000
1115,SEAT,SIDDARTHA EDNL ACADEMY GRP OF INSTNS,PVT,CHITTOOR,TIRUPATHI,COED,JNTUA,EEE,99917.0,99917.0,167321.0,167321,99917.0,99917.0,99917.0,99917,99917.0,99917,99917.0,99917.0,99917.0,99917,99917.0,99917,999999.0,999999.0,37000
1116,SEAT,SIDDARTHA EDNL ACADEMY GRP OF INSTNS,PVT,CHITTOOR,TIRUPATHI,COED,JNTUA,MEC,78230.0,78230.0,78230.0,78230,78230.0,78230.0,78230.0,78230,78230.0,78230,78230.0,78230.0,78230.0,78230,78230.0,78230,999999.0,999999.0,37000
1117,SESP,SESHACHALA COLLEGE OF PHARMACY,PVT,CHITTOOR,PUTTUR,COED,JNTUA,PHM,169131.0,169131.0,173540.0,173540,173554.0,173554.0,169163.0,169163,169169.0,169169,169131.0,169131.0,169142.0,169142,169163.0,169163,999999.0,999999.0,35000
1118,SIST,SIDDHARTHA INST OF SCI AND TECHNOLOGY,PVT,CHITTOOR,PUTTUR,COED,JNTUA,CAD,131150.0,139321.0,172310.0,172310,163498.0,163498.0,168271.0,168271,166927.0,167225,131150.0,167556.0,167541.0,168582,131539.0,139321,104710.0,106438.0,50600
1119,SIST,SIDDHARTHA INST OF SCI AND TECHNOLOGY,PVT,CHITTOOR,PUTTUR,COED,JNTUA,CIA,132636.0,132636.0,139288.0,141979,142562.0,142562.0,156419.0,156419,158919.0,158919,132636.0,132636.0,132636.0,150856,153946.0,167435,160432.0,156285.0,50600
1120,SIST,SIDDHARTHA INST OF SCI AND TECHNOLOGY,PVT,CHITTOOR,PUTTUR,COED,JNTUA,CSE,38142.0,38142.0,128634.0,141644,125414.0,151927.0,61901.0,67773,78114.0,78114,55208.0,55208.0,69369.0,87719,116036.0,122128,74779.0,46250.0,50600
1121,SIST,SIDDHARTHA INST OF SCI AND TECHNOLOGY,PVT,CHITTOOR,PUTTUR,COED,JNTUA,CSM,94691.0,94691.0,135022.0,157295,107333.0,107333.0,153946.0,161074,157079.0,157079,119297.0,119297.0,150544.0,157008,152726.0,152726,145312.0,133756.0,50600
1122,SIST,SIDDHARTHA INST OF SCI AND TECHNOLOGY,PVT,CHITTOOR,PUTTUR,COED,JNTUA,ECE,98944.0,98944.0,148596.0,172599,103001.0,109460.0,115688.0,138954,133635.0,164019,98944.0,137763.0,152179.0,152179,168846.0,168846,109172.0,104231.0,50600
1123,SIST,SIDDHARTHA INST OF SCI AND TECHNOLOGY,PVT,CHITTOOR,PUTTUR,COED,JNTUA,EEE,169131.0,169163.0,169131.0,169163,169131.0,169163.0,169131.0,169163,169169.0,169169,999999.0,999999.0,169131.0,169163,169163.0,169163,140896.0,140896.0,50600
1124,SIST,SIDDHARTHA INST OF SCI AND TECHNOLOGY,PVT,CHITTOOR,PUTTUR,COED,JNTUA,MEC,169131.0,169163.0,173540.0,173558,173554.0,173554.0,169163.0,169163,169169.0,169169,999999.0,999999.0,169131.0,169163,169163.0,169163,999999.0,999999.0,50600
1125,SRET,SREE RAMA ENGINEERING COLLEGE,PVT,CHITTOOR,TIRUPATHI,COED,JNTUA,AID,149804.0,151818.0,154545.0,154545,149804.0,151818.0,149804.0,151818,149804.0,151818,149804.0,151818.0,165458.0,165458,155206.0,155206,161074.0,161789.0,44700
1126,SRET,SREE RAMA ENGINEERING COLLEGE,PVT,CHITTOOR,TIRUPATHI,COED,JNTUA,CSE,79509.0,79509.0,172773.0,172773,169291.0,169291.0,100353.0,101194,128178.0,128741,79509.0,96809.0,133399.0,133399,142047.0,142047,115808.0,66646.0,44700
1127,SRET,SREE RAMA ENGINEERING COLLEGE,PVT,CHITTOOR,TIRUPATHI,COED,JNTUA,ECE,148947.0,148947.0,170024.0,170024,148947.0,148947.0,162460.0,162460,166625.0,166625,148947.0,148947.0,167620.0,167620,148947.0,154703,154689.0,151733.0,44700
1128,SRET,SREE RAMA ENGINEERING COLLEGE,PVT,CHITTOOR,TIRUPATHI,COED,JNTUA,EEE,169131.0,169163.0,173540.0,173558,169131.0,169163.0,169163.0,169163,169131.0,169163,999999.0,999999.0,169142.0,169163,169163.0,169163,999999.0,999999.0,44700
1129,SSCC,SRINIVASA INSTITUTE OF TECHNOLOGY AND MANG STUDIES,PVT,CHITTOOR,CHITTOOR,COED,JNTUA,CAI,98839.0,98839.0,172645.0,172645,119775.0,119775.0,168722.0,168722,144134.0,144134,98839.0,98839.0,124580.0,168854,153532.0,163317,125220.0,126964.0,35000
1130,SSCC,SRINIVASA INSTITUTE OF TECHNOLOGY AND MANG STUDIES,PVT,CHITTOOR,CHITTOOR,COED,JNTUA,CIV,169131.0,169163.0,173540.0,173558,173554.0,173554.0,169131.0,169163,169169.0,169169,999999.0,999999.0,169142.0,169163,169163.0,169163,999999.0,999999.0,35000
1131,SSCC,SRINIVASA INSTITUTE OF TECHNOLOGY AND MANG STUDIES,PVT,CHITTOOR,CHITTOOR,COED,JNTUA,CSD,131615.0,131615.0,142985.0,142985,149020.0,149020.0,144974.0,162203,158233.0,158233,131615.0,152915.0,165298.0,165298,167168.0,167168,123041.0,107959.0,35000
1132,SSCC,SRINIVASA INSTITUTE OF TECHNOLOGY AND MANG STUDIES,PVT,CHITTOOR,CHITTOOR,COED,JNTUA,CSE,70365.0,105721.0,171897.0,172883,171166.0,173077.0,77746.0,105721,111716.0,117611,80623.0,105721.0,83765.0,105721,96432.0,116259,90084.0,65889.0,35000
1133,SSCC,SRINIVASA INSTITUTE OF TECHNOLOGY AND MANG STUDIES,PVT,CHITTOOR,CHITTOOR,COED,JNTUA,CSM,125663.0,125663.0,161047.0,161047,144754.0,144754.0,142524.0,161773,169060.0,169060,125663.0,125663.0,158391.0,161930,160363.0,160363,130976.0,152295.0,35000
1134,SSCC,SRINIVASA INSTITUTE OF TECHNOLOGY AND MANG STUDIES,PVT,CHITTOOR,CHITTOOR,COED,JNTUA,ECE,118444.0,129252.0,172755.0,172755,140349.0,140349.0,148232.0,148232,164144.0,165393,118444.0,147571.0,157729.0,157729,161113.0,161113,153659.0,165717.0,35000
1135,SSCC,SRINIVASA INSTITUTE OF TECHNOLOGY AND MANG STUDIES,PVT,CHITTOOR,CHITTOOR,COED,JNTUA,EEE,148430.0,162592.0,148430.0,162592,148430.0,162592.0,148430.0,162592,148430.0,162592,148430.0,162592.0,148430.0,162592,148430.0,162592,166452.0,166452.0,35000
1136,SSCC,SRINIVASA INSTITUTE OF TECHNOLOGY AND MANG STUDIES,PVT,CHITTOOR,CHITTOOR,COED,JNTUA,MEC,169131.0,169131.0,173540.0,173540,173554.0,173554.0,169163.0,169163,169169.0,169169,169131.0,169131.0,169142.0,169142,169131.0,169131,999999.0,999999.0,35000
1137,SVCE,SRI VENKATESWARA COLL OF ENGINEERING,PVT,CHITTOOR,TIRUPATHI,COED,JNTUA,CIV,131615.0,131615.0,172684.0,172684,131615.0,142513.0,136633.0,136633,167919.0,167919,131615.0,131615.0,131615.0,132556,138776.0,138776,156713.0,159987.0,52800
1138,SVCE,SRI VENKATESWARA COLL OF ENGINEERING,PVT,CHITTOOR,TIRUPATHI,COED,JNTUA,CSC,30698.0,34605.0,114095.0,114095,152842.0,152842.0,39413.0,43124,47562.0,47562,30698.0,161120.0,53617.0,53617,70339.0,70339,26049.0,27684.0,52800
1139,SVCE,SRI VENKATESWARA COLL OF ENGINEERING,PVT,CHITTOOR,TIRUPATHI,COED,JNTUA,CSD,25823.0,25823.0,107351.0,107351,157900.0,157900.0,36772.0,37176,42475.0,42475,25823.0,25823.0,41732.0,42900,50365.0,58187,24143.0,27732.0,52800
1140,SVCE,SRI VENKATESWARA COLL OF ENGINEERING,PVT,CHITTOOR,TIRUPATHI,COED,JNTUA,CSE,22855.0,30503.0,55862.0,56572,106055.0,106055.0,29625.0,30503,27309.0,35184,81739.0,81739.0,32261.0,32261,44202.0,44202,25807.0,19200.0,52800
1141,SVCE,SRI VENKATESWARA COLL OF ENGINEERING,PVT,CHITTOOR,TIRUPATHI,COED,JNTUA,CSM,30518.0,32156.0,171097.0,171097,172581.0,172581.0,45726.0,46606,44645.0,44645,33203.0,33203.0,42485.0,47352,48616.0,51644,32016.0,27906.0,52800
1142,SVCE,SRI VENKATESWARA COLL OF ENGINEERING,PVT,CHITTOOR,TIRUPATHI,COED,JNTUA,ECE,36885.0,38879.0,143033.0,151106,170878.0,170878.0,56534.0,72303,63626.0,72799,57447.0,59431.0,61120.0,61120,79856.0,115348,41778.0,40479.0,52800
1143,SVCE,SRI VENKATESWARA COLL OF ENGINEERING,PVT,CHITTOOR,TIRUPATHI,COED,JNTUA,EEE,92042.0,114205.0,173329.0,173329,149020.0,149020.0,165363.0,165363,166317.0,166317,166517.0,166517.0,166314.0,168224,161367.0,161367,117729.0,107792.0,52800
1144,SVCE,SRI VENKATESWARA COLL OF ENGINEERING,PVT,CHITTOOR,TIRUPATHI,COED,JNTUA,INF,34923.0,34923.0,169810.0,172963,173244.0,173244.0,47874.0,55485,70641.0,81117,70001.0,70001.0,70574.0,76348,93184.0,93184,34037.0,36508.0,52800
1145,SVCE,SRI VENKATESWARA COLL OF ENGINEERING,PVT,CHITTOOR,TIRUPATHI,COED,JNTUA,MEC,165515.0,165515.0,170705.0,170705,165515.0,165515.0,166296.0,167938,166927.0,166927,165515.0,165515.0,165515.0,165515,165515.0,165515,150544.0,119750.0,52800
1146,SVCP,SRI VENKATESWARA COLLEGE OF PHARMACY,PVT,CHITTOOR,CHITTOOR,COED,JNTUA,PHM,43847.0,43847.0,43847.0,43847,43847.0,43847.0,43847.0,43847,43847.0,43847,43847.0,43847.0,43847.0,43847,43847.0,43847,999999.0,999999.0,65000
1147,SVCT,SRI VENKATESWARA COLLEGE OF ENGG. AND TECHNOLOGY,PVT,CHITTOOR,CHITTOOR,COED,JNTUA,CAI,65655.0,67201.0,84787.0,172860,152317.0,152317.0,109396.0,110711,81969.0,92655,120111.0,120111.0,114584.0,151163,123552.0,123552,75334.0,52820.0,48000
1148,SVCT,SRI VENKATESWARA COLLEGE OF ENGG. AND TECHNOLOGY,PVT,CHITTOOR,CHITTOOR,COED,JNTUA,CIV,169131.0,169163.0,173540.0,173540,173554.0,173554.0,169163.0,169163,169169.0,169169,999999.0,999999.0,169131.0,169163,169163.0,169163,151243.0,145462.0,48000
1149,SVCT,SRI VENKATESWARA COLLEGE OF ENGG. AND TECHNOLOGY,PVT,CHITTOOR,CHITTOOR,COED,JNTUA,CSC,73512.0,102149.0,144965.0,171283,73512.0,102149.0,112608.0,112608,87251.0,135941,73512.0,102149.0,123732.0,142945,90653.0,102149,74095.0,138460.0,48000
1150,SVCT,SRI VENKATESWARA COLLEGE OF ENGG. AND TECHNOLOGY,PVT,CHITTOOR,CHITTOOR,COED,JNTUA,CSD,82969.0,82969.0,169852.0,170428,142895.0,172503.0,127499.0,142356,120068.0,145606,160589.0,160589.0,149134.0,168089,113197.0,131102,101935.0,102358.0,48000
1151,SVCT,SRI VENKATESWARA COLLEGE OF ENGG. AND TECHNOLOGY,PVT,CHITTOOR,CHITTOOR,COED,JNTUA,CSE,41881.0,43755.0,146131.0,146131,168070.0,168070.0,65984.0,65984,71946.0,71946,56426.0,128264.0,66355.0,104888,44240.0,44240,42388.0,43457.0,48000
1152,SVCT,SRI VENKATESWARA COLLEGE OF ENGG. AND TECHNOLOGY,PVT,CHITTOOR,CHITTOOR,COED,JNTUA,CSM,79787.0,100327.0,161017.0,161017,155731.0,155731.0,104725.0,159208,118414.0,159798,79787.0,100327.0,167976.0,167976,136207.0,160519,107170.0,115367.0,48000
1153,SVCT,SRI VENKATESWARA COLLEGE OF ENGG. AND TECHNOLOGY,PVT,CHITTOOR,CHITTOOR,COED,JNTUA,CSO,130230.0,156700.0,170983.0,170983,130230.0,156700.0,146778.0,156700,164395.0,164395,130230.0,156700.0,160412.0,160412,155069.0,156700,133839.0,158764.0,48000
1154,SVCT,SRI VENKATESWARA COLLEGE OF ENGG. AND TECHNOLOGY,PVT,CHITTOOR,CHITTOOR,COED,JNTUA,ECE,76773.0,101859.0,170557.0,172297,83132.0,101859.0,118319.0,118537,133827.0,161930,103837.0,109430.0,125714.0,157053,148371.0,148371,116513.0,144084.0,48000
1155,SVCT,SRI VENKATESWARA COLLEGE OF ENGG. AND TECHNOLOGY,PVT,CHITTOOR,CHITTOOR,COED,JNTUA,EEE,154806.0,154806.0,168886.0,170689,154806.0,154806.0,161105.0,161105,162817.0,162817,154806.0,154806.0,165977.0,165977,154806.0,154806,109981.0,109981.0,48000
1156,SVCT,SRI VENKATESWARA COLLEGE OF ENGG. AND TECHNOLOGY,PVT,CHITTOOR,CHITTOOR,COED,JNTUA,INF,102342.0,130230.0,115299.0,132406,117376.0,130230.0,159272.0,159272,158356.0,163814,102342.0,130230.0,150798.0,150798,140925.0,140925,142047.0,155262.0,48000
1157,SVCT,SRI VENKATESWARA COLLEGE OF ENGG. AND TECHNOLOGY,PVT,CHITTOOR,CHITTOOR,COED,JNTUA,MEC,166478.0,166478.0,166478.0,166478,166478.0,166478.0,166478.0,166478,166478.0,166478,166478.0,166478.0,166478.0,166478,166478.0,166478,999999.0,999999.0,48000
1158,SVPP,SRI VENKATESA PERUMAL COLLEGE OF ENGG. AND TECH,PVT,CHITTOOR,PUTTUR,COED,JNTUA,CAI,119294.0,119294.0,172377.0,172377,119294.0,135463.0,119294.0,163283,162246.0,162246,119294.0,119294.0,153151.0,153151,141519.0,155462,139790.0,111716.0,37000
1159,SVPP,SRI VENKATESA PERUMAL COLLEGE OF ENGG. AND TECH,PVT,CHITTOOR,PUTTUR,COED,JNTUA,CIV,147744.0,147744.0,171511.0,172039,147744.0,171321.0,147744.0,162132,147744.0,147744,147744.0,147744.0,147744.0,147744,147744.0,147744,999999.0,999999.0,37000
1160,SVPP,SRI VENKATESA PERUMAL COLLEGE OF ENGG. AND TECH,PVT,CHITTOOR,PUTTUR,COED,JNTUA,CSE,89194.0,99393.0,172220.0,173195,169806.0,171977.0,91630.0,144515,114348.0,114348,89194.0,105818.0,132776.0,143849,121750.0,121750,100003.0,102700.0,37000
1161,SVPP,SRI VENKATESA PERUMAL COLLEGE OF ENGG. AND TECH,PVT,CHITTOOR,PUTTUR,COED,JNTUA,ECE,148017.0,148017.0,172165.0,172165,148017.0,148017.0,148017.0,159626,148017.0,168396,148017.0,148017.0,150462.0,165392,151018.0,151018,146737.0,147785.0,37000
1162,SVPP,SRI VENKATESA PERUMAL COLLEGE OF ENGG. AND TECH,PVT,CHITTOOR,PUTTUR,COED,JNTUA,EEE,119266.0,119266.0,173540.0,173540,144793.0,170251.0,158039.0,158039,167066.0,167066,119266.0,119266.0,157269.0,157269,160126.0,160126,157419.0,157419.0,37000
1163,SVPP,SRI VENKATESA PERUMAL COLLEGE OF ENGG. AND TECH,PVT,CHITTOOR,PUTTUR,COED,JNTUA,MEC,158764.0,169553.0,158764.0,169553,158764.0,169553.0,158764.0,169553,158764.0,169553,158764.0,169553.0,158764.0,169553,158764.0,169553,999999.0,999999.0,37000
1164,SVUC,S V U COLLEGE OF ENGG. TIRUPATHI,UNIV,CHITTOOR,TIRUPATHI,COED,SVU,CHE,160652.0,160652.0,172995.0,172995,171556.0,171556.0,160652.0,160652,160652.0,160652,160652.0,160652.0,160652.0,160652,160652.0,160652,157292.0,84495.0,29940
1165,SVUC,S V U COLLEGE OF ENGG. TIRUPATHI,UNIV,CHITTOOR,TIRUPATHI,COED,SVU,CIV,31839.0,61487.0,69498.0,155446,76247.0,169585.0,115994.0,115994,71499.0,113452,120479.0,120479.0,128612.0,128612,94219.0,94219,135649.0,92004.0,29940
1166,SVUC,S V U COLLEGE OF ENGG. TIRUPATHI,UNIV,CHITTOOR,TIRUPATHI,COED,SVU,CSE,5582.0,6275.0,7791.0,7791,15426.0,15793.0,5945.0,6275,5582.0,6275,5582.0,6275.0,5582.0,6275,5978.0,6275,6572.0,7631.0,29940
1167,SVUC,S V U COLLEGE OF ENGG. TIRUPATHI,UNIV,CHITTOOR,TIRUPATHI,COED,SVU,ECE,7249.0,8140.0,13269.0,13269,25542.0,25542.0,13862.0,13862,13635.0,13635,14648.0,14648.0,11206.0,11206,7249.0,8538,17885.0,7521.0,29940
1168,SVUC,S V U COLLEGE OF ENGG. TIRUPATHI,UNIV,CHITTOOR,TIRUPATHI,COED,SVU,EEE,20406.0,39787.0,25175.0,43991,42713.0,78618.0,68333.0,68333,60607.0,60607,20406.0,70500.0,58093.0,58093,75956.0,75956,42544.0,73780.0,29940
1169,SVUC,S V U COLLEGE OF ENGG. TIRUPATHI,UNIV,CHITTOOR,TIRUPATHI,COED,SVU,MEC,83941.0,83941.0,83941.0,152674,130171.0,130171.0,96342.0,132374,83941.0,114319,83941.0,83941.0,83941.0,144066,107476.0,107476,121053.0,90382.0,29940
1170,SVUCSS,S V U COLLEGE OF ENGG. -SELF SUPPORTING-TIRUPATHI,SS,CHITTOOR,TIRUPATHI,COED,SVU,CAI,139017.0,139017.0,141534.0,141534,139017.0,139017.0,139017.0,139017,141003.0,141003,139017.0,139017.0,139017.0,155841,139017.0,139017,143061.0,143061.0,149940
1171,SVUCSS,S V U COLLEGE OF ENGG. -SELF SUPPORTING-TIRUPATHI,SS,CHITTOOR,TIRUPATHI,COED,SVU,CIV,163991.0,163991.0,163991.0,163991,163991.0,163991.0,163991.0,163991,163991.0,163991,163991.0,163991.0,163991.0,163991,163991.0,163991,999999.0,999999.0,149940
1172,SVUCSS,S V U COLLEGE OF ENGG. -SELF SUPPORTING-TIRUPATHI,SS,CHITTOOR,TIRUPATHI,COED,SVU,CSE,97392.0,162638.0,99219.0,162638,156455.0,162638.0,97392.0,162638,135406.0,162638,97392.0,162638.0,97392.0,162638,97392.0,162638,124956.0,68005.0,149940
1173,SVUCSS,S V U COLLEGE OF ENGG. -SELF SUPPORTING-TIRUPATHI,SS,CHITTOOR,TIRUPATHI,COED,SVU,ECE,95011.0,95011.0,173369.0,173369,95011.0,95011.0,95011.0,159165,95011.0,95011,95011.0,95011.0,129988.0,157100,95011.0,95011,999999.0,999999.0,149940
1174,VEMU,VEMU INSTITUTE OF TECHNOLOGY,PVT,CHITTOOR,CHITTOOR,COED,JNTUA,CAI,54449.0,60453.0,130753.0,144014,123992.0,123992.0,104384.0,104384,96671.0,100486,54449.0,60453.0,95135.0,97677,91386.0,106536,59586.0,67678.0,35000
1175,VEMU,VEMU INSTITUTE OF TECHNOLOGY,PVT,CHITTOOR,CHITTOOR,COED,JNTUA,CIT,74612.0,74612.0,169489.0,169489,170138.0,170138.0,117725.0,125414,130051.0,130051,74612.0,74612.0,114326.0,137397,124878.0,145518,77969.0,117278.0,35000
1176,VEMU,VEMU INSTITUTE OF TECHNOLOGY,PVT,CHITTOOR,CHITTOOR,COED,JNTUA,CIV,124241.0,124241.0,172757.0,172757,152609.0,173054.0,130036.0,162246,124241.0,124241,124241.0,124241.0,124241.0,124241,124241.0,124241,999999.0,999999.0,35000
1177,VEMU,VEMU INSTITUTE OF TECHNOLOGY,PVT,CHITTOOR,CHITTOOR,COED,JNTUA,CSE,75511.0,86197.0,127110.0,127110,170387.0,170387.0,75511.0,95095,97244.0,99704,97843.0,97843.0,96097.0,104487,158584.0,158584,62573.0,68494.0,35000
1178,VEMU,VEMU INSTITUTE OF TECHNOLOGY,PVT,CHITTOOR,CHITTOOR,COED,JNTUA,ECE,95696.0,95696.0,173485.0,173485,104473.0,104722.0,125729.0,125729,142945.0,142945,95696.0,156891.0,159481.0,159481,149618.0,149618,114213.0,112500.0,35000
1179,VEMU,VEMU INSTITUTE OF TECHNOLOGY,PVT,CHITTOOR,CHITTOOR,COED,JNTUA,EEE,86395.0,86395.0,140373.0,140373,145068.0,145068.0,144881.0,149399,144995.0,167976,86395.0,86395.0,166661.0,166661,166262.0,166262,151761.0,150845.0,35000
1180,VEMU,VEMU INSTITUTE OF TECHNOLOGY,PVT,CHITTOOR,CHITTOOR,COED,JNTUA,MEC,111667.0,111667.0,163706.0,170674,172487.0,172487.0,172276.0,172276,171245.0,171245,111667.0,111667.0,111667.0,111667,111667.0,111667,163604.0,163604.0,35000
1181,VISM,VISWAM ENGINEERING COLLEGE,PVT,CHITTOOR,MADANAPALLE,COED,JNTUA,AID,135265.0,168132.0,135265.0,168132,137037.0,168132.0,135265.0,168132,167380.0,168132,135265.0,168132.0,135265.0,168132,135265.0,168132,163280.0,160238.0,35000
1182,VISM,VISWAM ENGINEERING COLLEGE,PVT,CHITTOOR,MADANAPALLE,COED,JNTUA,CSE,95287.0,122588.0,172335.0,172335,105725.0,160730.0,150083.0,150083,155749.0,155749,109881.0,122588.0,165448.0,165448,116335.0,147718,153069.0,130795.0,35000
1183,VISM,VISWAM ENGINEERING COLLEGE,PVT,CHITTOOR,MADANAPALLE,COED,JNTUA,ECE,160048.0,160048.0,160048.0,162204,160048.0,164424.0,161392.0,168261,160048.0,160048,160048.0,160048.0,160048.0,167054,160048.0,160048,80687.0,168712.0,35000
1184,VNCP,SRIVIDYA NIKETHAN COLLEGE OF PHARMACY,PVT,CHITTOOR,RANGAMPETA,COED,JNTUA,PHM,169131.0,169131.0,173540.0,173540,173554.0,173554.0,169163.0,169163,169169.0,169169,169131.0,169131.0,169142.0,169142,169163.0,169163,999999.0,999999.0,35000
1185,AITK,ANNAMACHARYA INST OF TECH AND SCI,PVT,KADAPA,KADAPA,COED,JNTUA,AID,148240.0,168976.0,148240.0,168976,148240.0,168976.0,153550.0,168976,155380.0,168976,148240.0,168976.0,155770.0,168976,167401.0,168976,107292.0,122588.0,51500
1186,AITK,ANNAMACHARYA INST OF TECH AND SCI,PVT,KADAPA,KADAPA,COED,JNTUA,CSE,87585.0,123732.0,167362.0,172487,170729.0,170729.0,166528.0,166528,131824.0,168065,87585.0,123732.0,148007.0,148007,112124.0,123732,125898.0,73125.0,51500
1187,AITK,ANNAMACHARYA INST OF TECH AND SCI,PVT,KADAPA,KADAPA,COED,JNTUA,CSM,127388.0,138391.0,127388.0,164774,127388.0,138391.0,134484.0,138391,158890.0,167486,141298.0,141298.0,142273.0,161464,127388.0,156908,118836.0,112038.0,51500
1188,AITK,ANNAMACHARYA INST OF TECH AND SCI,PVT,KADAPA,KADAPA,COED,JNTUA,ECE,77581.0,161315.0,172591.0,172591,145068.0,167499.0,147468.0,161315,168827.0,168827,77581.0,161315.0,154806.0,162737,106723.0,161315,109659.0,125076.0,51500
1189,AITK,ANNAMACHARYA INST OF TECH AND SCI,PVT,KADAPA,KADAPA,COED,JNTUA,EEE,139199.0,139199.0,139199.0,139199,139199.0,139199.0,139199.0,139199,139199.0,139199,139199.0,139199.0,160708.0,160708,139199.0,139199,999999.0,999999.0,51500
1190,AITS,ANNAMACHARYA INST OF TECHNOLOGY AND SCIENCES,PVT,KADAPA,RAJAMPETA,COED,JNTUA,AID,59032.0,59032.0,168247.0,168247,61661.0,61661.0,89700.0,89700,85474.0,113429,59032.0,126430.0,77722.0,120799,79059.0,79059,47889.0,66161.0,68700
1191,AITS,ANNAMACHARYA INST OF TECHNOLOGY AND SCIENCES,PVT,KADAPA,RAJAMPETA,COED,JNTUA,AIM,56902.0,61608.0,108315.0,108315,65062.0,65062.0,97437.0,104898,105619.0,114832,76611.0,76611.0,72564.0,167140,132995.0,132995,65127.0,68572.0,68700
1192,AITS,ANNAMACHARYA INST OF TECHNOLOGY AND SCIENCES,PVT,KADAPA,RAJAMPETA,COED,JNTUA,CAI,41649.0,41649.0,58786.0,85180,43400.0,43400.0,56630.0,61255,64173.0,64173,48472.0,48472.0,76197.0,78881,65754.0,124379,44202.0,48182.0,68700
1193,AITS,ANNAMACHARYA INST OF TECHNOLOGY AND SCIENCES,PVT,KADAPA,RAJAMPETA,COED,JNTUA,CIV,130931.0,130931.0,156261.0,156261,130931.0,130931.0,130931.0,130931,130931.0,130931,130931.0,130931.0,130931.0,130931,130931.0,130931,164982.0,164982.0,68700
1194,AITS,ANNAMACHARYA INST OF TECHNOLOGY AND SCIENCES,PVT,KADAPA,RAJAMPETA,COED,JNTUA,CSD,36005.0,39193.0,156323.0,156414,95374.0,165103.0,64344.0,64344,64551.0,64551,61740.0,61740.0,62045.0,70736,63098.0,63098,38922.0,37741.0,68700
1195,AITS,ANNAMACHARYA INST OF TECHNOLOGY AND SCIENCES,PVT,KADAPA,RAJAMPETA,COED,JNTUA,CSE,29686.0,29686.0,84660.0,108462,170200.0,170200.0,44402.0,53610,39326.0,47203,41239.0,44145.0,42959.0,52644,37517.0,65779,30872.0,25762.0,68700
1196,AITS,ANNAMACHARYA INST OF TECHNOLOGY AND SCIENCES,PVT,KADAPA,RAJAMPETA,COED,JNTUA,ECE,49083.0,49083.0,172764.0,172764,173083.0,173083.0,77832.0,89422,77144.0,77144,84870.0,84870.0,84678.0,94334,85060.0,85354,54335.0,72264.0,68700
1197,AITS,ANNAMACHARYA INST OF TECHNOLOGY AND SCIENCES,PVT,KADAPA,RAJAMPETA,COED,JNTUA,EEE,135356.0,157546.0,169638.0,169638,167128.0,167128.0,159880.0,166418,159781.0,159781,147702.0,157546.0,167450.0,167450,158462.0,158462,131878.0,107476.0,68700
1198,AITS,ANNAMACHARYA INST OF TECHNOLOGY AND SCIENCES,PVT,KADAPA,RAJAMPETA,COED,JNTUA,MEC,167051.0,167051.0,167051.0,167943,167051.0,167051.0,167051.0,167051,167051.0,167051,167051.0,167051.0,167051.0,167051,167051.0,167051,103663.0,155749.0,68700
1199,ANCP,ANNAMACHARYA COLLEGE OF PHARMACY,PVT,KADAPA,RAJAMPETA,COED,JNTUA,PHM,135136.0,135136.0,135136.0,135136,135136.0,135136.0,135136.0,135136,135136.0,135136,135136.0,135136.0,135136.0,135136,135136.0,135136,999999.0,999999.0,53100
1200,ANMB,ACHARYA COLLEGE OF ENGINEERING,PVT,KADAPA,BADVEL,COED,JNTUA,CSE,155838.0,155838.0,155838.0,155838,163851.0,163851.0,155838.0,155838,155838.0,155838,155838.0,155838.0,155838.0,155838,155838.0,155838,999999.0,999999.0,35000
1201,ANMB,ACHARYA COLLEGE OF ENGINEERING,PVT,KADAPA,BADVEL,COED,JNTUA,ECE,154660.0,154660.0,154660.0,154660,154660.0,154660.0,154660.0,154660,154660.0,154660,154660.0,154660.0,154660.0,154660,154660.0,154660,999999.0,999999.0,35000
1202,CBIT,CHAITANYA BHARATHI INSTITUTE OF TECHNOLOGY,PVT,KADAPA,PALLAVOLU,COED,JNTUA,CAI,79259.0,87107.0,94804.0,94804,79259.0,93264.0,147867.0,147867,126182.0,151595,79259.0,87107.0,132658.0,152082,118788.0,125448,89453.0,73110.0,35000
1203,CBIT,CHAITANYA BHARATHI INSTITUTE OF TECHNOLOGY,PVT,KADAPA,PALLAVOLU,COED,JNTUA,CIV,169131.0,169163.0,173540.0,173558,173554.0,173554.0,169163.0,169163,169169.0,169169,999999.0,999999.0,169142.0,169163,169163.0,169163,999999.0,999999.0,35000
1204,CBIT,CHAITANYA BHARATHI INSTITUTE OF TECHNOLOGY,PVT,KADAPA,PALLAVOLU,COED,JNTUA,CSD,97890.0,97890.0,98280.0,98280,119562.0,119562.0,106197.0,111402,113266.0,113266,97890.0,97890.0,160589.0,160589,110804.0,136827,99227.0,91354.0,35000
1205,CBIT,CHAITANYA BHARATHI INSTITUTE OF TECHNOLOGY,PVT,KADAPA,PALLAVOLU,COED,JNTUA,CSE,56460.0,56460.0,171393.0,171393,170175.0,170175.0,99837.0,99837,92524.0,92524,56460.0,56460.0,73894.0,73894,96646.0,96646,88311.0,56251.0,35000
1206,CBIT,CHAITANYA BHARATHI INSTITUTE OF TECHNOLOGY,PVT,KADAPA,PALLAVOLU,COED,JNTUA,CSM,70251.0,79202.0,168927.0,168927,109798.0,109798.0,145254.0,145254,120968.0,120968,163814.0,163814.0,161307.0,164334,93633.0,93633,109881.0,83825.0,35000
1207,CBIT,CHAITANYA BHARATHI INSTITUTE OF TECHNOLOGY,PVT,KADAPA,PALLAVOLU,COED,JNTUA,ECE,120016.0,120016.0,120016.0,172664,120016.0,120016.0,143751.0,143751,138614.0,138614,138820.0,138820.0,145068.0,147520,125333.0,125333,119172.0,116690.0,35000
1208,CBIT,CHAITANYA BHARATHI INSTITUTE OF TECHNOLOGY,PVT,KADAPA,PALLAVOLU,COED,JNTUA,EEE,127324.0,127324.0,143302.0,143302,168854.0,168854.0,169163.0,169163,162986.0,162986,127324.0,127324.0,168985.0,168985,167128.0,167128,162659.0,142945.0,35000
1209,CBIT,CHAITANYA BHARATHI INSTITUTE OF TECHNOLOGY,PVT,KADAPA,PALLAVOLU,COED,JNTUA,MEC,169131.0,169163.0,173540.0,173558,173554.0,173554.0,169163.0,169163,169169.0,169169,999999.0,999999.0,169131.0,169163,169163.0,169163,999999.0,999999.0,35000
1210,GTMW,GOUTHAMI INST OF TECHNOLOGY MGMT FOR WOMEN,PVT,KADAPA,PRODDATUR,GIRLS,JNTUA,CSE,97914.0,97914.0,169677.0,169677,150704.0,150704.0,160312.0,160312,168146.0,168146,999999.0,999999.0,123461.0,123461,147860.0,147860,125360.0,125360.0,35000
1211,GTMW,GOUTHAMI INST OF TECHNOLOGY MGMT FOR WOMEN,PVT,KADAPA,PRODDATUR,GIRLS,JNTUA,CSM,145606.0,145606.0,164840.0,164840,164591.0,164591.0,145606.0,145606,145606.0,145606,999999.0,999999.0,145606.0,145606,145606.0,145606,157232.0,157232.0,35000
1212,GTMW,GOUTHAMI INST OF TECHNOLOGY MGMT FOR WOMEN,PVT,KADAPA,PRODDATUR,GIRLS,JNTUA,ECE,167938.0,167938.0,169505.0,169505,167938.0,167938.0,167938.0,167938,167938.0,167938,999999.0,999999.0,167938.0,167938,167938.0,167938,159138.0,159138.0,35000
1213,JNTP,JNTUA COLLEGE OF ENGG PULIVENDULA,UNIV,KADAPA,PULIVENDULA,COED,JNTUA,CIV,55335.0,55335.0,129486.0,163172,171812.0,171812.0,168229.0,168229,168761.0,168761,126405.0,126405.0,126705.0,126705,130139.0,130139,152787.0,133655.0,10000
1214,JNTP,JNTUA COLLEGE OF ENGG PULIVENDULA,UNIV,KADAPA,PULIVENDULA,COED,JNTUA,CSE,15157.0,15157.0,25999.0,25999,19330.0,33172.0,15157.0,15157,17511.0,17511,15157.0,22384.0,16606.0,16606,16849.0,39066,17161.0,11282.0,10000
1215,JNTP,JNTUA COLLEGE OF ENGG PULIVENDULA,UNIV,KADAPA,PULIVENDULA,COED,JNTUA,ECE,13072.0,21109.0,27780.0,28406,45907.0,45907.0,21889.0,21889,42993.0,42993,62514.0,62514.0,30671.0,30671,24055.0,49755,33600.0,19453.0,10000
1216,JNTP,JNTUA COLLEGE OF ENGG PULIVENDULA,UNIV,KADAPA,PULIVENDULA,COED,JNTUA,EEE,33915.0,33915.0,84009.0,172315,76962.0,76962.0,109559.0,109559,127344.0,143550,122376.0,122376.0,59259.0,63347,73196.0,95018,63911.0,56835.0,10000
1217,JNTP,JNTUA COLLEGE OF ENGG PULIVENDULA,UNIV,KADAPA,PULIVENDULA,COED,JNTUA,MEC,172733.0,172733.0,172733.0,172733,172733.0,172733.0,172733.0,172733,172733.0,172733,172733.0,172733.0,172733.0,172733,172733.0,172733,144703.0,150302.0,10000
1218,KLMW,K.LAKSHUMMA MEMORIAL COLLEGE OF ENGG FOR WOMEN,PVT,KADAPA,KADAPA,GIRLS,JNTUA,AID,166430.0,166430.0,171112.0,171112,166430.0,166430.0,166430.0,166430,168397.0,168397,999999.0,999999.0,166430.0,166430,166430.0,166430,999999.0,999999.0,35000
1219,KLMW,K.LAKSHUMMA MEMORIAL COLLEGE OF ENGG FOR WOMEN,PVT,KADAPA,KADAPA,GIRLS,JNTUA,AIM,152425.0,152425.0,156861.0,156861,152425.0,152425.0,166517.0,166517,152425.0,152425,999999.0,999999.0,152425.0,152425,152425.0,152425,999999.0,999999.0,35000
1220,KLMW,K.LAKSHUMMA MEMORIAL COLLEGE OF ENGG FOR WOMEN,PVT,KADAPA,KADAPA,GIRLS,JNTUA,CSE,142189.0,142189.0,172400.0,172400,142189.0,142189.0,165759.0,165759,167252.0,167252,999999.0,999999.0,159860.0,159860,152663.0,152663,149423.0,149423.0,35000
1221,KLMW,K.LAKSHUMMA MEMORIAL COLLEGE OF ENGG FOR WOMEN,PVT,KADAPA,KADAPA,GIRLS,JNTUA,ECE,151552.0,151552.0,170882.0,170882,164424.0,164424.0,167252.0,167252,167566.0,167566,999999.0,999999.0,151552.0,151552,151552.0,151552,159357.0,159357.0,35000
1222,KORM,KANDULA OBUL REDDY MEMORIAL COLL. OF ENGG.,PVT,KADAPA,KADAPA,COED,JNTUA,AID,143726.0,143726.0,161446.0,161446,143726.0,143726.0,143726.0,143726,143726.0,143726,143726.0,143726.0,143726.0,143726,143726.0,143726,168787.0,139037.0,35000
1223,KORM,KANDULA OBUL REDDY MEMORIAL COLL. OF ENGG.,PVT,KADAPA,KADAPA,COED,JNTUA,AIM,165117.0,165117.0,169613.0,169613,165117.0,165117.0,165117.0,165117,165117.0,165117,165117.0,165117.0,165117.0,165117,165117.0,165117,999999.0,999999.0,35000
1224,KORM,KANDULA OBUL REDDY MEMORIAL COLL. OF ENGG.,PVT,KADAPA,KADAPA,COED,JNTUA,CSE,66925.0,66925.0,172615.0,172615,132070.0,132070.0,77008.0,98106,156847.0,156847,66925.0,66925.0,158744.0,163673,118389.0,143199,142020.0,136548.0,35000
1225,KORM,KANDULA OBUL REDDY MEMORIAL COLL. OF ENGG.,PVT,KADAPA,KADAPA,COED,JNTUA,ECE,147562.0,147562.0,162246.0,162371,147562.0,151418.0,164000.0,164000,149346.0,149346,147562.0,147562.0,147562.0,147562,147562.0,147562,123534.0,131136.0,35000
1226,KSRM,K S R M COLLEGE OF ENGINEERING,PVT,KADAPA,KADAPA,COED,JNTUA,AIM,56795.0,63852.0,158906.0,158906,172100.0,172100.0,63188.0,99319,60031.0,104018,56795.0,145569.0,108548.0,108548,56795.0,63852,63028.0,49906.0,56700
1227,KSRM,K S R M COLLEGE OF ENGINEERING,PVT,KADAPA,KADAPA,COED,JNTUA,CIV,148280.0,148280.0,173155.0,173155,148280.0,148280.0,148280.0,148280,148280.0,148280,148280.0,148280.0,148280.0,148280,148353.0,148353,999999.0,999999.0,56700
1228,KSRM,K S R M COLLEGE OF ENGINEERING,PVT,KADAPA,KADAPA,COED,JNTUA,CSE,34625.0,34625.0,92024.0,113503,163925.0,163925.0,65127.0,65127,52488.0,53613,59689.0,59689.0,72964.0,80816,50075.0,58375,39468.0,38857.0,56700
1229,KSRM,K S R M COLLEGE OF ENGINEERING,PVT,KADAPA,KADAPA,COED,JNTUA,ECE,68252.0,68252.0,172359.0,172932,165625.0,165625.0,95965.0,95965,101133.0,142079,68252.0,101837.0,98478.0,154930,72767.0,162575,68584.0,70641.0,56700
1230,KSRM,K S R M COLLEGE OF ENGINEERING,PVT,KADAPA,KADAPA,COED,JNTUA,EEE,135484.0,135484.0,169456.0,171026,162028.0,162028.0,155833.0,156123,169025.0,169025,135484.0,135484.0,135484.0,135484,135484.0,153502,128741.0,125198.0,56700
1231,KSRM,K S R M COLLEGE OF ENGINEERING,PVT,KADAPA,KADAPA,COED,JNTUA,MEC,168755.0,168755.0,168755.0,168755,169627.0,169627.0,168755.0,168755,168755.0,168755,168755.0,168755.0,168755.0,168755,168755.0,168755,999999.0,999999.0,56700
1232,NIST,NARAYANADRI INST OF SCI TECHNOLOGY,PVT,KADAPA,RAJAMPETA,COED,JNTUA,CSE,169773.0,169773.0,169773.0,169773,169773.0,169773.0,169773.0,169773,169773.0,169773,169773.0,169773.0,169773.0,169773,169773.0,169773,999999.0,999999.0,35000
1233,PRMP,P. RAMIREDDY MEMORIAL COLLEGE OF PHARMACY,PVT,KADAPA,KADAPA,COED,JNTUA,PHD,172340.0,172340.0,172340.0,172340,172340.0,172340.0,172340.0,172340,172340.0,172340,172340.0,172340.0,172340.0,172340,172340.0,172340,999999.0,999999.0,38500
1234,PRMP,P. RAMIREDDY MEMORIAL COLLEGE OF PHARMACY,PVT,KADAPA,KADAPA,COED,JNTUA,PHM,159451.0,159451.0,159451.0,159451,159451.0,159451.0,159451.0,159451,159451.0,159451,159451.0,159451.0,159451.0,159451,159451.0,159451,999999.0,999999.0,41600
1235,SATS,SRI ANNAMACHARYA INSTITUTE OF TECHNOLOGY AND SCIENCE,PVT,KADAPA,RAJAMPETA,COED,JNTUA,CSD,169131.0,169163.0,169131.0,169163,173554.0,173554.0,169163.0,169163,169169.0,169169,999999.0,999999.0,169142.0,169163,169163.0,169163,161171.0,161171.0,38000
1236,SATS,SRI ANNAMACHARYA INSTITUTE OF TECHNOLOGY AND SCIENCE,PVT,KADAPA,RAJAMPETA,COED,JNTUA,CSE,86060.0,86060.0,165231.0,165231,86060.0,86060.0,86113.0,86113,158932.0,158932,86060.0,86060.0,86060.0,86060,86060.0,86060,131646.0,131646.0,38000
1237,SATS,SRI ANNAMACHARYA INSTITUTE OF TECHNOLOGY AND SCIENCE,PVT,KADAPA,RAJAMPETA,COED,JNTUA,ECE,169131.0,169163.0,173540.0,173558,173554.0,173554.0,169163.0,169163,169131.0,169163,999999.0,999999.0,169131.0,169163,169163.0,169163,999999.0,999999.0,38000
1238,SRIP,SAI RAJESWARI INSTITUTE OF TECHNOLOGY,PVT,KADAPA,PRODDATUR,COED,JNTUA,CSE,124940.0,160469.0,169371.0,169371,155024.0,160469.0,167218.0,168846,161848.0,161848,147055.0,160469.0,161280.0,161280,149589.0,160469,166906.0,120500.0,35000
1239,SRIP,SAI RAJESWARI INSTITUTE OF TECHNOLOGY,PVT,KADAPA,PRODDATUR,COED,JNTUA,ECE,149986.0,149986.0,152717.0,170355,149986.0,160541.0,149986.0,149986,149986.0,149986,149986.0,149986.0,149986.0,149986,168084.0,168084,142273.0,132828.0,35000
1240,SRSR,SRI SAI INSTITUTE OF TECHNOLOGY. AND SCI.,PVT,KADAPA,RAYCHOTI,COED,JNTUA,CSE,124608.0,124608.0,138172.0,155823,140176.0,140176.0,165021.0,165021,168196.0,168196,132931.0,132931.0,149299.0,149299,126822.0,126822,164198.0,130821.0,37700
1241,SRSR,SRI SAI INSTITUTE OF TECHNOLOGY. AND SCI.,PVT,KADAPA,RAYCHOTI,COED,JNTUA,ECE,163928.0,163928.0,168827.0,168827,163928.0,163928.0,163928.0,163928,166984.0,166984,163928.0,163928.0,163928.0,163928,163928.0,163928,999999.0,999999.0,37700
1242,SRTS,SRINIVASA INST OF TECHNOLOGY SCIENCE,PVT,KADAPA,KADAPA,COED,JNTUA,CSE,163912.0,163912.0,172816.0,172816,163912.0,164675.0,163912.0,163912,169122.0,169122,163912.0,163912.0,166754.0,166754,163912.0,163912,164719.0,168689.0,35000
1243,SRTS,SRINIVASA INST OF TECHNOLOGY SCIENCE,PVT,KADAPA,KADAPA,COED,JNTUA,ECE,102535.0,102535.0,173159.0,173159,102535.0,102535.0,102535.0,118922,136302.0,136302,102535.0,102535.0,102535.0,102535,102535.0,102535,125847.0,160212.0,35000
1244,SVCK,SRI VENKATESWARA COLLEGE OF ENGINEERING,PVT,KADAPA,KADAPA,COED,JNTUA,CSE,110358.0,110358.0,172125.0,172125,115043.0,115043.0,113764.0,120624,144134.0,149461,125627.0,125627.0,133204.0,143692,110358.0,110358,150653.0,99952.0,35000
1245,SVCK,SRI VENKATESWARA COLLEGE OF ENGINEERING,PVT,KADAPA,KADAPA,COED,JNTUA,CSM,97079.0,137014.0,122770.0,137014,140040.0,140040.0,154370.0,157000,164250.0,164250,149484.0,149484.0,160931.0,160931,135338.0,168500,75032.0,118400.0,35000
1246,SVCK,SRI VENKATESWARA COLLEGE OF ENGINEERING,PVT,KADAPA,KADAPA,COED,JNTUA,ECE,137661.0,145481.0,149742.0,164507,150927.0,156265.0,168661.0,168661,158474.0,167563,137661.0,145481.0,169029.0,169029,160067.0,160067,133131.0,123834.0,35000
1247,SVIK,SRI VENKATESWARA INSTT. OF SCIENCE AND TECHNOLOGY,PVT,KADAPA,KADAPA,COED,JNTUA,CSE,134779.0,134779.0,171810.0,171810,142020.0,142020.0,154094.0,154094,156819.0,156819,134779.0,134779.0,152134.0,157804,166974.0,166974,145882.0,134730.0,35000
1248,SVIK,SRI VENKATESWARA INSTT. OF SCIENCE AND TECHNOLOGY,PVT,KADAPA,KADAPA,COED,JNTUA,ECE,132516.0,132516.0,172039.0,172039,132516.0,132516.0,132516.0,132516,132516.0,168526,132516.0,132516.0,132516.0,148526,150738.0,150738,143817.0,143817.0,35000
1249,SVIK,SRI VENKATESWARA INSTT. OF SCIENCE AND TECHNOLOGY,PVT,KADAPA,KADAPA,COED,JNTUA,EEE,169131.0,169131.0,173540.0,173540,173554.0,173554.0,169163.0,169163,169169.0,169169,169131.0,169131.0,169142.0,169142,169163.0,169163,999999.0,999999.0,35000
1250,VITS,VAAGDEVI INSTITUTE OF TECHNOLOGY. AND SCI.,PVT,KADAPA,PRODDATUR,COED,JNTUA,CSE,136688.0,160363.0,170160.0,170160,151937.0,160363.0,168533.0,168533,168089.0,168089,136688.0,160363.0,157283.0,160866,136688.0,160363,152260.0,143704.0,35000
1251,VITS,VAAGDEVI INSTITUTE OF TECHNOLOGY. AND SCI.,PVT,KADAPA,PRODDATUR,COED,JNTUA,ECE,152072.0,152072.0,152072.0,163172,152072.0,152072.0,152072.0,152072,162968.0,162968,152072.0,152072.0,152072.0,152072,152072.0,152072,129321.0,129321.0,35000
1252,YGVU,YGVU YSR ENGINEERING COLLEGE,UNIV,KADAPA,PRODDATUR,COED,YGVU,CIV,71268.0,71268.0,154589.0,172959,172958.0,172958.0,71268.0,71268,173004.0,173004,173086.0,173086.0,166789.0,166789,71268.0,71268,999999.0,999999.0,10000
1253,YGVU,YGVU YSR ENGINEERING COLLEGE,UNIV,KADAPA,PRODDATUR,COED,YGVU,CSE,30350.0,30350.0,145254.0,145254,30350.0,55499.0,34890.0,35587,75476.0,114976,33722.0,33722.0,41702.0,41702,95827.0,95827,67450.0,62271.0,10000
1254,YGVU,YGVU YSR ENGINEERING COLLEGE,UNIV,KADAPA,PRODDATUR,COED,YGVU,ECE,58496.0,83370.0,153555.0,153555,96646.0,96646.0,142126.0,142126,152565.0,152565,58496.0,83370.0,89376.0,146778,58496.0,83370,83955.0,133458.0,10000
1255,YGVU,YGVU YSR ENGINEERING COLLEGE,UNIV,KADAPA,PRODDATUR,COED,YGVU,EEE,63443.0,63443.0,166167.0,169701,157182.0,157182.0,63443.0,63443,63443.0,63443,63443.0,63443.0,158495.0,158495,63443.0,63443,87538.0,166262.0,10000
1256,YGVU,YGVU YSR ENGINEERING COLLEGE,UNIV,KADAPA,PRODDATUR,COED,YGVU,MEC,138172.0,138172.0,163141.0,163141,169176.0,169176.0,138172.0,138172,138172.0,138172,138172.0,138172.0,138172.0,138172,138172.0,138172,999999.0,999999.0,10000
1257,ASKW,ASHOKA WOMEN'S ENGINEERING COLLEGE,PVT,KURNOOL,KURNOOL,GIRLS,JNTUA,CAI,78990.0,78990.0,173480.0,173480,78990.0,78990.0,78990.0,78990,107476.0,107476,78990.0,78990.0,114268.0,114268,109282.0,109282,76428.0,76428.0,41800
1258,ASKW,ASHOKA WOMEN'S ENGINEERING COLLEGE,PVT,KURNOOL,KURNOOL,GIRLS,JNTUA,CIV,166974.0,166974.0,166974.0,166974,166974.0,166974.0,168661.0,168661,166974.0,166974,999999.0,999999.0,166974.0,166974,166974.0,166974,151254.0,151254.0,41800
1259,ASKW,ASHOKA WOMEN'S ENGINEERING COLLEGE,PVT,KURNOOL,KURNOOL,GIRLS,JNTUA,CSE,60394.0,60394.0,123472.0,123472,153089.0,153089.0,71600.0,71600,98428.0,98428,99429.0,99429.0,89169.0,89169,72933.0,72933,78215.0,78215.0,41800
1260,ASKW,ASHOKA WOMEN'S ENGINEERING COLLEGE,PVT,KURNOOL,KURNOOL,GIRLS,JNTUA,ECE,66802.0,66802.0,171122.0,171122,165992.0,165992.0,93785.0,93785,89841.0,89841,999999.0,999999.0,114370.0,114370,118486.0,118486,81877.0,81877.0,41800
1261,ASKW,ASHOKA WOMEN'S ENGINEERING COLLEGE,PVT,KURNOOL,KURNOOL,GIRLS,JNTUA,EEE,999999.0,999999.0,172507.0,172507,999999.0,999999.0,122601.0,122601,130917.0,130917,999999.0,999999.0,145481.0,145481,155113.0,155113,150544.0,150544.0,41800
1262,ASVR,SVR ENGINEERING COLLEGE,PVT,KURNOOL,NANDYAL,COED,JNTUA,CAI,116628.0,116628.0,170761.0,170761,129815.0,129815.0,135228.0,135228,142855.0,165546,138109.0,138109.0,157419.0,165717,133075.0,156234,117191.0,96020.0,38600
1263,ASVR,SVR ENGINEERING COLLEGE,PVT,KURNOOL,NANDYAL,COED,JNTUA,CIV,59239.0,103229.0,59239.0,126019,59239.0,172801.0,59239.0,103229,59239.0,103229,59239.0,103229.0,59239.0,103229,59239.0,103229,999999.0,999999.0,38600
1264,ASVR,SVR ENGINEERING COLLEGE,PVT,KURNOOL,NANDYAL,COED,JNTUA,CSE,67937.0,67937.0,171916.0,171916,170735.0,170735.0,88013.0,88013,165372.0,165372,108066.0,108066.0,93785.0,101680,90700.0,90700,154857.0,71912.0,38600
1265,ASVR,SVR ENGINEERING COLLEGE,PVT,KURNOOL,NANDYAL,COED,JNTUA,ECE,113672.0,129192.0,147575.0,173363,142053.0,142053.0,146728.0,146728,169084.0,169084,113672.0,129192.0,163030.0,163030,142753.0,142753,158495.0,129441.0,38600
1266,ASVR,SVR ENGINEERING COLLEGE,PVT,KURNOOL,NANDYAL,COED,JNTUA,EEE,155629.0,155629.0,161848.0,167718,155629.0,155629.0,159441.0,159441,155629.0,155629,155629.0,155629.0,155629.0,155629,169163.0,169163,160861.0,160861.0,38600
1267,BEMA,BHEEMA INST OF TECHNOLOGY AND SCI,PVT,KURNOOL,ADONI,COED,JNTUA,CIV,157510.0,157510.0,157510.0,157510,160277.0,160277.0,157510.0,157510,157510.0,157510,157510.0,157510.0,157510.0,157510,157510.0,157510,999999.0,999999.0,36500
1268,BEMA,BHEEMA INST OF TECHNOLOGY AND SCI,PVT,KURNOOL,ADONI,COED,JNTUA,CSE,153502.0,153502.0,173222.0,173222,153502.0,156935.0,165143.0,165143,159234.0,159234,153502.0,153502.0,166411.0,166411,166028.0,166028,146960.0,105036.0,36500
1269,BEMA,BHEEMA INST OF TECHNOLOGY AND SCI,PVT,KURNOOL,ADONI,COED,JNTUA,ECE,154491.0,154491.0,154491.0,172141,154491.0,154491.0,154491.0,154491,154491.0,154491,154491.0,154491.0,154491.0,154491,154491.0,154491,164477.0,164477.0,36500
1270,BEMA,BHEEMA INST OF TECHNOLOGY AND SCI,PVT,KURNOOL,ADONI,COED,JNTUA,EEE,100327.0,100327.0,100327.0,100327,100327.0,100327.0,100327.0,100327,100327.0,100327,100327.0,100327.0,100327.0,100327,100327.0,100327,999999.0,999999.0,36500
1271,BEMA,BHEEMA INST OF TECHNOLOGY AND SCI,PVT,KURNOOL,ADONI,COED,JNTUA,MEC,155749.0,155749.0,155749.0,155749,155749.0,155749.0,155749.0,155749,155749.0,155749,155749.0,155749.0,155749.0,155749,155749.0,155749,999999.0,999999.0,36500
1272,BRNK,BRINDAVAN INST OF TECHNOLOGY AND SCI,PVT,KURNOOL,KURNOOL,COED,JNTUA,CAD,169131.0,169131.0,173540.0,173540,169131.0,169131.0,169163.0,169163,169169.0,169169,169131.0,169131.0,169142.0,169142,169163.0,169163,999999.0,999999.0,35000
1273,BRNK,BRINDAVAN INST OF TECHNOLOGY AND SCI,PVT,KURNOOL,KURNOOL,COED,JNTUA,CIV,169131.0,169163.0,173018.0,173018,173554.0,173554.0,169163.0,169163,169169.0,169169,999999.0,999999.0,169142.0,169163,169163.0,169163,999999.0,999999.0,35000
1274,BRNK,BRINDAVAN INST OF TECHNOLOGY AND SCI,PVT,KURNOOL,KURNOOL,COED,JNTUA,CSE,146759.0,146759.0,172089.0,172089,156935.0,156935.0,146759.0,168176,154215.0,168396,146759.0,148508.0,166749.0,166749,148416.0,153454,168864.0,168676.0,35000
1275,BRNK,BRINDAVAN INST OF TECHNOLOGY AND SCI,PVT,KURNOOL,KURNOOL,COED,JNTUA,ECE,149685.0,149685.0,149685.0,149685,149685.0,149685.0,167648.0,167648,154703.0,155823,149685.0,149685.0,149685.0,149685,149685.0,149685,999999.0,999999.0,35000
1276,GPRE,G P R ENGINEERING. COLLEGE,PVT,KURNOOL,KURNOOL,COED,JNTUA,CIV,117725.0,117725.0,171402.0,171402,156783.0,156783.0,117725.0,139524,162882.0,162882,117725.0,123732.0,130976.0,165551,117725.0,165171,156679.0,156520.0,70000
1277,GPRE,G P R ENGINEERING. COLLEGE,PVT,KURNOOL,KURNOOL,COED,JNTUA,CSB,20003.0,20003.0,92459.0,106255,93944.0,112383.0,38721.0,48697,35117.0,35117,20003.0,45723.0,26690.0,35531,26004.0,31285,42485.0,46306.0,70000
1278,GPRE,G P R ENGINEERING. COLLEGE,PVT,KURNOOL,KURNOOL,COED,JNTUA,CSD,18978.0,18978.0,69791.0,69791,124494.0,124494.0,20172.0,25695,27544.0,27544,26182.0,26182.0,26380.0,26380,23347.0,23347,22907.0,22384.0,70000
1279,GPRE,G P R ENGINEERING. COLLEGE,PVT,KURNOOL,KURNOOL,COED,JNTUA,CSE,13614.0,13614.0,27996.0,29436,57994.0,72824.0,15162.0,15162,14612.0,15443,19076.0,19076.0,22369.0,22369,13614.0,13614,14744.0,10395.0,70000
1280,GPRE,G P R ENGINEERING. COLLEGE,PVT,KURNOOL,KURNOOL,COED,JNTUA,CSM,15556.0,15556.0,78170.0,78170,140587.0,171600.0,22235.0,22235,22408.0,31032,15556.0,140201.0,20304.0,24857,20721.0,20721,17187.0,13979.0,70000
1281,GPRE,G P R ENGINEERING. COLLEGE,PVT,KURNOOL,KURNOOL,COED,JNTUA,CST,21442.0,26072.0,62677.0,62677,171383.0,171383.0,37107.0,37107,24905.0,26072,21442.0,26072.0,26797.0,26797,21584.0,26072,16542.0,16921.0,70000
1282,GPRE,G P R ENGINEERING. COLLEGE,PVT,KURNOOL,KURNOOL,COED,JNTUA,ECE,23337.0,23337.0,68368.0,72151,126019.0,142551.0,30256.0,39615,31355.0,51565,23337.0,23337.0,38258.0,39739,26351.0,26351,27874.0,24155.0,70000
1283,GPRE,G P R ENGINEERING. COLLEGE,PVT,KURNOOL,KURNOOL,COED,JNTUA,EEE,57199.0,68704.0,173461.0,173461,57199.0,68704.0,100248.0,100248,90553.0,142382,57199.0,68704.0,102495.0,102495,68302.0,76791,70116.0,82414.0,70000
1284,GPRE,G P R ENGINEERING. COLLEGE,PVT,KURNOOL,KURNOOL,COED,JNTUA,MEC,68999.0,106420.0,168509.0,172080,79161.0,106420.0,119172.0,161957,155128.0,161583,68999.0,157484.0,139912.0,165721,122376.0,147269,139640.0,123185.0,70000
1285,JNYP,ST.JOHNS COLLEGE OF PHARM SCI,PVT,KURNOOL,YEMMIGANOOR,COED,JNTUA,PHD,169131.0,169163.0,173540.0,173558,169131.0,169163.0,169163.0,169163,169169.0,169169,999999.0,999999.0,169142.0,169163,169163.0,169163,999999.0,999999.0,35000
1286,JONY,ST. JOHNS COLLEGE OF ENGG. AND TECHNOLOGY,PVT,KURNOOL,YEMMIGANOOR,COED,JNTUA,CAI,74846.0,74846.0,173326.0,173326,114415.0,114415.0,139616.0,141937,97100.0,118586,133605.0,133605.0,106960.0,164648,108724.0,108724,168446.0,115409.0,35000
1287,JONY,ST. JOHNS COLLEGE OF ENGG. AND TECHNOLOGY,PVT,KURNOOL,YEMMIGANOOR,COED,JNTUA,CIV,47352.0,47352.0,47352.0,126771,47352.0,47352.0,152219.0,152219,47352.0,102723,47352.0,47352.0,47352.0,47352,47352.0,47352,999999.0,999999.0,35000
1288,JONY,ST. JOHNS COLLEGE OF ENGG. AND TECHNOLOGY,PVT,KURNOOL,YEMMIGANOOR,COED,JNTUA,CSD,98478.0,98478.0,161686.0,172494,141715.0,145962.0,142669.0,168787,137099.0,137099,98478.0,98478.0,163831.0,166859,146520.0,146520,168796.0,161789.0,35000
1289,JONY,ST. JOHNS COLLEGE OF ENGG. AND TECHNOLOGY,PVT,KURNOOL,YEMMIGANOOR,COED,JNTUA,CSE,44738.0,66773.0,54634.0,92459,107656.0,107656.0,83224.0,83224,56902.0,66773,44738.0,66773.0,86018.0,86018,45747.0,66773,104094.0,143127.0,35000
1290,JONY,ST. JOHNS COLLEGE OF ENGG. AND TECHNOLOGY,PVT,KURNOOL,YEMMIGANOOR,COED,JNTUA,ECE,104403.0,118788.0,157878.0,160896,161008.0,161008.0,143220.0,161185,166129.0,166129,167306.0,167306.0,166731.0,166731,167970.0,167970,999999.0,999999.0,35000
1291,JONY,ST. JOHNS COLLEGE OF ENGG. AND TECHNOLOGY,PVT,KURNOOL,YEMMIGANOOR,COED,JNTUA,EEE,97677.0,97677.0,142420.0,142420,97677.0,97677.0,121779.0,121779,136918.0,136918,97677.0,97677.0,152034.0,152034,160656.0,160656,999999.0,999999.0,35000
1292,JONY,ST. JOHNS COLLEGE OF ENGG. AND TECHNOLOGY,PVT,KURNOOL,YEMMIGANOOR,COED,JNTUA,MEC,169131.0,169131.0,169131.0,169131,173554.0,173554.0,169163.0,169163,169169.0,169169,169131.0,169131.0,169142.0,169142,169131.0,169131,999999.0,999999.0,35000
1293,KVSR,DR.K.V.SUBBA REDDY INST. OF TECHNOLOGY,PVT,KURNOOL,KURNOOL,COED,JNTUA,CIV,169131.0,169163.0,173540.0,173558,173554.0,173554.0,169131.0,169163,169169.0,169169,999999.0,999999.0,169142.0,169163,169163.0,169163,999999.0,999999.0,35000
1294,KVSR,DR.K.V.SUBBA REDDY INST. OF TECHNOLOGY,PVT,KURNOOL,KURNOOL,COED,JNTUA,CSD,124850.0,124850.0,173261.0,173261,124850.0,134064.0,124850.0,167471,130926.0,151077,124850.0,124850.0,151045.0,151045,127912.0,148430,134779.0,111836.0,35000
1295,KVSR,DR.K.V.SUBBA REDDY INST. OF TECHNOLOGY,PVT,KURNOOL,KURNOOL,COED,JNTUA,CSE,86370.0,86370.0,170014.0,170014,167758.0,173290.0,114762.0,140765,91809.0,146883,104653.0,104653.0,147882.0,165775,86370.0,122300,93876.0,90033.0,35000
1296,KVSR,DR.K.V.SUBBA REDDY INST. OF TECHNOLOGY,PVT,KURNOOL,KURNOOL,COED,JNTUA,CSM,79064.0,92235.0,132587.0,170563,128086.0,128086.0,140867.0,144614,125066.0,143726,157593.0,157593.0,154195.0,159746,131312.0,152782,145229.0,117779.0,35000
1297,KVSR,DR.K.V.SUBBA REDDY INST. OF TECHNOLOGY,PVT,KURNOOL,KURNOOL,COED,JNTUA,ECE,87494.0,113838.0,171467.0,171467,172484.0,172484.0,103087.0,113838,129771.0,129771,87494.0,113838.0,156078.0,156078,127785.0,127785,100215.0,113706.0,35000
1298,KVSR,DR.K.V.SUBBA REDDY INST. OF TECHNOLOGY,PVT,KURNOOL,KURNOOL,COED,JNTUA,EEE,116697.0,116697.0,146929.0,160808,166994.0,166994.0,159819.0,159819,165759.0,165759,116697.0,137826.0,156523.0,156523,144965.0,144965,109393.0,109393.0,35000
1299,KVSR,DR.K.V.SUBBA REDDY INST. OF TECHNOLOGY,PVT,KURNOOL,KURNOOL,COED,JNTUA,MEC,169131.0,169163.0,173540.0,173558,173554.0,173554.0,169131.0,169163,169169.0,169169,999999.0,999999.0,169142.0,169163,169163.0,169163,999999.0,999999.0,35000
1300,PCEK,G.PULLAIAH COLL. OF ENGG. AND TECHNOLOGY,PVT,KURNOOL,KURNOOL,COED,JNTUA,CAI,35442.0,35442.0,169185.0,169185,98080.0,98080.0,54052.0,77525,64768.0,64768,83905.0,83905.0,85584.0,85584,56711.0,58218,45358.0,36570.0,48000
1301,PCEK,G.PULLAIAH COLL. OF ENGG. AND TECHNOLOGY,PVT,KURNOOL,KURNOOL,COED,JNTUA,CIV,169131.0,169131.0,173447.0,173447,169131.0,169131.0,169131.0,169131,169131.0,169131,169131.0,169131.0,169131.0,172201,169131.0,169131,999999.0,999999.0,48000
1302,PCEK,G.PULLAIAH COLL. OF ENGG. AND TECHNOLOGY,PVT,KURNOOL,KURNOOL,COED,JNTUA,CSD,39827.0,39827.0,146379.0,146379,152810.0,173034.0,55037.0,66658,68537.0,86407,39827.0,39827.0,76297.0,76297,46210.0,57571,32318.0,61794.0,48000
1303,PCEK,G.PULLAIAH COLL. OF ENGG. AND TECHNOLOGY,PVT,KURNOOL,KURNOOL,COED,JNTUA,CSE,33976.0,33976.0,66646.0,66646,171316.0,171316.0,38672.0,38672,40290.0,40290,33976.0,75233.0,38818.0,39238,33976.0,39491,43723.0,41273.0,48000
1304,PCEK,G.PULLAIAH COLL. OF ENGG. AND TECHNOLOGY,PVT,KURNOOL,KURNOOL,COED,JNTUA,CSM,39632.0,39632.0,131250.0,169685,171928.0,171928.0,39632.0,77564,43312.0,43312,52599.0,52599.0,50615.0,76262,39632.0,45125,61365.0,32713.0,48000
1305,PCEK,G.PULLAIAH COLL. OF ENGG. AND TECHNOLOGY,PVT,KURNOOL,KURNOOL,COED,JNTUA,CSO,46590.0,49579.0,172897.0,172897,57723.0,57723.0,69182.0,78471,67082.0,144191,94930.0,94930.0,69791.0,74708,63235.0,63235,62957.0,77598.0,48000
1306,PCEK,G.PULLAIAH COLL. OF ENGG. AND TECHNOLOGY,PVT,KURNOOL,KURNOOL,COED,JNTUA,ECE,43034.0,43034.0,156453.0,156453,169636.0,169636.0,64838.0,84187,75915.0,111248,52988.0,52988.0,87741.0,92197,84600.0,84600,63824.0,94371.0,48000
1307,PCEK,G.PULLAIAH COLL. OF ENGG. AND TECHNOLOGY,PVT,KURNOOL,KURNOOL,COED,JNTUA,EEE,59364.0,76348.0,172157.0,172157,114877.0,114877.0,145105.0,145285,111785.0,158835,59364.0,76348.0,116507.0,137118,125771.0,125771,137798.0,137798.0,48000
1308,PCEK,G.PULLAIAH COLL. OF ENGG. AND TECHNOLOGY,PVT,KURNOOL,KURNOOL,COED,JNTUA,MEC,86845.0,86845.0,119965.0,119965,86845.0,86845.0,86845.0,86845,86845.0,86845,86845.0,86845.0,86845.0,86845,86845.0,86845,999999.0,999999.0,48000
1309,RAVW,RAVINDRA COLLEGE OF ENGG FOR WOMEN,PVT,KURNOOL,KURNOOL,GIRLS,JNTUA,CAI,91196.0,91196.0,99870.0,99870,91196.0,91196.0,106681.0,106681,119499.0,119499,999999.0,999999.0,166686.0,166686,140271.0,140271,165945.0,165945.0,35000
1310,RAVW,RAVINDRA COLLEGE OF ENGG FOR WOMEN,PVT,KURNOOL,KURNOOL,GIRLS,JNTUA,CSD,127110.0,127110.0,127986.0,127986,127110.0,127110.0,127110.0,127110,166478.0,166478,136419.0,136419.0,139956.0,139956,134524.0,134524,136660.0,136660.0,35000
1311,RAVW,RAVINDRA COLLEGE OF ENGG FOR WOMEN,PVT,KURNOOL,KURNOOL,GIRLS,JNTUA,CSE,81474.0,81474.0,171333.0,171333,104733.0,104733.0,113197.0,113197,162017.0,162017,101371.0,101371.0,113525.0,113525,91809.0,91809,103434.0,103434.0,35000
1312,RAVW,RAVINDRA COLLEGE OF ENGG FOR WOMEN,PVT,KURNOOL,KURNOOL,GIRLS,JNTUA,ECE,102443.0,102443.0,139011.0,139011,118189.0,118189.0,169025.0,169025,153216.0,153216,999999.0,999999.0,139194.0,139194,119476.0,119476,160783.0,160783.0,35000
1313,RGIT,RAJIV GANDHI MEMORIAL COLLEGE OF ENGG. AND TECH.,PVT,KURNOOL,NANDYAL,COED,JNTUA,CIV,169131.0,169163.0,170042.0,171688,173554.0,173554.0,169131.0,169163,169131.0,169163,999999.0,999999.0,169142.0,169163,169163.0,169163,999999.0,999999.0,69100
1314,RGIT,RAJIV GANDHI MEMORIAL COLLEGE OF ENGG. AND TECH.,PVT,KURNOOL,NANDYAL,COED,JNTUA,CSC,35478.0,35478.0,170831.0,170831,154756.0,161686.0,63852.0,64624,68461.0,68461,35478.0,35478.0,83524.0,114999,39078.0,39078,42083.0,35796.0,69100
1315,RGIT,RAJIV GANDHI MEMORIAL COLLEGE OF ENGG. AND TECH.,PVT,KURNOOL,NANDYAL,COED,JNTUA,CSD,34251.0,34251.0,153582.0,166152,34251.0,135136.0,59846.0,63578,55683.0,55683,87517.0,109798.0,69009.0,98891,42993.0,53594,34821.0,32019.0,69100
1316,RGIT,RAJIV GANDHI MEMORIAL COLLEGE OF ENGG. AND TECH.,PVT,KURNOOL,NANDYAL,COED,JNTUA,CSE,23901.0,26435.0,67015.0,125333,122624.0,122624.0,31568.0,31568,34899.0,39966,45562.0,45562.0,29635.0,41004,23901.0,27064,30936.0,22577.0,69100
1317,RGIT,RAJIV GANDHI MEMORIAL COLLEGE OF ENGG. AND TECH.,PVT,KURNOOL,NANDYAL,COED,JNTUA,CSEB,41435.0,48448.0,79490.0,79490,53984.0,53984.0,41435.0,149685,116285.0,116285,41435.0,109902.0,99971.0,99971,61509.0,61509,57789.0,65293.0,69100
1318,RGIT,RAJIV GANDHI MEMORIAL COLLEGE OF ENGG. AND TECH.,PVT,KURNOOL,NANDYAL,COED,JNTUA,CSM,23568.0,23568.0,105194.0,105194,169074.0,170017.0,52912.0,52912,46469.0,55123,23568.0,23568.0,50828.0,50828,27032.0,27032,26389.0,28292.0,69100
1319,RGIT,RAJIV GANDHI MEMORIAL COLLEGE OF ENGG. AND TECH.,PVT,KURNOOL,NANDYAL,COED,JNTUA,ECE,45824.0,45824.0,160119.0,169244,173435.0,173435.0,59345.0,87298,68898.0,97028,71212.0,124580.0,78471.0,78471,47930.0,71386,47376.0,44999.0,69100
1320,RGIT,RAJIV GANDHI MEMORIAL COLLEGE OF ENGG. AND TECH.,PVT,KURNOOL,NANDYAL,COED,JNTUA,EEE,74221.0,130263.0,173558.0,173558,85239.0,142513.0,156152.0,158932,157878.0,167970,144793.0,144793.0,169045.0,169045,137014.0,137014,135872.0,144490.0,69100
1321,RGIT,RAJIV GANDHI MEMORIAL COLLEGE OF ENGG. AND TECH.,PVT,KURNOOL,NANDYAL,COED,JNTUA,MEC,159370.0,159370.0,169333.0,169333,165519.0,165519.0,159370.0,159370,159370.0,159732,159370.0,159370.0,159370.0,159370,159370.0,159370,159987.0,159987.0,69100
1322,RUCESF,RAYALASEEMA UNIVERSITY COLLEGE OF ENGG-SELF FINANCE,SF,KURNOOL,KURNOOL,COED,RSUK,CIV,169131.0,169131.0,169131.0,169131,173554.0,173554.0,169163.0,169163,169131.0,169131,169131.0,169131.0,169142.0,169142,169163.0,169163,999999.0,999999.0,60000
1323,RUCESF,RAYALASEEMA UNIVERSITY COLLEGE OF ENGG-SELF FINANCE,SF,KURNOOL,KURNOOL,COED,RSUK,CSE,64344.0,65968.0,90630.0,120402,83430.0,155406.0,94865.0,100278,113903.0,116993,89818.0,89818.0,87138.0,164144,64344.0,88492,138485.0,146433.0,60000
1324,RUCESF,RAYALASEEMA UNIVERSITY COLLEGE OF ENGG-SELF FINANCE,SF,KURNOOL,KURNOOL,COED,RSUK,ECE,93495.0,93495.0,170805.0,170805,93495.0,146433.0,133901.0,133901,162773.0,163706,161244.0,161244.0,95080.0,130936,157484.0,157484,102176.0,118312.0,60000
1325,RUCESF,RAYALASEEMA UNIVERSITY COLLEGE OF ENGG-SELF FINANCE,SF,KURNOOL,KURNOOL,COED,RSUK,MEC,169131.0,169163.0,169131.0,169163,169131.0,169163.0,169163.0,169163,169169.0,169169,999999.0,999999.0,169142.0,169163,169163.0,169163,999999.0,999999.0,60000
1326,SREC,SANTHIRAM ENGINEERING COLLEGE,PVT,KURNOOL,NANDYAL,COED,JNTUA,CSD,169131.0,169131.0,173194.0,173194,169131.0,169131.0,169131.0,169131,169131.0,169131,169131.0,169131.0,169131.0,169131,169131.0,169131,85404.0,88252.0,35000
1327,SREC,SANTHIRAM ENGINEERING COLLEGE,PVT,KURNOOL,NANDYAL,COED,JNTUA,CSE,50722.0,58093.0,169163.0,172652,172131.0,172131.0,78705.0,78705,83105.0,83105,58522.0,58522.0,111667.0,111667,77689.0,85046,75867.0,56922.0,35000
1328,SREC,SANTHIRAM ENGINEERING COLLEGE,PVT,KURNOOL,NANDYAL,COED,JNTUA,CSG,136155.0,136155.0,138779.0,138779,136155.0,136155.0,136155.0,143904,161686.0,161686,147575.0,147575.0,148199.0,148199,142079.0,142079,125816.0,134945.0,35000
1329,SREC,SANTHIRAM ENGINEERING COLLEGE,PVT,KURNOOL,NANDYAL,COED,JNTUA,ECE,117101.0,117101.0,172789.0,172789,117101.0,124763.0,141885.0,141885,167889.0,167889,117101.0,117101.0,143692.0,168209,143904.0,143904,135693.0,149638.0,35000
1330,SREC,SANTHIRAM ENGINEERING COLLEGE,PVT,KURNOOL,NANDYAL,COED,JNTUA,EEE,169131.0,169163.0,173540.0,173558,173554.0,173554.0,169163.0,169163,169131.0,169163,999999.0,999999.0,169142.0,169163,169163.0,169163,164078.0,164078.0,35000
1331,AECN,ANDHRA ENGINEERING COLLEGE,PVT,NELLORE,ATMAKUR N,COED,JNTUA,AIM,102805.0,102805.0,169297.0,169297,171516.0,171516.0,131411.0,163548,140896.0,140896,102805.0,102805.0,154466.0,159451,122204.0,122204,109559.0,111371.0,35000
1332,AECN,ANDHRA ENGINEERING COLLEGE,PVT,NELLORE,ATMAKUR N,COED,JNTUA,CSE,72391.0,111206.0,123088.0,123088,138433.0,170099.0,97730.0,111206,128736.0,128736,72391.0,111206.0,125244.0,125244,72391.0,111206,91460.0,98622.0,35000
1333,AECN,ANDHRA ENGINEERING COLLEGE,PVT,NELLORE,ATMAKUR N,COED,JNTUA,ECE,89376.0,89376.0,170938.0,173256,123130.0,123130.0,148025.0,148025,169025.0,169025,89376.0,100740.0,162827.0,162827,141267.0,141267,132429.0,132125.0,35000
1334,ASIT,AUDI SANKARA INST OF TECHNOLOGY,PVT,NELLORE,GUDUR,COED,JNTUA,AID,99348.0,103084.0,171688.0,171688,113086.0,113086.0,138457.0,138670,162097.0,163746,138784.0,155698.0,139237.0,147024,138048.0,144857,116177.0,123020.0,40000
1335,ASIT,AUDI SANKARA INST OF TECHNOLOGY,PVT,NELLORE,GUDUR,COED,JNTUA,CSE,73264.0,84908.0,151339.0,171786,148742.0,160798.0,94579.0,104674,157260.0,157260,78618.0,84908.0,86759.0,86759,104560.0,120663,75010.0,109237.0,40000
1336,ASIT,AUDI SANKARA INST OF TECHNOLOGY,PVT,NELLORE,GUDUR,COED,JNTUA,ECE,110846.0,127293.0,172070.0,172070,121064.0,127293.0,141838.0,141838,167286.0,167286,155795.0,155795.0,157390.0,157390,144515.0,144515,128997.0,130604.0,40000
1337,ASIT,AUDI SANKARA INST OF TECHNOLOGY,PVT,NELLORE,GUDUR,COED,JNTUA,EEE,136450.0,136450.0,147520.0,156431,137999.0,157878.0,157069.0,165448,167913.0,167913,136450.0,136450.0,162941.0,162941,163397.0,167955,168313.0,136535.0,40000
1338,DSIT,D.B.S.INST OF TECHNOLOGY,PVT,NELLORE,KAVALI,COED,JNTUA,CSE,89762.0,141428.0,170101.0,170101,161074.0,161074.0,141979.0,141979,142159.0,159433,110214.0,141428.0,109959.0,152127,161854.0,161854,132931.0,158411.0,35000
1339,DSIT,D.B.S.INST OF TECHNOLOGY,PVT,NELLORE,KAVALI,COED,JNTUA,ECE,157709.0,166327.0,173295.0,173501,157709.0,166327.0,164648.0,166327,157709.0,168470,157709.0,166327.0,166394.0,166394,157709.0,166327,148997.0,101593.0,35000
1340,DSIT,D.B.S.INST OF TECHNOLOGY,PVT,NELLORE,KAVALI,COED,JNTUA,EEE,76621.0,76621.0,76621.0,76621,76621.0,76621.0,76621.0,76621,76621.0,76621,76621.0,76621.0,76621.0,76621,76621.0,76621,999999.0,999999.0,35000
1341,DSIT,D.B.S.INST OF TECHNOLOGY,PVT,NELLORE,KAVALI,COED,JNTUA,MEC,71860.0,145985.0,71860.0,145985,71860.0,145985.0,71860.0,145985,71860.0,145985,71860.0,145985.0,71860.0,145985,71860.0,145985,999999.0,999999.0,35000
1342,GKCS,GOKULA KRISHNA COLLEGE OF ENGINEERING,PVT,NELLORE,SULLURPET,COED,JNTUA,CIV,169131.0,169163.0,173540.0,173558,173554.0,173554.0,169163.0,169163,169169.0,169169,999999.0,999999.0,169142.0,169163,169163.0,169163,999999.0,999999.0,35000
1343,GKCS,GOKULA KRISHNA COLLEGE OF ENGINEERING,PVT,NELLORE,SULLURPET,COED,JNTUA,CSE,99870.0,120564.0,172383.0,172383,171886.0,171886.0,151801.0,159588,161023.0,168616,99870.0,160262.0,159901.0,159901,150246.0,150246,156383.0,156653.0,35000
1344,GKCS,GOKULA KRISHNA COLLEGE OF ENGINEERING,PVT,NELLORE,SULLURPET,COED,JNTUA,ECE,169131.0,169131.0,170480.0,170480,169131.0,170777.0,169131.0,169131,169131.0,169131,169131.0,169131.0,169131.0,169131,169131.0,169131,152167.0,152167.0,35000
1345,GKCS,GOKULA KRISHNA COLLEGE OF ENGINEERING,PVT,NELLORE,SULLURPET,COED,JNTUA,EEE,169131.0,169163.0,173540.0,173540,173554.0,173554.0,169163.0,169163,169169.0,169169,999999.0,999999.0,169131.0,169163,169163.0,169163,999999.0,999999.0,35000
1346,GKCS,GOKULA KRISHNA COLLEGE OF ENGINEERING,PVT,NELLORE,SULLURPET,COED,JNTUA,MEC,169131.0,169163.0,173540.0,173558,173554.0,173554.0,169131.0,169163,169169.0,169169,999999.0,999999.0,169142.0,169163,169163.0,169163,999999.0,999999.0,35000
1347,GTNN,GEETHANJALI INST OF SCIENCE AND TECHNOLOGY,PVT,NELLORE,NELLORE,COED,JNTUA,CIV,169025.0,169025.0,169025.0,169025,169025.0,169025.0,169025.0,169025,169025.0,169025,169025.0,169025.0,169025.0,169025,169025.0,169025,999999.0,999999.0,38000
1348,GTNN,GEETHANJALI INST OF SCIENCE AND TECHNOLOGY,PVT,NELLORE,NELLORE,COED,JNTUA,CSC,58413.0,58413.0,143777.0,172462,65357.0,65357.0,83727.0,83727,89467.0,99522,58413.0,58413.0,100950.0,100950,112523.0,112523,66689.0,67048.0,38000
1349,GTNN,GEETHANJALI INST OF SCIENCE AND TECHNOLOGY,PVT,NELLORE,NELLORE,COED,JNTUA,CSD,51015.0,64467.0,170918.0,170918,71825.0,71825.0,73384.0,73384,86845.0,98502,51015.0,64467.0,93807.0,98811,91894.0,91894,68291.0,69169.0,38000
1350,GTNN,GEETHANJALI INST OF SCIENCE AND TECHNOLOGY,PVT,NELLORE,NELLORE,COED,JNTUA,CSE,34924.0,34924.0,95030.0,122840,150633.0,156017.0,51773.0,51773,56953.0,60202,34924.0,75832.0,61336.0,61336,45990.0,45990,42475.0,52346.0,38000
1351,GTNN,GEETHANJALI INST OF SCIENCE AND TECHNOLOGY,PVT,NELLORE,NELLORE,COED,JNTUA,CSM,48721.0,48721.0,157657.0,157657,170786.0,170786.0,73264.0,73264,75401.0,76834,89722.0,89722.0,87298.0,87298,108095.0,114620,60453.0,60607.0,38000
1352,GTNN,GEETHANJALI INST OF SCIENCE AND TECHNOLOGY,PVT,NELLORE,NELLORE,COED,JNTUA,ECE,57280.0,60472.0,146437.0,146437,171648.0,171911.0,83579.0,89866,100444.0,100444,109981.0,109981.0,107496.0,114095,105753.0,107418,69935.0,77438.0,38000
1353,GTNN,GEETHANJALI INST OF SCIENCE AND TECHNOLOGY,PVT,NELLORE,NELLORE,COED,JNTUA,EEE,92484.0,92484.0,170764.0,173391,92484.0,102774.0,136617.0,142608,110190.0,140516,92484.0,92484.0,127369.0,127369,138891.0,138891,120869.0,137078.0,38000
1354,GTNN,GEETHANJALI INST OF SCIENCE AND TECHNOLOGY,PVT,NELLORE,NELLORE,COED,JNTUA,MEC,123663.0,123663.0,143610.0,143610,123663.0,123663.0,123663.0,155076,123663.0,123663,123663.0,123663.0,123663.0,123663,123663.0,123663,999999.0,999999.0,38000
1355,JAGN,JAGANS COLLEGE OF PHARMACY,PVT,NELLORE,NELLORE,COED,JNTUA,PHM,169131.0,169131.0,173540.0,173540,173554.0,173554.0,169163.0,169163,169169.0,169169,169131.0,169131.0,169142.0,169142,169163.0,169163,999999.0,999999.0,35000
1356,JPSN,JAGAN'S INSTITUTE OF PHARMACEUTICAL SCIENCES,PVT,NELLORE,NELLORE,COED,JNTUA,PHM,99288.0,99288.0,99288.0,99288,99288.0,99288.0,99288.0,99288,99288.0,99288,99288.0,99288.0,99288.0,99288,99288.0,99288,999999.0,999999.0,35000
1357,NARN,NARAYANA ENGINEERING COLLEGE,PVT,NELLORE,NELLORE,COED,JNTUA,CIV,65669.0,65669.0,169361.0,169361,126964.0,126964.0,123834.0,147249,166359.0,166359,165966.0,165966.0,127456.0,158684,65669.0,65669,147397.0,147397.0,40800
1358,NARN,NARAYANA ENGINEERING COLLEGE,PVT,NELLORE,NELLORE,COED,JNTUA,CSE,24601.0,24601.0,61744.0,77324,172082.0,172082.0,43377.0,43377,49000.0,49000,91623.0,91623.0,33172.0,33172,43926.0,43926,31974.0,29725.0,40800
1359,NARN,NARAYANA ENGINEERING COLLEGE,PVT,NELLORE,NELLORE,COED,JNTUA,ECE,61051.0,61051.0,162773.0,162773,169913.0,170939.0,68461.0,68461,93082.0,93082,61051.0,103403.0,97312.0,97312,64280.0,75750,70819.0,65050.0,40800
1360,NARN,NARAYANA ENGINEERING COLLEGE,PVT,NELLORE,NELLORE,COED,JNTUA,EEE,88353.0,88353.0,173028.0,173028,93224.0,115834.0,107733.0,107733,120694.0,120694,88353.0,88353.0,118376.0,123130,113525.0,113525,144832.0,75262.0,40800
1361,NARN,NARAYANA ENGINEERING COLLEGE,PVT,NELLORE,NELLORE,COED,JNTUA,MEC,106714.0,106714.0,107725.0,107725,106714.0,106714.0,151788.0,151788,147324.0,147324,106714.0,106714.0,139288.0,150773,168446.0,168446,162192.0,166411.0,40800
1362,NBKR,NBKR INSTITUTE OF SCI. AND TECHNOLOGY,PVT,NELLORE,VIDYANAGAR,COED,JNTUA,AID,45788.0,45788.0,142273.0,150657,123525.0,153650.0,55665.0,83648,71579.0,71579,83154.0,83154.0,80077.0,80077,58069.0,58069,60202.0,52929.0,70000
1363,NBKR,NBKR INSTITUTE OF SCI. AND TECHNOLOGY,PVT,NELLORE,VIDYANAGAR,COED,JNTUA,CIV,130266.0,130266.0,170522.0,171872,130266.0,130266.0,130266.0,130266,142420.0,142420,130266.0,130266.0,130266.0,130266,130266.0,130266,999999.0,999999.0,70000
1364,NBKR,NBKR INSTITUTE OF SCI. AND TECHNOLOGY,PVT,NELLORE,VIDYANAGAR,COED,JNTUA,CSE,24033.0,24033.0,51131.0,55895,117678.0,117678.0,31306.0,31306,36894.0,41169,24033.0,25991.0,32659.0,32659,41764.0,41764,33725.0,29055.0,70000
1365,NBKR,NBKR INSTITUTE OF SCI. AND TECHNOLOGY,PVT,NELLORE,VIDYANAGAR,COED,JNTUA,ECE,45453.0,48981.0,95792.0,119470,172604.0,172604.0,78471.0,104473,94049.0,94049,145312.0,145312.0,70795.0,80038,53844.0,92002,65390.0,55060.0,70000
1366,NBKR,NBKR INSTITUTE OF SCI. AND TECHNOLOGY,PVT,NELLORE,VIDYANAGAR,COED,JNTUA,EEE,140072.0,140072.0,173409.0,173409,146203.0,171951.0,140072.0,146746,164662.0,165344,140072.0,140072.0,140072.0,147829,140072.0,142255,156439.0,95806.0,70000
1367,NBKR,NBKR INSTITUTE OF SCI. AND TECHNOLOGY,PVT,NELLORE,VIDYANAGAR,COED,JNTUA,INF,45979.0,47477.0,146005.0,171600,169761.0,169761.0,90344.0,90344,106109.0,106109,45979.0,47477.0,84225.0,85717,45979.0,96774,47281.0,56569.0,70000
1368,NBKR,NBKR INSTITUTE OF SCI. AND TECHNOLOGY,PVT,NELLORE,VIDYANAGAR,COED,JNTUA,MEC,143847.0,147774.0,171178.0,171178,166418.0,166418.0,143847.0,147774,143847.0,147774,143847.0,147774.0,143847.0,147774,154545.0,154545,167000.0,143363.0,70000
1369,NRNG,NARAYANA ENGINEERING COLLEGE,PVT,NELLORE,GUDUR,COED,JNTUA,CIV,85983.0,85983.0,155945.0,155945,85983.0,85983.0,161341.0,161392,164101.0,164101,85983.0,85983.0,85983.0,85983,85983.0,85983,140943.0,140943.0,45000
1370,NRNG,NARAYANA ENGINEERING COLLEGE,PVT,NELLORE,GUDUR,COED,JNTUA,CSE,53301.0,53301.0,131250.0,150083,132665.0,132665.0,80691.0,81836,96625.0,108556,121840.0,121840.0,69099.0,69099,75610.0,75610,56218.0,55962.0,45000
1371,NRNG,NARAYANA ENGINEERING COLLEGE,PVT,NELLORE,GUDUR,COED,JNTUA,ECE,79913.0,80901.0,171433.0,171433,172356.0,172356.0,97042.0,97042,134261.0,134261,105116.0,105116.0,104691.0,107133,99137.0,106185,89074.0,114194.0,45000
1372,NRNG,NARAYANA ENGINEERING COLLEGE,PVT,NELLORE,GUDUR,COED,JNTUA,EEE,96361.0,96361.0,170489.0,172199,150278.0,150278.0,114415.0,114649,165636.0,165636,96361.0,96361.0,143629.0,143629,150667.0,150667,100535.0,114253.0,45000
1373,NRNG,NARAYANA ENGINEERING COLLEGE,PVT,NELLORE,GUDUR,COED,JNTUA,MEC,147166.0,147166.0,156584.0,157900,170531.0,170531.0,147166.0,147166,151332.0,161994,147166.0,147166.0,147166.0,147166,147166.0,147166,116774.0,116774.0,45000
1374,NRNP,NARAYANA PHARMACY COLLEGE,PVT,NELLORE,NELLORE,COED,JNTUA,PHD,169131.0,172943.0,173540.0,173540,173554.0,173554.0,169163.0,172943,169169.0,172943,172943.0,172943.0,169142.0,172943,169163.0,172943,999999.0,999999.0,63600
1375,NRNP,NARAYANA PHARMACY COLLEGE,PVT,NELLORE,NELLORE,COED,JNTUA,PHM,155446.0,155446.0,155446.0,155446,155446.0,155446.0,155446.0,155446,155446.0,155446,155446.0,155446.0,155446.0,155446,155446.0,155446,999999.0,999999.0,35000
1376,PRIK,PRIYADARSHINI COLL OF ENGG. AND TECHNOLOGY,PVT,NELLORE,NELLORE,COED,JNTUA,CIV,167604.0,167604.0,167604.0,167604,167604.0,167604.0,167604.0,167604,167604.0,167604,167604.0,167604.0,167604.0,167604,167604.0,167604,999999.0,999999.0,35000
1377,PRIK,PRIYADARSHINI COLL OF ENGG. AND TECHNOLOGY,PVT,NELLORE,NELLORE,COED,JNTUA,CSE,98859.0,98859.0,171233.0,171233,172651.0,172651.0,143751.0,144780,162592.0,164144,162324.0,162324.0,150202.0,157100,154901.0,154901,139254.0,132315.0,35000
1378,PRIK,PRIYADARSHINI COLL OF ENGG. AND TECHNOLOGY,PVT,NELLORE,NELLORE,COED,JNTUA,ECE,162361.0,162361.0,170768.0,170768,162361.0,173079.0,167938.0,167938,168163.0,168163,163991.0,163991.0,168582.0,168582,166810.0,166810,130633.0,144614.0,35000
1379,PRIK,PRIYADARSHINI COLL OF ENGG. AND TECHNOLOGY,PVT,NELLORE,NELLORE,COED,JNTUA,EEE,169131.0,169163.0,173540.0,173558,173554.0,173554.0,169163.0,169163,169131.0,169163,999999.0,999999.0,169142.0,169163,169163.0,169163,999999.0,999999.0,35000
1380,RAOS,RAOS COLLEGE OF PHARMACY,PVT,NELLORE,NELLORE,COED,JNTUA,PHM,169131.0,169131.0,173540.0,173540,173554.0,173554.0,169163.0,169163,169169.0,169169,169131.0,169131.0,169142.0,169142,169163.0,169163,999999.0,999999.0,35000
1381,RSRN,RAMIREDDY SUBBA RAMIREDDY ENGG COLLEGE,PVT,NELLORE,NELLORE,COED,JNTUA,AID,94334.0,94334.0,173009.0,173009,168084.0,171208.0,126561.0,126561,140553.0,149042,94334.0,94334.0,130080.0,130239,142608.0,164519,102230.0,107476.0,41000
1382,RSRN,RAMIREDDY SUBBA RAMIREDDY ENGG COLLEGE,PVT,NELLORE,NELLORE,COED,JNTUA,CIV,169131.0,169163.0,169131.0,169163,173554.0,173554.0,169163.0,169163,169169.0,169169,999999.0,999999.0,169142.0,169163,169163.0,169163,999999.0,999999.0,41000
1383,RSRN,RAMIREDDY SUBBA RAMIREDDY ENGG COLLEGE,PVT,NELLORE,NELLORE,COED,JNTUA,CSE,79946.0,126456.0,124834.0,169344,172954.0,172954.0,129952.0,129952,157125.0,157125,79946.0,126456.0,135575.0,135575,83132.0,126456,112689.0,85367.0,41000
1384,RSRN,RAMIREDDY SUBBA RAMIREDDY ENGG COLLEGE,PVT,NELLORE,NELLORE,COED,JNTUA,ECE,112851.0,124111.0,171680.0,171680,172880.0,172880.0,160502.0,161026,162893.0,165884,112851.0,124111.0,159115.0,159115,163054.0,163054,128933.0,129843.0,41000
1385,RSRN,RAMIREDDY SUBBA RAMIREDDY ENGG COLLEGE,PVT,NELLORE,NELLORE,COED,JNTUA,EEE,151593.0,160041.0,172681.0,172681,172585.0,172585.0,151593.0,160041,170714.0,170714,151593.0,160041.0,170754.0,170754,151593.0,160041,154781.0,136357.0,41000
1386,SANK,AUDHISANKARA COLLEGE OF ENGG. AND TECHNOLOGY,PVT,NELLORE,GUDUR,COED,JNTUA,CAI,79754.0,86487.0,172945.0,172945,170298.0,173229.0,100215.0,102480,124778.0,125951,109269.0,109269.0,114744.0,114744,101464.0,101464,84159.0,73137.0,48600
1387,SANK,AUDHISANKARA COLLEGE OF ENGG. AND TECHNOLOGY,PVT,NELLORE,GUDUR,COED,JNTUA,CIV,169131.0,169131.0,169131.0,169131,173554.0,173554.0,169131.0,169131,169169.0,169169,169131.0,169131.0,169142.0,169142,169163.0,169163,168132.0,168132.0,48600
1388,SANK,AUDHISANKARA COLLEGE OF ENGG. AND TECHNOLOGY,PVT,NELLORE,GUDUR,COED,JNTUA,CSD,84758.0,86113.0,172535.0,172535,171058.0,173045.0,121415.0,121415,134289.0,140624,84758.0,86113.0,111067.0,121094,115228.0,115228,87830.0,94741.0,48600
1389,SANK,AUDHISANKARA COLLEGE OF ENGG. AND TECHNOLOGY,PVT,NELLORE,GUDUR,COED,JNTUA,CSE,45027.0,48472.0,86006.0,104473,161884.0,161884.0,59901.0,64731,86928.0,86928,73631.0,73631.0,63164.0,63164,62651.0,62651,53668.0,54199.0,48600
1390,SANK,AUDHISANKARA COLLEGE OF ENGG. AND TECHNOLOGY,PVT,NELLORE,GUDUR,COED,JNTUA,ECE,91579.0,91579.0,172618.0,173020,172823.0,172823.0,127949.0,140735,153720.0,153720,91579.0,91579.0,124353.0,124353,132338.0,133402,96187.0,118094.0,48600
1391,SANK,AUDHISANKARA COLLEGE OF ENGG. AND TECHNOLOGY,PVT,NELLORE,GUDUR,COED,JNTUA,EEE,131174.0,131174.0,152842.0,171748,136265.0,170741.0,146759.0,149638,163240.0,163240,140373.0,140373.0,165853.0,167157,155879.0,166027,142895.0,138536.0,48600
1392,SANK,AUDHISANKARA COLLEGE OF ENGG. AND TECHNOLOGY,PVT,NELLORE,GUDUR,COED,JNTUA,MEC,113652.0,113652.0,131683.0,151768,113652.0,156040.0,113652.0,113652,113652.0,113652,113652.0,113652.0,113652.0,113652,113652.0,113652,165707.0,165707.0,48600
1393,SCON,SAASTRA COLLEGE OF PHARM.EDN AND RES.,PVT,NELLORE,NELLORE,COED,JNTUA,PHM,75029.0,75029.0,75029.0,75029,75029.0,75029.0,75029.0,75029,75029.0,75029,75029.0,75029.0,75029.0,75029,75029.0,75029,999999.0,999999.0,35000
1394,SVCN,SREE VENKATESWARA COLL OF ENGG,PVT,NELLORE,NELLORE,COED,JNTUA,AID,72431.0,72431.0,171299.0,171299,170693.0,170693.0,114079.0,114079,120640.0,132828,72431.0,72431.0,114642.0,122060,145414.0,145414,71643.0,71357.0,35000
1395,SVCN,SREE VENKATESWARA COLL OF ENGG,PVT,NELLORE,NELLORE,COED,JNTUA,CSE,49540.0,55108.0,150469.0,156445,171451.0,173537.0,96774.0,96774,117570.0,131836,93913.0,93913.0,95311.0,95311,72006.0,155069,68134.0,82632.0,35000
1396,SVCN,SREE VENKATESWARA COLL OF ENGG,PVT,NELLORE,NELLORE,COED,JNTUA,CSM,78618.0,92637.0,118474.0,118474,89453.0,92637.0,106960.0,106960,121608.0,121608,135199.0,135199.0,100579.0,119757,115925.0,126822,88629.0,72347.0,35000
1397,SVCN,SREE VENKATESWARA COLL OF ENGG,PVT,NELLORE,NELLORE,COED,JNTUA,ECE,111536.0,111536.0,173033.0,173033,170217.0,171780.0,131586.0,138979,139822.0,139822,111536.0,148226.0,126299.0,148776,139655.0,139655,123732.0,130230.0,35000
1398,SVCN,SREE VENKATESWARA COLL OF ENGG,PVT,NELLORE,NELLORE,COED,JNTUA,EEE,169131.0,169163.0,169131.0,169163,172180.0,172180.0,169131.0,169163,169131.0,169163,999999.0,999999.0,169131.0,169163,169163.0,169163,140658.0,146402.0,35000
1399,SVCN,SREE VENKATESWARA COLL OF ENGG,PVT,NELLORE,NELLORE,COED,JNTUA,MEC,166503.0,166503.0,166503.0,168099,166503.0,166503.0,166503.0,166503,166503.0,166503,166503.0,166503.0,166503.0,166503,166503.0,166503,158253.0,158253.0,35000
1400,VITK,P B R VISVODAYA INSTITUTE OF TECHNOLOGY AND SCI.,PVT,NELLORE,KAVALI,COED,JNTUA,AIM,59921.0,59921.0,160363.0,160363,170907.0,170907.0,119233.0,119233,118930.0,119487,110640.0,110640.0,105721.0,108377,108631.0,127276,72321.0,66095.0,42500
1401,VITK,P B R VISVODAYA INSTITUTE OF TECHNOLOGY AND SCI.,PVT,NELLORE,KAVALI,COED,JNTUA,CAI,33680.0,33929.0,85017.0,85017,134928.0,154421.0,72431.0,72431,70601.0,70601,33680.0,33929.0,39430.0,39430,48010.0,63304,61014.0,70489.0,42500
1402,VITK,P B R VISVODAYA INSTITUTE OF TECHNOLOGY AND SCI.,PVT,NELLORE,KAVALI,COED,JNTUA,CIV,157945.0,158097.0,161001.0,171658,157945.0,158097.0,163957.0,163957,157945.0,168582,157945.0,158097.0,157945.0,158097,157945.0,158097,999999.0,999999.0,42500
1403,VITK,P B R VISVODAYA INSTITUTE OF TECHNOLOGY AND SCI.,PVT,NELLORE,KAVALI,COED,JNTUA,CSE,49972.0,52854.0,162000.0,168396,171455.0,171874.0,86157.0,86157,115206.0,115206,90349.0,90349.0,78670.0,90212,78215.0,78215,58843.0,55003.0,42500
1404,VITK,P B R VISVODAYA INSTITUTE OF TECHNOLOGY AND SCI.,PVT,NELLORE,KAVALI,COED,JNTUA,CSO,75181.0,75943.0,173249.0,173249,172517.0,173131.0,122941.0,122941,126349.0,126349,131884.0,131884.0,129270.0,129270,128442.0,133379,81371.0,79754.0,42500
1405,VITK,P B R VISVODAYA INSTITUTE OF TECHNOLOGY AND SCI.,PVT,NELLORE,KAVALI,COED,JNTUA,ECE,97160.0,98322.0,173348.0,173348,169544.0,172869.0,137666.0,137666,158474.0,158474,97160.0,98322.0,135474.0,136376,142382.0,164027,110107.0,108570.0,42500
1406,VITK,P B R VISVODAYA INSTITUTE OF TECHNOLOGY AND SCI.,PVT,NELLORE,KAVALI,COED,JNTUA,EEE,125570.0,152726.0,170523.0,170523,146520.0,152726.0,161819.0,161819,163933.0,168755,125570.0,152726.0,151469.0,152726,164101.0,164101,144100.0,114319.0,42500
1407,VITK,P B R VISVODAYA INSTITUTE OF TECHNOLOGY AND SCI.,PVT,NELLORE,KAVALI,COED,JNTUA,MEC,169131.0,169163.0,169131.0,169163,173554.0,173554.0,169163.0,169163,169169.0,169169,999999.0,999999.0,169142.0,169163,169163.0,169163,999999.0,999999.0,42500
