SNO,INST_CODE,INST_NAME,TYPE,DISTRICT,PLACE,COED,AFFLIATED,BRANCH_CODE,OC_BOYS,OC_GIRLS,SC_BOYS,SC_GIRLS,ST_BOYS,ST_GIRLS,BCA_BOYS,BCA_GIRLS,BCB_BOYS,BCB_GIRLS,BCC_BOYS,BCC_GIRLS,BCD_BOYS,BCD_GIRLS,BCE_BOYS,BCE_GIRLS,OC_EWS_BOYS,OC_EWS_GIRLS,COLLEGE_FEE
1,ACEE,ADARSH COLLEGE OF ENGINEERING,PVT,EAST GODAVARI,GOLLAPROLU,COED,JNTUK,CIV,146103.0,146103.0,175237.0,175237.0,168197.0,168197.0,146103.0,146103.0,146103.0,146103.0,146103.0,146103.0,146103.0,146103.0,146103.0,146103.0,999999.0,999999.0,43000.0
2,ACEE,ADARSH COLLEGE OF ENGINEERING,PVT,EAST GODAVARI,GOLLAPROLU,COED,JNTUK,CSE,128861.0,128861.0,176504.0,177370.0,157250.0,157250.0,161249.0,172486.0,163789.0,163789.0,128861.0,128861.0,176374.0,177195.0,167062.0,167062.0,173286.0,136779.0,43000.0
3,ACEE,ADARSH COLLEGE OF ENGINEERING,PVT,EAST GODAVARI,GOLLAPROLU,COED,JNTUK,ECE,161894.0,161894.0,174884.0,177676.0,161894.0,161894.0,161894.0,161894.0,161894.0,169552.0,161894.0,161894.0,161894.0,161894.0,161894.0,161894.0,113560.0,118267.0,43000.0
4,ACEE,ADARSH COLLEGE OF ENGINEERING,PVT,EAST GODAVARI,GOLLAPROLU,COED,JNTUK,EEE,150417.0,150417.0,164975.0,164975.0,150417.0,150417.0,150417.0,150417.0,150417.0,150417.0,150417.0,150417.0,150417.0,150417.0,150417.0,150417.0,999999.0,999999.0,43000.0
5,ACEE,ADARSH COLLEGE OF ENGINEERING,PVT,EAST GODAVARI,GOLLAPROLU,COED,JNTUK,MEC,152545.0,152545.0,154902.0,154902.0,152545.0,157155.0,152545.0,152545.0,152545.0,152545.0,152545.0,152545.0,156064.0,156064.0,152545.0,152545.0,166550.0,166550.0,43000.0
6,ACET,ADITYA COLLEGE OF ENGINEERING AND TECHNOLOGY,PVT,EAST GODAVARI,PEDDAPURAM,COED,JNTUK,CIV,71458.0,71458.0,165515.0,175777.0,108103.0,121894.0,121512.0,175154.0,103308.0,173293.0,71458.0,121793.0,96634.0,96634.0,71458.0,71458.0,81009.0,81067.0,53500.0
7,ACET,ADITYA COLLEGE OF ENGINEERING AND TECHNOLOGY,PVT,EAST GODAVARI,PEDDAPURAM,COED,JNTUK,CSD,38871.0,38871.0,140467.0,160622.0,151805.0,156024.0,71005.0,71005.0,64627.0,66698.0,38871.0,38871.0,49803.0,56411.0,150056.0,150056.0,38653.0,41848.0,53500.0
8,ACET,ADITYA COLLEGE OF ENGINEERING AND TECHNOLOGY,PVT,EAST GODAVARI,PEDDAPURAM,COED,JNTUK,CSE,25298.0,25298.0,96256.0,134974.0,162100.0,162100.0,52238.0,52238.0,43130.0,43130.0,92163.0,103952.0,36237.0,36237.0,135949.0,135949.0,30016.0,28767.0,53500.0
9,ACET,ADITYA COLLEGE OF ENGINEERING AND TECHNOLOGY,PVT,EAST GODAVARI,PEDDAPURAM,COED,JNTUK,CSM,32023.0,32023.0,155838.0,173032.0,151318.0,165275.0,62296.0,71996.0,59902.0,64713.0,116275.0,116275.0,50679.0,50679.0,144644.0,144644.0,36444.0,35619.0,53500.0
10,ACET,ADITYA COLLEGE OF ENGINEERING AND TECHNOLOGY,PVT,EAST GODAVARI,PEDDAPURAM,COED,JNTUK,ECE,42426.0,45361.0,152577.0,171399.0,172849.0,172849.0,90140.0,90140.0,66335.0,75200.0,67761.0,99432.0,61898.0,61898.0,130991.0,163207.0,46455.0,46867.0,53500.0
11,ACET,ADITYA COLLEGE OF ENGINEERING AND TECHNOLOGY,PVT,EAST GODAVARI,PEDDAPURAM,COED,JNTUK,EEE,49158.0,49158.0,158140.0,158140.0,162896.0,162896.0,99964.0,99964.0,109687.0,109687.0,49158.0,49158.0,83745.0,83745.0,84722.0,84722.0,55707.0,55644.0,53500.0
12,ACET,ADITYA COLLEGE OF ENGINEERING AND TECHNOLOGY,PVT,EAST GODAVARI,PEDDAPURAM,COED,JNTUK,INF,37216.0,37216.0,152287.0,158393.0,154576.0,156260.0,84845.0,84845.0,60924.0,60924.0,140060.0,140060.0,59396.0,59396.0,131808.0,131808.0,41596.0,40279.0,53500.0
13,ACET,ADITYA COLLEGE OF ENGINEERING AND TECHNOLOGY,PVT,EAST GODAVARI,PEDDAPURAM,COED,JNTUK,MEC,65182.0,122918.0,176499.0,176499.0,159792.0,161231.0,131468.0,131468.0,100592.0,122918.0,65182.0,136129.0,108178.0,122918.0,142038.0,142038.0,84177.0,128039.0,53500.0
14,ACPS,ADITYA COLLEGE OF PHARMACY,PVT,EAST GODAVARI,PEDDAPURAM,COED,JNTUK,PHD,80115.0,80115.0,121336.0,121336.0,126509.0,126509.0,80115.0,80115.0,80115.0,133398.0,80115.0,80115.0,80115.0,155852.0,80115.0,129682.0,94987.0,94987.0,38000.0
15,ANURSF,ADI KAVI NANNAYA UNIVERSITY COLLEGE OF ENGG.-SELF FINANCE,SF,EAST GODAVARI,RAJAHMUNDRY,COED,AKNU,CIV,107746.0,171703.0,176873.0,176873.0,169855.0,171703.0,148777.0,171703.0,129395.0,171703.0,107746.0,171703.0,170736.0,171703.0,153026.0,171703.0,171428.0,172882.0,35000.0
16,ANURSF,ADI KAVI NANNAYA UNIVERSITY COLLEGE OF ENGG.-SELF FINANCE,SF,EAST GODAVARI,RAJAHMUNDRY,COED,AKNU,CSE,41808.0,41808.0,77207.0,77207.0,110043.0,110043.0,110559.0,110559.0,112886.0,112886.0,51640.0,51640.0,44549.0,84434.0,75803.0,75803.0,58836.0,47585.0,35000.0
17,ANURSF,ADI KAVI NANNAYA UNIVERSITY COLLEGE OF ENGG.-SELF FINANCE,SF,EAST GODAVARI,RAJAHMUNDRY,COED,AKNU,ECE,39968.0,39968.0,110237.0,110237.0,129384.0,129384.0,108925.0,168062.0,157734.0,157734.0,56048.0,56048.0,60525.0,107253.0,145834.0,145834.0,76888.0,71433.0,35000.0
18,ANURSF,ADI KAVI NANNAYA UNIVERSITY COLLEGE OF ENGG.-SELF FINANCE,SF,EAST GODAVARI,RAJAHMUNDRY,COED,AKNU,EIE,101020.0,101020.0,174514.0,174514.0,101020.0,130904.0,149468.0,149468.0,169478.0,169478.0,101020.0,129594.0,142882.0,158705.0,101020.0,101020.0,151777.0,151998.0,35000.0
19,ANURSF,ADI KAVI NANNAYA UNIVERSITY COLLEGE OF ENGG.-SELF FINANCE,SF,EAST GODAVARI,RAJAHMUNDRY,COED,AKNU,MEC,101368.0,101368.0,177045.0,177045.0,175316.0,175316.0,169572.0,169572.0,154389.0,171143.0,101368.0,101368.0,155682.0,155682.0,101368.0,101368.0,147022.0,139484.0,35000.0
20,APCS,ADITYA PHARMACY COLLEGE,PVT,EAST GODAVARI,PEDDAPURAM,COED,JNTUK,PHD,76005.0,105788.0,76005.0,105788.0,76005.0,105788.0,76005.0,105788.0,76005.0,105788.0,76005.0,105788.0,76005.0,105788.0,76005.0,105788.0,999999.0,999999.0,65000.0
21,BVCE,B V CHALAMAIAH ENGINEERING COLLEGE,PVT,EAST GODAVARI,ODALAREVU,COED,JNTUK,AIM,68839.0,68839.0,163892.0,176151.0,152821.0,163749.0,132734.0,132734.0,127028.0,150967.0,68839.0,68839.0,90093.0,105862.0,146316.0,146316.0,79663.0,95086.0,48800.0
22,BVCE,B V CHALAMAIAH ENGINEERING COLLEGE,PVT,EAST GODAVARI,ODALAREVU,COED,JNTUK,CAD,67481.0,69874.0,177207.0,177207.0,170660.0,176801.0,148200.0,156752.0,133546.0,133546.0,67481.0,69874.0,164088.0,164088.0,79799.0,157673.0,81456.0,80460.0,48800.0
23,BVCE,B V CHALAMAIAH ENGINEERING COLLEGE,PVT,EAST GODAVARI,ODALAREVU,COED,JNTUK,CIV,126892.0,150223.0,165043.0,174759.0,149670.0,153179.0,172334.0,172334.0,169524.0,169524.0,152757.0,152757.0,153377.0,153377.0,151162.0,171962.0,147923.0,167691.0,48800.0
24,BVCE,B V CHALAMAIAH ENGINEERING COLLEGE,PVT,EAST GODAVARI,ODALAREVU,COED,JNTUK,CSE,56054.0,56054.0,155249.0,165172.0,153701.0,153701.0,91993.0,156579.0,131947.0,131947.0,77566.0,81066.0,107645.0,107645.0,85643.0,85643.0,69853.0,67433.0,48800.0
25,BVCE,B V CHALAMAIAH ENGINEERING COLLEGE,PVT,EAST GODAVARI,ODALAREVU,COED,JNTUK,CSM,63316.0,63316.0,174346.0,174346.0,165324.0,165324.0,158651.0,158651.0,128800.0,131550.0,85114.0,85114.0,133539.0,133539.0,130701.0,130701.0,71840.0,84869.0,48800.0
26,BVCE,B V CHALAMAIAH ENGINEERING COLLEGE,PVT,EAST GODAVARI,ODALAREVU,COED,JNTUK,ECE,82990.0,101257.0,177602.0,177602.0,170120.0,170120.0,154673.0,154673.0,141829.0,147379.0,103236.0,103236.0,111320.0,170237.0,148161.0,148161.0,94252.0,99703.0,48800.0
27,BVCE,B V CHALAMAIAH ENGINEERING COLLEGE,PVT,EAST GODAVARI,ODALAREVU,COED,JNTUK,EEE,115620.0,115620.0,163324.0,163324.0,115777.0,122554.0,154618.0,160586.0,149011.0,155973.0,115620.0,134357.0,176136.0,176136.0,115620.0,115620.0,121281.0,152249.0,48800.0
28,BVCE,B V CHALAMAIAH ENGINEERING COLLEGE,PVT,EAST GODAVARI,ODALAREVU,COED,JNTUK,INF,84411.0,120290.0,165770.0,165770.0,90018.0,120290.0,127210.0,141480.0,137017.0,172603.0,84411.0,120290.0,151813.0,163924.0,162605.0,162605.0,90946.0,89254.0,48800.0
29,BVCE,B V CHALAMAIAH ENGINEERING COLLEGE,PVT,EAST GODAVARI,ODALAREVU,COED,JNTUK,MEC,126947.0,155185.0,161698.0,161698.0,170437.0,170437.0,175302.0,175302.0,153629.0,175639.0,126947.0,155185.0,168541.0,169962.0,141002.0,160988.0,173911.0,166162.0,48800.0
30,BVCR,BVC COLLEGE OF ENGINEERING,PVT,EAST GODAVARI,RAJAHMUNDRY,COED,JNTUK,AID,75128.0,75128.0,177656.0,177656.0,88980.0,110640.0,173173.0,173173.0,175215.0,175215.0,135132.0,135132.0,168290.0,168290.0,151141.0,151141.0,111778.0,172491.0,43000.0
31,BVCR,BVC COLLEGE OF ENGINEERING,PVT,EAST GODAVARI,RAJAHMUNDRY,COED,JNTUK,CSE,75707.0,75707.0,176173.0,177469.0,175195.0,175195.0,176121.0,176121.0,174986.0,174986.0,151144.0,151144.0,113716.0,150917.0,169820.0,169820.0,108909.0,136125.0,43000.0
32,BVCR,BVC COLLEGE OF ENGINEERING,PVT,EAST GODAVARI,RAJAHMUNDRY,COED,JNTUK,CSM,78455.0,110361.0,173939.0,173939.0,163982.0,163982.0,174234.0,174234.0,166140.0,171880.0,78455.0,110361.0,141094.0,141094.0,166550.0,166550.0,128855.0,124109.0,43000.0
33,BVCR,BVC COLLEGE OF ENGINEERING,PVT,EAST GODAVARI,RAJAHMUNDRY,COED,JNTUK,ECE,105760.0,137581.0,142802.0,164764.0,148322.0,159565.0,154341.0,169506.0,172640.0,172640.0,161862.0,161862.0,172274.0,172274.0,139053.0,174966.0,169490.0,163957.0,43000.0
34,BVCR,BVC COLLEGE OF ENGINEERING,PVT,EAST GODAVARI,RAJAHMUNDRY,COED,JNTUK,INF,121784.0,149111.0,154444.0,154444.0,174655.0,174655.0,175730.0,175730.0,166924.0,166924.0,121784.0,149111.0,154445.0,172497.0,171986.0,171986.0,173308.0,147785.0,43000.0
35,BVTS,BONAM VENKATA CHALAMAIAH INST. OF TECH AND SCI.,PVT,EAST GODAVARI,AMALAPURAM,COED,JNTUK,AIM,46093.0,46093.0,139668.0,145085.0,145668.0,149972.0,86799.0,121264.0,54011.0,54011.0,46093.0,46093.0,138956.0,138956.0,46093.0,46093.0,48138.0,48846.0,52800.0
36,BVTS,BONAM VENKATA CHALAMAIAH INST. OF TECH AND SCI.,PVT,EAST GODAVARI,AMALAPURAM,COED,JNTUK,CAD,52009.0,52009.0,141849.0,141849.0,149870.0,149870.0,76399.0,76399.0,60827.0,66208.0,52009.0,120111.0,98215.0,98215.0,96648.0,96648.0,60583.0,60405.0,52800.0
37,BVTS,BONAM VENKATA CHALAMAIAH INST. OF TECH AND SCI.,PVT,EAST GODAVARI,AMALAPURAM,COED,JNTUK,CIV,126466.0,126466.0,177041.0,177041.0,170816.0,176697.0,156955.0,169635.0,172946.0,172946.0,126466.0,126466.0,134042.0,167107.0,163506.0,163506.0,147726.0,132131.0,52800.0
38,BVTS,BONAM VENKATA CHALAMAIAH INST. OF TECH AND SCI.,PVT,EAST GODAVARI,AMALAPURAM,COED,JNTUK,CSE,37462.0,37462.0,126781.0,126781.0,136069.0,159573.0,60339.0,60339.0,51647.0,51647.0,161409.0,161409.0,103772.0,154500.0,159310.0,159310.0,45623.0,45258.0,52800.0
39,BVTS,BONAM VENKATA CHALAMAIAH INST. OF TECH AND SCI.,PVT,EAST GODAVARI,AMALAPURAM,COED,JNTUK,ECE,69316.0,69316.0,161335.0,161335.0,159317.0,159317.0,144232.0,145911.0,105812.0,108635.0,79221.0,79221.0,152595.0,152595.0,175224.0,175224.0,78269.0,82508.0,52800.0
40,BVTS,BONAM VENKATA CHALAMAIAH INST. OF TECH AND SCI.,PVT,EAST GODAVARI,AMALAPURAM,COED,JNTUK,EEE,104895.0,154731.0,149663.0,162506.0,165232.0,165232.0,162166.0,162166.0,149123.0,155318.0,104895.0,154731.0,173910.0,177062.0,132229.0,154731.0,104845.0,116078.0,52800.0
41,BVTS,BONAM VENKATA CHALAMAIAH INST. OF TECH AND SCI.,PVT,EAST GODAVARI,AMALAPURAM,COED,JNTUK,INF,72055.0,72055.0,161694.0,161694.0,160756.0,160756.0,130978.0,130978.0,93082.0,109201.0,161243.0,161243.0,78486.0,78486.0,124365.0,141723.0,71228.0,71043.0,52800.0
42,CHKN,CHAITANYA INST. OF SCI. AND TECHNOLOGY,PVT,EAST GODAVARI,KAKINADA,COED,JNTUK,AID,142677.0,142677.0,176942.0,176942.0,142677.0,142677.0,142677.0,142677.0,145833.0,145833.0,142677.0,142677.0,158325.0,158325.0,142677.0,142677.0,999999.0,999999.0,43000.0
43,CHKN,CHAITANYA INST. OF SCI. AND TECHNOLOGY,PVT,EAST GODAVARI,KAKINADA,COED,JNTUK,AIM,999999.0,999999.0,117778.0,117778.0,999999.0,999999.0,999999.0,999999.0,999999.0,999999.0,999999.0,999999.0,153961.0,153961.0,999999.0,999999.0,999999.0,999999.0,43000.0
44,CHKN,CHAITANYA INST. OF SCI. AND TECHNOLOGY,PVT,EAST GODAVARI,KAKINADA,COED,JNTUK,CSE,140387.0,140387.0,173133.0,177632.0,175380.0,175380.0,173533.0,173533.0,154825.0,172393.0,157499.0,157499.0,172144.0,172144.0,172916.0,172916.0,173016.0,166832.0,43000.0
45,CHKN,CHAITANYA INST. OF SCI. AND TECHNOLOGY,PVT,EAST GODAVARI,KAKINADA,COED,JNTUK,ECE,134603.0,134603.0,134603.0,134603.0,161514.0,161514.0,134603.0,134603.0,134603.0,134603.0,134603.0,134603.0,172821.0,172821.0,134603.0,134603.0,999999.0,999999.0,43000.0
46,GIET,GIET ENGINEERING COLLEGE,PVT,EAST GODAVARI,RAJAHMUNDRY,COED,JNTUK,CSD,60948.0,60948.0,152535.0,165829.0,152845.0,163514.0,139040.0,139040.0,138243.0,138243.0,60948.0,60948.0,81486.0,81486.0,85131.0,85131.0,63537.0,54662.0,51000.0
47,GIET,GIET ENGINEERING COLLEGE,PVT,EAST GODAVARI,RAJAHMUNDRY,COED,JNTUK,CSE,60668.0,60668.0,165097.0,165510.0,170081.0,170081.0,126170.0,126170.0,101635.0,142146.0,97437.0,99981.0,84106.0,91563.0,174647.0,174647.0,69518.0,61536.0,51000.0
48,GIET,GIET ENGINEERING COLLEGE,PVT,EAST GODAVARI,RAJAHMUNDRY,COED,JNTUK,CSM,64867.0,64867.0,167268.0,167268.0,130982.0,157107.0,129790.0,129790.0,138350.0,153820.0,64867.0,64867.0,70178.0,70178.0,68266.0,68266.0,47032.0,49124.0,51000.0
49,GIET,GIET ENGINEERING COLLEGE,PVT,EAST GODAVARI,RAJAHMUNDRY,COED,JNTUK,ECE,53135.0,53135.0,171228.0,177787.0,90349.0,145106.0,135193.0,135193.0,97764.0,160879.0,53135.0,53135.0,91042.0,102188.0,151297.0,151297.0,73885.0,50097.0,51000.0
50,GIET,GIET ENGINEERING COLLEGE,PVT,EAST GODAVARI,RAJAHMUNDRY,COED,JNTUK,INF,82739.0,82739.0,169745.0,172117.0,177286.0,177286.0,169276.0,174123.0,151052.0,154619.0,82739.0,86157.0,89694.0,113972.0,108682.0,108682.0,88633.0,56284.0,51000.0
51,GIET,GIET ENGINEERING COLLEGE,PVT,EAST GODAVARI,RAJAHMUNDRY,COED,JNTUK,MEC,91022.0,91022.0,143288.0,171814.0,159616.0,159616.0,175927.0,175927.0,174611.0,174814.0,170001.0,170001.0,168458.0,173528.0,132309.0,158763.0,111161.0,111161.0,51000.0
52,IDEL,IDEAL INSTITUTE OF TECHNOLOGY,PVT,EAST GODAVARI,KAKINADA,COED,JNTUK,CSE,59107.0,59107.0,165928.0,176291.0,170932.0,177770.0,134684.0,144126.0,101953.0,101953.0,86256.0,86256.0,96463.0,96463.0,133901.0,156221.0,78991.0,78843.0,43000.0
53,IDEL,IDEAL INSTITUTE OF TECHNOLOGY,PVT,EAST GODAVARI,KAKINADA,COED,JNTUK,CSM,73985.0,73985.0,174725.0,174725.0,90522.0,90522.0,124473.0,154040.0,118012.0,118012.0,104856.0,104856.0,113024.0,116708.0,135506.0,135506.0,80295.0,81446.0,43000.0
54,IDEL,IDEAL INSTITUTE OF TECHNOLOGY,PVT,EAST GODAVARI,KAKINADA,COED,JNTUK,ECE,57918.0,57918.0,164698.0,173757.0,172577.0,172577.0,146176.0,146176.0,110188.0,110188.0,57918.0,57918.0,110671.0,115645.0,115840.0,115840.0,82387.0,85541.0,43000.0
55,IDEL,IDEAL INSTITUTE OF TECHNOLOGY,PVT,EAST GODAVARI,KAKINADA,COED,JNTUK,MEC,113733.0,170543.0,169172.0,170543.0,143922.0,170543.0,160226.0,170543.0,170351.0,170543.0,113733.0,170543.0,161721.0,170543.0,113733.0,170543.0,133196.0,149140.0,43000.0
56,ISTS,INTERNATIONAL SCHOOL OF TECH AND SCI FOR WOMEN,PVT,EAST GODAVARI,RAJAHMUNDRY,GIRLS,JNTUK,AGR,137018.0,137018.0,137018.0,137018.0,137018.0,137018.0,137018.0,137018.0,137018.0,137018.0,999999.0,999999.0,137018.0,137018.0,137018.0,137018.0,999999.0,999999.0,51100.0
57,ISTS,INTERNATIONAL SCHOOL OF TECH AND SCI FOR WOMEN,PVT,EAST GODAVARI,RAJAHMUNDRY,GIRLS,JNTUK,AIM,155850.0,155850.0,173801.0,173801.0,155850.0,155850.0,175646.0,175646.0,176721.0,176721.0,155850.0,155850.0,157868.0,157868.0,155850.0,155850.0,166519.0,166519.0,51100.0
58,ISTS,INTERNATIONAL SCHOOL OF TECH AND SCI FOR WOMEN,PVT,EAST GODAVARI,RAJAHMUNDRY,GIRLS,JNTUK,CAI,140950.0,140950.0,164620.0,164620.0,142037.0,142037.0,158505.0,158505.0,176233.0,176233.0,166943.0,166943.0,168884.0,168884.0,173144.0,173144.0,160511.0,160511.0,51100.0
59,ISTS,INTERNATIONAL SCHOOL OF TECH AND SCI FOR WOMEN,PVT,EAST GODAVARI,RAJAHMUNDRY,GIRLS,JNTUK,CSE,91496.0,91496.0,175331.0,175331.0,177498.0,177498.0,171979.0,171979.0,174227.0,174227.0,109785.0,109785.0,131921.0,131921.0,174865.0,174865.0,151916.0,151916.0,51100.0
60,ISTS,INTERNATIONAL SCHOOL OF TECH AND SCI FOR WOMEN,PVT,EAST GODAVARI,RAJAHMUNDRY,GIRLS,JNTUK,DS,150739.0,150739.0,175903.0,175903.0,155957.0,155957.0,173906.0,173906.0,150739.0,150739.0,999999.0,999999.0,173876.0,173876.0,159469.0,159469.0,154787.0,154787.0,51100.0
61,ISTS,INTERNATIONAL SCHOOL OF TECH AND SCI FOR WOMEN,PVT,EAST GODAVARI,RAJAHMUNDRY,GIRLS,JNTUK,ECE,135402.0,135402.0,174564.0,174564.0,160206.0,160206.0,166655.0,166655.0,174656.0,174656.0,999999.0,999999.0,149181.0,149181.0,135402.0,135402.0,143420.0,143420.0,51100.0
62,ISTSOC,INTERNATIONAL SCHOOL OF TECH AND SCI -OFF CAMPUS,PVT,EAST GODAVARI,JANGAREDDYGUDEM,COED,JNTUK,AIM,142070.0,158739.0,170134.0,170134.0,172423.0,172423.0,169919.0,169919.0,145400.0,158739.0,142070.0,158739.0,142070.0,158739.0,142070.0,158739.0,172502.0,159058.0,43000.0
63,ISTSOC,INTERNATIONAL SCHOOL OF TECH AND SCI -OFF CAMPUS,PVT,EAST GODAVARI,JANGAREDDYGUDEM,COED,JNTUK,CSE,151131.0,151131.0,177512.0,177512.0,151131.0,151131.0,151131.0,168224.0,151131.0,151131.0,151131.0,151131.0,170901.0,170901.0,151131.0,151131.0,149166.0,149166.0,43000.0
64,JNKFSF,SCHOOL OF FOOD TECHNOLOGY JNTUK KAKINADA-SELF FINANCE,SF,EAST GODAVARI,KAKINADA,COED,JNTUK,FDE,67964.0,67964.0,119731.0,119731.0,129729.0,155669.0,172952.0,172952.0,120743.0,120743.0,67964.0,67964.0,111049.0,111049.0,125663.0,125663.0,96074.0,103437.0,45000.0
65,JNKPSF,SCHOOL OF PHARMACEUTICAL SCI. AND TECH.-SELF FINANCE,SF,EAST GODAVARI,KAKINADA,COED,JNTUK,PHM,176248.0,176248.0,176248.0,176248.0,176248.0,176248.0,176248.0,176248.0,176248.0,176248.0,176248.0,176248.0,176248.0,176248.0,176248.0,176248.0,999999.0,999999.0,45000.0
66,JNTK,JNTUK COLLEGE OF ENGG. KAKINADA,UNIV,EAST GODAVARI,KAKINADA,COED,JNTUK,CIV,13331.0,13331.0,36359.0,36359.0,33306.0,45711.0,27393.0,27393.0,17509.0,27165.0,19669.0,19669.0,21200.0,22468.0,36127.0,36127.0,20441.0,21084.0,10000.0
67,JNTK,JNTUK COLLEGE OF ENGG. KAKINADA,UNIV,EAST GODAVARI,KAKINADA,COED,JNTUK,CSE,2039.0,2074.0,4169.0,4169.0,14985.0,14985.0,2039.0,2074.0,2039.0,2074.0,2039.0,2074.0,2039.0,2074.0,2039.0,2967.0,2593.0,1572.0,10000.0
68,JNTK,JNTUK COLLEGE OF ENGG. KAKINADA,UNIV,EAST GODAVARI,KAKINADA,COED,JNTUK,ECE,3414.0,3565.0,9204.0,9204.0,3414.0,17735.0,3414.0,3645.0,3414.0,3565.0,3704.0,3704.0,4111.0,4111.0,7462.0,7462.0,2458.0,2260.0,10000.0
69,JNTK,JNTUK COLLEGE OF ENGG. KAKINADA,UNIV,EAST GODAVARI,KAKINADA,COED,JNTUK,EEE,5330.0,5330.0,21342.0,23452.0,22741.0,22741.0,8940.0,11483.0,9031.0,9031.0,10648.0,10648.0,7009.0,8194.0,10969.0,13758.0,5955.0,5725.0,10000.0
70,JNTK,JNTUK COLLEGE OF ENGG. KAKINADA,UNIV,EAST GODAVARI,KAKINADA,COED,JNTUK,MEC,13200.0,13200.0,27641.0,37184.0,33216.0,56329.0,17472.0,26491.0,16237.0,40823.0,13200.0,13200.0,17877.0,27828.0,15402.0,15402.0,9091.0,28858.0,10000.0
71,JNTKSF,JNTUK COLLEGE OF ENGG. KAKINADA-SELF FINANCE,SF,EAST GODAVARI,KAKINADA,COED,JNTUK,CHE,32732.0,32732.0,98668.0,98668.0,166881.0,166881.0,61633.0,66574.0,63114.0,95205.0,32732.0,32732.0,44265.0,46145.0,32732.0,116365.0,47677.0,39372.0,45000.0
72,JNTKSF,JNTUK COLLEGE OF ENGG. KAKINADA-SELF FINANCE,SF,EAST GODAVARI,KAKINADA,COED,JNTUK,PEE,61232.0,70358.0,142767.0,152128.0,82683.0,145732.0,152945.0,152945.0,103718.0,123472.0,63162.0,101559.0,84958.0,89741.0,61232.0,112413.0,67874.0,89170.0,45000.0
73,JNTKSS,JNTUK COLLEGE OF ENGG. KAKINADA-SELF SUPPORTING,SS,EAST GODAVARI,KAKINADA,COED,JNTUK,CSM,4344.0,6097.0,14507.0,14507.0,67466.0,81849.0,6493.0,6493.0,5181.0,6097.0,4344.0,89711.0,4344.0,6097.0,4344.0,6097.0,5633.0,5171.0,75000.0
74,KIEK,KAKINADA INSTITUTE OF ENGG. AND TECHNOLOGY,PVT,EAST GODAVARI,KAKINADA,COED,JNTUK,AID,124116.0,175724.0,174750.0,175724.0,167439.0,175724.0,124116.0,175724.0,176379.0,176379.0,124116.0,175724.0,176293.0,176293.0,124116.0,175724.0,169903.0,170062.0,43000.0
75,KIEK,KAKINADA INSTITUTE OF ENGG. AND TECHNOLOGY,PVT,EAST GODAVARI,KAKINADA,COED,JNTUK,CAI,155698.0,155698.0,174268.0,174268.0,155698.0,155698.0,155698.0,155698.0,155698.0,155698.0,155698.0,155698.0,172409.0,172409.0,155698.0,155698.0,175350.0,169065.0,43000.0
76,KIEK,KAKINADA INSTITUTE OF ENGG. AND TECHNOLOGY,PVT,EAST GODAVARI,KAKINADA,COED,JNTUK,CSC,132895.0,132895.0,144218.0,144218.0,132895.0,132895.0,132895.0,166895.0,132895.0,132895.0,132895.0,132895.0,152691.0,152691.0,132895.0,132895.0,162543.0,168044.0,43000.0
77,KIEK,KAKINADA INSTITUTE OF ENGG. AND TECHNOLOGY,PVT,EAST GODAVARI,KAKINADA,COED,JNTUK,CSD,175446.0,175446.0,175446.0,175446.0,175446.0,175446.0,175446.0,175446.0,175446.0,175446.0,175446.0,175446.0,175446.0,175446.0,175446.0,175446.0,168379.0,168379.0,43000.0
78,KIEK,KAKINADA INSTITUTE OF ENGG. AND TECHNOLOGY,PVT,EAST GODAVARI,KAKINADA,COED,JNTUK,CSM,146475.0,175469.0,172869.0,175469.0,170303.0,175469.0,146475.0,175469.0,176726.0,176726.0,146475.0,175469.0,176358.0,176358.0,146475.0,175469.0,176985.0,160979.0,43000.0
79,KIET,KAKINADA INSTITUTE OF ENGG. AND TECHNOLOGY,PVT,EAST GODAVARI,KAKINADA,COED,JNTUK,AID,85843.0,119106.0,175187.0,175187.0,125907.0,177239.0,172857.0,172857.0,175366.0,175366.0,109536.0,119106.0,169662.0,173936.0,159321.0,166777.0,124375.0,139084.0,52400.0
80,KIET,KAKINADA INSTITUTE OF ENGG. AND TECHNOLOGY,PVT,EAST GODAVARI,KAKINADA,COED,JNTUK,CAI,86079.0,92592.0,170541.0,170681.0,149076.0,153846.0,150868.0,174296.0,155959.0,174223.0,99375.0,99375.0,168944.0,176670.0,175801.0,175801.0,136330.0,173302.0,52400.0
81,KIET,KAKINADA INSTITUTE OF ENGG. AND TECHNOLOGY,PVT,EAST GODAVARI,KAKINADA,COED,JNTUK,CSC,89558.0,89558.0,168175.0,170179.0,177686.0,177686.0,172250.0,174881.0,166604.0,166604.0,89558.0,89558.0,136101.0,136101.0,173499.0,173499.0,122888.0,159945.0,52400.0
82,KIET,KAKINADA INSTITUTE OF ENGG. AND TECHNOLOGY,PVT,EAST GODAVARI,KAKINADA,COED,JNTUK,CSD,118085.0,138427.0,153975.0,177456.0,158234.0,173730.0,164115.0,164115.0,173352.0,173352.0,118085.0,138427.0,147832.0,147832.0,142054.0,161548.0,156734.0,170740.0,52400.0
83,KIET,KAKINADA INSTITUTE OF ENGG. AND TECHNOLOGY,PVT,EAST GODAVARI,KAKINADA,COED,JNTUK,CSM,167479.0,167479.0,170960.0,170960.0,167479.0,167479.0,171531.0,173503.0,167479.0,170160.0,167479.0,167479.0,177179.0,177179.0,167479.0,167479.0,160659.0,156007.0,52400.0
84,KIEW,KAKINADA INST OF ENGG AND TECHNOLOGY FOR WOMEN,PVT,EAST GODAVARI,KAKINADA,GIRLS,JNTUK,AID,129825.0,129825.0,176498.0,176498.0,169430.0,169430.0,138801.0,138801.0,172203.0,172203.0,999999.0,999999.0,166022.0,166022.0,158810.0,158810.0,176150.0,176150.0,43000.0
85,KIEW,KAKINADA INST OF ENGG AND TECHNOLOGY FOR WOMEN,PVT,EAST GODAVARI,KAKINADA,GIRLS,JNTUK,CAI,170410.0,170410.0,170410.0,170410.0,170410.0,170410.0,170410.0,170410.0,172420.0,172420.0,999999.0,999999.0,170410.0,170410.0,170410.0,170410.0,176421.0,176421.0,43000.0
86,KIEW,KAKINADA INST OF ENGG AND TECHNOLOGY FOR WOMEN,PVT,EAST GODAVARI,KAKINADA,GIRLS,JNTUK,CSM,124396.0,124396.0,166187.0,166187.0,142504.0,142504.0,158930.0,158930.0,149564.0,149564.0,999999.0,999999.0,141544.0,141544.0,124396.0,124396.0,172840.0,172840.0,43000.0
87,KISR,KAKINADA INSTITUTE OF TECHNOLOGY SCIENCES,PVT,EAST GODAVARI,RAMACHANDRAPURAM,COED,JNTUK,AIM,174324.0,174324.0,174324.0,174324.0,148232.0,174324.0,174324.0,174324.0,174324.0,174324.0,174324.0,174324.0,174324.0,174324.0,174324.0,174324.0,999999.0,999999.0,43000.0
88,KISR,KAKINADA INSTITUTE OF TECHNOLOGY SCIENCES,PVT,EAST GODAVARI,RAMACHANDRAPURAM,COED,JNTUK,CIV,999999.0,999999.0,999999.0,999999.0,170720.0,170720.0,999999.0,999999.0,999999.0,999999.0,999999.0,999999.0,999999.0,999999.0,999999.0,999999.0,999999.0,999999.0,43000.0
89,KISR,KAKINADA INSTITUTE OF TECHNOLOGY SCIENCES,PVT,EAST GODAVARI,RAMACHANDRAPURAM,COED,JNTUK,CSE,139261.0,139261.0,176679.0,176679.0,139261.0,170297.0,139261.0,139261.0,139261.0,155279.0,139261.0,139261.0,159900.0,159900.0,139261.0,139261.0,999999.0,999999.0,43000.0
90,KISR,KAKINADA INSTITUTE OF TECHNOLOGY SCIENCES,PVT,EAST GODAVARI,RAMACHANDRAPURAM,COED,JNTUK,ECE,118590.0,118590.0,166676.0,168496.0,162179.0,162179.0,154201.0,154201.0,170872.0,170872.0,118590.0,118590.0,118590.0,171562.0,118590.0,118590.0,130718.0,130718.0,43000.0
91,KTSP,KAKINADA INSTITUTE OF TECHNOLOGY AND SCIENCE,PVT,EAST GODAVARI,DIVILI,COED,JNTUK,CIV,149191.0,149191.0,149191.0,165018.0,172050.0,172050.0,149191.0,149191.0,149191.0,149191.0,149191.0,149191.0,149191.0,149191.0,149191.0,149191.0,999999.0,999999.0,43000.0
92,KTSP,KAKINADA INSTITUTE OF TECHNOLOGY AND SCIENCE,PVT,EAST GODAVARI,DIVILI,COED,JNTUK,CSD,104631.0,104631.0,164680.0,164680.0,143028.0,143028.0,167855.0,174794.0,157938.0,157938.0,104631.0,104631.0,160011.0,160048.0,157465.0,157465.0,149417.0,167782.0,43000.0
93,KTSP,KAKINADA INSTITUTE OF TECHNOLOGY AND SCIENCE,PVT,EAST GODAVARI,DIVILI,COED,JNTUK,CSE,108657.0,108657.0,163227.0,163227.0,160680.0,160680.0,173704.0,173704.0,133281.0,133281.0,108657.0,109119.0,154234.0,172011.0,127081.0,169119.0,159674.0,149060.0,43000.0
94,KTSP,KAKINADA INSTITUTE OF TECHNOLOGY AND SCIENCE,PVT,EAST GODAVARI,DIVILI,COED,JNTUK,ECE,102445.0,105596.0,171546.0,171546.0,157470.0,170544.0,151770.0,171858.0,169267.0,169267.0,102445.0,105596.0,161069.0,161069.0,171152.0,171152.0,175619.0,166561.0,43000.0
95,KTSP,KAKINADA INSTITUTE OF TECHNOLOGY AND SCIENCE,PVT,EAST GODAVARI,DIVILI,COED,JNTUK,EEE,119718.0,119718.0,119718.0,119718.0,119718.0,119718.0,172452.0,172452.0,119718.0,119718.0,119718.0,119718.0,119718.0,119718.0,119718.0,119718.0,999999.0,999999.0,43000.0
96,KTSP,KAKINADA INSTITUTE OF TECHNOLOGY AND SCIENCE,PVT,EAST GODAVARI,DIVILI,COED,JNTUK,MEC,156488.0,156488.0,164710.0,164710.0,156488.0,156488.0,156488.0,156488.0,156488.0,156488.0,156488.0,156488.0,156488.0,156488.0,156488.0,156488.0,161427.0,170434.0,43000.0
97,LENO,LENORA COLLEGE OF ENGINEERING,PVT,EAST GODAVARI,RAMPACHODAVARAM,COED,JNTUK,CIV,177255.0,177255.0,177255.0,177255.0,177255.0,177255.0,177255.0,177255.0,177255.0,177255.0,177255.0,177255.0,177255.0,177255.0,177255.0,177255.0,999999.0,999999.0,43000.0
98,LENO,LENORA COLLEGE OF ENGINEERING,PVT,EAST GODAVARI,RAMPACHODAVARAM,COED,JNTUK,CSE,147210.0,147210.0,164570.0,164570.0,156034.0,156034.0,167574.0,167574.0,150708.0,150708.0,147210.0,147210.0,165933.0,174492.0,147210.0,147210.0,166591.0,132274.0,43000.0
99,LENO,LENORA COLLEGE OF ENGINEERING,PVT,EAST GODAVARI,RAMPACHODAVARAM,COED,JNTUK,ECE,82045.0,164208.0,149457.0,164208.0,161086.0,164208.0,82045.0,164208.0,153832.0,164208.0,82045.0,164208.0,82045.0,164208.0,82045.0,164208.0,171974.0,171974.0,43000.0
100,LENO,LENORA COLLEGE OF ENGINEERING,PVT,EAST GODAVARI,RAMPACHODAVARAM,COED,JNTUK,EEE,174707.0,174707.0,174707.0,174707.0,174707.0,174707.0,174707.0,174707.0,174707.0,174707.0,174707.0,174707.0,174707.0,174707.0,174707.0,174707.0,999999.0,999999.0,43000.0
101,LENO,LENORA COLLEGE OF ENGINEERING,PVT,EAST GODAVARI,RAMPACHODAVARAM,COED,JNTUK,MEC,161034.0,161034.0,175906.0,175906.0,161034.0,161034.0,161034.0,161034.0,161034.0,161034.0,161034.0,161034.0,161034.0,161034.0,161034.0,161034.0,999999.0,999999.0,43000.0
102,PRAG,PRAGATI ENGINEERING COLLEGE,PVT,EAST GODAVARI,PEDDAPURAM,COED,JNTUK,CAI,29246.0,29246.0,158345.0,160788.0,158575.0,173525.0,64568.0,64568.0,68732.0,68732.0,86779.0,86779.0,60402.0,60402.0,88931.0,128516.0,35324.0,32175.0,77800.0
103,PRAG,PRAGATI ENGINEERING COLLEGE,PVT,EAST GODAVARI,PEDDAPURAM,COED,JNTUK,CIV,91293.0,91293.0,164544.0,177389.0,165475.0,165475.0,129709.0,148896.0,123343.0,123343.0,91293.0,152098.0,138179.0,138179.0,91293.0,91293.0,90447.0,93310.0,77800.0
104,PRAG,PRAGATI ENGINEERING COLLEGE,PVT,EAST GODAVARI,PEDDAPURAM,COED,JNTUK,CSC,36883.0,36883.0,128490.0,128490.0,160482.0,161322.0,47570.0,65519.0,55757.0,56555.0,36883.0,36883.0,60701.0,60701.0,59590.0,93638.0,33992.0,34339.0,77800.0
105,PRAG,PRAGATI ENGINEERING COLLEGE,PVT,EAST GODAVARI,PEDDAPURAM,COED,JNTUK,CSD,36294.0,36294.0,157959.0,158331.0,153613.0,165513.0,87488.0,87488.0,60951.0,60951.0,37439.0,37439.0,52198.0,52198.0,138593.0,138593.0,37401.0,34032.0,77800.0
106,PRAG,PRAGATI ENGINEERING COLLEGE,PVT,EAST GODAVARI,PEDDAPURAM,COED,JNTUK,CSE,25332.0,25332.0,78730.0,88318.0,140742.0,163393.0,70486.0,70486.0,39684.0,39684.0,31736.0,45619.0,27018.0,28074.0,101052.0,153896.0,21765.0,22499.0,77800.0
107,PRAG,PRAGATI ENGINEERING COLLEGE,PVT,EAST GODAVARI,PEDDAPURAM,COED,JNTUK,CSM,26568.0,26568.0,136444.0,136444.0,130190.0,147276.0,57263.0,58360.0,42045.0,42045.0,48893.0,48893.0,31317.0,35006.0,101438.0,101438.0,27919.0,32734.0,77800.0
108,PRAG,PRAGATI ENGINEERING COLLEGE,PVT,EAST GODAVARI,PEDDAPURAM,COED,JNTUK,ECE,30816.0,41906.0,130484.0,151672.0,128802.0,176592.0,98998.0,98998.0,65196.0,65196.0,38886.0,69237.0,56810.0,73198.0,104243.0,111502.0,38802.0,36822.0,77800.0
109,PRAG,PRAGATI ENGINEERING COLLEGE,PVT,EAST GODAVARI,PEDDAPURAM,COED,JNTUK,EEE,48462.0,48462.0,167712.0,167712.0,151261.0,151261.0,92091.0,117151.0,86323.0,86323.0,48462.0,48462.0,63662.0,72030.0,50073.0,103607.0,55067.0,55941.0,77800.0
110,PRAG,PRAGATI ENGINEERING COLLEGE,PVT,EAST GODAVARI,PEDDAPURAM,COED,JNTUK,INF,37722.0,39045.0,137391.0,169994.0,143660.0,163433.0,69470.0,74741.0,68592.0,68592.0,37722.0,39045.0,44741.0,44741.0,95996.0,95996.0,34610.0,34451.0,77800.0
111,PRAG,PRAGATI ENGINEERING COLLEGE,PVT,EAST GODAVARI,PEDDAPURAM,COED,JNTUK,MEC,78209.0,104052.0,166393.0,177145.0,177477.0,177477.0,117837.0,126711.0,118467.0,132467.0,78209.0,104052.0,103244.0,113088.0,78209.0,174559.0,91550.0,111795.0,77800.0
112,PREC,DR PAUL RAJS ENGINEERING COLLEGE,PVT,EAST GODAVARI,YETAPAKA,COED,JNTUK,CIV,161879.0,161879.0,161879.0,161879.0,161879.0,161879.0,161879.0,161879.0,161879.0,161879.0,161879.0,161879.0,172445.0,172445.0,161879.0,161879.0,999999.0,999999.0,43000.0
113,PREC,DR PAUL RAJS ENGINEERING COLLEGE,PVT,EAST GODAVARI,YETAPAKA,COED,JNTUK,CSE,139498.0,139498.0,162749.0,162749.0,139498.0,139498.0,168534.0,168534.0,139498.0,139498.0,139498.0,139498.0,172333.0,172333.0,155758.0,155758.0,999999.0,999999.0,43000.0
114,PREC,DR PAUL RAJS ENGINEERING COLLEGE,PVT,EAST GODAVARI,YETAPAKA,COED,JNTUK,ECE,113382.0,113382.0,164419.0,167269.0,177614.0,177614.0,113382.0,113382.0,152975.0,152975.0,113382.0,113382.0,113382.0,113382.0,113382.0,113382.0,152975.0,152975.0,43000.0
115,PREC,DR PAUL RAJS ENGINEERING COLLEGE,PVT,EAST GODAVARI,YETAPAKA,COED,JNTUK,EEE,155306.0,155306.0,177407.0,177407.0,155306.0,155306.0,155306.0,155306.0,155306.0,155306.0,155306.0,155306.0,155306.0,155306.0,155306.0,155306.0,999999.0,999999.0,43000.0
116,PREC,DR PAUL RAJS ENGINEERING COLLEGE,PVT,EAST GODAVARI,YETAPAKA,COED,JNTUK,MEC,152025.0,173950.0,152025.0,173950.0,152025.0,173950.0,152025.0,173950.0,152025.0,173950.0,152025.0,173950.0,152025.0,173950.0,152025.0,173950.0,999999.0,999999.0,43000.0
117,PYDE,PYDAH COLL OF ENGINEERING,PVT,EAST GODAVARI,KAKINADA,COED,JNTUK,CAI,90233.0,124789.0,165071.0,165071.0,98136.0,124789.0,158905.0,158905.0,140658.0,153806.0,90233.0,124789.0,145163.0,151114.0,149672.0,162567.0,160152.0,157392.0,43000.0
118,PYDE,PYDAH COLL OF ENGINEERING,PVT,EAST GODAVARI,KAKINADA,COED,JNTUK,CSE,82562.0,86440.0,175432.0,176663.0,125851.0,174020.0,176310.0,176310.0,176009.0,176009.0,144909.0,144909.0,174531.0,174531.0,174943.0,174943.0,150358.0,158592.0,43000.0
119,PYDE,PYDAH COLL OF ENGINEERING,PVT,EAST GODAVARI,KAKINADA,COED,JNTUK,ECE,123192.0,123192.0,176890.0,176890.0,167460.0,168177.0,174051.0,176096.0,171429.0,174248.0,167726.0,173394.0,173075.0,173075.0,154634.0,154634.0,175246.0,176239.0,43000.0
120,PYDE,PYDAH COLL OF ENGINEERING,PVT,EAST GODAVARI,KAKINADA,COED,JNTUK,MEC,147965.0,147965.0,147965.0,147965.0,147965.0,147965.0,175660.0,175660.0,177076.0,177076.0,147965.0,147965.0,172487.0,172487.0,147965.0,147965.0,999999.0,999999.0,43000.0
121,RIET,RAJAMAHENDRI INST OF ENGG AND TECHNOLOGY,PVT,EAST GODAVARI,RAJAHMUNDRY,COED,JNTUK,CSD,103446.0,103446.0,168659.0,176264.0,103446.0,103446.0,167273.0,167273.0,158890.0,158890.0,103446.0,103446.0,163014.0,163014.0,157985.0,157985.0,154446.0,124922.0,43000.0
122,RIET,RAJAMAHENDRI INST OF ENGG AND TECHNOLOGY,PVT,EAST GODAVARI,RAJAHMUNDRY,COED,JNTUK,CSE,95688.0,153666.0,177739.0,177739.0,140098.0,153666.0,175024.0,176386.0,176477.0,176477.0,135424.0,153666.0,172454.0,172454.0,173304.0,173304.0,130000.0,159864.0,43000.0
123,RIET,RAJAMAHENDRI INST OF ENGG AND TECHNOLOGY,PVT,EAST GODAVARI,RAJAHMUNDRY,COED,JNTUK,CSM,103249.0,103249.0,175697.0,175697.0,103249.0,105355.0,103249.0,103249.0,166906.0,175391.0,169311.0,169311.0,168261.0,168261.0,159576.0,159576.0,147143.0,115881.0,43000.0
124,RIET,RAJAMAHENDRI INST OF ENGG AND TECHNOLOGY,PVT,EAST GODAVARI,RAJAHMUNDRY,COED,JNTUK,ECE,112643.0,112643.0,173722.0,173722.0,124194.0,149096.0,167791.0,173472.0,164399.0,164399.0,112643.0,112643.0,157018.0,168507.0,173640.0,173640.0,158657.0,171238.0,43000.0
125,SRIN,SRINIVASA INST OF ENGG AND TECHNOLOGY,PVT,EAST GODAVARI,CHEYYERU,COED,JNTUK,AIM,149174.0,151468.0,172060.0,172060.0,156005.0,170644.0,176929.0,176929.0,158267.0,173329.0,160543.0,160543.0,167096.0,176845.0,174907.0,176219.0,139363.0,134637.0,45700.0
126,SRIN,SRINIVASA INST OF ENGG AND TECHNOLOGY,PVT,EAST GODAVARI,CHEYYERU,COED,JNTUK,CIV,166759.0,166759.0,166759.0,166759.0,166759.0,166759.0,166759.0,166759.0,166759.0,166759.0,166759.0,166759.0,166759.0,166759.0,166759.0,166759.0,999999.0,999999.0,45700.0
127,SRIN,SRINIVASA INST OF ENGG AND TECHNOLOGY,PVT,EAST GODAVARI,CHEYYERU,COED,JNTUK,CSE,90042.0,90042.0,165269.0,165269.0,164654.0,164654.0,172244.0,172244.0,161399.0,161399.0,158316.0,158316.0,174149.0,174149.0,130047.0,130047.0,125516.0,120600.0,45700.0
128,SRIN,SRINIVASA INST OF ENGG AND TECHNOLOGY,PVT,EAST GODAVARI,CHEYYERU,COED,JNTUK,ECE,161667.0,175476.0,177338.0,177338.0,161667.0,175476.0,166483.0,175476.0,176320.0,176320.0,161667.0,175476.0,176332.0,176332.0,161667.0,175476.0,151029.0,150436.0,45700.0
129,SRIN,SRINIVASA INST OF ENGG AND TECHNOLOGY,PVT,EAST GODAVARI,CHEYYERU,COED,JNTUK,MEC,150585.0,150585.0,152235.0,152235.0,150585.0,150585.0,150585.0,150585.0,150585.0,150585.0,150585.0,150585.0,150585.0,150585.0,150585.0,150585.0,999999.0,999999.0,45700.0
130,VSMR,V.S.M COLLEGE OF ENGINEERING,PVT,EAST GODAVARI,RAMACHANDRAPURAM,COED,JNTUK,CIV,134762.0,134762.0,134762.0,134762.0,134762.0,134762.0,134762.0,134762.0,166145.0,166145.0,134762.0,134762.0,134762.0,134762.0,134762.0,134762.0,167635.0,167635.0,65800.0
131,VSMR,V.S.M COLLEGE OF ENGINEERING,PVT,EAST GODAVARI,RAMACHANDRAPURAM,COED,JNTUK,CSD,111638.0,111638.0,144507.0,144507.0,146799.0,146799.0,146179.0,146179.0,146378.0,153660.0,111638.0,111638.0,159603.0,169964.0,111638.0,141972.0,144172.0,162156.0,65800.0
132,VSMR,V.S.M COLLEGE OF ENGINEERING,PVT,EAST GODAVARI,RAMACHANDRAPURAM,COED,JNTUK,CSE,98142.0,98142.0,172114.0,172114.0,177256.0,177385.0,172707.0,172707.0,135304.0,144827.0,123319.0,141201.0,177317.0,177317.0,156137.0,162018.0,112560.0,112192.0,65800.0
133,VSMR,V.S.M COLLEGE OF ENGINEERING,PVT,EAST GODAVARI,RAMACHANDRAPURAM,COED,JNTUK,CSM,87775.0,88507.0,173702.0,173702.0,126214.0,126214.0,153206.0,153206.0,126661.0,126661.0,96821.0,96821.0,144496.0,144496.0,127476.0,127476.0,126424.0,120467.0,65800.0
134,VSMR,V.S.M COLLEGE OF ENGINEERING,PVT,EAST GODAVARI,RAMACHANDRAPURAM,COED,JNTUK,ECE,124722.0,150720.0,175814.0,177328.0,158058.0,176030.0,173918.0,175442.0,162077.0,167944.0,124722.0,168503.0,168519.0,174153.0,175001.0,175001.0,166095.0,152824.0,65800.0
135,VSMR,V.S.M COLLEGE OF ENGINEERING,PVT,EAST GODAVARI,RAMACHANDRAPURAM,COED,JNTUK,EEE,127843.0,127843.0,127843.0,127843.0,127843.0,127843.0,127843.0,127843.0,127843.0,127843.0,127843.0,127843.0,166216.0,166216.0,127843.0,127843.0,157046.0,157046.0,65800.0
136,VSMR,V.S.M COLLEGE OF ENGINEERING,PVT,EAST GODAVARI,RAMACHANDRAPURAM,COED,JNTUK,INF,161044.0,161044.0,175800.0,175800.0,161044.0,161044.0,161044.0,171682.0,168943.0,171985.0,161044.0,161044.0,169894.0,169894.0,161271.0,161271.0,174307.0,170776.0,65800.0
137,VSMR,V.S.M COLLEGE OF ENGINEERING,PVT,EAST GODAVARI,RAMACHANDRAPURAM,COED,JNTUK,MEC,117266.0,117266.0,126340.0,126340.0,117266.0,117266.0,117266.0,117266.0,173340.0,173340.0,117266.0,117266.0,117266.0,160015.0,117266.0,117266.0,999999.0,999999.0,65800.0
138,AMRN,A.M.REDDY MEMORIAL COLL. OF ENGINEERING,PVT,GUNTUR,NARSARAOPET,COED,JNTUK,AGR,149054.0,149054.0,149054.0,149054.0,149054.0,149054.0,149054.0,149054.0,149054.0,149054.0,149054.0,149054.0,149054.0,149054.0,149054.0,149054.0,999999.0,999999.0,43000.0
139,AMRN,A.M.REDDY MEMORIAL COLL. OF ENGINEERING,PVT,GUNTUR,NARSARAOPET,COED,JNTUK,CIV,999999.0,999999.0,169585.0,169585.0,123743.0,123743.0,999999.0,999999.0,999999.0,999999.0,999999.0,999999.0,999999.0,999999.0,999999.0,999999.0,999999.0,999999.0,43000.0
140,AMRN,A.M.REDDY MEMORIAL COLL. OF ENGINEERING,PVT,GUNTUR,NARSARAOPET,COED,JNTUK,CS,150061.0,160199.0,176806.0,177782.0,150061.0,160199.0,155528.0,160199.0,167651.0,167651.0,150061.0,160199.0,170560.0,170560.0,150061.0,160199.0,153287.0,153287.0,43000.0
141,AMRN,A.M.REDDY MEMORIAL COLL. OF ENGINEERING,PVT,GUNTUR,NARSARAOPET,COED,JNTUK,CSE,105059.0,118839.0,176454.0,176454.0,133195.0,165540.0,170756.0,170756.0,176737.0,176737.0,174582.0,174582.0,176788.0,176788.0,125100.0,135904.0,127981.0,127577.0,43000.0
142,AMRN,A.M.REDDY MEMORIAL COLL. OF ENGINEERING,PVT,GUNTUR,NARSARAOPET,COED,JNTUK,ECE,131634.0,131634.0,157352.0,177273.0,163679.0,163679.0,164966.0,164966.0,173369.0,173369.0,131634.0,131634.0,166614.0,177644.0,137119.0,137119.0,154637.0,154637.0,43000.0
143,AMRN,A.M.REDDY MEMORIAL COLL. OF ENGINEERING,PVT,GUNTUR,NARSARAOPET,COED,JNTUK,EEE,999999.0,999999.0,161993.0,161993.0,999999.0,999999.0,175226.0,175226.0,999999.0,999999.0,999999.0,999999.0,999999.0,999999.0,999999.0,999999.0,999999.0,999999.0,43000.0
144,ANCUSF,DR.YSR COLLEGE OF ENGINEERING & TECHNOLOGY-SELF FINANCE,SF,GUNTUR,GUNTUR,COED,ANU,AIM,35348.0,35348.0,112911.0,112911.0,139175.0,139175.0,56151.0,56151.0,83182.0,151537.0,35348.0,35348.0,51514.0,51514.0,42213.0,84745.0,42868.0,47777.0,40000.0
145,ANCUSF,DR.YSR COLLEGE OF ENGINEERING & TECHNOLOGY-SELF FINANCE,SF,GUNTUR,GUNTUR,COED,ANU,CIV,98000.0,157659.0,157253.0,170108.0,158481.0,174118.0,162932.0,177012.0,169397.0,177821.0,164138.0,164138.0,164565.0,167146.0,102701.0,157659.0,999999.0,999999.0,40000.0
146,ANCUSF,DR.YSR COLLEGE OF ENGINEERING & TECHNOLOGY-SELF FINANCE,SF,GUNTUR,GUNTUR,COED,ANU,CS,56125.0,56125.0,115737.0,119526.0,177660.0,177660.0,102460.0,102460.0,125113.0,125113.0,56125.0,124649.0,88067.0,94966.0,115696.0,115696.0,77126.0,79399.0,40000.0
147,ANCUSF,DR.YSR COLLEGE OF ENGINEERING & TECHNOLOGY-SELF FINANCE,SF,GUNTUR,GUNTUR,COED,ANU,CSE,38172.0,38172.0,65168.0,65168.0,39960.0,80154.0,50977.0,169574.0,90147.0,90147.0,38172.0,38172.0,38172.0,38172.0,50663.0,74208.0,51642.0,28667.0,40000.0
148,ANCUSF,DR.YSR COLLEGE OF ENGINEERING & TECHNOLOGY-SELF FINANCE,SF,GUNTUR,GUNTUR,COED,ANU,DS,56421.0,56421.0,104253.0,120512.0,173637.0,173637.0,78558.0,138238.0,107667.0,107667.0,162323.0,162323.0,75997.0,75997.0,105053.0,105053.0,74559.0,71576.0,40000.0
149,ANCUSF,DR.YSR COLLEGE OF ENGINEERING & TECHNOLOGY-SELF FINANCE,SF,GUNTUR,GUNTUR,COED,ANU,ECE,37983.0,37983.0,85730.0,136463.0,96525.0,96525.0,63769.0,63769.0,132231.0,132231.0,37983.0,37983.0,47541.0,92506.0,88126.0,91141.0,61832.0,57105.0,40000.0
150,ANCUSF,DR.YSR COLLEGE OF ENGINEERING & TECHNOLOGY-SELF FINANCE,SF,GUNTUR,GUNTUR,COED,ANU,EEE,78359.0,98811.0,148780.0,167784.0,139207.0,146095.0,145455.0,162250.0,168867.0,168867.0,78359.0,98811.0,134772.0,134772.0,126388.0,126388.0,143626.0,112501.0,40000.0
151,ANCUSF,DR.YSR COLLEGE OF ENGINEERING & TECHNOLOGY-SELF FINANCE,SF,GUNTUR,GUNTUR,COED,ANU,MEC,90271.0,90271.0,165825.0,170795.0,165882.0,165882.0,157933.0,173039.0,168581.0,168581.0,90271.0,161729.0,170534.0,170534.0,170688.0,170688.0,145670.0,145670.0,40000.0
152,BCOP,BAPATLA COLLEGE OF PHARMACY,PVT,GUNTUR,BAPATLA,COED,JNTUK,PHM,176641.0,176641.0,176641.0,176641.0,176641.0,176641.0,176641.0,176641.0,176641.0,176641.0,176641.0,176641.0,176641.0,176641.0,176641.0,176641.0,999999.0,999999.0,65600.0
153,BECB,BAPATLA ENGINEERING COLLEGE,PVT,GUNTUR,BAPATLA,COED,ANU,CIV,102340.0,102340.0,176453.0,176819.0,167975.0,167975.0,151182.0,151254.0,155221.0,155221.0,131779.0,131779.0,147363.0,147363.0,169284.0,169284.0,109114.0,167656.0,84900.0
154,BECB,BAPATLA ENGINEERING COLLEGE,PVT,GUNTUR,BAPATLA,COED,ANU,CSC,49804.0,49804.0,153793.0,154681.0,125302.0,164372.0,93346.0,93346.0,54684.0,82525.0,49804.0,49804.0,83987.0,83987.0,115179.0,115179.0,48570.0,55177.0,84900.0
155,BECB,BAPATLA ENGINEERING COLLEGE,PVT,GUNTUR,BAPATLA,COED,ANU,CSD,42447.0,42447.0,121280.0,121280.0,134059.0,176747.0,68299.0,78910.0,131029.0,131029.0,42447.0,42447.0,65261.0,65261.0,86807.0,100919.0,42449.0,43472.0,84900.0
156,BECB,BAPATLA ENGINEERING COLLEGE,PVT,GUNTUR,BAPATLA,COED,ANU,CSE,40418.0,40418.0,88916.0,97198.0,133939.0,140002.0,54909.0,54909.0,66334.0,66334.0,51372.0,51372.0,63896.0,111475.0,59896.0,105254.0,50313.0,35240.0,84900.0
157,BECB,BAPATLA ENGINEERING COLLEGE,PVT,GUNTUR,BAPATLA,COED,ANU,CSM,37049.0,37049.0,103279.0,103279.0,126998.0,126998.0,91917.0,91917.0,65100.0,65100.0,166706.0,166706.0,51036.0,51265.0,113098.0,113098.0,35985.0,38143.0,84900.0
158,BECB,BAPATLA ENGINEERING COLLEGE,PVT,GUNTUR,BAPATLA,COED,ANU,ECE,44254.0,44254.0,127623.0,127623.0,164875.0,167556.0,156959.0,156959.0,148099.0,148099.0,62766.0,62766.0,83483.0,146630.0,92953.0,96453.0,64770.0,57598.0,84900.0
159,BECB,BAPATLA ENGINEERING COLLEGE,PVT,GUNTUR,BAPATLA,COED,ANU,EEE,72457.0,87373.0,161366.0,165409.0,162707.0,162707.0,154443.0,154443.0,168145.0,168145.0,72457.0,127046.0,168171.0,168171.0,162351.0,174649.0,141328.0,130912.0,84900.0
160,BECB,BAPATLA ENGINEERING COLLEGE,PVT,GUNTUR,BAPATLA,COED,ANU,INF,61945.0,75044.0,151639.0,151639.0,144066.0,144066.0,140458.0,174527.0,160230.0,160230.0,98807.0,98807.0,94137.0,94137.0,139467.0,139467.0,73128.0,99787.0,84900.0
161,BECB,BAPATLA ENGINEERING COLLEGE,PVT,GUNTUR,BAPATLA,COED,ANU,MEC,90754.0,90754.0,159411.0,159411.0,155305.0,160703.0,160902.0,160902.0,172721.0,172721.0,90754.0,90754.0,174351.0,174351.0,167410.0,167410.0,141917.0,139939.0,84900.0
162,BWEC,BAPATLA WOMENS ENGG COLLEGE,PVT,GUNTUR,BAPATLA,GIRLS,ANU,AIM,55109.0,55109.0,162178.0,162178.0,165362.0,165362.0,177064.0,177064.0,170661.0,170661.0,999999.0,999999.0,109613.0,109613.0,55109.0,55109.0,159011.0,159011.0,43000.0
163,BWEC,BAPATLA WOMENS ENGG COLLEGE,PVT,GUNTUR,BAPATLA,GIRLS,ANU,CSE,64265.0,64265.0,145892.0,145892.0,144360.0,144360.0,157846.0,157846.0,175090.0,175090.0,126464.0,126464.0,134505.0,134505.0,140707.0,140707.0,79606.0,79606.0,43000.0
164,BWEC,BAPATLA WOMENS ENGG COLLEGE,PVT,GUNTUR,BAPATLA,GIRLS,ANU,ECE,103473.0,103473.0,167584.0,167584.0,108525.0,108525.0,138743.0,138743.0,167291.0,167291.0,154453.0,154453.0,167503.0,167503.0,175868.0,175868.0,101670.0,101670.0,43000.0
165,CIET,CHALAPATHI INST OF ENGG AND TECHNOLOGY,PVT,GUNTUR,GUNTUR,COED,ANU,CAI,71102.0,71102.0,161371.0,161652.0,134353.0,134353.0,91353.0,91353.0,152417.0,169636.0,123127.0,123127.0,131298.0,172367.0,129530.0,129530.0,76422.0,80859.0,43000.0
166,CIET,CHALAPATHI INST OF ENGG AND TECHNOLOGY,PVT,GUNTUR,GUNTUR,COED,ANU,CIT,104767.0,104767.0,174348.0,174348.0,177460.0,177460.0,162216.0,162216.0,151973.0,151973.0,104767.0,104767.0,158284.0,158284.0,146193.0,161464.0,111513.0,117978.0,43000.0
167,CIET,CHALAPATHI INST OF ENGG AND TECHNOLOGY,PVT,GUNTUR,GUNTUR,COED,ANU,CIV,126187.0,126187.0,165773.0,165773.0,169511.0,169511.0,126187.0,126187.0,126187.0,126187.0,126187.0,126187.0,126187.0,126187.0,126187.0,126187.0,999999.0,999999.0,43000.0
168,CIET,CHALAPATHI INST OF ENGG AND TECHNOLOGY,PVT,GUNTUR,GUNTUR,COED,ANU,CSC,76319.0,134730.0,173420.0,173420.0,123771.0,167451.0,154586.0,158960.0,148288.0,148288.0,121363.0,134730.0,158418.0,158418.0,76319.0,134730.0,82093.0,90718.0,43000.0
169,CIET,CHALAPATHI INST OF ENGG AND TECHNOLOGY,PVT,GUNTUR,GUNTUR,COED,ANU,CSD,68200.0,68200.0,159098.0,164450.0,135514.0,167504.0,102451.0,102451.0,148482.0,154495.0,68200.0,119990.0,99453.0,139956.0,134660.0,143818.0,75425.0,83641.0,43000.0
170,CIET,CHALAPATHI INST OF ENGG AND TECHNOLOGY,PVT,GUNTUR,GUNTUR,COED,ANU,CSE,75710.0,76199.0,136562.0,147570.0,176442.0,176442.0,89966.0,89966.0,115358.0,137559.0,155006.0,155006.0,81629.0,105137.0,93646.0,117226.0,70054.0,67811.0,43000.0
171,CIET,CHALAPATHI INST OF ENGG AND TECHNOLOGY,PVT,GUNTUR,GUNTUR,COED,ANU,CSM,52096.0,66343.0,157686.0,176488.0,147023.0,159019.0,105391.0,105391.0,114773.0,134513.0,52096.0,83675.0,87586.0,87586.0,166894.0,166894.0,77195.0,76932.0,43000.0
172,CIET,CHALAPATHI INST OF ENGG AND TECHNOLOGY,PVT,GUNTUR,GUNTUR,COED,ANU,ECE,83847.0,131464.0,170622.0,170622.0,164136.0,170323.0,155164.0,167312.0,160060.0,173771.0,124069.0,148848.0,157712.0,157712.0,148647.0,148647.0,127776.0,123057.0,43000.0
173,CIET,CHALAPATHI INST OF ENGG AND TECHNOLOGY,PVT,GUNTUR,GUNTUR,COED,ANU,EEE,999999.0,999999.0,174758.0,174758.0,173844.0,175433.0,999999.0,999999.0,163951.0,163951.0,999999.0,999999.0,169763.0,169763.0,999999.0,999999.0,136807.0,172741.0,43000.0
174,CITY,CHALAPATHI INST OF TECHNOLOGY,PVT,GUNTUR,GUNTUR,COED,JNTUK,AIM,117613.0,117613.0,164499.0,164499.0,177136.0,177874.0,145277.0,159975.0,142192.0,142192.0,117613.0,117613.0,147260.0,147260.0,133705.0,133705.0,129229.0,126492.0,43000.0
175,CITY,CHALAPATHI INST OF TECHNOLOGY,PVT,GUNTUR,GUNTUR,COED,JNTUK,CAI,113206.0,113206.0,177368.0,177368.0,166932.0,166932.0,163264.0,172527.0,174091.0,176176.0,113206.0,133021.0,175823.0,175823.0,160216.0,160216.0,152714.0,139711.0,43000.0
176,CITY,CHALAPATHI INST OF TECHNOLOGY,PVT,GUNTUR,GUNTUR,COED,JNTUK,CIV,169993.0,169993.0,169993.0,172766.0,169993.0,169993.0,174588.0,174588.0,169993.0,169993.0,169993.0,169993.0,169993.0,169993.0,169993.0,169993.0,171832.0,171832.0,43000.0
177,CITY,CHALAPATHI INST OF TECHNOLOGY,PVT,GUNTUR,GUNTUR,COED,JNTUK,CSC,146839.0,173319.0,168070.0,177067.0,146839.0,173319.0,146839.0,173319.0,176734.0,176734.0,146839.0,173319.0,146839.0,173319.0,172726.0,173319.0,128082.0,135274.0,43000.0
178,CITY,CHALAPATHI INST OF TECHNOLOGY,PVT,GUNTUR,GUNTUR,COED,JNTUK,CSD,121074.0,126017.0,171616.0,171616.0,158030.0,158030.0,176097.0,176097.0,175180.0,175180.0,149062.0,158735.0,173764.0,173764.0,172944.0,172944.0,157929.0,152958.0,43000.0
179,CITY,CHALAPATHI INST OF TECHNOLOGY,PVT,GUNTUR,GUNTUR,COED,JNTUK,CSE,122382.0,153058.0,176940.0,176940.0,177805.0,177805.0,174383.0,174383.0,173272.0,173272.0,151385.0,153058.0,172231.0,172231.0,168001.0,171748.0,158808.0,120522.0,43000.0
180,CITY,CHALAPATHI INST OF TECHNOLOGY,PVT,GUNTUR,GUNTUR,COED,JNTUK,ECE,97629.0,119113.0,164788.0,176383.0,176161.0,176161.0,174709.0,174709.0,176694.0,176694.0,97629.0,164137.0,174422.0,174422.0,161497.0,161497.0,144307.0,145723.0,43000.0
181,CLPT,CHALAPATHI INSTITUTE OF PHARMACEUTICAL SCI.,PVT,GUNTUR,GUNTUR,COED,ANU,PHM,149909.0,149909.0,149909.0,149909.0,149909.0,149909.0,149909.0,149909.0,149909.0,149909.0,149909.0,149909.0,149909.0,149909.0,149909.0,149909.0,999999.0,999999.0,77500.0
182,ESWR,ESWAR COLLEGE OF ENGINEERING,PVT,GUNTUR,NARSARAOPET,COED,JNTUK,AGR,166820.0,166820.0,166820.0,166820.0,166820.0,166820.0,166820.0,166820.0,166820.0,166820.0,166820.0,166820.0,166820.0,166820.0,166820.0,166820.0,999999.0,999999.0,43000.0
183,ESWR,ESWAR COLLEGE OF ENGINEERING,PVT,GUNTUR,NARSARAOPET,COED,JNTUK,AUT,148963.0,148963.0,164697.0,164697.0,148963.0,148963.0,148963.0,148963.0,148963.0,148963.0,148963.0,148963.0,148963.0,148963.0,148963.0,148963.0,999999.0,999999.0,43000.0
184,ESWR,ESWAR COLLEGE OF ENGINEERING,PVT,GUNTUR,NARSARAOPET,COED,JNTUK,CAI,138712.0,138712.0,165551.0,170855.0,169332.0,174019.0,162947.0,162947.0,175307.0,175307.0,176846.0,176846.0,166644.0,166644.0,177557.0,177557.0,142557.0,145406.0,43000.0
185,ESWR,ESWAR COLLEGE OF ENGINEERING,PVT,GUNTUR,NARSARAOPET,COED,JNTUK,CIV,159149.0,159149.0,159149.0,159149.0,159149.0,159149.0,159149.0,159149.0,159149.0,159149.0,159149.0,159149.0,159149.0,159149.0,159149.0,159149.0,999999.0,999999.0,43000.0
186,ESWR,ESWAR COLLEGE OF ENGINEERING,PVT,GUNTUR,NARSARAOPET,COED,JNTUK,CSE,101339.0,101339.0,163601.0,172386.0,155520.0,155520.0,171694.0,171694.0,175874.0,175874.0,144646.0,144646.0,177340.0,177340.0,162989.0,162989.0,138153.0,175705.0,43000.0
187,ESWR,ESWAR COLLEGE OF ENGINEERING,PVT,GUNTUR,NARSARAOPET,COED,JNTUK,CSG,165539.0,165539.0,176241.0,176241.0,165539.0,165539.0,165539.0,165539.0,165539.0,165539.0,165539.0,165539.0,165539.0,165539.0,165539.0,165539.0,999999.0,999999.0,43000.0
188,ESWR,ESWAR COLLEGE OF ENGINEERING,PVT,GUNTUR,NARSARAOPET,COED,JNTUK,CSM,163260.0,163260.0,172757.0,172757.0,163260.0,163260.0,171677.0,171677.0,172481.0,172481.0,163260.0,163260.0,163260.0,163260.0,175161.0,175161.0,143580.0,169287.0,43000.0
189,ESWR,ESWAR COLLEGE OF ENGINEERING,PVT,GUNTUR,NARSARAOPET,COED,JNTUK,ECE,114341.0,151617.0,177554.0,177554.0,166374.0,166374.0,171828.0,171828.0,152049.0,155821.0,114341.0,151617.0,153363.0,153363.0,176167.0,176167.0,159966.0,159966.0,43000.0
190,GVRS,G V R AND S COLLEGE OF ENGG. AND TECHNOLOGY,PVT,GUNTUR,GUNTUR,COED,JNTUK,AID,150159.0,150159.0,168388.0,168388.0,150159.0,150159.0,150159.0,150159.0,160296.0,160296.0,150159.0,150159.0,150159.0,150159.0,150159.0,150159.0,174870.0,174870.0,43000.0
191,GVRS,G V R AND S COLLEGE OF ENGG. AND TECHNOLOGY,PVT,GUNTUR,GUNTUR,COED,JNTUK,CSE,114383.0,119553.0,177103.0,177103.0,171337.0,171337.0,167623.0,167623.0,153948.0,158003.0,114383.0,119553.0,168556.0,168556.0,146151.0,146151.0,120771.0,129757.0,43000.0
192,GVRS,G V R AND S COLLEGE OF ENGG. AND TECHNOLOGY,PVT,GUNTUR,GUNTUR,COED,JNTUK,CSM,115718.0,115718.0,175510.0,175510.0,115718.0,115718.0,122130.0,168953.0,115718.0,115718.0,115718.0,115718.0,115718.0,115718.0,168736.0,168736.0,999999.0,999999.0,43000.0
193,GVRS,G V R AND S COLLEGE OF ENGG. AND TECHNOLOGY,PVT,GUNTUR,GUNTUR,COED,JNTUK,ECE,130054.0,172592.0,177866.0,177866.0,130122.0,172592.0,130054.0,172592.0,130054.0,172592.0,130054.0,172592.0,130054.0,172592.0,130054.0,172592.0,999999.0,999999.0,43000.0
194,GVRS,G V R AND S COLLEGE OF ENGG. AND TECHNOLOGY,PVT,GUNTUR,GUNTUR,COED,JNTUK,MEC,137558.0,137558.0,137558.0,137558.0,142399.0,142399.0,137558.0,137558.0,137558.0,137558.0,137558.0,137558.0,137558.0,137558.0,137558.0,137558.0,999999.0,999999.0,43000.0
195,HIND,HINDU COLLEGE OF ENGINEERING AND TECHNOLOGY,PVT,GUNTUR,GUNTUR,COED,JNTUK,AIM,144395.0,144395.0,156160.0,156160.0,144395.0,144395.0,156381.0,156381.0,144395.0,144395.0,144395.0,144395.0,147598.0,147598.0,144395.0,144395.0,154620.0,154620.0,43000.0
196,HIND,HINDU COLLEGE OF ENGINEERING AND TECHNOLOGY,PVT,GUNTUR,GUNTUR,COED,JNTUK,CSE,158707.0,158707.0,174819.0,174819.0,158707.0,158707.0,158707.0,158707.0,163568.0,163568.0,158707.0,158707.0,158707.0,176674.0,168771.0,168771.0,150756.0,166675.0,43000.0
197,HIND,HINDU COLLEGE OF ENGINEERING AND TECHNOLOGY,PVT,GUNTUR,GUNTUR,COED,JNTUK,ECE,125838.0,132600.0,138301.0,164743.0,176627.0,176627.0,125838.0,138693.0,153275.0,153275.0,125838.0,132600.0,161581.0,161581.0,125838.0,132600.0,168947.0,168947.0,43000.0
198,JNTN,JNTUK COLLEGE OF ENGINEERING NARSARAOPETA,UNIV,GUNTUR,NARSARAOPET,COED,JNTUK,CIV,66496.0,160876.0,162685.0,164727.0,166859.0,166859.0,124313.0,160876.0,137831.0,160876.0,66496.0,160876.0,98029.0,171539.0,97856.0,160876.0,154912.0,171164.0,10000.0
199,JNTN,JNTUK COLLEGE OF ENGINEERING NARSARAOPETA,UNIV,GUNTUR,NARSARAOPET,COED,JNTUK,CSE,24973.0,36774.0,54738.0,54738.0,69382.0,69382.0,29614.0,36774.0,40769.0,55841.0,78492.0,78492.0,24973.0,39414.0,24973.0,36774.0,31605.0,18286.0,10000.0
200,JNTN,JNTUK COLLEGE OF ENGINEERING NARSARAOPETA,UNIV,GUNTUR,NARSARAOPET,COED,JNTUK,ECE,26313.0,28606.0,65249.0,68197.0,57892.0,57892.0,54607.0,62901.0,26313.0,42361.0,26313.0,28606.0,47406.0,47406.0,36534.0,66129.0,48329.0,49061.0,10000.0
201,JNTN,JNTUK COLLEGE OF ENGINEERING NARSARAOPETA,UNIV,GUNTUR,NARSARAOPET,COED,JNTUK,EEE,57801.0,62387.0,177085.0,177085.0,139036.0,139036.0,136151.0,151638.0,168241.0,168241.0,159205.0,159205.0,83585.0,141789.0,116555.0,142734.0,79796.0,169496.0,10000.0
202,JNTN,JNTUK COLLEGE OF ENGINEERING NARSARAOPETA,UNIV,GUNTUR,NARSARAOPET,COED,JNTUK,MEC,73498.0,73498.0,177392.0,177392.0,113540.0,154190.0,171100.0,171100.0,147028.0,147028.0,73498.0,73498.0,142066.0,142066.0,158340.0,158340.0,148845.0,137625.0,10000.0
203,KHIT,KALLAM HARANADH REDDY INST OF TECH,PVT,GUNTUR,GUNTUR,COED,JNTUK,CAD,85008.0,122588.0,172988.0,172988.0,177308.0,177308.0,173349.0,173349.0,166797.0,173747.0,85008.0,122588.0,159743.0,159743.0,124487.0,134327.0,103059.0,103918.0,43000.0
204,KHIT,KALLAM HARANADH REDDY INST OF TECH,PVT,GUNTUR,GUNTUR,COED,JNTUK,CIV,158501.0,158501.0,153539.0,158501.0,160373.0,160373.0,173852.0,173852.0,166467.0,166801.0,158501.0,158501.0,154336.0,158501.0,171724.0,171724.0,171666.0,153810.0,43000.0
205,KHIT,KALLAM HARANADH REDDY INST OF TECH,PVT,GUNTUR,GUNTUR,COED,JNTUK,CSE,80032.0,80032.0,153252.0,154676.0,159301.0,159301.0,159008.0,159008.0,118746.0,157086.0,147993.0,147993.0,143453.0,143453.0,96498.0,111578.0,86752.0,124641.0,43000.0
206,KHIT,KALLAM HARANADH REDDY INST OF TECH,PVT,GUNTUR,GUNTUR,COED,JNTUK,CSM,63448.0,63448.0,158057.0,159522.0,157342.0,164824.0,131096.0,145223.0,173933.0,175873.0,63448.0,105781.0,98122.0,113333.0,108302.0,130549.0,78316.0,78334.0,43000.0
207,KHIT,KALLAM HARANADH REDDY INST OF TECH,PVT,GUNTUR,GUNTUR,COED,JNTUK,ECE,72548.0,76264.0,136281.0,152100.0,165358.0,175163.0,124247.0,140848.0,129055.0,144675.0,72548.0,76264.0,121040.0,151657.0,134215.0,141620.0,101946.0,96660.0,43000.0
208,KHIT,KALLAM HARANADH REDDY INST OF TECH,PVT,GUNTUR,GUNTUR,COED,JNTUK,EEE,129334.0,129334.0,156820.0,164590.0,129334.0,129334.0,153545.0,171178.0,176729.0,176729.0,129334.0,129334.0,129334.0,129334.0,129334.0,129334.0,153019.0,153019.0,43000.0
209,KHIT,KALLAM HARANADH REDDY INST OF TECH,PVT,GUNTUR,GUNTUR,COED,JNTUK,INF,109364.0,109364.0,162242.0,173960.0,165883.0,177816.0,167229.0,167229.0,145196.0,153064.0,140123.0,140123.0,169955.0,169955.0,126996.0,126996.0,128287.0,111340.0,43000.0
210,KHIT,KALLAM HARANADH REDDY INST OF TECH,PVT,GUNTUR,GUNTUR,COED,JNTUK,MEC,130031.0,130031.0,160867.0,160867.0,165620.0,165620.0,168887.0,168887.0,176381.0,176381.0,130031.0,130031.0,167976.0,167976.0,130031.0,130031.0,159770.0,159770.0,43000.0
211,KITG,KITS AKSHAR INSTITUTE OF TECHNOLOGY,PVT,GUNTUR,GUNTUR,COED,JNTUK,CSD,67768.0,68359.0,164597.0,174666.0,164296.0,164296.0,139953.0,169051.0,176103.0,176103.0,67768.0,141593.0,135215.0,136044.0,154967.0,154967.0,87711.0,89920.0,43000.0
212,KITG,KITS AKSHAR INSTITUTE OF TECHNOLOGY,PVT,GUNTUR,GUNTUR,COED,JNTUK,CSE,85748.0,135411.0,177577.0,177577.0,159395.0,165355.0,152403.0,158857.0,172542.0,172542.0,169031.0,169031.0,159034.0,170039.0,125656.0,135411.0,141692.0,136145.0,43000.0
213,KITG,KITS AKSHAR INSTITUTE OF TECHNOLOGY,PVT,GUNTUR,GUNTUR,COED,JNTUK,CSM,52915.0,62169.0,177252.0,177252.0,165934.0,165934.0,97232.0,103534.0,117458.0,117458.0,52915.0,62169.0,87713.0,87713.0,119999.0,119999.0,74754.0,68903.0,43000.0
214,KITG,KITS AKSHAR INSTITUTE OF TECHNOLOGY,PVT,GUNTUR,GUNTUR,COED,JNTUK,ECE,96509.0,96509.0,136551.0,136749.0,169926.0,169926.0,143452.0,143452.0,155355.0,155355.0,96509.0,96509.0,163183.0,163183.0,127073.0,127073.0,114259.0,84255.0,43000.0
215,KITG,KITS AKSHAR INSTITUTE OF TECHNOLOGY,PVT,GUNTUR,GUNTUR,COED,JNTUK,INF,94396.0,94396.0,175957.0,175957.0,94396.0,94396.0,131282.0,131282.0,136659.0,136659.0,94396.0,94396.0,172198.0,172198.0,129733.0,129733.0,131689.0,90075.0,43000.0
216,KITS,KKR AND KSR INST OF TECHNOLOGY AND SCI,PVT,GUNTUR,GUNTUR,COED,JNTUK,CSD,39210.0,39210.0,109175.0,110411.0,147759.0,147759.0,65422.0,65422.0,60090.0,63821.0,39210.0,166446.0,47710.0,48774.0,56660.0,56660.0,41340.0,35280.0,43000.0
217,KITS,KKR AND KSR INST OF TECHNOLOGY AND SCI,PVT,GUNTUR,GUNTUR,COED,JNTUK,CSE,34379.0,34379.0,106010.0,106010.0,157101.0,160781.0,66416.0,66416.0,68789.0,68789.0,147095.0,147095.0,75954.0,75954.0,52426.0,54952.0,36554.0,32058.0,43000.0
218,KITS,KKR AND KSR INST OF TECHNOLOGY AND SCI,PVT,GUNTUR,GUNTUR,COED,JNTUK,CSM,29026.0,29026.0,99372.0,99372.0,111150.0,114766.0,81979.0,81979.0,52790.0,53207.0,124363.0,124363.0,61445.0,61445.0,51877.0,51877.0,31419.0,31089.0,43000.0
219,KITS,KKR AND KSR INST OF TECHNOLOGY AND SCI,PVT,GUNTUR,GUNTUR,COED,JNTUK,ECE,43890.0,43890.0,134788.0,154697.0,175416.0,175416.0,68171.0,68171.0,115058.0,157852.0,54758.0,90191.0,71465.0,80190.0,60490.0,60490.0,49109.0,51884.0,43000.0
220,KITS,KKR AND KSR INST OF TECHNOLOGY AND SCI,PVT,GUNTUR,GUNTUR,COED,JNTUK,EEE,61956.0,61956.0,160192.0,160192.0,154796.0,154796.0,168614.0,168614.0,159168.0,170629.0,61956.0,61956.0,140785.0,140785.0,121339.0,121339.0,123460.0,111354.0,43000.0
221,KITS,KKR AND KSR INST OF TECHNOLOGY AND SCI,PVT,GUNTUR,GUNTUR,COED,JNTUK,INF,38166.0,38166.0,114742.0,118807.0,176611.0,176611.0,71212.0,96602.0,84172.0,84172.0,49165.0,49165.0,86950.0,86950.0,60454.0,60454.0,43037.0,41889.0,43000.0
222,LOYL,LOYOLA INSTITUTE OF TECHNOLOGY AND MGMT,PVT,GUNTUR,SATTENAPALLY,COED,JNTUK,CIV,170054.0,170054.0,170054.0,170054.0,170054.0,170054.0,170054.0,170054.0,172108.0,172108.0,170054.0,170054.0,170054.0,170054.0,170054.0,170054.0,999999.0,999999.0,43000.0
223,LOYL,LOYOLA INSTITUTE OF TECHNOLOGY AND MGMT,PVT,GUNTUR,SATTENAPALLY,COED,JNTUK,CSD,119430.0,119430.0,176507.0,176507.0,148551.0,148551.0,151269.0,167721.0,119430.0,168824.0,171312.0,171312.0,119430.0,130680.0,119430.0,155992.0,999999.0,999999.0,43000.0
224,LOYL,LOYOLA INSTITUTE OF TECHNOLOGY AND MGMT,PVT,GUNTUR,SATTENAPALLY,COED,JNTUK,CSE,140730.0,140730.0,172887.0,177826.0,165588.0,165588.0,171988.0,174062.0,149574.0,154849.0,140730.0,140730.0,174111.0,174111.0,140730.0,140730.0,159675.0,149542.0,43000.0
225,LOYL,LOYOLA INSTITUTE OF TECHNOLOGY AND MGMT,PVT,GUNTUR,SATTENAPALLY,COED,JNTUK,CSM,110078.0,110078.0,165777.0,165777.0,164580.0,164580.0,172151.0,172151.0,177569.0,177569.0,110078.0,110078.0,141401.0,144995.0,163074.0,163074.0,129159.0,129159.0,43000.0
226,LOYL,LOYOLA INSTITUTE OF TECHNOLOGY AND MGMT,PVT,GUNTUR,SATTENAPALLY,COED,JNTUK,ECE,98799.0,98799.0,177302.0,177302.0,162688.0,162688.0,149728.0,163810.0,162849.0,162849.0,98799.0,98799.0,168405.0,172817.0,152374.0,152374.0,147563.0,148627.0,43000.0
227,MAMN,M.A.M COLLEGE OF PHARMACY,PVT,GUNTUR,NARSARAOPET,COED,ANU,PHM,177155.0,177155.0,177155.0,177155.0,177155.0,177155.0,177155.0,177155.0,177155.0,177155.0,177155.0,177155.0,177155.0,177155.0,177155.0,177155.0,999999.0,999999.0,47100.0
228,MAMW,M A M WOMEN'S ENGINEERING COLLEGE,PVT,GUNTUR,NARSARAOPET,GIRLS,JNTUK,CAI,138201.0,138201.0,168322.0,168322.0,140188.0,140188.0,175488.0,175488.0,173192.0,173192.0,999999.0,999999.0,138201.0,138201.0,156102.0,156102.0,175058.0,175058.0,43000.0
229,MAMW,M A M WOMEN'S ENGINEERING COLLEGE,PVT,GUNTUR,NARSARAOPET,GIRLS,JNTUK,CSE,127808.0,127808.0,175399.0,175399.0,175667.0,175667.0,175008.0,175008.0,177700.0,177700.0,999999.0,999999.0,169327.0,169327.0,169961.0,169961.0,171488.0,171488.0,43000.0
230,MAMW,M A M WOMEN'S ENGINEERING COLLEGE,PVT,GUNTUR,NARSARAOPET,GIRLS,JNTUK,ECE,165735.0,165735.0,174193.0,174193.0,165735.0,165735.0,165735.0,165735.0,165735.0,165735.0,999999.0,999999.0,165735.0,165735.0,165735.0,165735.0,999999.0,999999.0,43000.0
231,MLEW,MALINENI LAKSHMAIAH WOMENS ENGG. COLLEGE,PVT,GUNTUR,GUNTUR,GIRLS,JNTUK,AID,97654.0,97654.0,163237.0,163237.0,102969.0,102969.0,138795.0,138795.0,171040.0,171040.0,107874.0,107874.0,123043.0,123043.0,173105.0,173105.0,105006.0,105006.0,52100.0
232,MLEW,MALINENI LAKSHMAIAH WOMENS ENGG. COLLEGE,PVT,GUNTUR,GUNTUR,GIRLS,JNTUK,CSD,95137.0,95137.0,136093.0,136093.0,107598.0,107598.0,172168.0,172168.0,158445.0,158445.0,999999.0,999999.0,168611.0,168611.0,141613.0,141613.0,107984.0,107984.0,52100.0
233,MLEW,MALINENI LAKSHMAIAH WOMENS ENGG. COLLEGE,PVT,GUNTUR,GUNTUR,GIRLS,JNTUK,CSE,61878.0,61878.0,160618.0,160618.0,168695.0,168695.0,173402.0,173402.0,136414.0,136414.0,90177.0,90177.0,106833.0,106833.0,116199.0,116199.0,76506.0,76506.0,52100.0
234,MLEW,MALINENI LAKSHMAIAH WOMENS ENGG. COLLEGE,PVT,GUNTUR,GUNTUR,GIRLS,JNTUK,CSM,75726.0,75726.0,177327.0,177327.0,80410.0,80410.0,143888.0,143888.0,158358.0,158358.0,138211.0,138211.0,113337.0,113337.0,163222.0,163222.0,90465.0,90465.0,52100.0
235,MLEW,MALINENI LAKSHMAIAH WOMENS ENGG. COLLEGE,PVT,GUNTUR,GUNTUR,GIRLS,JNTUK,ECE,101821.0,101821.0,171829.0,171829.0,127352.0,127352.0,174088.0,174088.0,159855.0,159855.0,129893.0,129893.0,173149.0,173149.0,142656.0,142656.0,123853.0,123853.0,52100.0
236,MLEW,MALINENI LAKSHMAIAH WOMENS ENGG. COLLEGE,PVT,GUNTUR,GUNTUR,GIRLS,JNTUK,EVT,148336.0,148336.0,159629.0,159629.0,154379.0,154379.0,157737.0,157737.0,172824.0,172824.0,172910.0,172910.0,175005.0,175005.0,174010.0,174010.0,166254.0,166254.0,52100.0
237,MLEW,MALINENI LAKSHMAIAH WOMENS ENGG. COLLEGE,PVT,GUNTUR,GUNTUR,GIRLS,JNTUK,INF,110907.0,110907.0,177418.0,177418.0,120713.0,120713.0,176201.0,176201.0,126132.0,126132.0,999999.0,999999.0,176115.0,176115.0,173751.0,173751.0,127226.0,127226.0,52100.0
238,MPLG,SRI MITTAPALLI COLLEGE OF ENGINEERING,PVT,GUNTUR,GUNTUR,COED,JNTUK,CAI,119667.0,119667.0,171815.0,173853.0,154199.0,154199.0,152464.0,175818.0,168161.0,171882.0,135926.0,135926.0,174371.0,174371.0,166326.0,166326.0,163664.0,151851.0,43000.0
239,MPLG,SRI MITTAPALLI COLLEGE OF ENGINEERING,PVT,GUNTUR,GUNTUR,COED,JNTUK,CSD,126817.0,126817.0,175787.0,177532.0,177169.0,177755.0,176495.0,176495.0,173433.0,174056.0,159239.0,159239.0,176072.0,176072.0,167237.0,170564.0,167757.0,176071.0,43000.0
240,MPLG,SRI MITTAPALLI COLLEGE OF ENGINEERING,PVT,GUNTUR,GUNTUR,COED,JNTUK,CSE,115182.0,123421.0,177013.0,177013.0,177271.0,177271.0,170092.0,171036.0,175602.0,176384.0,115182.0,171117.0,175497.0,175497.0,176227.0,176227.0,154982.0,156382.0,43000.0
241,MPLG,SRI MITTAPALLI COLLEGE OF ENGINEERING,PVT,GUNTUR,GUNTUR,COED,JNTUK,ECE,117409.0,139250.0,177495.0,177495.0,168176.0,168176.0,163783.0,163783.0,170330.0,170330.0,168715.0,168715.0,162823.0,162823.0,145056.0,151296.0,144500.0,166087.0,43000.0
242,MPLG,SRI MITTAPALLI COLLEGE OF ENGINEERING,PVT,GUNTUR,GUNTUR,COED,JNTUK,INF,156396.0,156396.0,177683.0,177683.0,177201.0,177201.0,146927.0,156396.0,156729.0,156729.0,156396.0,156396.0,160475.0,171745.0,173403.0,173403.0,172735.0,150376.0,43000.0
243,NEWS,NEWTONS INST OF SCI AND TECH,PVT,GUNTUR,MACHERLA,COED,JNTUK,CIV,76117.0,110340.0,76117.0,110340.0,76117.0,110340.0,76117.0,110340.0,76117.0,110340.0,76117.0,110340.0,76117.0,110340.0,76117.0,110340.0,999999.0,999999.0,43000.0
244,NEWS,NEWTONS INST OF SCI AND TECH,PVT,GUNTUR,MACHERLA,COED,JNTUK,CSE,165124.0,165124.0,177231.0,177231.0,177115.0,177115.0,165124.0,165124.0,172564.0,172564.0,165124.0,165124.0,169802.0,169802.0,165124.0,165124.0,79493.0,79493.0,43000.0
245,NEWS,NEWTONS INST OF SCI AND TECH,PVT,GUNTUR,MACHERLA,COED,JNTUK,ECE,177131.0,177131.0,177131.0,177131.0,177131.0,177131.0,177131.0,177131.0,177131.0,177131.0,177131.0,177131.0,177131.0,177131.0,177131.0,177131.0,999999.0,999999.0,43000.0
246,NEWT,NEWTON INSTITUTE OF ENGINEERING,PVT,GUNTUR,MACHERLA,COED,JNTUK,CSE,162974.0,177732.0,177400.0,177732.0,167381.0,177732.0,174437.0,177732.0,174092.0,177732.0,162974.0,177732.0,176847.0,177732.0,162974.0,177732.0,171675.0,125760.0,43000.0
247,NEWT,NEWTON INSTITUTE OF ENGINEERING,PVT,GUNTUR,MACHERLA,COED,JNTUK,CSM,170517.0,173661.0,171505.0,174081.0,170517.0,174574.0,173722.0,173722.0,170517.0,173661.0,170517.0,173661.0,171612.0,173661.0,170517.0,173661.0,141238.0,149742.0,43000.0
248,NEWT,NEWTON INSTITUTE OF ENGINEERING,PVT,GUNTUR,MACHERLA,COED,JNTUK,ECE,165936.0,165936.0,176720.0,176720.0,165936.0,165936.0,165936.0,165936.0,165936.0,165936.0,165936.0,165936.0,165936.0,165936.0,165936.0,165936.0,999999.0,999999.0,43000.0
249,NRIT,NRI INSTT OF TECHNOLOGY,PVT,GUNTUR,GUNTUR,COED,JNTUK,AIM,103098.0,103098.0,169587.0,176939.0,165211.0,171780.0,142165.0,142165.0,146707.0,172599.0,103098.0,103098.0,129106.0,174192.0,144347.0,144347.0,117392.0,126038.0,43000.0
250,NRIT,NRI INSTT OF TECHNOLOGY,PVT,GUNTUR,GUNTUR,COED,JNTUK,CIV,133216.0,133216.0,173920.0,177474.0,160031.0,160031.0,133216.0,133216.0,133216.0,133216.0,133216.0,133216.0,133216.0,133216.0,133216.0,133216.0,153777.0,153777.0,43000.0
251,NRIT,NRI INSTT OF TECHNOLOGY,PVT,GUNTUR,GUNTUR,COED,JNTUK,CSD,114935.0,141173.0,177677.0,177677.0,115594.0,162252.0,163594.0,169717.0,174300.0,175925.0,114935.0,162926.0,147905.0,159367.0,162120.0,162120.0,126592.0,147917.0,43000.0
252,NRIT,NRI INSTT OF TECHNOLOGY,PVT,GUNTUR,GUNTUR,COED,JNTUK,CSE,108608.0,108608.0,177107.0,177107.0,177407.0,177407.0,136160.0,143497.0,161829.0,161829.0,122129.0,122129.0,160888.0,166247.0,132081.0,173335.0,129552.0,136375.0,43000.0
253,NRIT,NRI INSTT OF TECHNOLOGY,PVT,GUNTUR,GUNTUR,COED,JNTUK,ECE,106428.0,125406.0,173239.0,173239.0,174151.0,176700.0,174356.0,174356.0,158877.0,168150.0,150446.0,150446.0,171721.0,171721.0,121321.0,141232.0,140817.0,109302.0,43000.0
254,NRIT,NRI INSTT OF TECHNOLOGY,PVT,GUNTUR,GUNTUR,COED,JNTUK,EVT,139945.0,139945.0,177183.0,177183.0,142964.0,142964.0,173097.0,173097.0,164523.0,164523.0,139945.0,139945.0,168341.0,168341.0,147753.0,147753.0,153813.0,166516.0,43000.0
255,NRIT,NRI INSTT OF TECHNOLOGY,PVT,GUNTUR,GUNTUR,COED,JNTUK,INF,135599.0,135599.0,177763.0,177763.0,135599.0,164462.0,172851.0,172851.0,168506.0,168506.0,135599.0,135599.0,159392.0,159392.0,171139.0,171139.0,171733.0,137588.0,43000.0
256,NRML,NIRMALA COLL. OF PHARM,PVT,GUNTUR,MANGALAGIRI,COED,ANU,PHD,177810.0,177810.0,177810.0,177810.0,177810.0,177810.0,177810.0,177810.0,177810.0,177810.0,177810.0,177810.0,177810.0,177810.0,177810.0,177810.0,999999.0,999999.0,56200.0
257,NRML,NIRMALA COLL. OF PHARM,PVT,GUNTUR,MANGALAGIRI,COED,ANU,PHM,133156.0,170590.0,133156.0,170590.0,133156.0,170590.0,133156.0,170590.0,133156.0,170590.0,133156.0,170590.0,133156.0,170590.0,133156.0,170590.0,999999.0,999999.0,51700.0
258,NSPE,NARSARAOPETA ENGINEERING COLLEGE,PVT,GUNTUR,NARSARAOPET,COED,JNTUK,CAI,78592.0,78592.0,164999.0,168401.0,175699.0,175699.0,170850.0,170850.0,135054.0,168352.0,164012.0,164012.0,174472.0,174472.0,135169.0,141881.0,90512.0,95334.0,73800.0
259,NSPE,NARSARAOPETA ENGINEERING COLLEGE,PVT,GUNTUR,NARSARAOPET,COED,JNTUK,CIV,999999.0,999999.0,164736.0,175959.0,176407.0,176407.0,177690.0,177690.0,167984.0,167984.0,999999.0,999999.0,175809.0,175809.0,173768.0,173768.0,148611.0,148611.0,73800.0
260,NSPE,NARSARAOPETA ENGINEERING COLLEGE,PVT,GUNTUR,NARSARAOPET,COED,JNTUK,CSC,89409.0,89409.0,164380.0,164380.0,89409.0,132365.0,149173.0,149173.0,115771.0,175306.0,109940.0,109940.0,156568.0,156568.0,117371.0,130380.0,83728.0,89503.0,73800.0
261,NSPE,NARSARAOPETA ENGINEERING COLLEGE,PVT,GUNTUR,NARSARAOPET,COED,JNTUK,CSD,61708.0,61708.0,157332.0,164330.0,162347.0,165031.0,135053.0,135456.0,147347.0,147347.0,61708.0,61708.0,132278.0,132278.0,78204.0,117450.0,80194.0,89201.0,73800.0
262,NSPE,NARSARAOPETA ENGINEERING COLLEGE,PVT,GUNTUR,NARSARAOPET,COED,JNTUK,CSE,68909.0,68909.0,150813.0,161321.0,177490.0,177490.0,123660.0,138194.0,129966.0,166336.0,97242.0,169402.0,108219.0,115419.0,87751.0,90908.0,75740.0,78512.0,73800.0
263,NSPE,NARSARAOPETA ENGINEERING COLLEGE,PVT,GUNTUR,NARSARAOPET,COED,JNTUK,CSM,60695.0,60695.0,167626.0,167626.0,164751.0,177847.0,128987.0,137353.0,169960.0,169960.0,60695.0,60695.0,147204.0,147204.0,81606.0,88052.0,79491.0,79719.0,73800.0
264,NSPE,NARSARAOPETA ENGINEERING COLLEGE,PVT,GUNTUR,NARSARAOPET,COED,JNTUK,ECE,83149.0,83149.0,177344.0,177344.0,177446.0,177446.0,175363.0,175363.0,173365.0,174940.0,108585.0,167167.0,158219.0,159037.0,134657.0,134657.0,121778.0,119654.0,73800.0
265,NSPE,NARSARAOPETA ENGINEERING COLLEGE,PVT,GUNTUR,NARSARAOPET,COED,JNTUK,EEE,999999.0,999999.0,177399.0,177399.0,176922.0,176922.0,161364.0,161364.0,170241.0,170241.0,999999.0,999999.0,174470.0,174470.0,139550.0,172240.0,138687.0,130438.0,73800.0
266,NSPE,NARSARAOPETA ENGINEERING COLLEGE,PVT,GUNTUR,NARSARAOPET,COED,JNTUK,INF,84591.0,84591.0,170518.0,172181.0,165177.0,165836.0,156916.0,163242.0,158996.0,172534.0,89642.0,89642.0,169070.0,169070.0,123483.0,129284.0,96968.0,98084.0,73800.0
267,NSPE,NARSARAOPETA ENGINEERING COLLEGE,PVT,GUNTUR,NARSARAOPET,COED,JNTUK,MEC,159388.0,159388.0,175358.0,176562.0,172029.0,176463.0,161416.0,167724.0,177801.0,177801.0,169687.0,169687.0,162618.0,162618.0,159388.0,159388.0,169249.0,175835.0,73800.0
268,NVRT,N.V.R.COLLEGE OF ENGG TECHNOLOGY,PVT,GUNTUR,TENALI,COED,JNTUK,CSD,999999.0,999999.0,172934.0,172934.0,999999.0,999999.0,999999.0,999999.0,999999.0,999999.0,999999.0,999999.0,999999.0,999999.0,999999.0,999999.0,999999.0,999999.0,43000.0
269,NVRT,N.V.R.COLLEGE OF ENGG TECHNOLOGY,PVT,GUNTUR,TENALI,COED,JNTUK,CSE,142754.0,142754.0,174369.0,177294.0,165190.0,165190.0,169154.0,172064.0,168452.0,175149.0,142754.0,142754.0,172419.0,177806.0,173494.0,177523.0,174646.0,174646.0,43000.0
270,NVRT,N.V.R.COLLEGE OF ENGG TECHNOLOGY,PVT,GUNTUR,TENALI,COED,JNTUK,CSM,150976.0,150976.0,165438.0,177307.0,160993.0,160993.0,156234.0,177634.0,167529.0,167529.0,150976.0,150976.0,160901.0,160901.0,150976.0,150976.0,117099.0,117099.0,43000.0
271,PIIT,PRIYADARSHINI INST OF TECH AND MGMT,PVT,GUNTUR,GUNTUR,COED,JNTUK,AID,147833.0,147833.0,147833.0,175844.0,167549.0,167549.0,147833.0,147833.0,147833.0,147833.0,147833.0,147833.0,147833.0,147833.0,147833.0,147833.0,999999.0,999999.0,43000.0
272,PIIT,PRIYADARSHINI INST OF TECH AND MGMT,PVT,GUNTUR,GUNTUR,COED,JNTUK,CSE,145984.0,145984.0,175078.0,175078.0,175882.0,175882.0,177736.0,177736.0,172669.0,172669.0,167477.0,167477.0,177435.0,177435.0,145984.0,172346.0,150948.0,154804.0,43000.0
273,PIIT,PRIYADARSHINI INST OF TECH AND MGMT,PVT,GUNTUR,GUNTUR,COED,JNTUK,ECE,136254.0,136254.0,158337.0,158337.0,161266.0,161266.0,136254.0,136254.0,136254.0,136254.0,136254.0,136254.0,136254.0,136254.0,136254.0,136254.0,173582.0,173582.0,43000.0
274,PIIT,PRIYADARSHINI INST OF TECH AND MGMT,PVT,GUNTUR,GUNTUR,COED,JNTUK,MEC,999999.0,999999.0,177680.0,177680.0,999999.0,999999.0,999999.0,999999.0,999999.0,999999.0,999999.0,999999.0,999999.0,999999.0,999999.0,999999.0,999999.0,999999.0,43000.0
275,PITT,PRIYADARSHINI INST. OF TECHNOLOGY AND SCIENCES,PVT,GUNTUR,TENALI,COED,JNTUK,AID,86174.0,86174.0,177708.0,177708.0,86174.0,86174.0,86174.0,86174.0,86174.0,86174.0,86174.0,86174.0,86174.0,86174.0,86174.0,86174.0,999999.0,999999.0,43000.0
276,PITT,PRIYADARSHINI INST. OF TECHNOLOGY AND SCIENCES,PVT,GUNTUR,TENALI,COED,JNTUK,CSE,160654.0,160654.0,176689.0,176689.0,160654.0,160654.0,160654.0,160654.0,160654.0,160654.0,160654.0,160654.0,173419.0,173419.0,160654.0,160654.0,163780.0,163780.0,43000.0
277,PITT,PRIYADARSHINI INST. OF TECHNOLOGY AND SCIENCES,PVT,GUNTUR,TENALI,COED,JNTUK,ECE,154955.0,154955.0,154955.0,154955.0,154955.0,154955.0,154955.0,154955.0,154955.0,154955.0,154955.0,154955.0,154955.0,154955.0,154955.0,154955.0,999999.0,999999.0,43000.0
278,PITW,PRIYADARSHINI INST. OF TECH AND SCIENCES FOR WOMEN,PVT,GUNTUR,TENALI,GIRLS,JNTUK,CSE,137680.0,137680.0,177425.0,177425.0,159017.0,159017.0,165932.0,165932.0,177672.0,177672.0,137680.0,137680.0,177564.0,177564.0,174380.0,174380.0,131163.0,131163.0,43000.0
279,PITW,PRIYADARSHINI INST. OF TECH AND SCIENCES FOR WOMEN,PVT,GUNTUR,TENALI,GIRLS,JNTUK,ECE,999999.0,999999.0,174027.0,174027.0,175281.0,175281.0,149342.0,149342.0,999999.0,999999.0,999999.0,999999.0,140921.0,140921.0,999999.0,999999.0,999999.0,999999.0,43000.0
280,RVIT,R V INSTITUTE OF TECHNOLOGY,PVT,GUNTUR,GUNTUR,COED,JNTUK,CSD,149951.0,150871.0,177191.0,177191.0,166422.0,175513.0,167201.0,167201.0,172948.0,173568.0,149951.0,150871.0,175725.0,175725.0,171762.0,171762.0,171715.0,171715.0,43000.0
281,RVIT,R V INSTITUTE OF TECHNOLOGY,PVT,GUNTUR,GUNTUR,COED,JNTUK,CSE,160116.0,166462.0,172081.0,174749.0,177251.0,177251.0,169033.0,169033.0,169612.0,171311.0,160116.0,166462.0,160116.0,171259.0,160116.0,166462.0,171711.0,174320.0,43000.0
282,RVIT,R V INSTITUTE OF TECHNOLOGY,PVT,GUNTUR,GUNTUR,COED,JNTUK,CSM,101751.0,149199.0,177827.0,177827.0,163603.0,163603.0,176454.0,176454.0,170820.0,170820.0,101751.0,167013.0,169833.0,169833.0,140345.0,167052.0,150931.0,170036.0,43000.0
283,RVIT,R V INSTITUTE OF TECHNOLOGY,PVT,GUNTUR,GUNTUR,COED,JNTUK,ECE,145328.0,145328.0,164951.0,164951.0,146912.0,146912.0,158887.0,158887.0,145328.0,151584.0,145328.0,145328.0,145328.0,145328.0,145328.0,145328.0,166079.0,151096.0,43000.0
284,RVIT,R V INSTITUTE OF TECHNOLOGY,PVT,GUNTUR,GUNTUR,COED,JNTUK,EVT,156631.0,165163.0,175708.0,175708.0,156631.0,165163.0,156631.0,165163.0,156631.0,165163.0,156631.0,165163.0,156631.0,165163.0,156631.0,165163.0,999999.0,999999.0,43000.0
285,RVJC,R V R AND J C COLLEGE OF ENGINEERING,PVT,GUNTUR,GUNTUR,COED,ANU,CHE,56998.0,56998.0,160636.0,160636.0,132907.0,161437.0,60103.0,167059.0,129078.0,134188.0,56998.0,56998.0,80088.0,97829.0,75967.0,75967.0,74718.0,63226.0,105000.0
286,RVJC,R V R AND J C COLLEGE OF ENGINEERING,PVT,GUNTUR,GUNTUR,COED,ANU,CIV,107432.0,107432.0,159353.0,162616.0,164013.0,164013.0,146013.0,164320.0,107432.0,136302.0,129708.0,129708.0,158318.0,164897.0,150990.0,150990.0,166067.0,158700.0,105000.0
287,RVJC,R V R AND J C COLLEGE OF ENGINEERING,PVT,GUNTUR,GUNTUR,COED,ANU,CSB,19739.0,19739.0,72853.0,120558.0,123164.0,159525.0,60854.0,60854.0,43417.0,43417.0,19739.0,19739.0,36666.0,64399.0,30208.0,30208.0,14127.0,14286.0,105000.0
288,RVJC,R V R AND J C COLLEGE OF ENGINEERING,PVT,GUNTUR,GUNTUR,COED,ANU,CSD,11209.0,18524.0,45156.0,53526.0,99428.0,99428.0,25240.0,25240.0,32146.0,32146.0,28233.0,34844.0,15502.0,18524.0,18883.0,19796.0,12084.0,10098.0,105000.0
289,RVJC,R V R AND J C COLLEGE OF ENGINEERING,PVT,GUNTUR,GUNTUR,COED,ANU,CSE,9847.0,10143.0,27137.0,82017.0,61472.0,68093.0,12796.0,12796.0,20754.0,20754.0,19630.0,19630.0,10938.0,19609.0,10793.0,13588.0,10628.0,12834.0,105000.0
290,RVJC,R V R AND J C COLLEGE OF ENGINEERING,PVT,GUNTUR,GUNTUR,COED,ANU,CSM,10609.0,13958.0,35953.0,35953.0,87579.0,127753.0,13309.0,13958.0,22565.0,30938.0,43630.0,43630.0,12679.0,13958.0,11855.0,15410.0,11040.0,16685.0,105000.0
291,RVJC,R V R AND J C COLLEGE OF ENGINEERING,PVT,GUNTUR,GUNTUR,COED,ANU,CSO,15066.0,15066.0,51409.0,61995.0,120420.0,120420.0,63185.0,63185.0,47427.0,66522.0,15066.0,15066.0,34631.0,34631.0,33419.0,33419.0,14525.0,27308.0,105000.0
292,RVJC,R V R AND J C COLLEGE OF ENGINEERING,PVT,GUNTUR,GUNTUR,COED,ANU,ECE,18260.0,28280.0,59510.0,59510.0,82386.0,94543.0,22525.0,28280.0,39686.0,39686.0,18260.0,92444.0,31284.0,31673.0,31372.0,31372.0,19685.0,29613.0,105000.0
293,RVJC,R V R AND J C COLLEGE OF ENGINEERING,PVT,GUNTUR,GUNTUR,COED,ANU,EEE,53215.0,53215.0,111109.0,124159.0,163703.0,163883.0,80670.0,110316.0,88906.0,170190.0,81137.0,81137.0,78107.0,78107.0,53215.0,99128.0,58147.0,71510.0,105000.0
294,RVJC,R V R AND J C COLLEGE OF ENGINEERING,PVT,GUNTUR,GUNTUR,COED,ANU,INF,13885.0,22121.0,62326.0,62326.0,108053.0,108053.0,34977.0,41414.0,47029.0,47029.0,13885.0,22121.0,30276.0,34349.0,31413.0,31413.0,16213.0,25800.0,105000.0
295,RVJC,R V R AND J C COLLEGE OF ENGINEERING,PVT,GUNTUR,GUNTUR,COED,ANU,MEC,60982.0,144807.0,138939.0,156767.0,154892.0,154892.0,131426.0,144807.0,114277.0,144807.0,71300.0,144807.0,130166.0,160244.0,126061.0,144807.0,91409.0,99034.0,105000.0
296,TMLN,TIRUMALA ENGINEERING COLLEGE,PVT,GUNTUR,NARSARAOPET,COED,JNTUK,CSE,82277.0,82277.0,154653.0,165615.0,177048.0,177048.0,113679.0,113679.0,167635.0,167635.0,92094.0,92094.0,171825.0,171825.0,102170.0,102170.0,85275.0,82880.0,65800.0
297,TMLN,TIRUMALA ENGINEERING COLLEGE,PVT,GUNTUR,NARSARAOPET,COED,JNTUK,CSM,69686.0,69686.0,174652.0,177033.0,98612.0,98612.0,142825.0,167114.0,159371.0,159371.0,127481.0,146155.0,159698.0,159698.0,142090.0,142828.0,94956.0,92877.0,65800.0
298,TMLN,TIRUMALA ENGINEERING COLLEGE,PVT,GUNTUR,NARSARAOPET,COED,JNTUK,ECE,89039.0,89039.0,171499.0,171499.0,155953.0,155953.0,169508.0,173169.0,155836.0,155836.0,115146.0,115146.0,174994.0,174994.0,142930.0,151118.0,114113.0,122394.0,65800.0
299,TMLN,TIRUMALA ENGINEERING COLLEGE,PVT,GUNTUR,NARSARAOPET,COED,JNTUK,EEE,130332.0,130332.0,163090.0,175914.0,154808.0,154808.0,167735.0,167735.0,130332.0,130332.0,130332.0,130332.0,175623.0,175623.0,174641.0,174641.0,176735.0,171959.0,65800.0
300,TMLN,TIRUMALA ENGINEERING COLLEGE,PVT,GUNTUR,NARSARAOPET,COED,JNTUK,INF,103592.0,110826.0,177504.0,177504.0,176333.0,176333.0,145192.0,151177.0,173573.0,173573.0,103592.0,110826.0,171577.0,171577.0,136207.0,136207.0,105076.0,89605.0,65800.0
301,UNIV,UNIVERSAL COLLEGE OF ENGG AND TECHNOLOGY,PVT,GUNTUR,GUNTUR,COED,JNTUK,AIM,112040.0,112040.0,164197.0,165478.0,175364.0,175364.0,163219.0,163219.0,152434.0,160762.0,163143.0,163143.0,146039.0,146039.0,167179.0,172383.0,147240.0,142214.0,43000.0
302,UNIV,UNIVERSAL COLLEGE OF ENGG AND TECHNOLOGY,PVT,GUNTUR,GUNTUR,COED,JNTUK,CSD,115354.0,115354.0,176539.0,176539.0,170844.0,170844.0,176879.0,176879.0,167329.0,167329.0,115354.0,115354.0,171051.0,171051.0,160817.0,160817.0,139598.0,148442.0,43000.0
303,UNIV,UNIVERSAL COLLEGE OF ENGG AND TECHNOLOGY,PVT,GUNTUR,GUNTUR,COED,JNTUK,CSE,136130.0,136130.0,171490.0,171490.0,168422.0,176735.0,149449.0,175971.0,168306.0,168306.0,136130.0,136130.0,175848.0,175848.0,173734.0,173734.0,139798.0,148496.0,43000.0
304,UNIV,UNIVERSAL COLLEGE OF ENGG AND TECHNOLOGY,PVT,GUNTUR,GUNTUR,COED,JNTUK,ECE,163033.0,163033.0,172984.0,176812.0,176745.0,176745.0,177776.0,177776.0,163033.0,163872.0,163033.0,163033.0,163033.0,163033.0,174202.0,174202.0,174110.0,166660.0,43000.0
305,UNIV,UNIVERSAL COLLEGE OF ENGG AND TECHNOLOGY,PVT,GUNTUR,GUNTUR,COED,JNTUK,MEC,126698.0,126698.0,126698.0,126698.0,126698.0,126698.0,126698.0,126698.0,126698.0,126698.0,126698.0,126698.0,126698.0,126698.0,126698.0,126698.0,999999.0,999999.0,43000.0
306,VCPG,VAGDEVI COLLEGE OF PHARMACY,PVT,GUNTUR,GURAZALA,COED,ANU,PHM,176254.0,176254.0,176254.0,176254.0,176254.0,176254.0,176254.0,176254.0,176254.0,176254.0,176254.0,176254.0,176254.0,176254.0,176254.0,176254.0,999999.0,999999.0,38000.0
307,VLIT,VIGNANS LARA INST. OF TECHNOLOGY AND SCI,PVT,GUNTUR,VADLAMUDI,COED,JNTUK,CAI,26389.0,26389.0,81349.0,81349.0,117951.0,144648.0,48612.0,50427.0,41271.0,42915.0,98957.0,98957.0,44644.0,44644.0,45861.0,45861.0,29629.0,26911.0,70000.0
308,VLIT,VIGNANS LARA INST. OF TECHNOLOGY AND SCI,PVT,GUNTUR,VADLAMUDI,COED,JNTUK,CIV,108920.0,108920.0,155010.0,155010.0,125540.0,125540.0,117873.0,117873.0,168788.0,168788.0,108920.0,108920.0,157685.0,171466.0,108920.0,169913.0,128834.0,148830.0,70000.0
309,VLIT,VIGNANS LARA INST. OF TECHNOLOGY AND SCI,PVT,GUNTUR,VADLAMUDI,COED,JNTUK,CSD,31360.0,31360.0,81132.0,82365.0,165131.0,165131.0,46822.0,46822.0,45123.0,45123.0,31360.0,31360.0,41524.0,41524.0,42625.0,42625.0,32076.0,34653.0,70000.0
310,VLIT,VIGNANS LARA INST. OF TECHNOLOGY AND SCI,PVT,GUNTUR,VADLAMUDI,COED,JNTUK,CSE,28287.0,28287.0,68018.0,68018.0,107678.0,107678.0,58493.0,58493.0,43456.0,43456.0,57904.0,70096.0,41434.0,41434.0,34464.0,42065.0,30871.0,20643.0,70000.0
311,VLIT,VIGNANS LARA INST. OF TECHNOLOGY AND SCI,PVT,GUNTUR,VADLAMUDI,COED,JNTUK,CSM,17640.0,29051.0,68574.0,77003.0,136692.0,136692.0,44316.0,44316.0,37836.0,53436.0,75294.0,75294.0,42255.0,42255.0,40010.0,40387.0,25090.0,21367.0,70000.0
312,VLIT,VIGNANS LARA INST. OF TECHNOLOGY AND SCI,PVT,GUNTUR,VADLAMUDI,COED,JNTUK,ECE,38390.0,38512.0,101383.0,101383.0,144162.0,164765.0,64338.0,79602.0,60191.0,60451.0,171128.0,171128.0,61910.0,74622.0,52180.0,52180.0,41844.0,34784.0,70000.0
313,VLIT,VIGNANS LARA INST. OF TECHNOLOGY AND SCI,PVT,GUNTUR,VADLAMUDI,COED,JNTUK,EEE,71962.0,71962.0,142940.0,153141.0,143455.0,143455.0,127826.0,127826.0,136530.0,136530.0,71962.0,71962.0,160564.0,160564.0,79067.0,79067.0,67211.0,71275.0,70000.0
314,VLIT,VIGNANS LARA INST. OF TECHNOLOGY AND SCI,PVT,GUNTUR,VADLAMUDI,COED,JNTUK,INF,35030.0,35030.0,80018.0,97722.0,136245.0,136245.0,57362.0,57362.0,46655.0,46655.0,35030.0,35030.0,42060.0,57832.0,49200.0,54530.0,27583.0,27496.0,70000.0
315,VLIT,VIGNANS LARA INST. OF TECHNOLOGY AND SCI,PVT,GUNTUR,VADLAMUDI,COED,JNTUK,MEC,82692.0,83018.0,159575.0,159575.0,137010.0,158139.0,123061.0,123061.0,160195.0,160195.0,139820.0,139820.0,122942.0,142977.0,172195.0,172195.0,109885.0,155504.0,70000.0
316,VNIW,VIGNANS NIRULA INST OF TECH. AND SCI FOR WOMEN,PVT,GUNTUR,GUNTUR,GIRLS,JNTUK,CSD,50148.0,50148.0,145891.0,145891.0,163213.0,163213.0,83992.0,83992.0,120394.0,120394.0,74409.0,74409.0,86813.0,86813.0,93062.0,93062.0,52899.0,52899.0,43000.0
317,VNIW,VIGNANS NIRULA INST OF TECH. AND SCI FOR WOMEN,PVT,GUNTUR,GUNTUR,GIRLS,JNTUK,CSE,47811.0,47811.0,120045.0,120045.0,167639.0,167639.0,76752.0,76752.0,142449.0,142449.0,50063.0,50063.0,69066.0,69066.0,66337.0,66337.0,49085.0,49085.0,43000.0
318,VNIW,VIGNANS NIRULA INST OF TECH. AND SCI FOR WOMEN,PVT,GUNTUR,GUNTUR,GIRLS,JNTUK,CSM,37276.0,37276.0,158940.0,158940.0,135399.0,135399.0,81461.0,81461.0,127864.0,127864.0,56755.0,56755.0,133324.0,133324.0,142593.0,142593.0,40398.0,40398.0,43000.0
319,VNIW,VIGNANS NIRULA INST OF TECH. AND SCI FOR WOMEN,PVT,GUNTUR,GUNTUR,GIRLS,JNTUK,ECE,74623.0,74623.0,170519.0,170519.0,156803.0,156803.0,102287.0,102287.0,160047.0,160047.0,74623.0,74623.0,79268.0,79268.0,115864.0,115864.0,70827.0,70827.0,43000.0
320,VNIW,VIGNANS NIRULA INST OF TECH. AND SCI FOR WOMEN,PVT,GUNTUR,GUNTUR,GIRLS,JNTUK,EEE,130315.0,130315.0,159707.0,159707.0,130315.0,130315.0,130315.0,130315.0,130315.0,130315.0,999999.0,999999.0,130315.0,130315.0,130315.0,130315.0,127389.0,127389.0,43000.0
321,VNIW,VIGNANS NIRULA INST OF TECH. AND SCI FOR WOMEN,PVT,GUNTUR,GUNTUR,GIRLS,JNTUK,INF,80002.0,80002.0,172461.0,172461.0,173770.0,173770.0,171467.0,171467.0,168030.0,168030.0,80002.0,80002.0,110035.0,110035.0,91194.0,91194.0,89556.0,89556.0,43000.0
322,VNRC,VELAGA NAGESWARA RAO COLL OF ENGINEERING,PVT,GUNTUR,PONNUR,COED,JNTUK,CSD,165597.0,165597.0,165597.0,165597.0,165758.0,165758.0,165597.0,165597.0,165597.0,165597.0,165597.0,165597.0,165597.0,165597.0,165597.0,165597.0,999999.0,999999.0,43000.0
323,VNRC,VELAGA NAGESWARA RAO COLL OF ENGINEERING,PVT,GUNTUR,PONNUR,COED,JNTUK,CSE,146664.0,146664.0,159572.0,159572.0,158291.0,158291.0,146664.0,146664.0,146664.0,146664.0,146664.0,146664.0,146664.0,146664.0,146664.0,146664.0,166031.0,166031.0,43000.0
324,VPCV,VIGNAN PHARMACY COLLEGE,PVT,GUNTUR,VADLAMUDI,COED,JNTUK,PHD,135367.0,135367.0,135367.0,135367.0,135367.0,135367.0,135367.0,135367.0,135367.0,135367.0,135367.0,135367.0,135367.0,135367.0,135367.0,135367.0,999999.0,999999.0,65000.0
325,VPCV,VIGNAN PHARMACY COLLEGE,PVT,GUNTUR,VADLAMUDI,COED,JNTUK,PHM,44335.0,147623.0,44335.0,147623.0,44335.0,147623.0,44335.0,147623.0,44335.0,147623.0,44335.0,147623.0,44335.0,147623.0,44335.0,147623.0,999999.0,999999.0,72000.0
326,VRIT,VARAPRASAD REDDY INST OF TECHNOLOGY,PVT,GUNTUR,SATTENAPALLY,COED,JNTUK,ECE,73634.0,73634.0,171676.0,171676.0,73634.0,73634.0,73634.0,73634.0,73634.0,73634.0,73634.0,73634.0,73634.0,73634.0,73634.0,73634.0,999999.0,999999.0,43000.0
327,VRIT,VARAPRASAD REDDY INST OF TECHNOLOGY,PVT,GUNTUR,SATTENAPALLY,COED,JNTUK,IOT,48793.0,163671.0,48793.0,163671.0,48793.0,163671.0,48793.0,163671.0,48793.0,163671.0,48793.0,163671.0,48793.0,163671.0,48793.0,163671.0,999999.0,999999.0,43000.0
328,VVIT,VASIREDDY VENKATADRI INST. OF TECHNOLOGY,PVT,GUNTUR,GUNTUR,COED,JNTUK,AID,21387.0,21387.0,69822.0,69822.0,138449.0,140422.0,40357.0,40357.0,28619.0,28619.0,36913.0,36913.0,29558.0,29558.0,28677.0,34622.0,18689.0,22535.0,65200.0
329,VVIT,VASIREDDY VENKATADRI INST. OF TECHNOLOGY,PVT,GUNTUR,GUNTUR,COED,JNTUK,CAI,22465.0,22465.0,68493.0,68493.0,135306.0,150201.0,33070.0,33427.0,37682.0,37682.0,22465.0,96245.0,29766.0,29766.0,29344.0,39303.0,20306.0,23190.0,65200.0
330,VVIT,VASIREDDY VENKATADRI INST. OF TECHNOLOGY,PVT,GUNTUR,GUNTUR,COED,JNTUK,CIC,23746.0,23746.0,94354.0,94354.0,163702.0,174343.0,43353.0,44058.0,37705.0,40186.0,85861.0,85861.0,30422.0,32596.0,48274.0,48274.0,24859.0,25554.0,65200.0
331,VVIT,VASIREDDY VENKATADRI INST. OF TECHNOLOGY,PVT,GUNTUR,GUNTUR,COED,JNTUK,CIV,89410.0,125908.0,151598.0,165447.0,159344.0,162280.0,170282.0,170282.0,160369.0,160369.0,89410.0,169498.0,167017.0,167017.0,174813.0,174813.0,154026.0,175686.0,65200.0
332,VVIT,VASIREDDY VENKATADRI INST. OF TECHNOLOGY,PVT,GUNTUR,GUNTUR,COED,JNTUK,CSE,16317.0,16317.0,41776.0,41776.0,100170.0,100170.0,26281.0,32306.0,24215.0,25538.0,31619.0,31619.0,24176.0,26502.0,23492.0,23492.0,16739.0,12209.0,65200.0
333,VVIT,VASIREDDY VENKATADRI INST. OF TECHNOLOGY,PVT,GUNTUR,GUNTUR,COED,JNTUK,CSM,17262.0,17262.0,57944.0,59588.0,150799.0,150799.0,29217.0,29217.0,26525.0,36072.0,78483.0,78483.0,22183.0,22398.0,28254.0,28254.0,18684.0,18368.0,65200.0
334,VVIT,VASIREDDY VENKATADRI INST. OF TECHNOLOGY,PVT,GUNTUR,GUNTUR,COED,JNTUK,CSO,26416.0,26416.0,77137.0,85109.0,160098.0,160098.0,39642.0,111677.0,52108.0,52108.0,26416.0,108228.0,34569.0,44309.0,44502.0,44502.0,31399.0,23895.0,65200.0
335,VVIT,VASIREDDY VENKATADRI INST. OF TECHNOLOGY,PVT,GUNTUR,GUNTUR,COED,JNTUK,ECE,20615.0,32562.0,63129.0,64119.0,128094.0,128094.0,50939.0,52663.0,56639.0,56639.0,20615.0,32562.0,32474.0,32562.0,37529.0,37529.0,28968.0,32662.0,65200.0
336,VVIT,VASIREDDY VENKATADRI INST. OF TECHNOLOGY,PVT,GUNTUR,GUNTUR,COED,JNTUK,EEE,68252.0,68252.0,133857.0,145936.0,132073.0,165504.0,123357.0,145818.0,140689.0,159824.0,128472.0,132259.0,114194.0,114194.0,130659.0,130659.0,89793.0,109066.0,65200.0
337,VVIT,VASIREDDY VENKATADRI INST. OF TECHNOLOGY,PVT,GUNTUR,GUNTUR,COED,JNTUK,INF,22798.0,25610.0,74880.0,74880.0,129590.0,155501.0,50128.0,66297.0,50510.0,50510.0,65924.0,65924.0,33029.0,33029.0,41274.0,41274.0,25917.0,22438.0,65200.0
338,VVIT,VASIREDDY VENKATADRI INST. OF TECHNOLOGY,PVT,GUNTUR,GUNTUR,COED,JNTUK,MEC,103293.0,121293.0,161484.0,176851.0,172358.0,172358.0,139542.0,139542.0,170035.0,170035.0,103293.0,121293.0,150312.0,173833.0,143661.0,143661.0,163894.0,130826.0,65200.0
339,ALIT,ANDHRA LOYOLA INSTT OF ENGG AND TECHNOLOGY,PVT,KRISHNA,VIJAYAWADA,COED,JNTUK,CIV,44051.0,114965.0,175880.0,175880.0,167438.0,170950.0,174788.0,174788.0,155862.0,155862.0,44051.0,114965.0,44051.0,150930.0,148528.0,148528.0,158392.0,172464.0,50700.0
340,ALIT,ANDHRA LOYOLA INSTT OF ENGG AND TECHNOLOGY,PVT,KRISHNA,VIJAYAWADA,COED,JNTUK,CSD,45500.0,45500.0,109879.0,109879.0,103462.0,158680.0,93774.0,93774.0,72941.0,73729.0,130101.0,130101.0,84564.0,84564.0,124051.0,124051.0,85305.0,53154.0,50700.0
341,ALIT,ANDHRA LOYOLA INSTT OF ENGG AND TECHNOLOGY,PVT,KRISHNA,VIJAYAWADA,COED,JNTUK,CSE,45798.0,79035.0,104088.0,104088.0,127524.0,144777.0,106634.0,106634.0,100756.0,116493.0,121570.0,121570.0,75958.0,79035.0,135330.0,135330.0,71328.0,83697.0,50700.0
342,ALIT,ANDHRA LOYOLA INSTT OF ENGG AND TECHNOLOGY,PVT,KRISHNA,VIJAYAWADA,COED,JNTUK,CSM,40194.0,65286.0,97128.0,120754.0,162754.0,162754.0,69552.0,69552.0,64289.0,65286.0,40194.0,65286.0,56484.0,65286.0,140201.0,140201.0,45665.0,99480.0,50700.0
343,ALIT,ANDHRA LOYOLA INSTT OF ENGG AND TECHNOLOGY,PVT,KRISHNA,VIJAYAWADA,COED,JNTUK,ECE,76101.0,76101.0,145204.0,158512.0,144953.0,165074.0,97144.0,97144.0,139300.0,139300.0,127420.0,127420.0,109635.0,109635.0,102937.0,127240.0,100846.0,66718.0,50700.0
344,ALIT,ANDHRA LOYOLA INSTT OF ENGG AND TECHNOLOGY,PVT,KRISHNA,VIJAYAWADA,COED,JNTUK,EEE,81720.0,81720.0,167864.0,172738.0,116582.0,116582.0,144221.0,144221.0,102677.0,159119.0,81720.0,81720.0,123318.0,123318.0,146547.0,163317.0,127056.0,131064.0,50700.0
345,ALIT,ANDHRA LOYOLA INSTT OF ENGG AND TECHNOLOGY,PVT,KRISHNA,VIJAYAWADA,COED,JNTUK,INF,69615.0,69615.0,120555.0,120555.0,125122.0,136988.0,111608.0,111608.0,129244.0,129244.0,69615.0,167084.0,111634.0,125748.0,115569.0,143998.0,86920.0,91639.0,50700.0
346,ALIT,ANDHRA LOYOLA INSTT OF ENGG AND TECHNOLOGY,PVT,KRISHNA,VIJAYAWADA,COED,JNTUK,MEC,124609.0,124609.0,173142.0,173142.0,159158.0,159158.0,175704.0,175704.0,169463.0,169463.0,124609.0,124609.0,155726.0,175165.0,150655.0,162893.0,169858.0,169858.0,50700.0
347,ASIP,AMRITA SAI INST. OF SCIENCE AND TECHNOLOGY,PVT,KRISHNA,PARITALA,COED,JNTUK,CBA,122940.0,122940.0,149104.0,175345.0,122940.0,122940.0,153357.0,153357.0,160335.0,160335.0,122940.0,122940.0,174469.0,174469.0,169277.0,173784.0,128022.0,167046.0,52900.0
348,ASIP,AMRITA SAI INST. OF SCIENCE AND TECHNOLOGY,PVT,KRISHNA,PARITALA,COED,JNTUK,CIC,103322.0,103322.0,163867.0,173413.0,103785.0,111085.0,132956.0,132956.0,147513.0,160311.0,120337.0,120337.0,162127.0,162127.0,151646.0,158641.0,110895.0,119129.0,52900.0
349,ASIP,AMRITA SAI INST. OF SCIENCE AND TECHNOLOGY,PVT,KRISHNA,PARITALA,COED,JNTUK,CIV,135676.0,135676.0,170194.0,170194.0,173928.0,173928.0,164362.0,164362.0,135676.0,135676.0,135676.0,135676.0,135676.0,135676.0,135676.0,135676.0,999999.0,999999.0,52900.0
350,ASIP,AMRITA SAI INST. OF SCIENCE AND TECHNOLOGY,PVT,KRISHNA,PARITALA,COED,JNTUK,CSD,69085.0,133993.0,177386.0,177386.0,165337.0,165337.0,160162.0,160162.0,147266.0,147266.0,134773.0,134773.0,131770.0,133993.0,173343.0,173343.0,94748.0,146519.0,52900.0
351,ASIP,AMRITA SAI INST. OF SCIENCE AND TECHNOLOGY,PVT,KRISHNA,PARITALA,COED,JNTUK,CSE,104715.0,112959.0,163981.0,163981.0,163453.0,163453.0,142667.0,142667.0,175381.0,175381.0,104715.0,146431.0,153060.0,159166.0,122299.0,122299.0,118830.0,127376.0,52900.0
352,ASIP,AMRITA SAI INST. OF SCIENCE AND TECHNOLOGY,PVT,KRISHNA,PARITALA,COED,JNTUK,CSM,80003.0,93103.0,165912.0,168829.0,177365.0,177365.0,115812.0,115812.0,157436.0,157436.0,88717.0,93103.0,104662.0,104662.0,141293.0,148869.0,87342.0,128380.0,52900.0
353,ASIP,AMRITA SAI INST. OF SCIENCE AND TECHNOLOGY,PVT,KRISHNA,PARITALA,COED,JNTUK,ECA,170405.0,170405.0,170405.0,170405.0,170405.0,170405.0,170405.0,170405.0,170405.0,170405.0,170405.0,170405.0,170405.0,170405.0,170405.0,170405.0,154008.0,154008.0,52900.0
354,ASIP,AMRITA SAI INST. OF SCIENCE AND TECHNOLOGY,PVT,KRISHNA,PARITALA,COED,JNTUK,ECE,119641.0,119641.0,168310.0,174253.0,164852.0,177265.0,167832.0,167832.0,174154.0,174154.0,174697.0,174697.0,150966.0,151909.0,176108.0,176108.0,142651.0,139595.0,52900.0
355,ASIP,AMRITA SAI INST. OF SCIENCE AND TECHNOLOGY,PVT,KRISHNA,PARITALA,COED,JNTUK,EEE,130292.0,148576.0,130292.0,174545.0,130292.0,148576.0,171497.0,171497.0,168180.0,168180.0,130292.0,148576.0,158188.0,158188.0,160973.0,174180.0,155568.0,155568.0,52900.0
356,ASIP,AMRITA SAI INST. OF SCIENCE AND TECHNOLOGY,PVT,KRISHNA,PARITALA,COED,JNTUK,EVT,107485.0,107485.0,142651.0,142651.0,127850.0,127850.0,167756.0,167756.0,129575.0,139558.0,107485.0,107485.0,170458.0,170458.0,172031.0,172031.0,143286.0,134189.0,52900.0
357,ASIP,AMRITA SAI INST. OF SCIENCE AND TECHNOLOGY,PVT,KRISHNA,PARITALA,COED,JNTUK,MEC,999999.0,999999.0,177475.0,177475.0,999999.0,999999.0,154854.0,154854.0,167115.0,167115.0,999999.0,999999.0,999999.0,999999.0,999999.0,999999.0,999999.0,999999.0,52900.0
358,DHAN,DHANEKULA INST OF ENGG TECHNOLOGY,PVT,KRISHNA,VIJAYAWADA,COED,JNTUK,CIV,95753.0,95753.0,177170.0,177170.0,145868.0,146007.0,171525.0,171525.0,141836.0,173776.0,95753.0,95753.0,153103.0,153103.0,95753.0,95753.0,155129.0,173010.0,43000.0
359,DHAN,DHANEKULA INST OF ENGG TECHNOLOGY,PVT,KRISHNA,VIJAYAWADA,COED,JNTUK,CSD,54323.0,55904.0,152923.0,152923.0,147373.0,147373.0,106050.0,106050.0,94621.0,94621.0,54323.0,70581.0,67425.0,67425.0,54323.0,78743.0,58666.0,60417.0,43000.0
360,DHAN,DHANEKULA INST OF ENGG TECHNOLOGY,PVT,KRISHNA,VIJAYAWADA,COED,JNTUK,CSE,50582.0,50582.0,144915.0,144915.0,165917.0,171668.0,116340.0,175920.0,84075.0,117133.0,88728.0,160741.0,92879.0,92879.0,97482.0,105203.0,68565.0,92700.0,43000.0
361,DHAN,DHANEKULA INST OF ENGG TECHNOLOGY,PVT,KRISHNA,VIJAYAWADA,COED,JNTUK,CSM,51874.0,51874.0,133013.0,134786.0,142357.0,162819.0,87663.0,104303.0,89283.0,90753.0,51874.0,51874.0,66360.0,68654.0,51874.0,62160.0,54848.0,57230.0,43000.0
362,DHAN,DHANEKULA INST OF ENGG TECHNOLOGY,PVT,KRISHNA,VIJAYAWADA,COED,JNTUK,ECE,64187.0,64187.0,149974.0,159458.0,151366.0,158356.0,115893.0,128740.0,146534.0,166706.0,83785.0,83785.0,106272.0,106272.0,143785.0,155192.0,86755.0,81794.0,43000.0
363,DHAN,DHANEKULA INST OF ENGG TECHNOLOGY,PVT,KRISHNA,VIJAYAWADA,COED,JNTUK,EEE,999999.0,999999.0,161213.0,161213.0,158986.0,158986.0,138275.0,138275.0,130822.0,154699.0,999999.0,999999.0,150154.0,150154.0,170799.0,170799.0,127939.0,112280.0,43000.0
364,DHAN,DHANEKULA INST OF ENGG TECHNOLOGY,PVT,KRISHNA,VIJAYAWADA,COED,JNTUK,EII,114105.0,147790.0,165216.0,165814.0,171900.0,177583.0,114105.0,147790.0,146787.0,152262.0,114105.0,147790.0,114105.0,147790.0,144241.0,174123.0,124871.0,130456.0,43000.0
365,DHAN,DHANEKULA INST OF ENGG TECHNOLOGY,PVT,KRISHNA,VIJAYAWADA,COED,JNTUK,INF,69544.0,69544.0,153471.0,153471.0,155226.0,158714.0,119775.0,127698.0,90169.0,90178.0,69544.0,90134.0,84559.0,93211.0,95593.0,95593.0,74861.0,65986.0,43000.0
366,DHAN,DHANEKULA INST OF ENGG TECHNOLOGY,PVT,KRISHNA,VIJAYAWADA,COED,JNTUK,MEC,124733.0,124733.0,163665.0,177073.0,124733.0,124733.0,176989.0,176989.0,124733.0,124733.0,124733.0,124733.0,146413.0,146413.0,124733.0,149352.0,168333.0,173934.0,43000.0
367,DJRC,SRI CHAITANYA -DJR COLL OF ENGG AND TECH,PVT,KRISHNA,VIJAYAWADA,COED,JNTUK,CIV,174310.0,174310.0,174310.0,174310.0,174310.0,174310.0,174310.0,174310.0,174310.0,174310.0,174310.0,174310.0,174310.0,174310.0,174310.0,174310.0,999999.0,999999.0,43000.0
368,DJRC,SRI CHAITANYA -DJR COLL OF ENGG AND TECH,PVT,KRISHNA,VIJAYAWADA,COED,JNTUK,CSE,999999.0,999999.0,175653.0,175653.0,151532.0,151532.0,999999.0,999999.0,999999.0,999999.0,999999.0,999999.0,999999.0,999999.0,999999.0,999999.0,161005.0,161005.0,43000.0
369,GDLV,SESHADRI RAO GUDLAVALLERU ENGINEERING COLLEGE,PVT,KRISHNA,GUDLAVALLERU,COED,JNTUK,AID,27414.0,27414.0,83433.0,96485.0,176933.0,176933.0,54309.0,54309.0,47501.0,47501.0,79258.0,79258.0,47357.0,74121.0,49523.0,55371.0,32346.0,31754.0,74600.0
370,GDLV,SESHADRI RAO GUDLAVALLERU ENGINEERING COLLEGE,PVT,KRISHNA,GUDLAVALLERU,COED,JNTUK,CIV,83355.0,88587.0,140498.0,158215.0,139285.0,139285.0,176262.0,176262.0,170247.0,170247.0,88248.0,88587.0,152992.0,155904.0,152180.0,152180.0,110438.0,163928.0,74600.0
371,GDLV,SESHADRI RAO GUDLAVALLERU ENGINEERING COLLEGE,PVT,KRISHNA,GUDLAVALLERU,COED,JNTUK,CSE,26245.0,26245.0,67602.0,86477.0,164550.0,165613.0,38555.0,38555.0,49533.0,49533.0,51831.0,51831.0,34301.0,34301.0,38154.0,38173.0,25040.0,27614.0,74600.0
372,GDLV,SESHADRI RAO GUDLAVALLERU ENGINEERING COLLEGE,PVT,KRISHNA,GUDLAVALLERU,COED,JNTUK,CSM,22857.0,22857.0,82702.0,84134.0,175164.0,175164.0,46930.0,58876.0,44078.0,44078.0,104531.0,113157.0,33958.0,33958.0,52174.0,52174.0,29309.0,28408.0,74600.0
373,GDLV,SESHADRI RAO GUDLAVALLERU ENGINEERING COLLEGE,PVT,KRISHNA,GUDLAVALLERU,COED,JNTUK,ECE,38839.0,44476.0,101854.0,116397.0,169915.0,173458.0,76587.0,76587.0,61595.0,61595.0,89757.0,89757.0,62619.0,89103.0,59679.0,119310.0,42567.0,53834.0,74600.0
374,GDLV,SESHADRI RAO GUDLAVALLERU ENGINEERING COLLEGE,PVT,KRISHNA,GUDLAVALLERU,COED,JNTUK,EEE,71969.0,111493.0,157180.0,163155.0,151158.0,173353.0,106976.0,117705.0,137310.0,137310.0,71969.0,111493.0,129064.0,151727.0,140637.0,140637.0,132475.0,114180.0,74600.0
375,GDLV,SESHADRI RAO GUDLAVALLERU ENGINEERING COLLEGE,PVT,KRISHNA,GUDLAVALLERU,COED,JNTUK,INF,39425.0,41489.0,118566.0,118732.0,126831.0,126831.0,64139.0,67810.0,64855.0,64855.0,137564.0,152164.0,67167.0,67167.0,57798.0,62634.0,42137.0,46249.0,74600.0
376,GDLV,SESHADRI RAO GUDLAVALLERU ENGINEERING COLLEGE,PVT,KRISHNA,GUDLAVALLERU,COED,JNTUK,IOT,55123.0,55123.0,120510.0,124291.0,124987.0,124987.0,75670.0,100495.0,73545.0,75901.0,173330.0,173330.0,69330.0,105811.0,96377.0,96377.0,48285.0,49991.0,74600.0
377,GDLV,SESHADRI RAO GUDLAVALLERU ENGINEERING COLLEGE,PVT,KRISHNA,GUDLAVALLERU,COED,JNTUK,MEC,147758.0,147758.0,127138.0,163806.0,128597.0,147758.0,158511.0,158511.0,150973.0,150973.0,104228.0,147758.0,139320.0,147758.0,102261.0,147758.0,131541.0,157927.0,74600.0
378,KRUESF,KRISHNA UNIVERSITY COLLEGE OF ENGG AND TECHNOLOGY-SELF FINAN,SF,KRISHNA,MACHILIPATNAM,COED,KSUM,CSE,78623.0,78623.0,173444.0,173750.0,164107.0,165925.0,170696.0,170696.0,177538.0,177538.0,78623.0,78623.0,155308.0,155308.0,173436.0,173436.0,158939.0,125319.0,40500.0
379,KRUESF,KRISHNA UNIVERSITY COLLEGE OF ENGG AND TECHNOLOGY-SELF FINAN,SF,KRISHNA,MACHILIPATNAM,COED,KSUM,ECE,43887.0,145270.0,176581.0,176581.0,163557.0,177547.0,133746.0,145270.0,148092.0,169586.0,43887.0,145270.0,145523.0,145523.0,74872.0,162221.0,122307.0,131448.0,40500.0
380,LBCE,LAKIREDDY BALIREDDY COLLEGE OF ENGINEERING,PVT,KRISHNA,MYLAVARAM,COED,JNTUK,AID,31198.0,31198.0,74933.0,74933.0,123808.0,155922.0,37358.0,60537.0,62845.0,62845.0,132196.0,132196.0,31246.0,31876.0,34058.0,40023.0,36140.0,28891.0,78600.0
381,LBCE,LAKIREDDY BALIREDDY COLLEGE OF ENGINEERING,PVT,KRISHNA,MYLAVARAM,COED,JNTUK,ASE,39456.0,81929.0,114448.0,119754.0,39456.0,149129.0,89251.0,89251.0,93150.0,93150.0,54350.0,81929.0,85633.0,85633.0,81536.0,81929.0,69768.0,101253.0,78600.0
382,LBCE,LAKIREDDY BALIREDDY COLLEGE OF ENGINEERING,PVT,KRISHNA,MYLAVARAM,COED,JNTUK,CIV,92097.0,92097.0,140342.0,140342.0,144298.0,151464.0,146260.0,159714.0,139613.0,139613.0,92097.0,92097.0,148459.0,148459.0,176647.0,176647.0,108856.0,124045.0,78600.0
383,LBCE,LAKIREDDY BALIREDDY COLLEGE OF ENGINEERING,PVT,KRISHNA,MYLAVARAM,COED,JNTUK,CSE,32379.0,32379.0,67083.0,79687.0,121108.0,121108.0,40545.0,40545.0,57251.0,57251.0,35456.0,77491.0,45248.0,45248.0,53379.0,53379.0,34744.0,34204.0,78600.0
384,LBCE,LAKIREDDY BALIREDDY COLLEGE OF ENGINEERING,PVT,KRISHNA,MYLAVARAM,COED,JNTUK,CSM,33609.0,33609.0,73518.0,78358.0,104589.0,159655.0,33609.0,33609.0,63311.0,63311.0,133759.0,133759.0,42737.0,65679.0,43281.0,44888.0,35483.0,26031.0,78600.0
385,LBCE,LAKIREDDY BALIREDDY COLLEGE OF ENGINEERING,PVT,KRISHNA,MYLAVARAM,COED,JNTUK,ECE,38659.0,38659.0,88134.0,92698.0,107339.0,142914.0,63898.0,70745.0,68883.0,68883.0,43835.0,43835.0,46760.0,57901.0,58484.0,58484.0,43562.0,32972.0,78600.0
386,LBCE,LAKIREDDY BALIREDDY COLLEGE OF ENGINEERING,PVT,KRISHNA,MYLAVARAM,COED,JNTUK,EEE,71797.0,87357.0,127723.0,127723.0,160188.0,160188.0,121202.0,121202.0,125049.0,125049.0,123068.0,123068.0,121239.0,134408.0,115172.0,136320.0,88254.0,92900.0,78600.0
387,LBCE,LAKIREDDY BALIREDDY COLLEGE OF ENGINEERING,PVT,KRISHNA,MYLAVARAM,COED,JNTUK,INF,38876.0,40564.0,86556.0,96230.0,129792.0,160133.0,53482.0,67336.0,66049.0,66049.0,38876.0,154833.0,62952.0,73314.0,46490.0,86275.0,39624.0,31544.0,78600.0
388,LBCE,LAKIREDDY BALIREDDY COLLEGE OF ENGINEERING,PVT,KRISHNA,MYLAVARAM,COED,JNTUK,MEC,82896.0,118320.0,139797.0,158099.0,145449.0,152159.0,140819.0,144520.0,140032.0,168312.0,82896.0,118320.0,105698.0,118320.0,82896.0,166334.0,122722.0,118817.0,78600.0
389,LIMT,LINGAYAS INST OF MGMT AND TECHNOLOGY,PVT,KRISHNA,VIJAYAWADA,COED,JNTUK,AID,102496.0,102496.0,170609.0,170609.0,136014.0,136014.0,169516.0,169516.0,159986.0,170607.0,102496.0,113810.0,169044.0,169044.0,168967.0,168967.0,144862.0,168615.0,53300.0
390,LIMT,LINGAYAS INST OF MGMT AND TECHNOLOGY,PVT,KRISHNA,VIJAYAWADA,COED,JNTUK,AIM,97500.0,97500.0,176742.0,177250.0,177187.0,177187.0,177351.0,177351.0,152807.0,158513.0,97500.0,97500.0,147549.0,147549.0,145233.0,166833.0,126740.0,149387.0,53300.0
391,LIMT,LINGAYAS INST OF MGMT AND TECHNOLOGY,PVT,KRISHNA,VIJAYAWADA,COED,JNTUK,CIV,156988.0,156988.0,156988.0,156988.0,156988.0,156988.0,156988.0,156988.0,156988.0,156988.0,156988.0,156988.0,156988.0,156988.0,156988.0,156988.0,999999.0,999999.0,53300.0
392,LIMT,LINGAYAS INST OF MGMT AND TECHNOLOGY,PVT,KRISHNA,VIJAYAWADA,COED,JNTUK,CSE,101916.0,101916.0,177205.0,177205.0,176900.0,176900.0,153758.0,163130.0,173184.0,173184.0,101916.0,101916.0,127473.0,149837.0,148793.0,148793.0,167127.0,130519.0,53300.0
393,LIMT,LINGAYAS INST OF MGMT AND TECHNOLOGY,PVT,KRISHNA,VIJAYAWADA,COED,JNTUK,ECE,107445.0,167525.0,177872.0,177872.0,159024.0,167525.0,171032.0,171032.0,169228.0,173178.0,107445.0,167525.0,168239.0,171585.0,146911.0,167525.0,141038.0,134867.0,53300.0
394,MICT,DVR AND DR.HS MIC COLLEGE OF TECHNOLOGY,PVT,KRISHNA,KANCHIKACHERLA,COED,JNTUK,AID,63007.0,83233.0,157175.0,157175.0,176109.0,176109.0,101634.0,102725.0,105613.0,116685.0,172468.0,172468.0,69097.0,109895.0,119721.0,119721.0,72552.0,81527.0,43000.0
395,MICT,DVR AND DR.HS MIC COLLEGE OF TECHNOLOGY,PVT,KRISHNA,KANCHIKACHERLA,COED,JNTUK,AIM,57197.0,57197.0,136480.0,136480.0,135578.0,143460.0,108687.0,108687.0,93426.0,99866.0,66658.0,66658.0,83710.0,84948.0,107440.0,109562.0,77622.0,74366.0,43000.0
396,MICT,DVR AND DR.HS MIC COLLEGE OF TECHNOLOGY,PVT,KRISHNA,KANCHIKACHERLA,COED,JNTUK,CIV,95059.0,95059.0,177260.0,177346.0,95059.0,95059.0,147919.0,147919.0,159677.0,159677.0,95059.0,95059.0,95059.0,172330.0,95059.0,138961.0,162787.0,162787.0,43000.0
397,MICT,DVR AND DR.HS MIC COLLEGE OF TECHNOLOGY,PVT,KRISHNA,KANCHIKACHERLA,COED,JNTUK,CSE,49685.0,60034.0,112148.0,112148.0,152629.0,164217.0,103791.0,103791.0,77443.0,77443.0,114826.0,114826.0,79839.0,79839.0,95220.0,95220.0,56354.0,64071.0,43000.0
398,MICT,DVR AND DR.HS MIC COLLEGE OF TECHNOLOGY,PVT,KRISHNA,KANCHIKACHERLA,COED,JNTUK,ECE,69423.0,69423.0,145690.0,145690.0,171081.0,171081.0,127271.0,127271.0,141426.0,141426.0,69423.0,69423.0,84406.0,99775.0,109451.0,109451.0,94062.0,91684.0,43000.0
399,MICT,DVR AND DR.HS MIC COLLEGE OF TECHNOLOGY,PVT,KRISHNA,KANCHIKACHERLA,COED,JNTUK,EEE,95329.0,95329.0,168923.0,177454.0,167713.0,177364.0,167260.0,169157.0,172595.0,172595.0,95329.0,95329.0,160235.0,160235.0,170203.0,170203.0,137730.0,122937.0,43000.0
400,MICT,DVR AND DR.HS MIC COLLEGE OF TECHNOLOGY,PVT,KRISHNA,KANCHIKACHERLA,COED,JNTUK,INF,71249.0,96681.0,147531.0,152916.0,154906.0,154906.0,129672.0,129672.0,135672.0,135672.0,71249.0,96681.0,90301.0,96681.0,149146.0,149146.0,78915.0,87086.0,43000.0
401,MICT,DVR AND DR.HS MIC COLLEGE OF TECHNOLOGY,PVT,KRISHNA,KANCHIKACHERLA,COED,JNTUK,MEC,92858.0,139924.0,177803.0,177803.0,177790.0,177790.0,92858.0,173240.0,176258.0,176258.0,92858.0,139924.0,171878.0,171878.0,172850.0,172850.0,172752.0,142842.0,43000.0
402,MIET,MANDAVA INSTITUTE OF ENGG AND TECHNOLOGY,PVT,KRISHNA,JAGGAIAHPETA,COED,JNTUK,CIV,177452.0,177452.0,177452.0,177452.0,177452.0,177452.0,177452.0,177452.0,177452.0,177452.0,177452.0,177452.0,177452.0,177452.0,177452.0,177452.0,999999.0,999999.0,43000.0
403,MIET,MANDAVA INSTITUTE OF ENGG AND TECHNOLOGY,PVT,KRISHNA,JAGGAIAHPETA,COED,JNTUK,CSE,124734.0,124734.0,165050.0,165050.0,156864.0,156864.0,124734.0,152881.0,166990.0,166990.0,124734.0,124734.0,153376.0,153376.0,124734.0,124734.0,142207.0,142207.0,43000.0
404,MIET,MANDAVA INSTITUTE OF ENGG AND TECHNOLOGY,PVT,KRISHNA,JAGGAIAHPETA,COED,JNTUK,CSM,164605.0,164605.0,164605.0,164605.0,164605.0,164605.0,164605.0,164605.0,164605.0,164605.0,164605.0,164605.0,167879.0,167879.0,164605.0,164605.0,166043.0,166043.0,43000.0
405,MIET,MANDAVA INSTITUTE OF ENGG AND TECHNOLOGY,PVT,KRISHNA,JAGGAIAHPETA,COED,JNTUK,ECE,135336.0,135336.0,167840.0,174934.0,135336.0,156002.0,177536.0,177536.0,135336.0,159100.0,158974.0,158974.0,155703.0,155703.0,135336.0,135336.0,111083.0,111083.0,43000.0
406,MIET,MANDAVA INSTITUTE OF ENGG AND TECHNOLOGY,PVT,KRISHNA,JAGGAIAHPETA,COED,JNTUK,MEC,162341.0,162341.0,162341.0,162341.0,162341.0,162341.0,162341.0,162341.0,162341.0,162341.0,162341.0,162341.0,162341.0,162341.0,162341.0,162341.0,999999.0,999999.0,43000.0
407,MVRS,M.V.R.COLL OF ENGINEERING AND TECHNOLOGY,PVT,KRISHNA,PARITALA,COED,JNTUK,AID,124585.0,124585.0,176230.0,176230.0,176824.0,176824.0,168582.0,176175.0,170076.0,175241.0,155207.0,155207.0,172683.0,176912.0,172682.0,172682.0,155021.0,155183.0,43000.0
408,MVRS,M.V.R.COLL OF ENGINEERING AND TECHNOLOGY,PVT,KRISHNA,PARITALA,COED,JNTUK,CAI,125173.0,125173.0,174303.0,177299.0,177550.0,177550.0,172874.0,173069.0,173491.0,173491.0,125173.0,153402.0,170080.0,170080.0,172279.0,174440.0,174595.0,175860.0,43000.0
409,MVRS,M.V.R.COLL OF ENGINEERING AND TECHNOLOGY,PVT,KRISHNA,PARITALA,COED,JNTUK,CIV,128119.0,128119.0,173028.0,173028.0,154737.0,154737.0,128119.0,128119.0,175595.0,175595.0,128119.0,128119.0,175157.0,175157.0,128119.0,128119.0,999999.0,999999.0,43000.0
410,MVRS,M.V.R.COLL OF ENGINEERING AND TECHNOLOGY,PVT,KRISHNA,PARITALA,COED,JNTUK,CSE,90701.0,123632.0,151665.0,175754.0,167054.0,167054.0,155763.0,174389.0,170994.0,170994.0,109965.0,123632.0,156172.0,173207.0,175483.0,175483.0,131181.0,147654.0,43000.0
411,MVRS,M.V.R.COLL OF ENGINEERING AND TECHNOLOGY,PVT,KRISHNA,PARITALA,COED,JNTUK,ECE,138460.0,138460.0,174862.0,177833.0,175050.0,175050.0,175399.0,175399.0,170838.0,170838.0,138460.0,149386.0,158031.0,158031.0,170812.0,170812.0,149696.0,141073.0,43000.0
412,MVRS,M.V.R.COLL OF ENGINEERING AND TECHNOLOGY,PVT,KRISHNA,PARITALA,COED,JNTUK,EEE,155169.0,155169.0,170281.0,170281.0,155169.0,155169.0,155169.0,172980.0,155169.0,155169.0,155169.0,155169.0,155169.0,155169.0,155169.0,155169.0,140543.0,140543.0,43000.0
413,MVRS,M.V.R.COLL OF ENGINEERING AND TECHNOLOGY,PVT,KRISHNA,PARITALA,COED,JNTUK,MEC,132845.0,147463.0,176724.0,176724.0,132845.0,165294.0,152745.0,152745.0,175991.0,175991.0,156925.0,156925.0,146985.0,147463.0,132845.0,147463.0,999999.0,999999.0,43000.0
414,NRIA,NRI INSTITUTE OF TECHNOLOGY,PVT,KRISHNA,AGIRIPALLY,COED,JNTUK,AIM,49955.0,49955.0,142623.0,143954.0,177653.0,177653.0,78129.0,85410.0,96716.0,96716.0,66726.0,66726.0,76324.0,76324.0,79159.0,92057.0,62761.0,62061.0,55000.0
415,NRIA,NRI INSTITUTE OF TECHNOLOGY,PVT,KRISHNA,AGIRIPALLY,COED,JNTUK,CIV,111804.0,111804.0,154534.0,164835.0,111804.0,172964.0,111804.0,111804.0,168494.0,168494.0,111804.0,111804.0,159659.0,159659.0,111804.0,174829.0,155133.0,174686.0,55000.0
416,NRIA,NRI INSTITUTE OF TECHNOLOGY,PVT,KRISHNA,AGIRIPALLY,COED,JNTUK,CSD,56450.0,60131.0,160874.0,161555.0,158152.0,162068.0,114740.0,114740.0,115015.0,115015.0,63113.0,63113.0,75302.0,75454.0,113686.0,125645.0,68499.0,69846.0,55000.0
417,NRIA,NRI INSTITUTE OF TECHNOLOGY,PVT,KRISHNA,AGIRIPALLY,COED,JNTUK,CSE,38398.0,38398.0,122054.0,122054.0,166969.0,177765.0,71739.0,71739.0,93131.0,93131.0,117803.0,172281.0,62276.0,62276.0,92576.0,92576.0,49854.0,58896.0,55000.0
418,NRIA,NRI INSTITUTE OF TECHNOLOGY,PVT,KRISHNA,AGIRIPALLY,COED,JNTUK,CSER,82071.0,82071.0,169061.0,169061.0,177865.0,177865.0,154921.0,154921.0,130093.0,133061.0,82071.0,82071.0,159866.0,159866.0,82071.0,161172.0,89477.0,66102.0,55000.0
419,NRIA,NRI INSTITUTE OF TECHNOLOGY,PVT,KRISHNA,AGIRIPALLY,COED,JNTUK,CSM,49469.0,49469.0,152858.0,152858.0,151531.0,159991.0,116998.0,116998.0,108670.0,108670.0,63430.0,64319.0,66276.0,66276.0,107847.0,107847.0,63301.0,59317.0,55000.0
420,NRIA,NRI INSTITUTE OF TECHNOLOGY,PVT,KRISHNA,AGIRIPALLY,COED,JNTUK,ECE,57193.0,57193.0,130341.0,150008.0,164350.0,164350.0,110222.0,115338.0,101701.0,101701.0,57193.0,78147.0,82036.0,82036.0,127300.0,159167.0,73509.0,89385.0,55000.0
421,NRIA,NRI INSTITUTE OF TECHNOLOGY,PVT,KRISHNA,AGIRIPALLY,COED,JNTUK,EEE,999999.0,999999.0,175661.0,175661.0,177598.0,177598.0,139311.0,139311.0,140790.0,166513.0,105877.0,105877.0,167429.0,167429.0,115830.0,174414.0,111138.0,148738.0,55000.0
422,NRIA,NRI INSTITUTE OF TECHNOLOGY,PVT,KRISHNA,AGIRIPALLY,COED,JNTUK,INF,63107.0,63107.0,147206.0,147206.0,136693.0,156818.0,120823.0,124747.0,114256.0,114256.0,63107.0,63107.0,83729.0,84863.0,127446.0,127446.0,73990.0,72366.0,55000.0
423,NRIA,NRI INSTITUTE OF TECHNOLOGY,PVT,KRISHNA,AGIRIPALLY,COED,JNTUK,MEC,101432.0,101432.0,162377.0,162377.0,101432.0,165442.0,164005.0,172499.0,166476.0,166476.0,101432.0,101432.0,142617.0,142617.0,170657.0,170657.0,174992.0,158442.0,55000.0
424,PPDV,PALADUGU PARVATHI DEVI COLLEGE OF ENGG AND TECH,PVT,KRISHNA,VIJAYAWADA,COED,JNTUK,CSD,15440.0,155846.0,176346.0,176346.0,154939.0,173922.0,163491.0,163491.0,158738.0,158738.0,15440.0,155846.0,15440.0,155846.0,15440.0,175919.0,999999.0,999999.0,43000.0
425,PPDV,PALADUGU PARVATHI DEVI COLLEGE OF ENGG AND TECH,PVT,KRISHNA,VIJAYAWADA,COED,JNTUK,CSE,125638.0,155307.0,176862.0,176862.0,125638.0,155307.0,172939.0,172939.0,173217.0,173217.0,125638.0,155307.0,168979.0,168979.0,142753.0,155307.0,158166.0,135915.0,43000.0
426,PPDV,PALADUGU PARVATHI DEVI COLLEGE OF ENGG AND TECH,PVT,KRISHNA,VIJAYAWADA,COED,JNTUK,CSM,107162.0,107162.0,137646.0,137646.0,107162.0,107162.0,107162.0,107162.0,107162.0,107162.0,107162.0,107162.0,155793.0,155793.0,107162.0,107162.0,999999.0,999999.0,43000.0
427,PPDV,PALADUGU PARVATHI DEVI COLLEGE OF ENGG AND TECH,PVT,KRISHNA,VIJAYAWADA,COED,JNTUK,ECE,119055.0,119055.0,155800.0,155800.0,119055.0,119055.0,119055.0,119055.0,119055.0,119055.0,119055.0,119055.0,145265.0,145265.0,119055.0,119055.0,154125.0,154125.0,43000.0
428,PPSV,PRASAD V POTLURI SIDDHARTHA INSTT OF TECHNOLOGY,PVT,KRISHNA,VIJAYAWADA,COED,JNTUK,CIV,78806.0,78806.0,125784.0,143141.0,131354.0,131936.0,114024.0,114024.0,98089.0,169734.0,78806.0,125687.0,133991.0,133991.0,173565.0,173565.0,102532.0,155047.0,105000.0
429,PPSV,PRASAD V POTLURI SIDDHARTHA INSTT OF TECHNOLOGY,PVT,KRISHNA,VIJAYAWADA,COED,JNTUK,CSD,17934.0,19484.0,47245.0,47245.0,77073.0,77073.0,21973.0,21973.0,35101.0,47216.0,17934.0,19484.0,25114.0,34109.0,24858.0,26804.0,18703.0,12191.0,105000.0
430,PPSV,PRASAD V POTLURI SIDDHARTHA INSTT OF TECHNOLOGY,PVT,KRISHNA,VIJAYAWADA,COED,JNTUK,CSE,16133.0,16133.0,54474.0,54474.0,62335.0,62335.0,20686.0,20686.0,27081.0,27081.0,29556.0,29556.0,21317.0,21317.0,20380.0,20913.0,16586.0,10474.0,105000.0
431,PPSV,PRASAD V POTLURI SIDDHARTHA INSTT OF TECHNOLOGY,PVT,KRISHNA,VIJAYAWADA,COED,JNTUK,CSM,16774.0,16774.0,37669.0,37669.0,77360.0,77360.0,17505.0,22188.0,16774.0,20682.0,16774.0,32932.0,19893.0,19893.0,24782.0,24782.0,19781.0,10839.0,105000.0
432,PPSV,PRASAD V POTLURI SIDDHARTHA INSTT OF TECHNOLOGY,PVT,KRISHNA,VIJAYAWADA,COED,JNTUK,ECE,29536.0,29536.0,63899.0,63899.0,88946.0,117137.0,32473.0,32473.0,29536.0,29536.0,29536.0,37694.0,37888.0,37888.0,30665.0,57847.0,19272.0,18847.0,105000.0
433,PPSV,PRASAD V POTLURI SIDDHARTHA INSTT OF TECHNOLOGY,PVT,KRISHNA,VIJAYAWADA,COED,JNTUK,EEE,60618.0,60618.0,110626.0,115350.0,162836.0,162836.0,87591.0,87591.0,66998.0,79529.0,132644.0,132644.0,89808.0,89808.0,76570.0,76570.0,49270.0,48597.0,105000.0
434,PPSV,PRASAD V POTLURI SIDDHARTHA INSTT OF TECHNOLOGY,PVT,KRISHNA,VIJAYAWADA,COED,JNTUK,INF,26632.0,26632.0,62715.0,62715.0,105200.0,124574.0,28464.0,28464.0,35797.0,35797.0,50605.0,50605.0,31991.0,39249.0,35316.0,35452.0,28794.0,16962.0,105000.0
435,PPSV,PRASAD V POTLURI SIDDHARTHA INSTT OF TECHNOLOGY,PVT,KRISHNA,VIJAYAWADA,COED,JNTUK,MEC,57698.0,96863.0,142684.0,173065.0,154427.0,160027.0,110601.0,156017.0,114326.0,114326.0,57698.0,96863.0,132873.0,132873.0,57698.0,131337.0,121977.0,117624.0,105000.0
436,PSCV,POTTI SRIRAMULU COLLEGE OF ENGG AND TECHNOLOGY,PVT,KRISHNA,VIJAYAWADA,COED,JNTUK,AID,59906.0,59906.0,159764.0,177757.0,108320.0,156937.0,78420.0,86446.0,71125.0,151471.0,66623.0,66623.0,65712.0,65712.0,61047.0,61047.0,76352.0,90296.0,54000.0
437,PSCV,POTTI SRIRAMULU COLLEGE OF ENGG AND TECHNOLOGY,PVT,KRISHNA,VIJAYAWADA,COED,JNTUK,CAI,64707.0,64707.0,149652.0,149982.0,157532.0,166404.0,140638.0,140638.0,143409.0,143409.0,65066.0,65066.0,91626.0,91626.0,96169.0,96169.0,75175.0,80634.0,54000.0
438,PSCV,POTTI SRIRAMULU COLLEGE OF ENGG AND TECHNOLOGY,PVT,KRISHNA,VIJAYAWADA,COED,JNTUK,CIC,89631.0,103913.0,167769.0,167769.0,165484.0,174513.0,129846.0,132585.0,144405.0,144405.0,89631.0,103913.0,108069.0,108069.0,152299.0,152299.0,105176.0,101605.0,54000.0
439,PSCV,POTTI SRIRAMULU COLLEGE OF ENGG AND TECHNOLOGY,PVT,KRISHNA,VIJAYAWADA,COED,JNTUK,CSD,54814.0,82286.0,158023.0,158023.0,119950.0,139355.0,121455.0,121455.0,124669.0,124669.0,54814.0,82286.0,92906.0,92906.0,79688.0,113923.0,74394.0,82407.0,54000.0
440,PSCV,POTTI SRIRAMULU COLLEGE OF ENGG AND TECHNOLOGY,PVT,KRISHNA,VIJAYAWADA,COED,JNTUK,CSE,79513.0,79958.0,159978.0,177428.0,163907.0,173967.0,136789.0,136789.0,131463.0,131509.0,154084.0,154084.0,123154.0,128137.0,100287.0,146940.0,95883.0,103821.0,54000.0
441,PSCV,POTTI SRIRAMULU COLLEGE OF ENGG AND TECHNOLOGY,PVT,KRISHNA,VIJAYAWADA,COED,JNTUK,CSM,53933.0,53933.0,121308.0,148344.0,163669.0,163669.0,98229.0,98229.0,108187.0,108340.0,53933.0,53933.0,77258.0,107945.0,76310.0,83695.0,71383.0,67803.0,54000.0
442,PSCV,POTTI SRIRAMULU COLLEGE OF ENGG AND TECHNOLOGY,PVT,KRISHNA,VIJAYAWADA,COED,JNTUK,CSO,92315.0,92933.0,162319.0,176598.0,165978.0,165978.0,133224.0,157580.0,167611.0,167611.0,92315.0,92933.0,98747.0,103121.0,126203.0,167428.0,100232.0,99600.0,54000.0
443,PSCV,POTTI SRIRAMULU COLLEGE OF ENGG AND TECHNOLOGY,PVT,KRISHNA,VIJAYAWADA,COED,JNTUK,ECE,92696.0,92696.0,165484.0,165484.0,161103.0,167110.0,123193.0,143462.0,174203.0,174203.0,92696.0,92696.0,140245.0,140245.0,116671.0,157601.0,108090.0,110577.0,54000.0
444,PSCV,POTTI SRIRAMULU COLLEGE OF ENGG AND TECHNOLOGY,PVT,KRISHNA,VIJAYAWADA,COED,JNTUK,EEE,107376.0,107376.0,169404.0,169404.0,137865.0,173756.0,169441.0,175495.0,146573.0,155588.0,107376.0,124208.0,174869.0,174869.0,176135.0,176135.0,128104.0,159647.0,54000.0
445,RKCE,R.K.COLLEGE OF ENGINEERING,PVT,KRISHNA,IBRAHIMPATNAM,COED,JNTUK,AIM,110179.0,110179.0,177228.0,177228.0,167145.0,175945.0,172066.0,172066.0,175643.0,175643.0,110179.0,171232.0,144064.0,166514.0,110179.0,171141.0,161123.0,176192.0,43000.0
446,RKCE,R.K.COLLEGE OF ENGINEERING,PVT,KRISHNA,IBRAHIMPATNAM,COED,JNTUK,CIV,999999.0,999999.0,123849.0,123849.0,147516.0,147516.0,174714.0,174714.0,175423.0,175423.0,999999.0,999999.0,999999.0,999999.0,999999.0,999999.0,143395.0,143395.0,43000.0
447,RKCE,R.K.COLLEGE OF ENGINEERING,PVT,KRISHNA,IBRAHIMPATNAM,COED,JNTUK,CSD,119975.0,119975.0,177594.0,177594.0,176620.0,176620.0,175766.0,175766.0,161358.0,172020.0,129903.0,129903.0,142406.0,174302.0,151327.0,176464.0,131930.0,135225.0,43000.0
448,RKCE,R.K.COLLEGE OF ENGINEERING,PVT,KRISHNA,IBRAHIMPATNAM,COED,JNTUK,CSE,83770.0,137049.0,174562.0,176505.0,177147.0,177147.0,175799.0,177630.0,166251.0,166251.0,158224.0,158224.0,169593.0,169593.0,171064.0,171064.0,175319.0,96426.0,43000.0
449,RKCE,R.K.COLLEGE OF ENGINEERING,PVT,KRISHNA,IBRAHIMPATNAM,COED,JNTUK,ECE,100307.0,174516.0,165918.0,177167.0,131961.0,174516.0,172116.0,174516.0,175426.0,175426.0,161169.0,174516.0,152598.0,174516.0,126520.0,174516.0,132766.0,119844.0,43000.0
450,RKCE,R.K.COLLEGE OF ENGINEERING,PVT,KRISHNA,IBRAHIMPATNAM,COED,JNTUK,EEE,999999.0,999999.0,160087.0,160087.0,999999.0,999999.0,148438.0,148438.0,999999.0,999999.0,999999.0,999999.0,149345.0,149345.0,999999.0,999999.0,999999.0,999999.0,43000.0
451,SIEN,SRI SARATHI INSTITUTE OF ENGG. AND TECHNOLOGY,PVT,KRISHNA,NUZVID,COED,JNTUK,AID,147101.0,147101.0,147101.0,172142.0,147101.0,147101.0,171285.0,171285.0,147101.0,147101.0,147101.0,147101.0,147101.0,147101.0,147101.0,147101.0,999999.0,999999.0,43000.0
452,SIEN,SRI SARATHI INSTITUTE OF ENGG. AND TECHNOLOGY,PVT,KRISHNA,NUZVID,COED,JNTUK,CSE,127115.0,127115.0,165619.0,170658.0,165972.0,165972.0,171543.0,171543.0,172051.0,177625.0,175641.0,175641.0,175841.0,175841.0,175974.0,175974.0,170195.0,167647.0,43000.0
453,SIEN,SRI SARATHI INSTITUTE OF ENGG. AND TECHNOLOGY,PVT,KRISHNA,NUZVID,COED,JNTUK,ECE,168870.0,168870.0,175867.0,175867.0,177621.0,177621.0,168870.0,168870.0,168870.0,168870.0,168870.0,168870.0,168870.0,168870.0,168870.0,168870.0,999999.0,999999.0,43000.0
454,SIEN,SRI SARATHI INSTITUTE OF ENGG. AND TECHNOLOGY,PVT,KRISHNA,NUZVID,COED,JNTUK,EEE,107433.0,107433.0,107433.0,107433.0,107433.0,107433.0,107433.0,107433.0,107433.0,107433.0,107433.0,107433.0,107433.0,107433.0,107433.0,107433.0,999999.0,999999.0,43000.0
455,SPCN,SRI SIDDHAARTHA PHARM. COLLEGE,PVT,KRISHNA,NUZVID,COED,KSUM,PHM,145138.0,168039.0,145138.0,168039.0,145138.0,168039.0,145138.0,168039.0,145138.0,168039.0,145138.0,168039.0,145138.0,168039.0,145138.0,168039.0,999999.0,999999.0,38000.0
456,SRKI,S R K INST. OF TECHNOLOGY,PVT,KRISHNA,VIJAYAWADA,COED,JNTUK,CIV,999999.0,999999.0,176897.0,176897.0,177585.0,177585.0,157579.0,157579.0,169908.0,169908.0,999999.0,999999.0,161584.0,176210.0,167157.0,167157.0,169297.0,169297.0,45600.0
457,SRKI,S R K INST. OF TECHNOLOGY,PVT,KRISHNA,VIJAYAWADA,COED,JNTUK,CSD,74495.0,74495.0,150465.0,157420.0,162909.0,165808.0,115528.0,154394.0,124632.0,138738.0,113167.0,113167.0,112623.0,112623.0,138459.0,138459.0,96594.0,114621.0,45600.0
458,SRKI,S R K INST. OF TECHNOLOGY,PVT,KRISHNA,VIJAYAWADA,COED,JNTUK,CSE,63661.0,63661.0,122933.0,122933.0,162780.0,165798.0,108296.0,108482.0,74019.0,145909.0,175216.0,175216.0,75191.0,75191.0,63661.0,63661.0,66237.0,46741.0,45600.0
459,SRKI,S R K INST. OF TECHNOLOGY,PVT,KRISHNA,VIJAYAWADA,COED,JNTUK,CSM,80130.0,80130.0,156627.0,165062.0,162751.0,164851.0,119646.0,144274.0,110017.0,115926.0,80130.0,80130.0,86495.0,86495.0,94559.0,94559.0,99583.0,67366.0,45600.0
460,SRKI,S R K INST. OF TECHNOLOGY,PVT,KRISHNA,VIJAYAWADA,COED,JNTUK,ECE,64407.0,64407.0,149682.0,152789.0,138478.0,144186.0,119976.0,119976.0,135661.0,140862.0,76717.0,76717.0,101040.0,101040.0,119236.0,119236.0,102820.0,81211.0,45600.0
461,SRKI,S R K INST. OF TECHNOLOGY,PVT,KRISHNA,VIJAYAWADA,COED,JNTUK,EEE,146488.0,146488.0,173912.0,173912.0,177604.0,177604.0,174886.0,174886.0,169358.0,169358.0,146488.0,146488.0,148483.0,156075.0,157337.0,175170.0,151669.0,174598.0,45600.0
462,SRKI,S R K INST. OF TECHNOLOGY,PVT,KRISHNA,VIJAYAWADA,COED,JNTUK,EVT,127069.0,127069.0,166103.0,166103.0,158450.0,158450.0,167242.0,167242.0,167527.0,167527.0,127069.0,127069.0,143333.0,143333.0,158996.0,166823.0,115946.0,164083.0,45600.0
463,SRKI,S R K INST. OF TECHNOLOGY,PVT,KRISHNA,VIJAYAWADA,COED,JNTUK,INF,65729.0,65729.0,160036.0,172898.0,164239.0,172563.0,155712.0,155712.0,122264.0,137944.0,65729.0,88921.0,126983.0,126983.0,134648.0,134648.0,85012.0,100935.0,45600.0
464,SRKI,S R K INST. OF TECHNOLOGY,PVT,KRISHNA,VIJAYAWADA,COED,JNTUK,MEC,165220.0,165220.0,168354.0,169436.0,176706.0,176706.0,165220.0,165220.0,168166.0,168383.0,165220.0,165220.0,165220.0,165220.0,165220.0,165220.0,153278.0,146577.0,45600.0
465,SUNL,SRI SUNFLOWER COLLEGE OF ENGG AND TECHNOLOGY,PVT,KRISHNA,LANKAPALLI,COED,JNTUK,EEE,128447.0,128447.0,128447.0,128447.0,128447.0,128447.0,128447.0,128447.0,128447.0,128447.0,128447.0,128447.0,128447.0,128447.0,128447.0,128447.0,999999.0,999999.0,43000.0
466,SVET,SRI VASAVI INSTT OF ENGINEERING AND TECHNOLOGY,PVT,KRISHNA,PEDANA,COED,JNTUK,CIV,108540.0,108540.0,159691.0,159691.0,108540.0,136925.0,108540.0,175758.0,174139.0,174139.0,108540.0,108540.0,172536.0,172536.0,108540.0,108540.0,148839.0,148839.0,43000.0
467,SVET,SRI VASAVI INSTT OF ENGINEERING AND TECHNOLOGY,PVT,KRISHNA,PEDANA,COED,JNTUK,CSE,92476.0,92476.0,161372.0,163809.0,164986.0,164986.0,150386.0,150386.0,121388.0,127757.0,92476.0,92476.0,173129.0,173129.0,171150.0,171150.0,96341.0,87640.0,43000.0
468,SVET,SRI VASAVI INSTT OF ENGINEERING AND TECHNOLOGY,PVT,KRISHNA,PEDANA,COED,JNTUK,CSM,66357.0,66357.0,177561.0,177561.0,177440.0,177440.0,170060.0,170060.0,119582.0,151604.0,66642.0,66642.0,114877.0,120378.0,115489.0,167281.0,88151.0,90257.0,43000.0
469,SVET,SRI VASAVI INSTT OF ENGINEERING AND TECHNOLOGY,PVT,KRISHNA,PEDANA,COED,JNTUK,ECE,118801.0,118801.0,164740.0,177549.0,173386.0,173386.0,161194.0,161194.0,140290.0,141049.0,118801.0,118801.0,118801.0,168510.0,124842.0,148994.0,144029.0,98099.0,43000.0
470,SVHE,D M S S V H COLLEGE OF ENGINEERING,PVT,KRISHNA,MACHILIPATNAM,COED,JNTUK,CSE,999999.0,999999.0,122452.0,157448.0,999999.0,999999.0,154017.0,154017.0,999999.0,999999.0,999999.0,999999.0,999999.0,999999.0,999999.0,999999.0,999999.0,999999.0,43000.0
471,SVHE,D M S S V H COLLEGE OF ENGINEERING,PVT,KRISHNA,MACHILIPATNAM,COED,JNTUK,ECE,76750.0,76750.0,76750.0,76750.0,76750.0,76750.0,76750.0,76750.0,76750.0,76750.0,76750.0,76750.0,76750.0,76750.0,76750.0,76750.0,999999.0,999999.0,43000.0
472,URCE,USHA RAMA COLL OF ENGG AND TECHNOLOGY,PVT,KRISHNA,TELAPROLU,COED,JNTUK,AID,70200.0,70200.0,175827.0,175827.0,176761.0,176761.0,127422.0,155288.0,131427.0,145102.0,74058.0,74058.0,107606.0,107606.0,147068.0,147068.0,90764.0,87307.0,43000.0
473,URCE,USHA RAMA COLL OF ENGG AND TECHNOLOGY,PVT,KRISHNA,TELAPROLU,COED,JNTUK,AIM,70244.0,70244.0,164806.0,164806.0,164983.0,164983.0,131544.0,162883.0,122573.0,141225.0,70244.0,70244.0,101124.0,105372.0,70244.0,138140.0,85895.0,89408.0,43000.0
474,URCE,USHA RAMA COLL OF ENGG AND TECHNOLOGY,PVT,KRISHNA,TELAPROLU,COED,JNTUK,CSE,77539.0,77539.0,164474.0,177416.0,149016.0,149016.0,171133.0,171133.0,173060.0,173060.0,82740.0,92552.0,105662.0,144124.0,137019.0,151511.0,99666.0,93833.0,43000.0
475,URCE,USHA RAMA COLL OF ENGG AND TECHNOLOGY,PVT,KRISHNA,TELAPROLU,COED,JNTUK,ECE,102607.0,102607.0,177540.0,177540.0,163024.0,165986.0,168742.0,175324.0,149512.0,150046.0,107394.0,107394.0,150302.0,151747.0,153320.0,153320.0,130114.0,118620.0,43000.0
476,URCE,USHA RAMA COLL OF ENGG AND TECHNOLOGY,PVT,KRISHNA,TELAPROLU,COED,JNTUK,EEE,114297.0,171253.0,165684.0,171253.0,114297.0,171253.0,114297.0,171253.0,122594.0,171253.0,114297.0,171253.0,134307.0,171253.0,133569.0,171253.0,163427.0,163427.0,43000.0
477,URCE,USHA RAMA COLL OF ENGG AND TECHNOLOGY,PVT,KRISHNA,TELAPROLU,COED,JNTUK,INF,90050.0,90050.0,164919.0,165653.0,90050.0,168143.0,167873.0,167873.0,138584.0,142215.0,90050.0,90050.0,107081.0,170985.0,164486.0,164486.0,97508.0,129411.0,43000.0
478,URCE,USHA RAMA COLL OF ENGG AND TECHNOLOGY,PVT,KRISHNA,TELAPROLU,COED,JNTUK,MEC,999999.0,999999.0,168634.0,168634.0,176481.0,176481.0,171245.0,171693.0,163607.0,163607.0,141876.0,141876.0,134636.0,134636.0,999999.0,999999.0,999999.0,999999.0,43000.0
479,VCTN,VIKAS COLLEGE OF ENGINEERING AND TECHNOLOGY,PVT,KRISHNA,VIJAYAWADA,COED,JNTUK,AGR,131393.0,131393.0,131393.0,131393.0,175821.0,175821.0,131393.0,131393.0,131393.0,131393.0,131393.0,131393.0,131393.0,131393.0,131393.0,131393.0,999999.0,999999.0,59000.0
480,VCTN,VIKAS COLLEGE OF ENGINEERING AND TECHNOLOGY,PVT,KRISHNA,VIJAYAWADA,COED,JNTUK,CIV,159424.0,159424.0,164811.0,164811.0,159424.0,159424.0,173439.0,173439.0,159424.0,159424.0,159424.0,159424.0,159424.0,159424.0,159424.0,159424.0,999999.0,999999.0,59000.0
481,VCTN,VIKAS COLLEGE OF ENGINEERING AND TECHNOLOGY,PVT,KRISHNA,VIJAYAWADA,COED,JNTUK,CSD,98938.0,117471.0,165166.0,174837.0,177818.0,177818.0,171134.0,171134.0,162232.0,162232.0,159440.0,159440.0,98938.0,173225.0,151053.0,151053.0,158018.0,140557.0,59000.0
482,VCTN,VIKAS COLLEGE OF ENGINEERING AND TECHNOLOGY,PVT,KRISHNA,VIJAYAWADA,COED,JNTUK,CSE,108210.0,116247.0,157059.0,165897.0,177534.0,177534.0,168378.0,168378.0,175556.0,175556.0,108210.0,116247.0,161287.0,169336.0,171667.0,175580.0,168413.0,142694.0,59000.0
483,VCTN,VIKAS COLLEGE OF ENGINEERING AND TECHNOLOGY,PVT,KRISHNA,VIJAYAWADA,COED,JNTUK,CSM,124542.0,141177.0,177363.0,177363.0,164838.0,173842.0,174525.0,174525.0,176137.0,176811.0,158830.0,158830.0,176583.0,176583.0,175688.0,177510.0,157396.0,159072.0,59000.0
484,VCTN,VIKAS COLLEGE OF ENGINEERING AND TECHNOLOGY,PVT,KRISHNA,VIJAYAWADA,COED,JNTUK,ECE,90105.0,118021.0,158307.0,164799.0,176197.0,176197.0,131224.0,134053.0,140630.0,140630.0,90105.0,125187.0,169779.0,169779.0,90105.0,132564.0,138088.0,138088.0,59000.0
485,VCTN,VIKAS COLLEGE OF ENGINEERING AND TECHNOLOGY,PVT,KRISHNA,VIJAYAWADA,COED,JNTUK,EEE,999999.0,999999.0,173614.0,173614.0,136041.0,136041.0,137443.0,137443.0,999999.0,999999.0,999999.0,999999.0,999999.0,999999.0,999999.0,999999.0,175318.0,175318.0,59000.0
486,VCTN,VIKAS COLLEGE OF ENGINEERING AND TECHNOLOGY,PVT,KRISHNA,VIJAYAWADA,COED,JNTUK,MEC,999999.0,999999.0,174966.0,174966.0,999999.0,999999.0,999999.0,999999.0,999999.0,999999.0,999999.0,999999.0,999999.0,999999.0,999999.0,999999.0,999999.0,999999.0,59000.0
487,VGTN,VIKAS GROUP OF INSTITUTIONS,PVT,KRISHNA,VIJAYAWADA RURAL,COED,JNTUK,CIV,113667.0,113667.0,168217.0,168217.0,176731.0,176731.0,113667.0,113667.0,113667.0,113667.0,113667.0,113667.0,113667.0,113667.0,113667.0,113667.0,999999.0,999999.0,57500.0
488,VGTN,VIKAS GROUP OF INSTITUTIONS,PVT,KRISHNA,VIJAYAWADA RURAL,COED,JNTUK,CSD,118956.0,118956.0,118956.0,158077.0,165718.0,165718.0,118956.0,118956.0,152539.0,152539.0,118956.0,118956.0,152430.0,162666.0,118956.0,132489.0,101633.0,132486.0,57500.0
489,VGTN,VIKAS GROUP OF INSTITUTIONS,PVT,KRISHNA,VIJAYAWADA RURAL,COED,JNTUK,CSE,122861.0,122861.0,172201.0,174256.0,175500.0,175500.0,176273.0,176273.0,174799.0,175152.0,122861.0,122861.0,175118.0,175118.0,170879.0,170879.0,173478.0,173209.0,57500.0
490,VGTN,VIKAS GROUP OF INSTITUTIONS,PVT,KRISHNA,VIJAYAWADA RURAL,COED,JNTUK,CSM,45787.0,102247.0,168998.0,168998.0,177270.0,177270.0,156977.0,170717.0,142971.0,142971.0,45787.0,102247.0,157888.0,157888.0,168267.0,168267.0,158305.0,155841.0,57500.0
491,VGTN,VIKAS GROUP OF INSTITUTIONS,PVT,KRISHNA,VIJAYAWADA RURAL,COED,JNTUK,ECE,127709.0,127709.0,162771.0,164219.0,171300.0,171300.0,155707.0,156283.0,173004.0,173004.0,127709.0,127709.0,174053.0,174053.0,127709.0,127709.0,112365.0,152302.0,57500.0
492,VGTN,VIKAS GROUP OF INSTITUTIONS,PVT,KRISHNA,VIJAYAWADA RURAL,COED,JNTUK,EEE,999999.0,999999.0,999999.0,999999.0,999999.0,999999.0,999999.0,999999.0,170525.0,170525.0,999999.0,999999.0,168662.0,168662.0,999999.0,999999.0,999999.0,999999.0,57500.0
493,VGTN,VIKAS GROUP OF INSTITUTIONS,PVT,KRISHNA,VIJAYAWADA RURAL,COED,JNTUK,MEC,162491.0,162491.0,175255.0,175255.0,162491.0,162491.0,162491.0,162491.0,162491.0,162491.0,162491.0,162491.0,154131.0,167092.0,162491.0,162491.0,999999.0,999999.0,57500.0
494,VHNI,SREE VAHINI INSTT OF SCIENCE AND TECHNOLOGY,PVT,KRISHNA,TIRUVURU,COED,JNTUK,CIV,177189.0,177189.0,177189.0,177189.0,177189.0,177189.0,177189.0,177189.0,177189.0,177189.0,177189.0,177189.0,177189.0,177189.0,177189.0,177189.0,999999.0,999999.0,51400.0
495,VHNI,SREE VAHINI INSTT OF SCIENCE AND TECHNOLOGY,PVT,KRISHNA,TIRUVURU,COED,JNTUK,CSD,139927.0,157191.0,165486.0,174368.0,165435.0,166412.0,177088.0,177088.0,177845.0,177845.0,139927.0,157191.0,174035.0,174035.0,139927.0,160169.0,173334.0,176083.0,51400.0
496,VHNI,SREE VAHINI INSTT OF SCIENCE AND TECHNOLOGY,PVT,KRISHNA,TIRUVURU,COED,JNTUK,CSE,103487.0,103487.0,158321.0,158321.0,143607.0,154422.0,153692.0,159068.0,177174.0,177174.0,103487.0,149764.0,172465.0,172465.0,170336.0,170336.0,172263.0,146735.0,51400.0
497,VHNI,SREE VAHINI INSTT OF SCIENCE AND TECHNOLOGY,PVT,KRISHNA,TIRUVURU,COED,JNTUK,CSM,116569.0,116569.0,162326.0,163212.0,139008.0,139008.0,151209.0,160500.0,168630.0,168630.0,116569.0,156871.0,167908.0,167908.0,160057.0,160057.0,163052.0,158425.0,51400.0
498,VHNI,SREE VAHINI INSTT OF SCIENCE AND TECHNOLOGY,PVT,KRISHNA,TIRUVURU,COED,JNTUK,ECE,138109.0,138109.0,177015.0,177015.0,176080.0,176080.0,150958.0,175672.0,173617.0,177022.0,177581.0,177581.0,177663.0,177663.0,138109.0,138109.0,168832.0,175244.0,51400.0
499,VHNI,SREE VAHINI INSTT OF SCIENCE AND TECHNOLOGY,PVT,KRISHNA,TIRUVURU,COED,JNTUK,EEE,177710.0,177710.0,177710.0,177710.0,177710.0,177710.0,177710.0,177710.0,177710.0,177710.0,177710.0,177710.0,177710.0,177710.0,177710.0,177710.0,999999.0,999999.0,51400.0
500,VHNI,SREE VAHINI INSTT OF SCIENCE AND TECHNOLOGY,PVT,KRISHNA,TIRUVURU,COED,JNTUK,MEC,151105.0,151105.0,151105.0,151105.0,151105.0,151105.0,151105.0,151105.0,151105.0,151105.0,151105.0,151105.0,151105.0,151105.0,151105.0,151105.0,999999.0,999999.0,51400.0
501,VITW,VIJAYA INST. OF TECHNOLOGY FOR WOMEN,PVT,KRISHNA,VIJAYAWADA,GIRLS,JNTUK,AIM,157256.0,157256.0,172299.0,172299.0,157256.0,157256.0,162058.0,162058.0,157256.0,157256.0,157256.0,157256.0,174401.0,174401.0,174704.0,174704.0,174942.0,174942.0,43000.0
502,VITW,VIJAYA INST. OF TECHNOLOGY FOR WOMEN,PVT,KRISHNA,VIJAYAWADA,GIRLS,JNTUK,CSD,100853.0,100853.0,165576.0,165576.0,167538.0,167538.0,109441.0,109441.0,146134.0,146134.0,146763.0,146763.0,171751.0,171751.0,150092.0,150092.0,129125.0,129125.0,43000.0
503,VITW,VIJAYA INST. OF TECHNOLOGY FOR WOMEN,PVT,KRISHNA,VIJAYAWADA,GIRLS,JNTUK,CSE,79615.0,79615.0,177276.0,177276.0,165957.0,165957.0,175011.0,175011.0,163700.0,163700.0,120478.0,120478.0,136658.0,136658.0,173902.0,173902.0,107274.0,107274.0,43000.0
504,VITW,VIJAYA INST. OF TECHNOLOGY FOR WOMEN,PVT,KRISHNA,VIJAYAWADA,GIRLS,JNTUK,ECE,151662.0,151662.0,177229.0,177229.0,151662.0,151662.0,151662.0,151662.0,171156.0,171156.0,999999.0,999999.0,169933.0,169933.0,151662.0,151662.0,173389.0,173389.0,43000.0
505,VITW,VIJAYA INST. OF TECHNOLOGY FOR WOMEN,PVT,KRISHNA,VIJAYAWADA,GIRLS,JNTUK,INF,166585.0,166585.0,169541.0,169541.0,166585.0,166585.0,166585.0,166585.0,166585.0,166585.0,999999.0,999999.0,168135.0,168135.0,170550.0,170550.0,136006.0,136006.0,43000.0
506,VRSP,K V S R SIDDHARTHA COLLEGE OF PHARMACEUTICAL SCI.S,PVT,KRISHNA,VIJAYAWADA,COED,KSUM,PHD,111979.0,111979.0,111979.0,111979.0,111979.0,111979.0,111979.0,111979.0,111979.0,111979.0,111979.0,111979.0,111979.0,111979.0,111979.0,111979.0,999999.0,999999.0,65000.0
507,VVGV,VKR VNB AND AGK ENGINEERING COLLEGE,PVT,KRISHNA,GUDIVADA,COED,JNTUK,AID,132468.0,145991.0,143245.0,177306.0,169199.0,174011.0,148689.0,148689.0,171938.0,175692.0,132468.0,145991.0,141149.0,145991.0,132468.0,145991.0,162995.0,162995.0,43000.0
508,VVGV,VKR VNB AND AGK ENGINEERING COLLEGE,PVT,KRISHNA,GUDIVADA,COED,JNTUK,CSE,106318.0,106318.0,174530.0,176472.0,169603.0,173940.0,167775.0,172890.0,169521.0,169521.0,106318.0,106318.0,173053.0,173053.0,119184.0,142714.0,150256.0,125584.0,43000.0
509,VVGV,VKR VNB AND AGK ENGINEERING COLLEGE,PVT,KRISHNA,GUDIVADA,COED,JNTUK,CSM,999999.0,999999.0,120468.0,120468.0,999999.0,999999.0,127137.0,127137.0,999999.0,999999.0,999999.0,999999.0,999999.0,999999.0,999999.0,999999.0,158851.0,127930.0,43000.0
510,VVGV,VKR VNB AND AGK ENGINEERING COLLEGE,PVT,KRISHNA,GUDIVADA,COED,JNTUK,ECE,127301.0,149088.0,176645.0,176645.0,127301.0,149088.0,140626.0,149088.0,158421.0,158421.0,127301.0,149088.0,172570.0,172991.0,127301.0,149088.0,150469.0,150469.0,43000.0
511,VVGV,VKR VNB AND AGK ENGINEERING COLLEGE,PVT,KRISHNA,GUDIVADA,COED,JNTUK,MEC,999999.0,999999.0,166511.0,166511.0,999999.0,999999.0,999999.0,999999.0,999999.0,999999.0,999999.0,999999.0,999999.0,999999.0,999999.0,999999.0,999999.0,999999.0,43000.0
512,VVIP,VALLABHANENI VENKATADRI INST OF PHARM SCIENCES,PVT,KRISHNA,GUDLAVALLERU,COED,JNTUK,PHM,162667.0,162667.0,162667.0,162667.0,162667.0,162667.0,162667.0,162667.0,162667.0,162667.0,162667.0,162667.0,162667.0,162667.0,162667.0,162667.0,999999.0,999999.0,38000.0
513,ABRK,ABR COLLEGE OF ENGG AND TECHNOLOGY,PVT,PRAKASAM,KANIGIRI,COED,JNTUK,AGR,156440.0,156440.0,156440.0,156440.0,156440.0,156440.0,156440.0,156440.0,156440.0,156440.0,156440.0,156440.0,156440.0,156440.0,156440.0,156440.0,999999.0,999999.0,43000.0
514,ABRK,ABR COLLEGE OF ENGG AND TECHNOLOGY,PVT,PRAKASAM,KANIGIRI,COED,JNTUK,CAI,150829.0,151395.0,151965.0,151965.0,150829.0,151395.0,177124.0,177124.0,150829.0,151395.0,150829.0,151395.0,150829.0,167573.0,150829.0,151395.0,999999.0,999999.0,43000.0
515,ABRK,ABR COLLEGE OF ENGG AND TECHNOLOGY,PVT,PRAKASAM,KANIGIRI,COED,JNTUK,CIV,173913.0,173913.0,173913.0,174270.0,173913.0,173913.0,173913.0,173913.0,173913.0,173913.0,173913.0,173913.0,173913.0,173913.0,173913.0,173913.0,999999.0,999999.0,43000.0
516,ABRK,ABR COLLEGE OF ENGG AND TECHNOLOGY,PVT,PRAKASAM,KANIGIRI,COED,JNTUK,CSD,162744.0,162744.0,166265.0,166265.0,162744.0,162744.0,162744.0,162744.0,162744.0,162744.0,162744.0,162744.0,162744.0,162744.0,162744.0,162744.0,999999.0,999999.0,43000.0
517,ABRK,ABR COLLEGE OF ENGG AND TECHNOLOGY,PVT,PRAKASAM,KANIGIRI,COED,JNTUK,CSE,157853.0,160171.0,177484.0,177484.0,157853.0,160171.0,157853.0,160171.0,164375.0,164375.0,157853.0,160171.0,157853.0,160171.0,157853.0,160171.0,999999.0,999999.0,43000.0
518,ABRK,ABR COLLEGE OF ENGG AND TECHNOLOGY,PVT,PRAKASAM,KANIGIRI,COED,JNTUK,ECE,141829.0,162341.0,166191.0,168523.0,155030.0,162341.0,166110.0,166110.0,156921.0,162341.0,141829.0,162341.0,141829.0,162341.0,166505.0,166505.0,999999.0,999999.0,43000.0
519,ABRK,ABR COLLEGE OF ENGG AND TECHNOLOGY,PVT,PRAKASAM,KANIGIRI,COED,JNTUK,EEE,159004.0,159004.0,159004.0,159004.0,159004.0,159004.0,159004.0,159004.0,159004.0,159004.0,159004.0,159004.0,159004.0,159004.0,159004.0,159004.0,999999.0,999999.0,43000.0
520,ABRK,ABR COLLEGE OF ENGG AND TECHNOLOGY,PVT,PRAKASAM,KANIGIRI,COED,JNTUK,MEC,160370.0,160370.0,160370.0,160370.0,160370.0,160370.0,160370.0,160370.0,160370.0,160370.0,160370.0,160370.0,160370.0,160370.0,160370.0,160370.0,999999.0,999999.0,43000.0
521,ABRK,ABR COLLEGE OF ENGG AND TECHNOLOGY,PVT,PRAKASAM,KANIGIRI,COED,JNTUK,MIN,176662.0,176662.0,176662.0,176662.0,176662.0,176662.0,176662.0,176662.0,176662.0,176662.0,176662.0,176662.0,176662.0,176662.0,176662.0,176662.0,999999.0,999999.0,43000.0
522,ANSN,ST. ANNS COLLEGE OF ENGG. AND TECHNOLOGY,PVT,PRAKASAM,CHIRALA,COED,JNTUK,CIV,134448.0,134448.0,165109.0,175846.0,167195.0,167195.0,171999.0,171999.0,170489.0,170859.0,134448.0,134448.0,175186.0,175186.0,164493.0,171281.0,166251.0,167573.0,56800.0
523,ANSN,ST. ANNS COLLEGE OF ENGG. AND TECHNOLOGY,PVT,PRAKASAM,CHIRALA,COED,JNTUK,CSC,94166.0,94166.0,159441.0,171027.0,151324.0,170757.0,154109.0,174622.0,167065.0,167986.0,152857.0,152857.0,136565.0,136565.0,118038.0,118038.0,111066.0,114508.0,56800.0
524,ANSN,ST. ANNS COLLEGE OF ENGG. AND TECHNOLOGY,PVT,PRAKASAM,CHIRALA,COED,JNTUK,CSD,77752.0,77752.0,158145.0,158145.0,153189.0,154782.0,124385.0,134680.0,146080.0,146080.0,77752.0,77752.0,122037.0,122037.0,99516.0,141042.0,92390.0,104472.0,56800.0
525,ANSN,ST. ANNS COLLEGE OF ENGG. AND TECHNOLOGY,PVT,PRAKASAM,CHIRALA,COED,JNTUK,CSE,68011.0,68011.0,148106.0,148106.0,173546.0,173546.0,123077.0,133142.0,142139.0,142139.0,68011.0,147526.0,82723.0,87802.0,113468.0,113468.0,84352.0,82143.0,56800.0
526,ANSN,ST. ANNS COLLEGE OF ENGG. AND TECHNOLOGY,PVT,PRAKASAM,CHIRALA,COED,JNTUK,CSM,55546.0,55546.0,140789.0,140789.0,165321.0,165321.0,74956.0,126375.0,92734.0,92734.0,55546.0,110740.0,93662.0,129817.0,89973.0,89973.0,71278.0,95082.0,56800.0
527,ANSN,ST. ANNS COLLEGE OF ENGG. AND TECHNOLOGY,PVT,PRAKASAM,CHIRALA,COED,JNTUK,CSO,96087.0,96087.0,160084.0,176369.0,160029.0,160029.0,174528.0,174528.0,174817.0,176034.0,139465.0,139465.0,144802.0,144802.0,167746.0,167746.0,119494.0,125138.0,56800.0
528,ANSN,ST. ANNS COLLEGE OF ENGG. AND TECHNOLOGY,PVT,PRAKASAM,CHIRALA,COED,JNTUK,ECE,93590.0,93590.0,152414.0,161903.0,164772.0,164772.0,142373.0,151451.0,132601.0,132601.0,119631.0,119631.0,163172.0,174744.0,135729.0,135729.0,121752.0,124611.0,56800.0
529,ANSN,ST. ANNS COLLEGE OF ENGG. AND TECHNOLOGY,PVT,PRAKASAM,CHIRALA,COED,JNTUK,EEE,84740.0,122070.0,163014.0,167783.0,162944.0,176766.0,176693.0,176693.0,174476.0,174476.0,84740.0,122070.0,174604.0,174604.0,161782.0,161782.0,149162.0,140111.0,56800.0
530,ANSN,ST. ANNS COLLEGE OF ENGG. AND TECHNOLOGY,PVT,PRAKASAM,CHIRALA,COED,JNTUK,MEC,115467.0,115467.0,171915.0,171915.0,174116.0,174116.0,165291.0,167731.0,176529.0,176529.0,115467.0,115467.0,174736.0,174736.0,171233.0,173280.0,169550.0,171347.0,56800.0
531,BLMP,BELLAMKONDA INST OF TECHNOLOGY AND SCI,PVT,PRAKASAM,PODILI,COED,JNTUK,PHM,66311.0,66311.0,66311.0,66311.0,66311.0,66311.0,66311.0,66311.0,66311.0,66311.0,66311.0,66311.0,66311.0,66311.0,66311.0,66311.0,999999.0,999999.0,55400.0
532,BVSR,BVSR ENGINEERING COLLEGE,PVT,PRAKASAM,CHIMAKURTHY,COED,JNTUK,CIV,109899.0,109899.0,109899.0,109899.0,109899.0,109899.0,109899.0,109899.0,109899.0,109899.0,109899.0,109899.0,109899.0,109899.0,109899.0,109899.0,999999.0,999999.0,43000.0
533,BVSR,BVSR ENGINEERING COLLEGE,PVT,PRAKASAM,CHIMAKURTHY,COED,JNTUK,CSD,177374.0,177374.0,177666.0,177666.0,177374.0,177374.0,177374.0,177374.0,177374.0,177374.0,177374.0,177374.0,177374.0,177374.0,177374.0,177374.0,161785.0,153736.0,43000.0
534,BVSR,BVSR ENGINEERING COLLEGE,PVT,PRAKASAM,CHIMAKURTHY,COED,JNTUK,CSE,97148.0,99348.0,163511.0,163511.0,162933.0,162933.0,143080.0,172658.0,175273.0,175273.0,97148.0,99348.0,145565.0,175160.0,168723.0,168723.0,158105.0,175910.0,43000.0
535,BVSR,BVSR ENGINEERING COLLEGE,PVT,PRAKASAM,CHIMAKURTHY,COED,JNTUK,ECE,98378.0,98378.0,176368.0,176368.0,168365.0,168365.0,172770.0,172770.0,98378.0,98378.0,98378.0,98378.0,130021.0,130021.0,98378.0,98378.0,999999.0,999999.0,43000.0
536,CCVY,VRS AND YRN COLLEGE OF ENGG. AND TECHNOLOGY,PVT,PRAKASAM,CHIRALA,COED,JNTUK,CSE,76590.0,147189.0,150908.0,162301.0,76590.0,147189.0,156633.0,156633.0,131264.0,147189.0,76590.0,147189.0,137569.0,147189.0,76590.0,147189.0,150681.0,150681.0,43000.0
537,CCVY,VRS AND YRN COLLEGE OF ENGG. AND TECHNOLOGY,PVT,PRAKASAM,CHIRALA,COED,JNTUK,ECE,113921.0,162311.0,162649.0,162649.0,113921.0,162311.0,158639.0,162311.0,113921.0,162311.0,113921.0,162311.0,113921.0,162311.0,113921.0,162311.0,113511.0,113511.0,43000.0
538,CCVY,VRS AND YRN COLLEGE OF ENGG. AND TECHNOLOGY,PVT,PRAKASAM,CHIRALA,COED,JNTUK,MEC,139787.0,139787.0,139787.0,139787.0,139787.0,139787.0,139787.0,139787.0,139787.0,139787.0,139787.0,139787.0,139787.0,139787.0,139787.0,139787.0,999999.0,999999.0,43000.0
539,CECC,CHIRALA ENGINEERING COLLEGE,PVT,PRAKASAM,CHIRALA,COED,JNTUK,CIV,146572.0,146572.0,146572.0,146572.0,146572.0,146572.0,146572.0,146572.0,146572.0,146572.0,146572.0,146572.0,146572.0,146572.0,146572.0,146572.0,999999.0,999999.0,43000.0
540,CECC,CHIRALA ENGINEERING COLLEGE,PVT,PRAKASAM,CHIRALA,COED,JNTUK,CSE,123035.0,125649.0,177035.0,177035.0,175502.0,175502.0,175666.0,175666.0,154212.0,154212.0,123035.0,125649.0,123035.0,151594.0,123035.0,125649.0,172137.0,151760.0,43000.0
541,CECC,CHIRALA ENGINEERING COLLEGE,PVT,PRAKASAM,CHIRALA,COED,JNTUK,ECE,999999.0,999999.0,177361.0,177361.0,999999.0,999999.0,999999.0,999999.0,999999.0,999999.0,999999.0,999999.0,999999.0,999999.0,999999.0,999999.0,999999.0,999999.0,43000.0
542,IITM,INDIRA INST OF TECHNOLOGY SCI,PVT,PRAKASAM,MARKAPUR,COED,JNTUK,CAI,132878.0,132878.0,132878.0,132878.0,132878.0,132878.0,132878.0,132878.0,132878.0,132878.0,132878.0,132878.0,132878.0,132878.0,132878.0,132878.0,999999.0,999999.0,43000.0
543,IITM,INDIRA INST OF TECHNOLOGY SCI,PVT,PRAKASAM,MARKAPUR,COED,JNTUK,CSC,155907.0,155907.0,155907.0,155907.0,155907.0,155907.0,155907.0,155907.0,155907.0,155907.0,155907.0,155907.0,155907.0,155907.0,155907.0,155907.0,999999.0,999999.0,43000.0
544,IITM,INDIRA INST OF TECHNOLOGY SCI,PVT,PRAKASAM,MARKAPUR,COED,JNTUK,CSE,150191.0,150191.0,150191.0,150191.0,160597.0,160597.0,150191.0,150191.0,150191.0,150191.0,150191.0,150191.0,150191.0,150191.0,150191.0,150191.0,999999.0,999999.0,43000.0
545,IITM,INDIRA INST OF TECHNOLOGY SCI,PVT,PRAKASAM,MARKAPUR,COED,JNTUK,ECE,116519.0,161725.0,116519.0,161725.0,116519.0,161725.0,116519.0,161725.0,116519.0,161725.0,116519.0,161725.0,116519.0,161725.0,116519.0,161725.0,999999.0,999999.0,43000.0
546,KCIT,KRISHNA CHAITANYA INST OF TECHNOLOGY AND SCIENCES,PVT,PRAKASAM,MARKAPUR,COED,JNTUK,AIM,169192.0,169192.0,175337.0,175337.0,169192.0,169192.0,169192.0,169192.0,169192.0,169192.0,169192.0,169192.0,169192.0,169192.0,169192.0,169192.0,999999.0,999999.0,43000.0
547,KCIT,KRISHNA CHAITANYA INST OF TECHNOLOGY AND SCIENCES,PVT,PRAKASAM,MARKAPUR,COED,JNTUK,CAI,107923.0,107923.0,162673.0,165377.0,166474.0,172466.0,142780.0,171859.0,162108.0,167669.0,107923.0,107923.0,175222.0,175222.0,136950.0,136950.0,166712.0,144938.0,43000.0
548,KCIT,KRISHNA CHAITANYA INST OF TECHNOLOGY AND SCIENCES,PVT,PRAKASAM,MARKAPUR,COED,JNTUK,CIV,42795.0,42795.0,42795.0,42795.0,42795.0,42795.0,42795.0,42795.0,42795.0,42795.0,42795.0,42795.0,42795.0,42795.0,42795.0,42795.0,999999.0,999999.0,43000.0
549,KCIT,KRISHNA CHAITANYA INST OF TECHNOLOGY AND SCIENCES,PVT,PRAKASAM,MARKAPUR,COED,JNTUK,CSE,147046.0,147046.0,177791.0,177791.0,175590.0,175590.0,173875.0,173875.0,175979.0,175979.0,147046.0,147046.0,174291.0,174780.0,166518.0,173570.0,173577.0,173230.0,43000.0
550,KCIT,KRISHNA CHAITANYA INST OF TECHNOLOGY AND SCIENCES,PVT,PRAKASAM,MARKAPUR,COED,JNTUK,CSM,94081.0,94081.0,175533.0,175533.0,118716.0,118716.0,144635.0,144635.0,171730.0,171730.0,94081.0,94081.0,122931.0,139702.0,94081.0,142511.0,157000.0,133526.0,43000.0
551,KCIT,KRISHNA CHAITANYA INST OF TECHNOLOGY AND SCIENCES,PVT,PRAKASAM,MARKAPUR,COED,JNTUK,ECE,151274.0,151274.0,151274.0,161176.0,169568.0,169568.0,151274.0,171201.0,175757.0,175757.0,151274.0,151274.0,151274.0,151274.0,159353.0,159353.0,145879.0,145879.0,43000.0
552,MSEW,MALINENI SUSEELAMMA WOMENS ENGG COLLEGE,PVT,PRAKASAM,SINGARAYAKONDA,GIRLS,JNTUK,CSE,153440.0,153440.0,177843.0,177843.0,161890.0,161890.0,170881.0,170881.0,153440.0,153440.0,999999.0,999999.0,154937.0,154937.0,153440.0,153440.0,175453.0,175453.0,43000.0
553,PACE,PACE INSTITUTE OF TECHNOLOGY AND SCIENCES,PVT,PRAKASAM,ONGOLE,COED,JNTUK,AID,93389.0,93389.0,152477.0,153102.0,150870.0,151040.0,148931.0,148931.0,163272.0,163272.0,93399.0,140271.0,138575.0,140512.0,155615.0,155615.0,126385.0,117142.0,43600.0
554,PACE,PACE INSTITUTE OF TECHNOLOGY AND SCIENCES,PVT,PRAKASAM,ONGOLE,COED,JNTUK,AIM,93416.0,93416.0,141553.0,149011.0,162826.0,162826.0,150960.0,156656.0,149410.0,168172.0,93416.0,93416.0,124303.0,143155.0,156715.0,156715.0,114605.0,110850.0,43600.0
555,PACE,PACE INSTITUTE OF TECHNOLOGY AND SCIENCES,PVT,PRAKASAM,ONGOLE,COED,JNTUK,CIC,108787.0,113393.0,162037.0,165681.0,162948.0,164282.0,153542.0,153542.0,167633.0,176301.0,169557.0,169557.0,173616.0,173616.0,138273.0,167430.0,156105.0,145846.0,43600.0
556,PACE,PACE INSTITUTE OF TECHNOLOGY AND SCIENCES,PVT,PRAKASAM,ONGOLE,COED,JNTUK,CIT,104058.0,125290.0,163786.0,163786.0,163322.0,163938.0,155541.0,173665.0,132778.0,158598.0,104058.0,125290.0,176177.0,176177.0,132896.0,172237.0,147704.0,147949.0,43600.0
557,PACE,PACE INSTITUTE OF TECHNOLOGY AND SCIENCES,PVT,PRAKASAM,ONGOLE,COED,JNTUK,CIV,125375.0,126684.0,174404.0,174404.0,125375.0,141808.0,168472.0,168472.0,175782.0,175782.0,177094.0,177094.0,177580.0,177580.0,125375.0,168576.0,170648.0,168661.0,43600.0
558,PACE,PACE INSTITUTE OF TECHNOLOGY AND SCIENCES,PVT,PRAKASAM,ONGOLE,COED,JNTUK,CSE,73455.0,73455.0,131318.0,132643.0,176699.0,176699.0,132753.0,132753.0,137512.0,155606.0,123075.0,123075.0,104623.0,104623.0,127925.0,127925.0,100657.0,104760.0,43600.0
559,PACE,PACE INSTITUTE OF TECHNOLOGY AND SCIENCES,PVT,PRAKASAM,ONGOLE,COED,JNTUK,CSER,92286.0,144116.0,176971.0,176971.0,164844.0,164844.0,171806.0,171806.0,166987.0,175788.0,163804.0,163804.0,155342.0,164804.0,163653.0,177639.0,170541.0,174501.0,43600.0
560,PACE,PACE INSTITUTE OF TECHNOLOGY AND SCIENCES,PVT,PRAKASAM,ONGOLE,COED,JNTUK,ECE,110435.0,110435.0,156236.0,159279.0,150814.0,152017.0,159460.0,162708.0,171904.0,174809.0,110435.0,111445.0,174601.0,174601.0,175075.0,175075.0,143857.0,144083.0,43600.0
561,PACE,PACE INSTITUTE OF TECHNOLOGY AND SCIENCES,PVT,PRAKASAM,ONGOLE,COED,JNTUK,EEE,119401.0,119401.0,165799.0,177138.0,175478.0,177797.0,169731.0,177427.0,171867.0,171867.0,172245.0,172245.0,175091.0,175091.0,164600.0,164600.0,167839.0,157141.0,43600.0
562,PACE,PACE INSTITUTE OF TECHNOLOGY AND SCIENCES,PVT,PRAKASAM,ONGOLE,COED,JNTUK,EVT,138466.0,138466.0,165738.0,175563.0,164299.0,177142.0,168883.0,171327.0,157561.0,174508.0,138466.0,138466.0,169524.0,177712.0,173910.0,173910.0,156594.0,167066.0,43600.0
563,PACE,PACE INSTITUTE OF TECHNOLOGY AND SCIENCES,PVT,PRAKASAM,ONGOLE,COED,JNTUK,INF,97562.0,112561.0,164113.0,172397.0,164041.0,164041.0,155216.0,170691.0,176893.0,176893.0,97562.0,112561.0,170340.0,175634.0,144792.0,144792.0,136004.0,133269.0,43600.0
564,PACE,PACE INSTITUTE OF TECHNOLOGY AND SCIENCES,PVT,PRAKASAM,ONGOLE,COED,JNTUK,MEC,157914.0,157914.0,174720.0,177333.0,170898.0,170898.0,171076.0,171076.0,167798.0,173360.0,157914.0,157914.0,173639.0,173639.0,157914.0,157914.0,999999.0,999999.0,43600.0
565,PKSK,PRAKASAM ENGINEERING COLLEGE,PVT,PRAKASAM,KANDKUR,COED,JNTUK,CAI,103002.0,103002.0,153392.0,153392.0,156439.0,160207.0,123293.0,123293.0,168481.0,168481.0,103002.0,103002.0,173227.0,173227.0,139545.0,140815.0,159261.0,159819.0,43000.0
566,PKSK,PRAKASAM ENGINEERING COLLEGE,PVT,PRAKASAM,KANDKUR,COED,JNTUK,CIV,139060.0,139060.0,177589.0,177589.0,139060.0,175205.0,139060.0,139060.0,170400.0,170400.0,139060.0,139060.0,139060.0,139060.0,139060.0,139060.0,999999.0,999999.0,43000.0
567,PKSK,PRAKASAM ENGINEERING COLLEGE,PVT,PRAKASAM,KANDKUR,COED,JNTUK,CSC,95096.0,111088.0,174664.0,174664.0,171458.0,171458.0,173363.0,173363.0,173163.0,173163.0,128403.0,128403.0,172524.0,172524.0,95096.0,137290.0,169671.0,168061.0,43000.0
568,PKSK,PRAKASAM ENGINEERING COLLEGE,PVT,PRAKASAM,KANDKUR,COED,JNTUK,CSE,100732.0,100732.0,147999.0,147999.0,174524.0,174524.0,153492.0,153492.0,159376.0,176508.0,112906.0,112906.0,172339.0,172339.0,149803.0,153070.0,155883.0,157168.0,43000.0
569,PKSK,PRAKASAM ENGINEERING COLLEGE,PVT,PRAKASAM,KANDKUR,COED,JNTUK,ECE,131441.0,131441.0,171180.0,177518.0,165181.0,165181.0,159318.0,168646.0,175665.0,176787.0,131441.0,131441.0,176759.0,176759.0,169300.0,175575.0,173832.0,173211.0,43000.0
570,PKSK,PRAKASAM ENGINEERING COLLEGE,PVT,PRAKASAM,KANDKUR,COED,JNTUK,EEE,176775.0,176775.0,176775.0,176775.0,177354.0,177354.0,176775.0,176775.0,177597.0,177597.0,176775.0,176775.0,176775.0,176775.0,176775.0,176775.0,131326.0,167967.0,43000.0
571,PKSK,PRAKASAM ENGINEERING COLLEGE,PVT,PRAKASAM,KANDKUR,COED,JNTUK,MEC,159229.0,159229.0,177749.0,177749.0,159229.0,159229.0,172447.0,172447.0,173449.0,173449.0,159229.0,159229.0,159229.0,171535.0,159229.0,159229.0,999999.0,999999.0,43000.0
572,QISE,QIS COLLEGE OF ENGG. AND TECHNOLOGY,PVT,PRAKASAM,ONGOLE,COED,JNTUK,AI,73300.0,73300.0,164125.0,164125.0,141333.0,162924.0,130060.0,144011.0,160646.0,160646.0,73300.0,73300.0,104314.0,104314.0,138217.0,138217.0,94515.0,100222.0,87600.0
573,QISE,QIS COLLEGE OF ENGG. AND TECHNOLOGY,PVT,PRAKASAM,ONGOLE,COED,JNTUK,AID,86168.0,86168.0,171384.0,177264.0,177226.0,177226.0,155668.0,157606.0,166741.0,166741.0,86168.0,169252.0,168803.0,170511.0,149322.0,157820.0,103180.0,117158.0,87600.0
574,QISE,QIS COLLEGE OF ENGG. AND TECHNOLOGY,PVT,PRAKASAM,ONGOLE,COED,JNTUK,CIC,114595.0,120366.0,176602.0,176602.0,118865.0,156462.0,177267.0,177267.0,169594.0,169972.0,114595.0,120366.0,176411.0,176411.0,154335.0,168567.0,142696.0,128437.0,87600.0
575,QISE,QIS COLLEGE OF ENGG. AND TECHNOLOGY,PVT,PRAKASAM,ONGOLE,COED,JNTUK,CIT,119026.0,138247.0,177091.0,177091.0,149549.0,154432.0,168010.0,168010.0,153872.0,166848.0,170827.0,170827.0,171519.0,171519.0,119026.0,151263.0,131231.0,131626.0,87600.0
576,QISE,QIS COLLEGE OF ENGG. AND TECHNOLOGY,PVT,PRAKASAM,ONGOLE,COED,JNTUK,CIV,155641.0,155641.0,172372.0,172372.0,155641.0,155641.0,175736.0,175736.0,155641.0,155641.0,155641.0,155641.0,174442.0,174442.0,155641.0,155641.0,999999.0,999999.0,87600.0
577,QISE,QIS COLLEGE OF ENGG. AND TECHNOLOGY,PVT,PRAKASAM,ONGOLE,COED,JNTUK,CSD,104828.0,104828.0,177809.0,177809.0,127973.0,132283.0,161505.0,172338.0,166826.0,166826.0,153074.0,153074.0,169651.0,169651.0,168721.0,170538.0,145934.0,128176.0,87600.0
578,QISE,QIS COLLEGE OF ENGG. AND TECHNOLOGY,PVT,PRAKASAM,ONGOLE,COED,JNTUK,CSE,73374.0,73374.0,153632.0,153632.0,177366.0,177366.0,142150.0,154527.0,171367.0,171367.0,153739.0,153739.0,149373.0,150769.0,143652.0,149035.0,100700.0,115201.0,87600.0
579,QISE,QIS COLLEGE OF ENGG. AND TECHNOLOGY,PVT,PRAKASAM,ONGOLE,COED,JNTUK,CSM,77891.0,77891.0,176549.0,176549.0,175871.0,175871.0,139073.0,139073.0,174471.0,174471.0,78112.0,124578.0,126929.0,173575.0,162163.0,162163.0,109970.0,109262.0,87600.0
580,QISE,QIS COLLEGE OF ENGG. AND TECHNOLOGY,PVT,PRAKASAM,ONGOLE,COED,JNTUK,ECE,110388.0,110388.0,175207.0,177287.0,173713.0,177225.0,175412.0,175412.0,173467.0,173467.0,110388.0,166390.0,173031.0,173031.0,174540.0,174540.0,170556.0,167264.0,87600.0
581,QISE,QIS COLLEGE OF ENGG. AND TECHNOLOGY,PVT,PRAKASAM,ONGOLE,COED,JNTUK,EEE,160009.0,160009.0,176166.0,176166.0,177535.0,177535.0,160009.0,160009.0,162401.0,162401.0,160009.0,160009.0,160009.0,160009.0,160009.0,160009.0,124454.0,124454.0,87600.0
582,QISE,QIS COLLEGE OF ENGG. AND TECHNOLOGY,PVT,PRAKASAM,ONGOLE,COED,JNTUK,INF,134298.0,134298.0,173328.0,173328.0,150909.0,164681.0,174551.0,174551.0,171975.0,171975.0,134298.0,134298.0,174786.0,174786.0,169017.0,169017.0,135837.0,130928.0,87600.0
583,QISE,QIS COLLEGE OF ENGG. AND TECHNOLOGY,PVT,PRAKASAM,ONGOLE,COED,JNTUK,MEC,144475.0,168452.0,177068.0,177068.0,144475.0,168452.0,144475.0,168452.0,144475.0,168452.0,144475.0,168452.0,144475.0,168452.0,144475.0,168452.0,999999.0,999999.0,87600.0
584,QISP,QIS COLLEGE OF PHARMACY,PVT,PRAKASAM,ONGOLE,COED,JNTUK,PHD,145792.0,145792.0,145792.0,145792.0,145792.0,145792.0,145792.0,145792.0,145792.0,145792.0,145792.0,145792.0,145792.0,145792.0,145792.0,145792.0,999999.0,999999.0,65000.0
585,RGAN,RISE KRISHNA SAI GANDHI GROUP OF INSTITUTIONS,PVT,PRAKASAM,ONGOLE,COED,JNTUK,CSD,110683.0,110683.0,165635.0,165635.0,164421.0,164421.0,122441.0,172262.0,171898.0,171898.0,149605.0,149605.0,167913.0,167913.0,147778.0,151525.0,132619.0,122292.0,43000.0
586,RGAN,RISE KRISHNA SAI GANDHI GROUP OF INSTITUTIONS,PVT,PRAKASAM,ONGOLE,COED,JNTUK,CSE,93964.0,104761.0,158239.0,162087.0,162049.0,166893.0,160025.0,160025.0,162122.0,162122.0,93964.0,104761.0,173094.0,173094.0,137726.0,157670.0,144432.0,130702.0,43000.0
587,RGAN,RISE KRISHNA SAI GANDHI GROUP OF INSTITUTIONS,PVT,PRAKASAM,ONGOLE,COED,JNTUK,ECE,119298.0,119298.0,175707.0,175707.0,177433.0,177433.0,176304.0,176304.0,171013.0,171013.0,164549.0,164549.0,161342.0,169363.0,151944.0,157493.0,153093.0,143540.0,43000.0
588,RPRA,RISE KRISHNA SAI PRAKASAM GROUP OF INSTITUTIONS,PVT,PRAKASAM,ONGOLE,COED,JNTUK,CIV,118619.0,118619.0,165811.0,165811.0,159267.0,159267.0,170676.0,170676.0,175569.0,175569.0,118619.0,146459.0,176048.0,176048.0,170530.0,170530.0,169231.0,143174.0,43000.0
589,RPRA,RISE KRISHNA SAI PRAKASAM GROUP OF INSTITUTIONS,PVT,PRAKASAM,ONGOLE,COED,JNTUK,CSD,60673.0,60673.0,125692.0,125692.0,139982.0,139982.0,107995.0,107995.0,145024.0,145024.0,60673.0,60673.0,69390.0,69390.0,147827.0,147827.0,94760.0,88910.0,43000.0
590,RPRA,RISE KRISHNA SAI PRAKASAM GROUP OF INSTITUTIONS,PVT,PRAKASAM,ONGOLE,COED,JNTUK,CSE,63189.0,63189.0,122991.0,122991.0,164790.0,164790.0,123976.0,123976.0,153306.0,153306.0,91932.0,91932.0,94382.0,94382.0,129340.0,129340.0,95720.0,99064.0,43000.0
591,RPRA,RISE KRISHNA SAI PRAKASAM GROUP OF INSTITUTIONS,PVT,PRAKASAM,ONGOLE,COED,JNTUK,CSM,29839.0,29839.0,61158.0,61158.0,164759.0,164759.0,49827.0,49827.0,53039.0,53039.0,29839.0,29839.0,53579.0,53579.0,58402.0,58402.0,49245.0,37001.0,43000.0
592,RPRA,RISE KRISHNA SAI PRAKASAM GROUP OF INSTITUTIONS,PVT,PRAKASAM,ONGOLE,COED,JNTUK,ECE,79342.0,79342.0,136315.0,136315.0,161686.0,161686.0,119615.0,119615.0,164839.0,164839.0,79342.0,79342.0,141001.0,141001.0,129910.0,149176.0,112247.0,111190.0,43000.0
593,RPRA,RISE KRISHNA SAI PRAKASAM GROUP OF INSTITUTIONS,PVT,PRAKASAM,ONGOLE,COED,JNTUK,EEE,124315.0,124315.0,177863.0,177863.0,170997.0,170997.0,172327.0,172327.0,177593.0,177593.0,124315.0,124315.0,143745.0,172475.0,124315.0,124315.0,162532.0,162357.0,43000.0
594,RPRA,RISE KRISHNA SAI PRAKASAM GROUP OF INSTITUTIONS,PVT,PRAKASAM,ONGOLE,COED,JNTUK,MEC,138927.0,150012.0,176949.0,177869.0,177288.0,177288.0,138927.0,170479.0,138927.0,150012.0,138927.0,150012.0,138927.0,150012.0,138927.0,150012.0,154758.0,154758.0,43000.0
595,SGIT,DR SAMUEL GEORGE INSTITUTE OF ENGG. AND TECHNOLOGY,PVT,PRAKASAM,MARKAPUR,COED,JNTUK,AIM,176375.0,176375.0,176375.0,176375.0,176375.0,176375.0,176375.0,176375.0,176375.0,176375.0,176375.0,176375.0,176375.0,176375.0,176375.0,176375.0,999999.0,999999.0,43000.0
596,SGIT,DR SAMUEL GEORGE INSTITUTE OF ENGG. AND TECHNOLOGY,PVT,PRAKASAM,MARKAPUR,COED,JNTUK,CSE,174623.0,174623.0,176955.0,176955.0,174623.0,174623.0,174623.0,175508.0,174623.0,174623.0,174623.0,174623.0,174623.0,174623.0,174623.0,174623.0,999999.0,999999.0,43000.0
597,SGIT,DR SAMUEL GEORGE INSTITUTE OF ENGG. AND TECHNOLOGY,PVT,PRAKASAM,MARKAPUR,COED,JNTUK,ECE,176361.0,176361.0,176361.0,176361.0,176361.0,176361.0,176361.0,176361.0,176361.0,176361.0,176361.0,176361.0,176361.0,176361.0,176361.0,176361.0,999999.0,999999.0,43000.0
598,SGIT,DR SAMUEL GEORGE INSTITUTE OF ENGG. AND TECHNOLOGY,PVT,PRAKASAM,MARKAPUR,COED,JNTUK,EEE,72727.0,72727.0,72727.0,72727.0,72727.0,72727.0,72727.0,72727.0,72727.0,72727.0,72727.0,72727.0,72727.0,72727.0,72727.0,72727.0,999999.0,999999.0,43000.0
599,ADIT,ADITYA INSTITUTE OF TECHNOLOGY AND MGMT,PVT,SRIKAKULAM,TEKKALI,COED,JNTUV,CIV,83333.0,83333.0,111082.0,111082.0,95832.0,95832.0,113350.0,121691.0,148210.0,148896.0,83333.0,83333.0,103602.0,103602.0,109669.0,123387.0,173753.0,173753.0,79600.0
600,ADIT,ADITYA INSTITUTE OF TECHNOLOGY AND MGMT,PVT,SRIKAKULAM,TEKKALI,COED,JNTUV,CSD,35269.0,35269.0,177457.0,177457.0,44124.0,45200.0,64007.0,67987.0,80668.0,86544.0,44678.0,44678.0,46549.0,46549.0,64344.0,64973.0,82062.0,64589.0,79600.0
601,ADIT,ADITYA INSTITUTE OF TECHNOLOGY AND MGMT,PVT,SRIKAKULAM,TEKKALI,COED,JNTUV,CSE,24017.0,24017.0,117616.0,137474.0,159617.0,159617.0,49742.0,49742.0,51095.0,51095.0,24431.0,24431.0,35155.0,35466.0,161999.0,163424.0,95710.0,51888.0,79600.0
602,ADIT,ADITYA INSTITUTE OF TECHNOLOGY AND MGMT,PVT,SRIKAKULAM,TEKKALI,COED,JNTUV,CSM,30251.0,30251.0,166386.0,172744.0,170949.0,170949.0,58869.0,58869.0,66472.0,66472.0,30251.0,30251.0,41439.0,42564.0,58294.0,58294.0,64271.0,59287.0,79600.0
603,ADIT,ADITYA INSTITUTE OF TECHNOLOGY AND MGMT,PVT,SRIKAKULAM,TEKKALI,COED,JNTUV,ECE,38536.0,38536.0,177021.0,177021.0,171266.0,171266.0,73315.0,73315.0,88590.0,108089.0,44259.0,44259.0,51441.0,51441.0,153600.0,153600.0,124925.0,118565.0,79600.0
604,ADIT,ADITYA INSTITUTE OF TECHNOLOGY AND MGMT,PVT,SRIKAKULAM,TEKKALI,COED,JNTUV,EEE,54189.0,54189.0,82323.0,82323.0,70783.0,72929.0,95979.0,95979.0,155661.0,155661.0,54189.0,67502.0,84657.0,86261.0,86932.0,86932.0,126641.0,149064.0,79600.0
605,ADIT,ADITYA INSTITUTE OF TECHNOLOGY AND MGMT,PVT,SRIKAKULAM,TEKKALI,COED,JNTUV,INF,39291.0,39291.0,158169.0,158169.0,55912.0,55912.0,72813.0,77185.0,103105.0,103105.0,122083.0,122083.0,54933.0,54933.0,73162.0,75776.0,142393.0,97953.0,79600.0
606,ADIT,ADITYA INSTITUTE OF TECHNOLOGY AND MGMT,PVT,SRIKAKULAM,TEKKALI,COED,JNTUV,MEC,69225.0,102816.0,167093.0,167093.0,177802.0,177802.0,102839.0,155756.0,149052.0,158167.0,82772.0,102816.0,87087.0,147851.0,100754.0,120171.0,151414.0,163378.0,79600.0
607,BRAUSF,COLLEGE OF ENGINEERING BR AMBEDKAR UNIV SELF FINANCE,SF,SRIKAKULAM,SRIKAKULAM,COED,BRAU,CIV,138521.0,138521.0,172248.0,172248.0,146264.0,146264.0,162867.0,173781.0,175836.0,175836.0,138521.0,138521.0,172304.0,172304.0,138521.0,138521.0,999999.0,999999.0,48500.0
608,BRAUSF,COLLEGE OF ENGINEERING BR AMBEDKAR UNIV SELF FINANCE,SF,SRIKAKULAM,SRIKAKULAM,COED,BRAU,CSE,61121.0,61121.0,158910.0,158910.0,149246.0,149246.0,90974.0,90974.0,106922.0,139394.0,61121.0,61121.0,74638.0,81324.0,89789.0,89789.0,157045.0,93952.0,48500.0
609,BRAUSF,COLLEGE OF ENGINEERING BR AMBEDKAR UNIV SELF FINANCE,SF,SRIKAKULAM,SRIKAKULAM,COED,BRAU,ECE,46378.0,46378.0,163176.0,165540.0,161356.0,162898.0,102710.0,112364.0,168960.0,168960.0,46378.0,46378.0,106964.0,112023.0,95043.0,95043.0,148873.0,149771.0,48500.0
610,BRAUSF,COLLEGE OF ENGINEERING BR AMBEDKAR UNIV SELF FINANCE,SF,SRIKAKULAM,SRIKAKULAM,COED,BRAU,EEE,86394.0,86394.0,174768.0,175760.0,142133.0,142133.0,175706.0,175706.0,176911.0,176911.0,86394.0,86394.0,164114.0,164114.0,167622.0,167622.0,148564.0,148564.0,48500.0
611,BRAUSF,COLLEGE OF ENGINEERING BR AMBEDKAR UNIV SELF FINANCE,SF,SRIKAKULAM,SRIKAKULAM,COED,BRAU,MEC,104674.0,116899.0,128329.0,128329.0,108049.0,116899.0,171187.0,173625.0,150817.0,169837.0,170064.0,170064.0,140288.0,171802.0,166733.0,166733.0,999999.0,999999.0,48500.0
612,GMRI,G M R INSTITUTE OF TECHNOLOGY,PVT,SRIKAKULAM,RAJAM,COED,JNTUV,CAD,11221.0,11375.0,67552.0,85863.0,103596.0,152419.0,20241.0,20241.0,19165.0,19165.0,37478.0,37478.0,16826.0,16826.0,30574.0,30574.0,14698.0,16467.0,77800.0
613,GMRI,G M R INSTITUTE OF TECHNOLOGY,PVT,SRIKAKULAM,RAJAM,COED,JNTUV,CIV,49728.0,49728.0,143512.0,143512.0,161950.0,161950.0,78346.0,102781.0,87333.0,87614.0,49728.0,49728.0,53532.0,57168.0,85411.0,105692.0,101948.0,142319.0,77800.0
614,GMRI,G M R INSTITUTE OF TECHNOLOGY,PVT,SRIKAKULAM,RAJAM,COED,JNTUV,CSE,11908.0,13977.0,80256.0,88944.0,113454.0,113454.0,18282.0,18282.0,17894.0,25803.0,24432.0,100876.0,14155.0,15018.0,104180.0,104180.0,17684.0,16366.0,77800.0
615,GMRI,G M R INSTITUTE OF TECHNOLOGY,PVT,SRIKAKULAM,RAJAM,COED,JNTUV,CSM,9843.0,10753.0,76062.0,92916.0,133779.0,152642.0,22735.0,22735.0,19851.0,34854.0,9843.0,10753.0,15125.0,15708.0,70956.0,82058.0,18289.0,19326.0,77800.0
616,GMRI,G M R INSTITUTE OF TECHNOLOGY,PVT,SRIKAKULAM,RAJAM,COED,JNTUV,ECE,11515.0,13328.0,126292.0,126292.0,115714.0,172925.0,24252.0,29491.0,29853.0,30567.0,11515.0,15775.0,21861.0,21861.0,118095.0,118095.0,40613.0,32880.0,77800.0
617,GMRI,G M R INSTITUTE OF TECHNOLOGY,PVT,SRIKAKULAM,RAJAM,COED,JNTUV,EEE,30467.0,38611.0,154330.0,154330.0,163025.0,163025.0,57250.0,78343.0,58677.0,80977.0,35995.0,38611.0,37178.0,38611.0,58910.0,58910.0,70627.0,75319.0,77800.0
618,GMRI,G M R INSTITUTE OF TECHNOLOGY,PVT,SRIKAKULAM,RAJAM,COED,JNTUV,INF,14733.0,20512.0,93800.0,102231.0,159447.0,159447.0,43096.0,43096.0,27516.0,42907.0,17969.0,20512.0,23458.0,25638.0,100547.0,125301.0,29428.0,22331.0,77800.0
619,GMRI,G M R INSTITUTE OF TECHNOLOGY,PVT,SRIKAKULAM,RAJAM,COED,JNTUV,MEC,40986.0,52088.0,148558.0,148558.0,134167.0,134378.0,75794.0,115709.0,86430.0,123240.0,40986.0,56537.0,48524.0,57973.0,137602.0,137602.0,70180.0,90298.0,77800.0
620,SSCE,SRI SIVANI COLLEGE OF ENGINEERING,PVT,SRIKAKULAM,SRIKAKULAM,COED,JNTUV,AIM,88912.0,88912.0,132335.0,170407.0,159328.0,159328.0,132859.0,161847.0,166874.0,166874.0,113932.0,113932.0,159234.0,171461.0,148664.0,148664.0,140317.0,140317.0,43000.0
621,SSCE,SRI SIVANI COLLEGE OF ENGINEERING,PVT,SRIKAKULAM,SRIKAKULAM,COED,JNTUV,CIV,139201.0,142308.0,168936.0,168936.0,139201.0,147849.0,158909.0,158909.0,167361.0,167361.0,139201.0,142308.0,161784.0,161784.0,139201.0,142308.0,999999.0,999999.0,43000.0
622,SSCE,SRI SIVANI COLLEGE OF ENGINEERING,PVT,SRIKAKULAM,SRIKAKULAM,COED,JNTUV,CSE,89312.0,89312.0,174687.0,174687.0,170204.0,170204.0,119807.0,127758.0,149401.0,167446.0,98393.0,98393.0,137273.0,137273.0,138206.0,138206.0,161339.0,115424.0,43000.0
623,SSCE,SRI SIVANI COLLEGE OF ENGINEERING,PVT,SRIKAKULAM,SRIKAKULAM,COED,JNTUV,ECE,87724.0,87724.0,122406.0,122406.0,122422.0,149074.0,153023.0,175754.0,160107.0,168234.0,139850.0,139850.0,128956.0,128956.0,87724.0,116274.0,999999.0,999999.0,43000.0
624,SSCE,SRI SIVANI COLLEGE OF ENGINEERING,PVT,SRIKAKULAM,SRIKAKULAM,COED,JNTUV,EEE,124232.0,124232.0,176623.0,176623.0,137669.0,175997.0,155387.0,155387.0,141634.0,173117.0,124232.0,124232.0,171226.0,174847.0,175089.0,175089.0,999999.0,999999.0,43000.0
625,SSCE,SRI SIVANI COLLEGE OF ENGINEERING,PVT,SRIKAKULAM,SRIKAKULAM,COED,JNTUV,MEC,110418.0,110418.0,146941.0,158850.0,167173.0,167173.0,157951.0,162514.0,158773.0,158773.0,110418.0,110418.0,116132.0,159045.0,110418.0,110418.0,999999.0,999999.0,43000.0
626,VETS,SR VENKATESWARA COLL OF ENGINEERING,PVT,SRIKAKULAM,SRIKAKULAM,COED,JNTUV,AIM,116950.0,116950.0,161482.0,168929.0,134279.0,144423.0,174999.0,174999.0,136703.0,142669.0,116950.0,143608.0,155551.0,155551.0,153248.0,153248.0,999999.0,999999.0,43000.0
627,VETS,SR VENKATESWARA COLL OF ENGINEERING,PVT,SRIKAKULAM,SRIKAKULAM,COED,JNTUV,CIV,161014.0,161014.0,161014.0,171057.0,161014.0,161014.0,173141.0,173141.0,161014.0,161014.0,161014.0,161014.0,173817.0,173817.0,161014.0,161014.0,999999.0,999999.0,43000.0
628,VETS,SR VENKATESWARA COLL OF ENGINEERING,PVT,SRIKAKULAM,SRIKAKULAM,COED,JNTUV,CSE,73109.0,73109.0,171059.0,173811.0,176043.0,176043.0,145689.0,145689.0,167820.0,167820.0,85873.0,85873.0,127789.0,138599.0,142195.0,157708.0,153697.0,168706.0,43000.0
629,VETS,SR VENKATESWARA COLL OF ENGINEERING,PVT,SRIKAKULAM,SRIKAKULAM,COED,JNTUV,CSM,103215.0,103215.0,134214.0,134214.0,116758.0,116758.0,153884.0,153884.0,109849.0,118860.0,103215.0,103215.0,153372.0,153372.0,127589.0,127589.0,999999.0,999999.0,43000.0
630,VETS,SR VENKATESWARA COLL OF ENGINEERING,PVT,SRIKAKULAM,SRIKAKULAM,COED,JNTUV,ECE,95344.0,95344.0,163694.0,163694.0,169097.0,169097.0,147292.0,174340.0,136985.0,168032.0,111145.0,111145.0,170132.0,170132.0,95344.0,163680.0,162950.0,162950.0,43000.0
631,VETS,SR VENKATESWARA COLL OF ENGINEERING,PVT,SRIKAKULAM,SRIKAKULAM,COED,JNTUV,EEE,999999.0,999999.0,172596.0,172596.0,175082.0,175082.0,175936.0,175936.0,168440.0,171569.0,999999.0,999999.0,150004.0,174620.0,172620.0,172620.0,999999.0,999999.0,43000.0
632,VETS,SR VENKATESWARA COLL OF ENGINEERING,PVT,SRIKAKULAM,SRIKAKULAM,COED,JNTUV,MEC,157071.0,157071.0,157071.0,157071.0,157071.0,157071.0,172983.0,172983.0,157071.0,157071.0,157071.0,157071.0,157071.0,173937.0,157071.0,157071.0,999999.0,999999.0,43000.0
633,ANIL,ANIL NEERUKONDA INSTITUTE OF TECHNOLOGY AND SCI,PVT,VISAKHAPATNAM,BHEEMUNIPATNAM,COED,AU,CHE,47348.0,47348.0,172169.0,172169.0,86158.0,86158.0,81492.0,81492.0,100639.0,174459.0,47348.0,47348.0,53213.0,53213.0,150258.0,150258.0,60867.0,57352.0,84100.0
634,ANIL,ANIL NEERUKONDA INSTITUTE OF TECHNOLOGY AND SCI,PVT,VISAKHAPATNAM,BHEEMUNIPATNAM,COED,AU,CIV,38344.0,63487.0,133669.0,169217.0,63801.0,94913.0,101362.0,128011.0,153264.0,153264.0,38344.0,63487.0,64509.0,105339.0,79375.0,107121.0,126139.0,113602.0,84100.0
635,ANIL,ANIL NEERUKONDA INSTITUTE OF TECHNOLOGY AND SCI,PVT,VISAKHAPATNAM,BHEEMUNIPATNAM,COED,AU,CSD,11969.0,11969.0,68147.0,140008.0,99612.0,99612.0,38920.0,38920.0,31356.0,45868.0,11969.0,101404.0,18121.0,18121.0,101657.0,101657.0,19050.0,28471.0,84100.0
636,ANIL,ANIL NEERUKONDA INSTITUTE OF TECHNOLOGY AND SCI,PVT,VISAKHAPATNAM,BHEEMUNIPATNAM,COED,AU,CSE,7658.0,9104.0,52021.0,61810.0,62666.0,105691.0,10916.0,12992.0,11035.0,12094.0,16251.0,16251.0,8992.0,10509.0,29934.0,31275.0,9177.0,17628.0,84100.0
637,ANIL,ANIL NEERUKONDA INSTITUTE OF TECHNOLOGY AND SCI,PVT,VISAKHAPATNAM,BHEEMUNIPATNAM,COED,AU,CSM,9878.0,10602.0,80067.0,87154.0,176527.0,176527.0,30546.0,30546.0,17419.0,17909.0,9878.0,91896.0,12010.0,12218.0,65494.0,92998.0,12566.0,23937.0,84100.0
638,ANIL,ANIL NEERUKONDA INSTITUTE OF TECHNOLOGY AND SCI,PVT,VISAKHAPATNAM,BHEEMUNIPATNAM,COED,AU,ECE,16881.0,16881.0,103817.0,103817.0,125759.0,125759.0,32352.0,32352.0,42338.0,51849.0,93917.0,93917.0,20710.0,21667.0,65869.0,65869.0,21483.0,37432.0,84100.0
639,ANIL,ANIL NEERUKONDA INSTITUTE OF TECHNOLOGY AND SCI,PVT,VISAKHAPATNAM,BHEEMUNIPATNAM,COED,AU,EEE,30843.0,30843.0,177533.0,177533.0,147488.0,147488.0,64019.0,96944.0,140822.0,140822.0,148853.0,148853.0,54578.0,54578.0,137910.0,137910.0,72500.0,61716.0,84100.0
640,ANIL,ANIL NEERUKONDA INSTITUTE OF TECHNOLOGY AND SCI,PVT,VISAKHAPATNAM,BHEEMUNIPATNAM,COED,AU,INF,14788.0,15177.0,157361.0,157361.0,154006.0,170006.0,39018.0,39018.0,42696.0,42696.0,65368.0,65368.0,28711.0,28711.0,91439.0,94139.0,26568.0,34978.0,84100.0
641,ANIL,ANIL NEERUKONDA INSTITUTE OF TECHNOLOGY AND SCI,PVT,VISAKHAPATNAM,BHEEMUNIPATNAM,COED,AU,MEC,49372.0,118222.0,176804.0,176804.0,176082.0,176082.0,86583.0,118222.0,135188.0,145935.0,54903.0,134338.0,59934.0,139864.0,133056.0,147667.0,111044.0,106091.0,84100.0
642,AUCE,A U COLLEGE OF ENGG. VISAKHAPATNAM,UNIV,VISAKHAPATNAM,VISAKHAPATNAM,COED,AU,BIO,32107.0,40565.0,79807.0,79807.0,32107.0,40565.0,86784.0,86784.0,32107.0,40565.0,32107.0,40565.0,32107.0,40565.0,32107.0,40565.0,77310.0,77310.0,44500.0
643,AUCE,A U COLLEGE OF ENGG. VISAKHAPATNAM,UNIV,VISAKHAPATNAM,VISAKHAPATNAM,COED,AU,CHE,16747.0,16747.0,55433.0,157119.0,56693.0,77171.0,30764.0,30764.0,33303.0,33303.0,16747.0,16747.0,21451.0,21451.0,67627.0,68084.0,31061.0,29859.0,44500.0
644,AUCE,A U COLLEGE OF ENGG. VISAKHAPATNAM,UNIV,VISAKHAPATNAM,VISAKHAPATNAM,COED,AU,CIV,18485.0,18485.0,37560.0,37560.0,33996.0,36815.0,24784.0,27647.0,31112.0,31112.0,88094.0,88094.0,18489.0,18489.0,23612.0,36892.0,22595.0,81891.0,44500.0
645,AUCE,A U COLLEGE OF ENGG. VISAKHAPATNAM,UNIV,VISAKHAPATNAM,VISAKHAPATNAM,COED,AU,CSE,2524.0,2544.0,4194.0,4194.0,4523.0,8075.0,2619.0,2619.0,2524.0,2544.0,2524.0,2544.0,2524.0,2544.0,2524.0,2544.0,1682.0,1920.0,44500.0
646,AUCE,A U COLLEGE OF ENGG. VISAKHAPATNAM,UNIV,VISAKHAPATNAM,VISAKHAPATNAM,COED,AU,ECE,3842.0,4760.0,12957.0,12957.0,13720.0,13720.0,3842.0,4760.0,3842.0,4760.0,4463.0,4760.0,3848.0,5833.0,4391.0,22276.0,4331.0,6352.0,44500.0
647,AUCE,A U COLLEGE OF ENGG. VISAKHAPATNAM,UNIV,VISAKHAPATNAM,VISAKHAPATNAM,COED,AU,EEE,7499.0,11204.0,25750.0,25750.0,25389.0,25389.0,11658.0,11658.0,11603.0,20787.0,7499.0,11204.0,9674.0,11451.0,17613.0,17613.0,9038.0,47663.0,44500.0
648,AUCE,A U COLLEGE OF ENGG. VISAKHAPATNAM,UNIV,VISAKHAPATNAM,VISAKHAPATNAM,COED,AU,GIN,26257.0,26257.0,58510.0,70759.0,73442.0,127171.0,44390.0,105142.0,53359.0,70747.0,26257.0,26257.0,33352.0,59130.0,100451.0,100451.0,85673.0,53707.0,44500.0
649,AUCE,A U COLLEGE OF ENGG. VISAKHAPATNAM,UNIV,VISAKHAPATNAM,VISAKHAPATNAM,COED,AU,IST,13284.0,13284.0,49422.0,98893.0,68012.0,68012.0,21302.0,27618.0,29211.0,96949.0,13284.0,13284.0,23395.0,23395.0,20878.0,34441.0,24040.0,43699.0,44500.0
650,AUCE,A U COLLEGE OF ENGG. VISAKHAPATNAM,UNIV,VISAKHAPATNAM,VISAKHAPATNAM,COED,AU,MEC,12665.0,30943.0,25376.0,38608.0,61645.0,61645.0,17166.0,30943.0,16341.0,30943.0,12665.0,30943.0,12665.0,41706.0,12665.0,30943.0,12043.0,21746.0,44500.0
651,AUCE,A U COLLEGE OF ENGG. VISAKHAPATNAM,UNIV,VISAKHAPATNAM,VISAKHAPATNAM,COED,AU,MET,25817.0,25817.0,72289.0,117493.0,36704.0,57991.0,90346.0,90346.0,63281.0,63281.0,25817.0,25817.0,40351.0,66542.0,25817.0,25817.0,62256.0,42313.0,44500.0
652,AUCE,A U COLLEGE OF ENGG. VISAKHAPATNAM,UNIV,VISAKHAPATNAM,VISAKHAPATNAM,COED,AU,NAM,13196.0,13196.0,28205.0,91615.0,52615.0,101086.0,21458.0,21458.0,29532.0,29532.0,13196.0,13196.0,30285.0,30285.0,47703.0,47703.0,30712.0,18241.0,44500.0
653,AUCESF,A U COLLEGE OF ENGG-SELF FINANCE VISAKHAPATNAM,SF,VISAKHAPATNAM,VISAKHAPATNAM,COED,AU,INF,7787.0,9129.0,33925.0,33925.0,20163.0,48052.0,11379.0,18341.0,9642.0,12577.0,7787.0,9129.0,7787.0,11067.0,11924.0,11924.0,9723.0,11981.0,62000.0
654,AUCP,AU COLLEGE OF ENGG. SCHOOL OF PHARMACY,UNIV,VISAKHAPATNAM,VISAKHAPATNAM,COED,AU,PHM,83872.0,83872.0,159611.0,159611.0,165786.0,165786.0,171720.0,171720.0,125653.0,125653.0,83872.0,83872.0,115717.0,117026.0,147953.0,147953.0,130481.0,167148.0,29900.0
655,AUCPSF,AU COLLEGE OF ENGG.SCHOOL OF PHARMACY-SELF FINANCE,SF,VISAKHAPATNAM,VISAKHAPATNAM,COED,AU,PHD,58907.0,157228.0,58907.0,157228.0,58907.0,157228.0,58907.0,157228.0,58907.0,157228.0,58907.0,157228.0,58907.0,157228.0,58907.0,157228.0,999999.0,999999.0,68000.0
656,AUEWSF,A U COLLEGE OF ENGG FOR WOMEN-SELF FINANCE,SF,VISAKHAPATNAM,VISAKHAPATNAM,GIRLS,AU,CIV,68657.0,68657.0,174157.0,174157.0,161207.0,161207.0,136090.0,136090.0,175270.0,175270.0,68657.0,68657.0,84882.0,84882.0,107384.0,107384.0,134821.0,134821.0,62000.0
657,AUEWSF,A U COLLEGE OF ENGG FOR WOMEN-SELF FINANCE,SF,VISAKHAPATNAM,VISAKHAPATNAM,GIRLS,AU,CSE,15475.0,15475.0,35747.0,35747.0,34982.0,34982.0,20796.0,20796.0,24796.0,24796.0,28753.0,28753.0,16084.0,16084.0,19051.0,19051.0,23038.0,23038.0,62000.0
658,AUEWSF,A U COLLEGE OF ENGG FOR WOMEN-SELF FINANCE,SF,VISAKHAPATNAM,VISAKHAPATNAM,GIRLS,AU,ECE,30096.0,30096.0,57018.0,57018.0,124584.0,124584.0,74758.0,74758.0,55081.0,55081.0,999999.0,999999.0,41248.0,41248.0,47784.0,47784.0,36151.0,36151.0,62000.0
659,AUEWSF,A U COLLEGE OF ENGG FOR WOMEN-SELF FINANCE,SF,VISAKHAPATNAM,VISAKHAPATNAM,GIRLS,AU,EEE,73277.0,73277.0,150226.0,150226.0,93051.0,93051.0,101478.0,101478.0,87071.0,87071.0,78794.0,78794.0,90488.0,90488.0,92680.0,92680.0,100463.0,100463.0,62000.0
660,AUEWSF,A U COLLEGE OF ENGG FOR WOMEN-SELF FINANCE,SF,VISAKHAPATNAM,VISAKHAPATNAM,GIRLS,AU,INF,24714.0,24714.0,92397.0,92397.0,94556.0,94556.0,65758.0,65758.0,87314.0,87314.0,71618.0,71618.0,41229.0,41229.0,135408.0,135408.0,46023.0,46023.0,62000.0
661,AUEWSF,A U COLLEGE OF ENGG FOR WOMEN-SELF FINANCE,SF,VISAKHAPATNAM,VISAKHAPATNAM,GIRLS,AU,MEC,78374.0,78374.0,165368.0,165368.0,144181.0,144181.0,145611.0,145611.0,137464.0,137464.0,999999.0,999999.0,131820.0,131820.0,99258.0,99258.0,161918.0,161918.0,62000.0
662,AVEN,AVANTHI INSTITUTE OF ENGG. AND TECHNOLOGY,PVT,VISAKHAPATNAM,NARSIPATNAM,COED,JNTUV,CSD,999999.0,999999.0,128823.0,133051.0,130914.0,138610.0,159534.0,162622.0,121970.0,175429.0,999999.0,999999.0,130217.0,130217.0,156189.0,159401.0,137462.0,149535.0,43000.0
663,AVEN,AVANTHI INSTITUTE OF ENGG. AND TECHNOLOGY,PVT,VISAKHAPATNAM,NARSIPATNAM,COED,JNTUV,CSE,74420.0,74420.0,177730.0,177730.0,160420.0,169501.0,151517.0,151517.0,169497.0,169497.0,113690.0,113690.0,127423.0,127423.0,170314.0,170314.0,173798.0,139061.0,43000.0
664,AVEN,AVANTHI INSTITUTE OF ENGG. AND TECHNOLOGY,PVT,VISAKHAPATNAM,NARSIPATNAM,COED,JNTUV,CSM,49963.0,49963.0,124527.0,159786.0,125840.0,173657.0,162502.0,162502.0,129695.0,139293.0,122811.0,122811.0,119490.0,119490.0,49963.0,49963.0,112394.0,106962.0,43000.0
665,AVEN,AVANTHI INSTITUTE OF ENGG. AND TECHNOLOGY,PVT,VISAKHAPATNAM,NARSIPATNAM,COED,JNTUV,ECE,78027.0,78027.0,177258.0,177258.0,149799.0,149799.0,175677.0,175677.0,172128.0,172128.0,78027.0,133594.0,150726.0,150726.0,170430.0,170430.0,94794.0,68370.0,43000.0
666,AVEN,AVANTHI INSTITUTE OF ENGG. AND TECHNOLOGY,PVT,VISAKHAPATNAM,NARSIPATNAM,COED,JNTUV,EEE,71336.0,71336.0,162789.0,162789.0,71336.0,71336.0,150107.0,172045.0,174335.0,174335.0,176348.0,176348.0,171597.0,171597.0,153617.0,153617.0,999999.0,999999.0,43000.0
667,AVEN,AVANTHI INSTITUTE OF ENGG. AND TECHNOLOGY,PVT,VISAKHAPATNAM,NARSIPATNAM,COED,JNTUV,MEC,154584.0,154584.0,154584.0,154584.0,154584.0,154584.0,154584.0,154584.0,169282.0,169282.0,160061.0,160061.0,172662.0,174080.0,172041.0,176810.0,161492.0,161492.0,43000.0
668,BABA,BABA INST OF TECH AND SCIENCES,PVT,VISAKHAPATNAM,VISAKHAPATNAM,COED,JNTUV,AIM,101208.0,101208.0,164522.0,164522.0,102072.0,102072.0,171887.0,171887.0,157996.0,157996.0,101208.0,101208.0,128399.0,134472.0,166403.0,166403.0,160878.0,130115.0,43000.0
669,BABA,BABA INST OF TECH AND SCIENCES,PVT,VISAKHAPATNAM,VISAKHAPATNAM,COED,JNTUV,CIV,33095.0,139827.0,151684.0,151684.0,33095.0,168215.0,159808.0,159808.0,163555.0,163555.0,33095.0,139827.0,173992.0,173992.0,33095.0,139827.0,999999.0,999999.0,43000.0
670,BABA,BABA INST OF TECH AND SCIENCES,PVT,VISAKHAPATNAM,VISAKHAPATNAM,COED,JNTUV,CS,91670.0,91670.0,149472.0,164536.0,142020.0,142020.0,170610.0,170610.0,158241.0,169781.0,91670.0,91670.0,144201.0,174671.0,167083.0,167083.0,153969.0,153969.0,43000.0
671,BABA,BABA INST OF TECH AND SCIENCES,PVT,VISAKHAPATNAM,VISAKHAPATNAM,COED,JNTUV,CSE,97457.0,97457.0,176668.0,176668.0,157726.0,177434.0,175581.0,175581.0,176208.0,176208.0,97457.0,97457.0,110592.0,136021.0,173608.0,173608.0,136910.0,158763.0,43000.0
672,BABA,BABA INST OF TECH AND SCIENCES,PVT,VISAKHAPATNAM,VISAKHAPATNAM,COED,JNTUV,ECE,86191.0,87189.0,165448.0,167730.0,114340.0,114340.0,143465.0,174036.0,144747.0,150793.0,126659.0,126659.0,148192.0,148192.0,139836.0,139836.0,175247.0,166329.0,43000.0
673,BABA,BABA INST OF TECH AND SCIENCES,PVT,VISAKHAPATNAM,VISAKHAPATNAM,COED,JNTUV,EEE,999999.0,999999.0,126099.0,126099.0,155743.0,173727.0,164381.0,164381.0,142176.0,142176.0,999999.0,999999.0,174957.0,174957.0,999999.0,999999.0,999999.0,999999.0,43000.0
674,BABA,BABA INST OF TECH AND SCIENCES,PVT,VISAKHAPATNAM,VISAKHAPATNAM,COED,JNTUV,MEC,119000.0,119000.0,165965.0,165965.0,119000.0,138387.0,176810.0,176810.0,157674.0,168548.0,130203.0,130203.0,166646.0,166646.0,176403.0,176403.0,999999.0,999999.0,43000.0
675,BCET,BEHARA COLLEGE OF ENGINEERING AND TECHNOLOGY,PVT,VISAKHAPATNAM,VISAKHAPATNAM,COED,JNTUV,CSD,51457.0,83198.0,51457.0,83198.0,51457.0,83198.0,51457.0,83198.0,51457.0,83198.0,51457.0,83198.0,51457.0,83198.0,51457.0,83198.0,999999.0,999999.0,43000.0
676,BCET,BEHARA COLLEGE OF ENGINEERING AND TECHNOLOGY,PVT,VISAKHAPATNAM,VISAKHAPATNAM,COED,JNTUV,CSE,136007.0,136007.0,169458.0,175731.0,148925.0,174391.0,170600.0,170600.0,152572.0,172768.0,157149.0,157149.0,177268.0,177268.0,166956.0,170050.0,144344.0,144344.0,43000.0
677,BCET,BEHARA COLLEGE OF ENGINEERING AND TECHNOLOGY,PVT,VISAKHAPATNAM,VISAKHAPATNAM,COED,JNTUV,ECE,115497.0,132024.0,115497.0,132024.0,173808.0,173808.0,152871.0,167952.0,160412.0,160412.0,115497.0,132024.0,158770.0,175609.0,115497.0,132024.0,999999.0,999999.0,43000.0
678,BCET,BEHARA COLLEGE OF ENGINEERING AND TECHNOLOGY,PVT,VISAKHAPATNAM,VISAKHAPATNAM,COED,JNTUV,MEC,170258.0,170258.0,170258.0,170258.0,170258.0,170258.0,170258.0,170258.0,170258.0,170258.0,170258.0,170258.0,170258.0,170258.0,170258.0,170258.0,999999.0,999999.0,43000.0
679,CEVP,CHAITANYA ENGINEERING COLLEGE,PVT,VISAKHAPATNAM,VISAKHAPATNAM,COED,JNTUV,AID,148847.0,148847.0,177437.0,177437.0,148847.0,148847.0,169719.0,169719.0,148847.0,148847.0,148847.0,148847.0,154114.0,154114.0,148847.0,148847.0,170825.0,162830.0,43000.0
680,CEVP,CHAITANYA ENGINEERING COLLEGE,PVT,VISAKHAPATNAM,VISAKHAPATNAM,COED,JNTUV,CAI,94003.0,94003.0,158593.0,177375.0,174795.0,174795.0,166949.0,166949.0,142481.0,142481.0,140589.0,140589.0,176017.0,176017.0,119690.0,171921.0,153156.0,153156.0,43000.0
681,CEVP,CHAITANYA ENGINEERING COLLEGE,PVT,VISAKHAPATNAM,VISAKHAPATNAM,COED,JNTUV,CIV,99956.0,99956.0,99956.0,176330.0,149285.0,149285.0,99956.0,99956.0,99956.0,99956.0,99956.0,99956.0,99956.0,99956.0,99956.0,99956.0,999999.0,999999.0,43000.0
682,CEVP,CHAITANYA ENGINEERING COLLEGE,PVT,VISAKHAPATNAM,VISAKHAPATNAM,COED,JNTUV,CSE,103186.0,103186.0,162453.0,162453.0,173008.0,173008.0,175834.0,175834.0,171553.0,172959.0,103186.0,103186.0,136684.0,166194.0,173342.0,173342.0,153215.0,152924.0,43000.0
683,CEVP,CHAITANYA ENGINEERING COLLEGE,PVT,VISAKHAPATNAM,VISAKHAPATNAM,COED,JNTUV,CSM,79769.0,92128.0,163837.0,163837.0,109615.0,109615.0,122236.0,145847.0,146715.0,170867.0,79769.0,92128.0,143211.0,143211.0,160889.0,160889.0,156898.0,156898.0,43000.0
684,CEVP,CHAITANYA ENGINEERING COLLEGE,PVT,VISAKHAPATNAM,VISAKHAPATNAM,COED,JNTUV,ECE,86909.0,86909.0,163298.0,164793.0,138660.0,146994.0,173778.0,173778.0,172617.0,172617.0,86909.0,86909.0,128097.0,136590.0,158998.0,172052.0,999999.0,999999.0,43000.0
685,CEVP,CHAITANYA ENGINEERING COLLEGE,PVT,VISAKHAPATNAM,VISAKHAPATNAM,COED,JNTUV,EEE,999999.0,999999.0,156257.0,156257.0,999999.0,999999.0,172986.0,172986.0,127249.0,161080.0,999999.0,999999.0,999999.0,999999.0,999999.0,999999.0,999999.0,999999.0,43000.0
686,CEVP,CHAITANYA ENGINEERING COLLEGE,PVT,VISAKHAPATNAM,VISAKHAPATNAM,COED,JNTUV,MEC,114670.0,114670.0,162597.0,168476.0,154202.0,154202.0,160095.0,167505.0,148228.0,148228.0,114670.0,140142.0,169254.0,172259.0,153954.0,153954.0,147715.0,147715.0,43000.0
687,DIET,DADI INSTT. OF ENGINEERING AND TECHNOLOGY,PVT,VISAKHAPATNAM,ANAKAPALLE,COED,JNTUV,CIV,120118.0,120118.0,166566.0,166998.0,152064.0,159590.0,162978.0,162978.0,158074.0,158074.0,138956.0,138956.0,136695.0,161691.0,175097.0,175097.0,999999.0,999999.0,47400.0
688,DIET,DADI INSTT. OF ENGINEERING AND TECHNOLOGY,PVT,VISAKHAPATNAM,ANAKAPALLE,COED,JNTUV,CSD,83010.0,83010.0,105392.0,105392.0,86060.0,107534.0,125360.0,125360.0,164289.0,164289.0,83010.0,90107.0,104138.0,104138.0,113696.0,134858.0,155664.0,162768.0,47400.0
689,DIET,DADI INSTT. OF ENGINEERING AND TECHNOLOGY,PVT,VISAKHAPATNAM,ANAKAPALLE,COED,JNTUV,CSE,62597.0,73844.0,174266.0,174266.0,177727.0,177727.0,157243.0,157243.0,175621.0,175621.0,73988.0,73988.0,84069.0,86116.0,154162.0,154162.0,123002.0,127616.0,47400.0
690,DIET,DADI INSTT. OF ENGINEERING AND TECHNOLOGY,PVT,VISAKHAPATNAM,ANAKAPALLE,COED,JNTUV,CSM,83139.0,83139.0,148924.0,158436.0,107593.0,107593.0,153235.0,153235.0,171053.0,175526.0,83139.0,83139.0,100717.0,104082.0,147908.0,152740.0,145805.0,147808.0,47400.0
691,DIET,DADI INSTT. OF ENGINEERING AND TECHNOLOGY,PVT,VISAKHAPATNAM,ANAKAPALLE,COED,JNTUV,ECE,53065.0,105558.0,100534.0,110360.0,98434.0,105558.0,123711.0,133170.0,143516.0,149890.0,90192.0,105558.0,101867.0,105558.0,128216.0,138399.0,173783.0,174058.0,47400.0
692,DIET,DADI INSTT. OF ENGINEERING AND TECHNOLOGY,PVT,VISAKHAPATNAM,ANAKAPALLE,COED,JNTUV,EEE,116015.0,116015.0,140357.0,140357.0,119915.0,119915.0,159396.0,160893.0,149889.0,149889.0,116015.0,116015.0,137878.0,143156.0,116015.0,116015.0,86263.0,86263.0,47400.0
693,DLBC,DR L BULLAYYA COLL EGE OF ENGINEERING,PVT,VISAKHAPATNAM,VISAKHAPATNAM,COED,AU,CIV,43106.0,120386.0,168860.0,168860.0,122728.0,126442.0,168556.0,168556.0,146012.0,171869.0,43106.0,120386.0,156816.0,170088.0,43106.0,120386.0,162668.0,162668.0,46700.0
694,DLBC,DR L BULLAYYA COLL EGE OF ENGINEERING,PVT,VISAKHAPATNAM,VISAKHAPATNAM,COED,AU,CSE,48264.0,48264.0,145144.0,150076.0,140148.0,151964.0,117517.0,117517.0,147717.0,166840.0,48264.0,48264.0,73252.0,73252.0,78201.0,78201.0,78313.0,102432.0,46700.0
695,DLBC,DR L BULLAYYA COLL EGE OF ENGINEERING,PVT,VISAKHAPATNAM,VISAKHAPATNAM,COED,AU,ECE,55044.0,60467.0,177733.0,177733.0,174299.0,174299.0,130300.0,130300.0,171722.0,171722.0,88559.0,97129.0,106654.0,108133.0,132596.0,132596.0,154645.0,111819.0,46700.0
696,DLBC,DR L BULLAYYA COLL EGE OF ENGINEERING,PVT,VISAKHAPATNAM,VISAKHAPATNAM,COED,AU,EEE,70184.0,70184.0,164268.0,169538.0,70184.0,167681.0,150487.0,156125.0,161098.0,161098.0,70184.0,70184.0,171390.0,171390.0,145603.0,145603.0,999999.0,999999.0,46700.0
697,GITS,GONNA INST OF INFO TECHNOLOGY SCIENCES,PVT,VISAKHAPATNAM,VISAKHAPATNAM,COED,JNTUV,CIV,154696.0,154696.0,177623.0,177623.0,154696.0,154696.0,154696.0,154696.0,154696.0,154696.0,154696.0,154696.0,154696.0,154696.0,154696.0,154696.0,999999.0,999999.0,46300.0
698,GITS,GONNA INST OF INFO TECHNOLOGY SCIENCES,PVT,VISAKHAPATNAM,VISAKHAPATNAM,COED,JNTUV,CSE,129279.0,129279.0,177049.0,177049.0,157735.0,157735.0,144790.0,170734.0,161737.0,161737.0,129279.0,168244.0,175530.0,175530.0,137855.0,167901.0,176221.0,176221.0,46300.0
699,GITS,GONNA INST OF INFO TECHNOLOGY SCIENCES,PVT,VISAKHAPATNAM,VISAKHAPATNAM,COED,JNTUV,ECE,93137.0,105299.0,169540.0,169540.0,157669.0,157669.0,171501.0,171501.0,93137.0,144856.0,93137.0,105299.0,132738.0,173303.0,155268.0,155268.0,999999.0,999999.0,46300.0
700,GITS,GONNA INST OF INFO TECHNOLOGY SCIENCES,PVT,VISAKHAPATNAM,VISAKHAPATNAM,COED,JNTUV,MEC,130465.0,130465.0,145610.0,145610.0,130465.0,130465.0,170749.0,170749.0,175536.0,175536.0,130465.0,130465.0,166686.0,166686.0,130465.0,154432.0,999999.0,999999.0,46300.0
701,GVPE,GAYATHRI VIDYA PARISHAD COLL. OF ENGINEERING,PVT,VISAKHAPATNAM,VISAKHAPATNAM,COED,AU,CHE,43148.0,43148.0,131432.0,155891.0,145477.0,145477.0,47011.0,53546.0,81142.0,81142.0,43148.0,43148.0,71063.0,81788.0,117319.0,117319.0,53842.0,74283.0,105000.0
702,GVPE,GAYATHRI VIDYA PARISHAD COLL. OF ENGINEERING,PVT,VISAKHAPATNAM,VISAKHAPATNAM,COED,AU,CIV,44897.0,46545.0,158803.0,158803.0,176123.0,176123.0,74356.0,125077.0,159760.0,159760.0,126739.0,126739.0,69789.0,69789.0,171915.0,171915.0,82228.0,80631.0,105000.0
703,GVPE,GAYATHRI VIDYA PARISHAD COLL. OF ENGINEERING,PVT,VISAKHAPATNAM,VISAKHAPATNAM,COED,AU,CSD,4230.0,4662.0,31810.0,31810.0,55359.0,55359.0,8518.0,8518.0,7469.0,8926.0,4230.0,4662.0,5560.0,6587.0,8655.0,10101.0,4936.0,5103.0,105000.0
704,GVPE,GAYATHRI VIDYA PARISHAD COLL. OF ENGINEERING,PVT,VISAKHAPATNAM,VISAKHAPATNAM,COED,AU,CSE,3838.0,4582.0,23703.0,24512.0,40092.0,40092.0,4601.0,4907.0,4143.0,4582.0,14935.0,14935.0,3838.0,4582.0,7580.0,7869.0,4693.0,3388.0,105000.0
705,GVPE,GAYATHRI VIDYA PARISHAD COLL. OF ENGINEERING,PVT,VISAKHAPATNAM,VISAKHAPATNAM,COED,AU,CSM,4079.0,4079.0,25727.0,25727.0,49958.0,49958.0,4561.0,4561.0,5733.0,6261.0,4079.0,4079.0,4625.0,4625.0,7159.0,7159.0,4698.0,3574.0,105000.0
706,GVPE,GAYATHRI VIDYA PARISHAD COLL. OF ENGINEERING,PVT,VISAKHAPATNAM,VISAKHAPATNAM,COED,AU,ECE,6787.0,7185.0,38015.0,63357.0,66815.0,66815.0,10076.0,10076.0,8712.0,13417.0,17284.0,17284.0,8398.0,8924.0,25539.0,42746.0,11835.0,20871.0,105000.0
707,GVPE,GAYATHRI VIDYA PARISHAD COLL. OF ENGINEERING,PVT,VISAKHAPATNAM,VISAKHAPATNAM,COED,AU,EEE,23074.0,23074.0,120142.0,141064.0,53522.0,150617.0,33320.0,71424.0,38320.0,56046.0,23074.0,31613.0,24089.0,26169.0,94134.0,94134.0,52891.0,26179.0,105000.0
708,GVPE,GAYATHRI VIDYA PARISHAD COLL. OF ENGINEERING,PVT,VISAKHAPATNAM,VISAKHAPATNAM,COED,AU,INF,6422.0,7250.0,48940.0,49921.0,140983.0,140983.0,9909.0,10136.0,10638.0,10638.0,6422.0,7250.0,12825.0,14097.0,24434.0,24434.0,9494.0,14632.0,105000.0
709,GVPE,GAYATHRI VIDYA PARISHAD COLL. OF ENGINEERING,PVT,VISAKHAPATNAM,VISAKHAPATNAM,COED,AU,MEC,27664.0,40326.0,171510.0,171510.0,117563.0,177661.0,40032.0,74314.0,91053.0,133090.0,27664.0,40326.0,38560.0,83151.0,87358.0,87358.0,56759.0,78796.0,105000.0
710,GVPE,GAYATHRI VIDYA PARISHAD COLL. OF ENGINEERING,PVT,VISAKHAPATNAM,VISAKHAPATNAM,COED,AU,MRB,38691.0,38691.0,151233.0,151233.0,174724.0,174724.0,63404.0,94116.0,74733.0,116119.0,59742.0,59742.0,69458.0,105334.0,75203.0,112273.0,80886.0,118152.0,105000.0
711,GVPT,G V P COLLEGE FOR DEGREE AND PG COURSES,PVT,VISAKHAPATNAM,VISAKHAPATNAM,COED,AU,CIV,39321.0,39321.0,177835.0,177835.0,145779.0,145779.0,138540.0,138540.0,163161.0,163418.0,39321.0,39321.0,132303.0,150291.0,156949.0,156949.0,166628.0,155098.0,92400.0
712,GVPT,G V P COLLEGE FOR DEGREE AND PG COURSES,PVT,VISAKHAPATNAM,VISAKHAPATNAM,COED,AU,CSE,42218.0,42218.0,161986.0,163855.0,166322.0,166322.0,49401.0,78848.0,73457.0,77403.0,87629.0,87629.0,54918.0,54918.0,114923.0,133042.0,63466.0,65271.0,92400.0
713,GVPT,G V P COLLEGE FOR DEGREE AND PG COURSES,PVT,VISAKHAPATNAM,VISAKHAPATNAM,COED,AU,CSM,23508.0,23508.0,168016.0,168016.0,112636.0,120295.0,80069.0,80069.0,81410.0,81410.0,23508.0,23508.0,50787.0,50787.0,74763.0,144275.0,44422.0,33533.0,92400.0
714,GVPT,G V P COLLEGE FOR DEGREE AND PG COURSES,PVT,VISAKHAPATNAM,VISAKHAPATNAM,COED,AU,ECE,23711.0,26618.0,177390.0,177390.0,162877.0,162877.0,83866.0,86259.0,97501.0,106441.0,88095.0,88095.0,62972.0,62972.0,85279.0,99560.0,68073.0,56111.0,92400.0
715,GVPT,G V P COLLEGE FOR DEGREE AND PG COURSES,PVT,VISAKHAPATNAM,VISAKHAPATNAM,COED,AU,MEC,81890.0,89661.0,175323.0,175323.0,81890.0,94780.0,140768.0,168130.0,118676.0,141059.0,81890.0,96877.0,92482.0,148236.0,132843.0,132843.0,120294.0,131241.0,92400.0
716,GVPW,GAYATHRI VIDYA PARISHAD COLL OF ENGG FOR WOMEN,PVT,VISAKHAPATNAM,VISAKHAPATNAM,GIRLS,AU,CSE,25199.0,25199.0,94558.0,94558.0,119749.0,119749.0,40469.0,40469.0,39921.0,39921.0,67319.0,67319.0,26506.0,26506.0,58215.0,58215.0,34954.0,34954.0,105000.0
717,GVPW,GAYATHRI VIDYA PARISHAD COLL OF ENGG FOR WOMEN,PVT,VISAKHAPATNAM,VISAKHAPATNAM,GIRLS,AU,CSM,26519.0,26519.0,114279.0,114279.0,111086.0,111086.0,51556.0,51556.0,43587.0,43587.0,43080.0,43080.0,31970.0,31970.0,159928.0,159928.0,35793.0,35793.0,105000.0
718,GVPW,GAYATHRI VIDYA PARISHAD COLL OF ENGG FOR WOMEN,PVT,VISAKHAPATNAM,VISAKHAPATNAM,GIRLS,AU,ECE,35367.0,35367.0,137513.0,137513.0,144035.0,144035.0,65511.0,65511.0,60239.0,60239.0,35367.0,35367.0,44319.0,44319.0,145579.0,145579.0,53032.0,53032.0,105000.0
719,GVPW,GAYATHRI VIDYA PARISHAD COLL OF ENGG FOR WOMEN,PVT,VISAKHAPATNAM,VISAKHAPATNAM,GIRLS,AU,EEE,59894.0,59894.0,163321.0,163321.0,88615.0,88615.0,126692.0,126692.0,91296.0,91296.0,999999.0,999999.0,76729.0,76729.0,83720.0,83720.0,86494.0,86494.0,105000.0
720,GVPW,GAYATHRI VIDYA PARISHAD COLL OF ENGG FOR WOMEN,PVT,VISAKHAPATNAM,VISAKHAPATNAM,GIRLS,AU,INF,37675.0,37675.0,118708.0,118708.0,122760.0,122760.0,57004.0,57004.0,94050.0,94050.0,46783.0,46783.0,46179.0,46179.0,132843.0,132843.0,43436.0,43436.0,105000.0
721,NSRE,N S RAJU INSTITUTE OF ENGG AND TECHNOLOGY,PVT,VISAKHAPATNAM,DAKAMARRI VILLAGE,COED,JNTUV,CSE,61538.0,73111.0,118694.0,126681.0,123385.0,133445.0,148434.0,170098.0,167096.0,167096.0,61538.0,73111.0,107782.0,123264.0,159076.0,159076.0,107317.0,82955.0,43000.0
722,NSRE,N S RAJU INSTITUTE OF ENGG AND TECHNOLOGY,PVT,VISAKHAPATNAM,DAKAMARRI VILLAGE,COED,JNTUV,CSM,70036.0,70036.0,144455.0,144455.0,134232.0,134232.0,176284.0,176284.0,128510.0,133288.0,87176.0,89601.0,123978.0,153190.0,139243.0,143449.0,119098.0,125171.0,43000.0
723,NSRE,N S RAJU INSTITUTE OF ENGG AND TECHNOLOGY,PVT,VISAKHAPATNAM,DAKAMARRI VILLAGE,COED,JNTUV,ECE,88251.0,88251.0,150178.0,169449.0,116744.0,169731.0,136073.0,175911.0,166653.0,170978.0,88251.0,172880.0,146218.0,174797.0,154478.0,154478.0,167155.0,98055.0,43000.0
724,NSRE,N S RAJU INSTITUTE OF ENGG AND TECHNOLOGY,PVT,VISAKHAPATNAM,DAKAMARRI VILLAGE,COED,JNTUV,EEE,999999.0,999999.0,59523.0,121958.0,999999.0,999999.0,172929.0,172929.0,999999.0,999999.0,121660.0,121660.0,111685.0,111685.0,999999.0,999999.0,999999.0,999999.0,43000.0
725,NSRE,N S RAJU INSTITUTE OF ENGG AND TECHNOLOGY,PVT,VISAKHAPATNAM,DAKAMARRI VILLAGE,COED,JNTUV,MEC,90748.0,90748.0,90748.0,90748.0,90748.0,90748.0,157969.0,157969.0,90748.0,90748.0,90748.0,90748.0,162466.0,162466.0,140659.0,140659.0,999999.0,999999.0,43000.0
726,NSRT,NADIMPALLI SATYANARAYANA RAJU INSTITUTE OF TECHNOLOGY,PVT,VISAKHAPATNAM,VISAKHAPATNAM,COED,JNTUV,CIV,97168.0,97168.0,110302.0,146360.0,158605.0,158605.0,171518.0,171518.0,135139.0,135139.0,97168.0,97168.0,106238.0,146174.0,141422.0,141422.0,173789.0,173789.0,43000.0
727,NSRT,NADIMPALLI SATYANARAYANA RAJU INSTITUTE OF TECHNOLOGY,PVT,VISAKHAPATNAM,VISAKHAPATNAM,COED,JNTUV,CSD,48312.0,48312.0,176659.0,176659.0,52249.0,67925.0,87221.0,87221.0,92358.0,98999.0,48312.0,48312.0,53750.0,53750.0,93398.0,93398.0,69970.0,56197.0,43000.0
728,NSRT,NADIMPALLI SATYANARAYANA RAJU INSTITUTE OF TECHNOLOGY,PVT,VISAKHAPATNAM,VISAKHAPATNAM,COED,JNTUV,CSE,47826.0,47826.0,170891.0,177486.0,165491.0,176903.0,75655.0,95093.0,111748.0,111748.0,125843.0,125843.0,54767.0,59380.0,154261.0,154261.0,67054.0,69704.0,43000.0
729,NSRT,NADIMPALLI SATYANARAYANA RAJU INSTITUTE OF TECHNOLOGY,PVT,VISAKHAPATNAM,VISAKHAPATNAM,COED,JNTUV,CSM,49785.0,49785.0,177528.0,177528.0,60864.0,60864.0,100138.0,101471.0,115321.0,115321.0,56605.0,56605.0,61253.0,63247.0,94568.0,162955.0,77148.0,73025.0,43000.0
730,NSRT,NADIMPALLI SATYANARAYANA RAJU INSTITUTE OF TECHNOLOGY,PVT,VISAKHAPATNAM,VISAKHAPATNAM,COED,JNTUV,ECE,52281.0,59993.0,172743.0,172743.0,69602.0,69602.0,108484.0,108484.0,118983.0,118983.0,52281.0,59993.0,68279.0,74945.0,93861.0,94307.0,88078.0,99661.0,43000.0
731,NSRT,NADIMPALLI SATYANARAYANA RAJU INSTITUTE OF TECHNOLOGY,PVT,VISAKHAPATNAM,VISAKHAPATNAM,COED,JNTUV,EEE,73702.0,73702.0,125217.0,175895.0,84701.0,168051.0,121485.0,134595.0,119921.0,119921.0,73702.0,73702.0,82867.0,90770.0,126918.0,126918.0,130980.0,140104.0,43000.0
732,NSRT,NADIMPALLI SATYANARAYANA RAJU INSTITUTE OF TECHNOLOGY,PVT,VISAKHAPATNAM,VISAKHAPATNAM,COED,JNTUV,MEC,75517.0,75517.0,90333.0,158573.0,98826.0,99747.0,131522.0,131522.0,156879.0,156879.0,90760.0,90760.0,98788.0,148220.0,132519.0,132519.0,152911.0,134706.0,43000.0
733,RAGU,RAGHU ENGINEERING COLLEGE,PVT,VISAKHAPATNAM,BHEEMUNIPATNAM,COED,JNTUV,CIV,71355.0,71355.0,163316.0,176359.0,163835.0,165873.0,114842.0,133907.0,166110.0,166110.0,71355.0,71355.0,106142.0,111345.0,114549.0,124126.0,121214.0,90713.0,80800.0
734,RAGU,RAGHU ENGINEERING COLLEGE,PVT,VISAKHAPATNAM,BHEEMUNIPATNAM,COED,JNTUV,CSC,31239.0,31239.0,137291.0,168050.0,107600.0,132973.0,69360.0,69360.0,88260.0,88260.0,31239.0,31239.0,50269.0,51370.0,75346.0,150757.0,58945.0,64901.0,80800.0
735,RAGU,RAGHU ENGINEERING COLLEGE,PVT,VISAKHAPATNAM,BHEEMUNIPATNAM,COED,JNTUV,CSD,37009.0,37009.0,168677.0,177622.0,163048.0,172272.0,65345.0,87885.0,85897.0,112078.0,37009.0,49928.0,49091.0,50221.0,172581.0,172581.0,58242.0,41334.0,80800.0
736,RAGU,RAGHU ENGINEERING COLLEGE,PVT,VISAKHAPATNAM,BHEEMUNIPATNAM,COED,JNTUV,CSE,32276.0,34835.0,153668.0,162213.0,172535.0,175551.0,57772.0,65010.0,69980.0,106208.0,171058.0,171058.0,38400.0,43190.0,172634.0,172634.0,48559.0,59548.0,80800.0
737,RAGU,RAGHU ENGINEERING COLLEGE,PVT,VISAKHAPATNAM,BHEEMUNIPATNAM,COED,JNTUV,CSM,36117.0,42691.0,157554.0,176146.0,163372.0,174239.0,55376.0,87584.0,71670.0,71670.0,36117.0,149787.0,40976.0,45986.0,173924.0,173924.0,47517.0,63309.0,80800.0
738,RAGU,RAGHU ENGINEERING COLLEGE,PVT,VISAKHAPATNAM,BHEEMUNIPATNAM,COED,JNTUV,CSO,999999.0,999999.0,163481.0,163481.0,55163.0,163184.0,90494.0,90494.0,107349.0,107349.0,54656.0,54656.0,54522.0,60783.0,91018.0,91018.0,60164.0,45769.0,80800.0
739,RAGU,RAGHU ENGINEERING COLLEGE,PVT,VISAKHAPATNAM,BHEEMUNIPATNAM,COED,JNTUV,ECE,31030.0,31030.0,165395.0,165395.0,177709.0,177709.0,62518.0,99058.0,77319.0,77319.0,139463.0,139463.0,43921.0,50897.0,154915.0,158488.0,63961.0,65945.0,80800.0
740,RAGU,RAGHU ENGINEERING COLLEGE,PVT,VISAKHAPATNAM,BHEEMUNIPATNAM,COED,JNTUV,EEE,999999.0,999999.0,171196.0,171196.0,73557.0,73557.0,92604.0,92604.0,126881.0,173535.0,62027.0,62027.0,67365.0,78814.0,157480.0,157480.0,81837.0,66937.0,80800.0
741,RAGU,RAGHU ENGINEERING COLLEGE,PVT,VISAKHAPATNAM,BHEEMUNIPATNAM,COED,JNTUV,MEC,61674.0,101310.0,177135.0,177135.0,176717.0,176717.0,119693.0,159263.0,173226.0,173226.0,74059.0,101310.0,101924.0,146904.0,119139.0,119139.0,170149.0,157626.0,80800.0
742,SAVE,SANKETHIKA VIDYA PARISHAD ENGINEERING COLLEGE,PVT,VISAKHAPATNAM,VISAKHAPATNAM,COED,AU,AID,134092.0,134092.0,171322.0,176162.0,141481.0,141481.0,173609.0,173609.0,161635.0,161635.0,134092.0,134092.0,153050.0,153050.0,146966.0,153770.0,149554.0,129473.0,43000.0
743,SAVE,SANKETHIKA VIDYA PARISHAD ENGINEERING COLLEGE,PVT,VISAKHAPATNAM,VISAKHAPATNAM,COED,AU,AIM,94057.0,95938.0,170093.0,170093.0,94057.0,140013.0,159283.0,159283.0,167803.0,167803.0,122220.0,122220.0,148640.0,173448.0,162036.0,162036.0,158878.0,158878.0,43000.0
744,SAVE,SANKETHIKA VIDYA PARISHAD ENGINEERING COLLEGE,PVT,VISAKHAPATNAM,VISAKHAPATNAM,COED,AU,CIV,144231.0,144231.0,147097.0,147097.0,144231.0,144231.0,144231.0,144231.0,169462.0,170192.0,144231.0,144231.0,176805.0,176805.0,144231.0,160824.0,999999.0,999999.0,43000.0
745,SAVE,SANKETHIKA VIDYA PARISHAD ENGINEERING COLLEGE,PVT,VISAKHAPATNAM,VISAKHAPATNAM,COED,AU,CSE,77850.0,77850.0,176531.0,176531.0,93256.0,130099.0,172436.0,172436.0,170483.0,170483.0,77850.0,87564.0,123534.0,123669.0,131082.0,131082.0,145097.0,169450.0,43000.0
746,SAVE,SANKETHIKA VIDYA PARISHAD ENGINEERING COLLEGE,PVT,VISAKHAPATNAM,VISAKHAPATNAM,COED,AU,ECE,85134.0,85134.0,173250.0,173280.0,175377.0,175377.0,148810.0,164439.0,146742.0,149899.0,112780.0,112780.0,163017.0,171713.0,145955.0,150508.0,167672.0,169991.0,43000.0
747,SAVE,SANKETHIKA VIDYA PARISHAD ENGINEERING COLLEGE,PVT,VISAKHAPATNAM,VISAKHAPATNAM,COED,AU,EEE,116186.0,116186.0,177163.0,177163.0,160916.0,160916.0,152964.0,166676.0,163632.0,163632.0,116186.0,116186.0,173511.0,173511.0,160233.0,174418.0,999999.0,999999.0,43000.0
748,SAVE,SANKETHIKA VIDYA PARISHAD ENGINEERING COLLEGE,PVT,VISAKHAPATNAM,VISAKHAPATNAM,COED,AU,MEC,82853.0,162134.0,160408.0,162134.0,82853.0,162134.0,173630.0,173630.0,151480.0,166579.0,82853.0,162134.0,146328.0,172663.0,174915.0,174915.0,999999.0,999999.0,43000.0
749,SAVEOC,SANKETHIKA VIDYA PARISHAD ENGINEERING COLLEGE-OFF CAMPUS,PVT,VISAKHAPATNAM,VISAKHAPATNAM,COED,AU,AI,138959.0,138959.0,175445.0,176513.0,173316.0,173316.0,147060.0,166617.0,177109.0,177109.0,138959.0,138959.0,138959.0,169207.0,138959.0,138959.0,999999.0,999999.0,43000.0
750,SAVEOC,SANKETHIKA VIDYA PARISHAD ENGINEERING COLLEGE-OFF CAMPUS,PVT,VISAKHAPATNAM,VISAKHAPATNAM,COED,AU,CSE,99394.0,99394.0,164515.0,164515.0,148358.0,160260.0,169394.0,173870.0,154745.0,174226.0,99394.0,119780.0,172899.0,175735.0,166603.0,172759.0,111910.0,111910.0,43000.0
751,SAVEOC,SANKETHIKA VIDYA PARISHAD ENGINEERING COLLEGE-OFF CAMPUS,PVT,VISAKHAPATNAM,VISAKHAPATNAM,COED,AU,ECE,98966.0,126810.0,98966.0,126810.0,168743.0,170810.0,174018.0,174018.0,174102.0,174102.0,98966.0,126810.0,153336.0,166883.0,98966.0,126810.0,999999.0,999999.0,43000.0
752,SIMH,SIMHADRI EDNL SOC GRP OF INSTNS,PVT,VISAKHAPATNAM,SABBAVARAM,COED,JNTUV,CSE,999999.0,999999.0,134573.0,159497.0,999999.0,999999.0,168156.0,168156.0,999999.0,999999.0,999999.0,999999.0,119080.0,161621.0,999999.0,999999.0,999999.0,999999.0,43000.0
753,SIMH,SIMHADRI EDNL SOC GRP OF INSTNS,PVT,VISAKHAPATNAM,SABBAVARAM,COED,JNTUV,ECE,999999.0,999999.0,999999.0,999999.0,999999.0,999999.0,147256.0,147256.0,999999.0,999999.0,999999.0,999999.0,161328.0,161328.0,999999.0,999999.0,999999.0,999999.0,43000.0
754,SIMH,SIMHADRI EDNL SOC GRP OF INSTNS,PVT,VISAKHAPATNAM,SABBAVARAM,COED,JNTUV,EEE,146242.0,146242.0,146242.0,146242.0,146242.0,146242.0,146242.0,146242.0,146242.0,146242.0,146242.0,146242.0,146242.0,146242.0,146242.0,146242.0,999999.0,999999.0,43000.0
755,VIEW,VIGNANS INSTT OF ENGINEERING FOR WOMEN,PVT,VISAKHAPATNAM,VISAKHAPATNAM,GIRLS,JNTUV,CAI,44867.0,44867.0,164781.0,164781.0,51420.0,51420.0,64992.0,64992.0,115480.0,115480.0,44867.0,44867.0,50995.0,50995.0,106644.0,106644.0,50064.0,50064.0,53000.0
756,VIEW,VIGNANS INSTT OF ENGINEERING FOR WOMEN,PVT,VISAKHAPATNAM,VISAKHAPATNAM,GIRLS,JNTUV,CSC,32635.0,32635.0,44267.0,44267.0,84254.0,84254.0,74588.0,74588.0,116052.0,116052.0,51886.0,51886.0,48287.0,48287.0,39435.0,39435.0,48032.0,48032.0,53000.0
757,VIEW,VIGNANS INSTT OF ENGINEERING FOR WOMEN,PVT,VISAKHAPATNAM,VISAKHAPATNAM,GIRLS,JNTUV,CSD,31612.0,31612.0,153674.0,153674.0,144036.0,144036.0,83224.0,83224.0,157051.0,157051.0,999999.0,999999.0,38744.0,38744.0,123557.0,123557.0,53070.0,53070.0,53000.0
758,VIEW,VIGNANS INSTT OF ENGINEERING FOR WOMEN,PVT,VISAKHAPATNAM,VISAKHAPATNAM,GIRLS,JNTUV,CSE,32533.0,32533.0,141893.0,141893.0,161378.0,161378.0,68619.0,68619.0,88578.0,88578.0,86281.0,86281.0,42712.0,42712.0,88279.0,88279.0,47800.0,47800.0,53000.0
759,VIEW,VIGNANS INSTT OF ENGINEERING FOR WOMEN,PVT,VISAKHAPATNAM,VISAKHAPATNAM,GIRLS,JNTUV,CSM,35810.0,35810.0,163353.0,163353.0,150850.0,150850.0,64705.0,64705.0,114647.0,114647.0,35810.0,35810.0,46800.0,46800.0,173925.0,173925.0,64285.0,64285.0,53000.0
760,VIEW,VIGNANS INSTT OF ENGINEERING FOR WOMEN,PVT,VISAKHAPATNAM,VISAKHAPATNAM,GIRLS,JNTUV,ECE,47616.0,47616.0,164632.0,164632.0,59703.0,59703.0,101411.0,101411.0,105096.0,105096.0,89541.0,89541.0,58732.0,58732.0,78242.0,78242.0,86177.0,86177.0,53000.0
761,VIEW,VIGNANS INSTT OF ENGINEERING FOR WOMEN,PVT,VISAKHAPATNAM,VISAKHAPATNAM,GIRLS,JNTUV,EEE,67204.0,67204.0,116685.0,116685.0,74959.0,74959.0,128157.0,128157.0,129186.0,129186.0,76819.0,76819.0,110883.0,110883.0,101466.0,101466.0,126713.0,126713.0,53000.0
762,VIEW,VIGNANS INSTT OF ENGINEERING FOR WOMEN,PVT,VISAKHAPATNAM,VISAKHAPATNAM,GIRLS,JNTUV,INF,31397.0,31397.0,149832.0,149832.0,175761.0,175761.0,100742.0,100742.0,141859.0,141859.0,999999.0,999999.0,53968.0,53968.0,64562.0,64562.0,68866.0,68866.0,53000.0
763,VIEW,VIGNANS INSTT OF ENGINEERING FOR WOMEN,PVT,VISAKHAPATNAM,VISAKHAPATNAM,GIRLS,JNTUV,MEC,67082.0,67082.0,168120.0,168120.0,174953.0,174953.0,122342.0,122342.0,156548.0,156548.0,999999.0,999999.0,136858.0,136858.0,67082.0,67082.0,120092.0,120092.0,53000.0
764,VIVP,VIGNANS INSTITUTE OF INFORMATION TECHNOLOGY,PVT,VISAKHAPATNAM,VISAKHAPATNAM,COED,JNTUV,AID,21250.0,21250.0,91592.0,127823.0,128845.0,132448.0,47337.0,47337.0,58225.0,58225.0,157192.0,157192.0,25420.0,26034.0,130344.0,130344.0,33761.0,27973.0,68700.0
765,VIVP,VIGNANS INSTITUTE OF INFORMATION TECHNOLOGY,PVT,VISAKHAPATNAM,VISAKHAPATNAM,COED,JNTUV,CAI,18512.0,21053.0,129685.0,129685.0,158310.0,158310.0,31214.0,41629.0,48154.0,48154.0,68822.0,68822.0,23085.0,23085.0,142777.0,142777.0,35430.0,23480.0,68700.0
766,VIVP,VIGNANS INSTITUTE OF INFORMATION TECHNOLOGY,PVT,VISAKHAPATNAM,VISAKHAPATNAM,COED,JNTUV,CIV,73651.0,73651.0,165819.0,169614.0,153605.0,153605.0,121961.0,121961.0,162840.0,175856.0,135219.0,135219.0,97069.0,143084.0,148629.0,148629.0,150033.0,140795.0,68700.0
767,VIVP,VIGNANS INSTITUTE OF INFORMATION TECHNOLOGY,PVT,VISAKHAPATNAM,VISAKHAPATNAM,COED,JNTUV,CSC,17294.0,17294.0,85438.0,115637.0,126137.0,175516.0,33349.0,36464.0,42187.0,42187.0,17294.0,17294.0,27897.0,27897.0,121291.0,121291.0,30657.0,26188.0,68700.0
768,VIVP,VIGNANS INSTITUTE OF INFORMATION TECHNOLOGY,PVT,VISAKHAPATNAM,VISAKHAPATNAM,COED,JNTUV,CSD,19134.0,19134.0,84687.0,86971.0,153926.0,167900.0,39938.0,39938.0,39003.0,39003.0,19134.0,46615.0,24320.0,25405.0,98315.0,98315.0,32850.0,20936.0,68700.0
769,VIVP,VIGNANS INSTITUTE OF INFORMATION TECHNOLOGY,PVT,VISAKHAPATNAM,VISAKHAPATNAM,COED,JNTUV,CSE,15152.0,15152.0,51726.0,87060.0,115599.0,117889.0,22531.0,22531.0,29577.0,29956.0,15152.0,15152.0,17606.0,17606.0,52983.0,57037.0,25234.0,25518.0,68700.0
770,VIVP,VIGNANS INSTITUTE OF INFORMATION TECHNOLOGY,PVT,VISAKHAPATNAM,VISAKHAPATNAM,COED,JNTUV,ECE,22929.0,23088.0,121200.0,121240.0,176438.0,177852.0,35903.0,35903.0,39870.0,39870.0,58289.0,58289.0,28931.0,28931.0,79581.0,79581.0,46257.0,40060.0,68700.0
771,VIVP,VIGNANS INSTITUTE OF INFORMATION TECHNOLOGY,PVT,VISAKHAPATNAM,VISAKHAPATNAM,COED,JNTUV,ECM,30190.0,30190.0,152238.0,152238.0,164475.0,164475.0,52930.0,52930.0,59644.0,133684.0,30190.0,30190.0,33239.0,33239.0,131737.0,131737.0,50379.0,56758.0,68700.0
772,VIVP,VIGNANS INSTITUTE OF INFORMATION TECHNOLOGY,PVT,VISAKHAPATNAM,VISAKHAPATNAM,COED,JNTUV,EEE,38757.0,38757.0,170302.0,173276.0,158028.0,158028.0,75432.0,97718.0,93003.0,93003.0,55914.0,55914.0,58480.0,58480.0,147757.0,147757.0,77155.0,76298.0,68700.0
773,VIVP,VIGNANS INSTITUTE OF INFORMATION TECHNOLOGY,PVT,VISAKHAPATNAM,VISAKHAPATNAM,COED,JNTUV,INF,19149.0,19149.0,149934.0,149934.0,141689.0,141689.0,37447.0,47979.0,58485.0,58485.0,25874.0,25874.0,33902.0,33902.0,157459.0,157459.0,48461.0,28531.0,68700.0
774,VIVP,VIGNANS INSTITUTE OF INFORMATION TECHNOLOGY,PVT,VISAKHAPATNAM,VISAKHAPATNAM,COED,JNTUV,MEC,52795.0,79761.0,174593.0,174593.0,177573.0,177573.0,112417.0,170354.0,133363.0,133363.0,175032.0,175032.0,75848.0,150668.0,160470.0,160470.0,129810.0,120931.0,68700.0
775,VNIP,VISWANATHA INST OF PHARM SCI,PVT,VISAKHAPATNAM,VISAKHAPATNAM,COED,JNTUV,PHD,123080.0,123080.0,123080.0,123080.0,123080.0,123080.0,123080.0,123080.0,123080.0,123080.0,123080.0,123080.0,123080.0,123080.0,123080.0,123080.0,999999.0,999999.0,38000.0
776,VSPT,VISAKHA INST OF ENGG AND TECHNOLOGY,PVT,VISAKHAPATNAM,VISAKHAPATNAM,COED,JNTUV,CIV,86783.0,86783.0,86783.0,86783.0,157881.0,157881.0,151473.0,171695.0,158473.0,158473.0,86783.0,86783.0,155655.0,160377.0,86783.0,86783.0,999999.0,999999.0,43000.0
777,VSPT,VISAKHA INST OF ENGG AND TECHNOLOGY,PVT,VISAKHAPATNAM,VISAKHAPATNAM,COED,JNTUV,CSC,75133.0,155546.0,124382.0,155546.0,85155.0,155546.0,141602.0,161911.0,159670.0,159670.0,75133.0,155546.0,124222.0,155546.0,75133.0,172672.0,122197.0,131065.0,43000.0
778,VSPT,VISAKHA INST OF ENGG AND TECHNOLOGY,PVT,VISAKHAPATNAM,VISAKHAPATNAM,COED,JNTUV,CSD,99288.0,99288.0,167508.0,167773.0,133201.0,167905.0,156119.0,171111.0,140444.0,140444.0,99288.0,99288.0,142964.0,175918.0,150296.0,150296.0,170933.0,170933.0,43000.0
779,VSPT,VISAKHA INST OF ENGG AND TECHNOLOGY,PVT,VISAKHAPATNAM,VISAKHAPATNAM,COED,JNTUV,CSE,84898.0,84898.0,177451.0,177451.0,174633.0,174633.0,174752.0,174752.0,174851.0,174851.0,84898.0,92630.0,126284.0,150570.0,135775.0,151676.0,149755.0,148385.0,43000.0
780,VSPT,VISAKHA INST OF ENGG AND TECHNOLOGY,PVT,VISAKHAPATNAM,VISAKHAPATNAM,COED,JNTUV,CSM,67626.0,67626.0,158148.0,158148.0,148521.0,148521.0,139750.0,155693.0,171090.0,171090.0,115872.0,115872.0,150165.0,159104.0,121158.0,121158.0,143437.0,143437.0,43000.0
781,VSPT,VISAKHA INST OF ENGG AND TECHNOLOGY,PVT,VISAKHAPATNAM,VISAKHAPATNAM,COED,JNTUV,ECE,82237.0,82237.0,140336.0,140336.0,175019.0,175019.0,175921.0,175921.0,171052.0,174429.0,169797.0,169797.0,153071.0,170127.0,171333.0,171333.0,999999.0,999999.0,43000.0
782,VSPT,VISAKHA INST OF ENGG AND TECHNOLOGY,PVT,VISAKHAPATNAM,VISAKHAPATNAM,COED,JNTUV,EEE,999999.0,999999.0,159356.0,159356.0,162454.0,162454.0,149389.0,166482.0,176357.0,176357.0,999999.0,999999.0,175963.0,175963.0,162208.0,162208.0,999999.0,999999.0,43000.0
783,VSPT,VISAKHA INST OF ENGG AND TECHNOLOGY,PVT,VISAKHAPATNAM,VISAKHAPATNAM,COED,JNTUV,MEC,143949.0,170840.0,143949.0,170840.0,165473.0,170840.0,171886.0,171886.0,174506.0,174506.0,143949.0,170840.0,156485.0,170840.0,143949.0,170840.0,999999.0,999999.0,43000.0
784,WSTM,WELLFARE INST OF SCIENCE TECH AND MGMT,PVT,VISAKHAPATNAM,PINAGADI,COED,AU,CIV,141683.0,151689.0,141683.0,165852.0,141683.0,151689.0,141683.0,151689.0,141683.0,151689.0,141683.0,151689.0,157549.0,157549.0,141683.0,151689.0,999999.0,999999.0,43000.0
785,WSTM,WELLFARE INST OF SCIENCE TECH AND MGMT,PVT,VISAKHAPATNAM,PINAGADI,COED,AU,CSE,103756.0,103756.0,159553.0,177139.0,108271.0,147190.0,103756.0,103756.0,130092.0,173339.0,103756.0,103756.0,126531.0,126531.0,159027.0,159027.0,153312.0,152130.0,43000.0
786,WSTM,WELLFARE INST OF SCIENCE TECH AND MGMT,PVT,VISAKHAPATNAM,PINAGADI,COED,AU,ECE,125521.0,125521.0,163640.0,163640.0,145487.0,172736.0,169914.0,169914.0,145539.0,145539.0,125521.0,125521.0,148736.0,161355.0,148400.0,148400.0,145010.0,94910.0,43000.0
787,WSTM,WELLFARE INST OF SCIENCE TECH AND MGMT,PVT,VISAKHAPATNAM,PINAGADI,COED,AU,EEE,130355.0,130355.0,177401.0,177401.0,177617.0,177617.0,173953.0,173953.0,175845.0,175845.0,130355.0,130355.0,174099.0,174145.0,148973.0,148973.0,999999.0,999999.0,43000.0
788,WSTM,WELLFARE INST OF SCIENCE TECH AND MGMT,PVT,VISAKHAPATNAM,PINAGADI,COED,AU,MEC,140661.0,155514.0,156054.0,161182.0,171664.0,171664.0,175605.0,175605.0,140661.0,155514.0,140661.0,155514.0,175142.0,175142.0,140661.0,155514.0,999999.0,999999.0,43000.0
789,ARTB,AVANTHIS RESEARCH AND TECHNOLOGICAL ACADEMY,PVT,VIZIANAGARAM,BHOGAPURAM,COED,JNTUV,CSC,81301.0,81301.0,152540.0,152540.0,133562.0,146029.0,174306.0,174306.0,126760.0,137540.0,130421.0,130421.0,134099.0,134099.0,150951.0,153085.0,140053.0,171257.0,43000.0
790,ARTB,AVANTHIS RESEARCH AND TECHNOLOGICAL ACADEMY,PVT,VIZIANAGARAM,BHOGAPURAM,COED,JNTUV,CSE,60371.0,60371.0,165141.0,165141.0,176927.0,176927.0,127567.0,143932.0,133542.0,146803.0,60371.0,60371.0,117606.0,117606.0,147931.0,147931.0,130502.0,106563.0,43000.0
791,ARTB,AVANTHIS RESEARCH AND TECHNOLOGICAL ACADEMY,PVT,VIZIANAGARAM,BHOGAPURAM,COED,JNTUV,CSM,121284.0,121284.0,137873.0,149456.0,175930.0,177552.0,149768.0,149768.0,161854.0,173943.0,121284.0,121284.0,135728.0,135728.0,160499.0,160499.0,170866.0,173551.0,43000.0
792,ARTB,AVANTHIS RESEARCH AND TECHNOLOGICAL ACADEMY,PVT,VIZIANAGARAM,BHOGAPURAM,COED,JNTUV,ECE,78671.0,89305.0,176701.0,176701.0,115105.0,121725.0,151139.0,166685.0,170445.0,172146.0,78671.0,89305.0,169485.0,171606.0,174610.0,175606.0,136176.0,141927.0,43000.0
793,ARTB,AVANTHIS RESEARCH AND TECHNOLOGICAL ACADEMY,PVT,VIZIANAGARAM,BHOGAPURAM,COED,JNTUV,EEE,156314.0,156314.0,170069.0,170069.0,156314.0,156314.0,171909.0,171909.0,156314.0,156314.0,156314.0,156314.0,157082.0,157082.0,156314.0,156314.0,999999.0,999999.0,43000.0
794,ARTB,AVANTHIS RESEARCH AND TECHNOLOGICAL ACADEMY,PVT,VIZIANAGARAM,BHOGAPURAM,COED,JNTUV,MEC,128274.0,128274.0,153325.0,153325.0,167862.0,167862.0,166169.0,166169.0,140219.0,169337.0,128274.0,128274.0,174600.0,174935.0,145435.0,145435.0,999999.0,999999.0,43000.0
795,ASTC,AVANTHIS ST THERESSA INSTITUTE OF ENGG AND TECHNOLOGY,PVT,VIZIANAGARAM,CHEEPURUPALLI,COED,JNTUK,CSE,95430.0,100429.0,164750.0,165758.0,134648.0,163666.0,175573.0,175573.0,174252.0,174252.0,95430.0,125976.0,160862.0,161296.0,173161.0,173161.0,145660.0,128316.0,43000.0
796,ASTC,AVANTHIS ST THERESSA INSTITUTE OF ENGG AND TECHNOLOGY,PVT,VIZIANAGARAM,CHEEPURUPALLI,COED,JNTUK,CSM,112031.0,112031.0,129991.0,172387.0,176272.0,176272.0,133862.0,133862.0,156772.0,156772.0,112031.0,112031.0,162168.0,162168.0,112031.0,159745.0,167250.0,167250.0,43000.0
797,ASTC,AVANTHIS ST THERESSA INSTITUTE OF ENGG AND TECHNOLOGY,PVT,VIZIANAGARAM,CHEEPURUPALLI,COED,JNTUK,ECE,112179.0,123612.0,162123.0,174082.0,129421.0,174172.0,150148.0,175923.0,168784.0,170499.0,142236.0,142236.0,174989.0,174989.0,163874.0,163874.0,137714.0,137714.0,43000.0
798,ASTC,AVANTHIS ST THERESSA INSTITUTE OF ENGG AND TECHNOLOGY,PVT,VIZIANAGARAM,CHEEPURUPALLI,COED,JNTUK,EEE,98201.0,98201.0,131822.0,131822.0,98201.0,98201.0,153003.0,172775.0,98201.0,173050.0,98201.0,98201.0,123792.0,123792.0,98201.0,98201.0,999999.0,999999.0,43000.0
799,ASTC,AVANTHIS ST THERESSA INSTITUTE OF ENGG AND TECHNOLOGY,PVT,VIZIANAGARAM,CHEEPURUPALLI,COED,JNTUK,MEC,117763.0,117763.0,158693.0,158693.0,121727.0,175938.0,173666.0,173666.0,176156.0,176156.0,117763.0,117763.0,163674.0,163674.0,117763.0,117763.0,999999.0,999999.0,43000.0
800,AVEV,AVANTHI INST. OF ENGINEERING AND TECHNOLOGY,PVT,VIZIANAGARAM,BHOGAPURAM,COED,JNTUV,CSD,64605.0,64605.0,99183.0,99183.0,99409.0,101623.0,81719.0,122012.0,141282.0,141282.0,64605.0,64605.0,95308.0,95308.0,132780.0,132780.0,137064.0,169130.0,43000.0
801,AVEV,AVANTHI INST. OF ENGINEERING AND TECHNOLOGY,PVT,VIZIANAGARAM,BHOGAPURAM,COED,JNTUV,CSE,63362.0,63362.0,176795.0,176795.0,165512.0,165512.0,103755.0,103755.0,122341.0,130394.0,63362.0,63362.0,79047.0,82216.0,111420.0,111420.0,127188.0,149975.0,43000.0
802,AVEV,AVANTHI INST. OF ENGINEERING AND TECHNOLOGY,PVT,VIZIANAGARAM,BHOGAPURAM,COED,JNTUV,CSM,76016.0,76016.0,176650.0,176650.0,122549.0,122549.0,127521.0,127521.0,162901.0,173547.0,76016.0,88443.0,95235.0,95235.0,134434.0,135248.0,168850.0,160604.0,43000.0
803,AVEV,AVANTHI INST. OF ENGINEERING AND TECHNOLOGY,PVT,VIZIANAGARAM,BHOGAPURAM,COED,JNTUV,ECE,82894.0,82894.0,107771.0,107771.0,98557.0,107142.0,145898.0,145898.0,169790.0,169790.0,82894.0,82894.0,108205.0,108205.0,145445.0,147811.0,146451.0,156765.0,43000.0
804,AVEV,AVANTHI INST. OF ENGINEERING AND TECHNOLOGY,PVT,VIZIANAGARAM,BHOGAPURAM,COED,JNTUV,EEE,99356.0,99356.0,127791.0,137413.0,127911.0,138425.0,155699.0,172684.0,128440.0,149695.0,99356.0,99356.0,122822.0,145230.0,169886.0,169886.0,173919.0,173919.0,43000.0
805,AVEV,AVANTHI INST. OF ENGINEERING AND TECHNOLOGY,PVT,VIZIANAGARAM,BHOGAPURAM,COED,JNTUV,MEC,116327.0,141230.0,120879.0,143423.0,133389.0,141230.0,171146.0,171146.0,159660.0,159660.0,116327.0,141230.0,145764.0,145764.0,116327.0,174711.0,124302.0,124302.0,43000.0
806,GGIB,GOKUL GROUP OF INSTITUTIONS,PVT,VIZIANAGARAM,BOBBILI,COED,JNTUV,CAI,145536.0,145536.0,145536.0,145536.0,145536.0,145536.0,145536.0,145536.0,145536.0,145536.0,145536.0,145536.0,145536.0,145536.0,145536.0,145536.0,999999.0,999999.0,43000.0
807,GGIB,GOKUL GROUP OF INSTITUTIONS,PVT,VIZIANAGARAM,BOBBILI,COED,JNTUV,CSD,97202.0,97202.0,140490.0,140490.0,97202.0,97202.0,97202.0,97202.0,97202.0,97202.0,97202.0,97202.0,97202.0,97202.0,97202.0,97202.0,999999.0,999999.0,43000.0
808,GGIB,GOKUL GROUP OF INSTITUTIONS,PVT,VIZIANAGARAM,BOBBILI,COED,JNTUV,CSE,999999.0,999999.0,117870.0,117870.0,999999.0,999999.0,171934.0,171934.0,169559.0,169559.0,999999.0,999999.0,139996.0,139996.0,999999.0,999999.0,999999.0,999999.0,43000.0
809,GGIB,GOKUL GROUP OF INSTITUTIONS,PVT,VIZIANAGARAM,BOBBILI,COED,JNTUV,MEC,160465.0,160465.0,160465.0,160465.0,160465.0,160465.0,160465.0,160465.0,160465.0,160465.0,160465.0,160465.0,160465.0,160465.0,160465.0,160465.0,999999.0,999999.0,43000.0
810,JNTV,JNTUK COLLEGE OF ENGINEERING VIZIANAGARAM,UNIV,VIZIANAGARAM,VIZIANAGARAM,COED,JNTUV,CIV,21917.0,21917.0,50306.0,50520.0,72762.0,72762.0,37078.0,46048.0,32595.0,58982.0,21917.0,21917.0,31439.0,77544.0,21917.0,21917.0,62292.0,62135.0,10000.0
811,JNTV,JNTUK COLLEGE OF ENGINEERING VIZIANAGARAM,UNIV,VIZIANAGARAM,VIZIANAGARAM,COED,JNTUV,CSE,7800.0,7800.0,25049.0,25049.0,21153.0,28542.0,9409.0,9409.0,7800.0,7800.0,29466.0,29466.0,7861.0,7861.0,14128.0,14128.0,14029.0,23851.0,10000.0
812,JNTV,JNTUK COLLEGE OF ENGINEERING VIZIANAGARAM,UNIV,VIZIANAGARAM,VIZIANAGARAM,COED,JNTUV,ECE,8474.0,8474.0,35182.0,35182.0,36811.0,48399.0,18233.0,18233.0,11822.0,18794.0,8474.0,8474.0,13673.0,13673.0,39363.0,39363.0,14981.0,12498.0,10000.0
813,JNTV,JNTUK COLLEGE OF ENGINEERING VIZIANAGARAM,UNIV,VIZIANAGARAM,VIZIANAGARAM,COED,JNTUV,EEE,15663.0,15663.0,55620.0,106149.0,79364.0,79364.0,56701.0,56701.0,61193.0,77909.0,59768.0,59768.0,51342.0,51342.0,44086.0,44086.0,51510.0,40366.0,10000.0
814,JNTV,JNTUK COLLEGE OF ENGINEERING VIZIANAGARAM,UNIV,VIZIANAGARAM,VIZIANAGARAM,COED,JNTUV,INF,17948.0,17948.0,61600.0,61600.0,49780.0,49780.0,23554.0,37303.0,22336.0,54442.0,17948.0,34468.0,17948.0,17948.0,43116.0,43116.0,35361.0,44792.0,10000.0
815,JNTV,JNTUK COLLEGE OF ENGINEERING VIZIANAGARAM,UNIV,VIZIANAGARAM,VIZIANAGARAM,COED,JNTUV,MEC,34867.0,34867.0,61919.0,141377.0,112993.0,137616.0,58504.0,81990.0,59137.0,71701.0,34867.0,135980.0,49644.0,54476.0,144996.0,144996.0,59135.0,115544.0,10000.0
816,JNTV,JNTUK COLLEGE OF ENGINEERING VIZIANAGARAM,UNIV,VIZIANAGARAM,VIZIANAGARAM,COED,JNTUV,MET,999999.0,999999.0,154608.0,154608.0,42713.0,165041.0,119219.0,119219.0,117534.0,117534.0,999999.0,999999.0,62582.0,72034.0,107190.0,107190.0,100682.0,84356.0,10000.0
817,LIET,LENDI INST OF ENGG AND TECHNOLOGY,PVT,VIZIANAGARAM,VIZIANAGARAM,COED,JNTUV,CIT,34051.0,34051.0,163798.0,176649.0,171913.0,171913.0,65122.0,65122.0,75416.0,75416.0,34051.0,34051.0,43916.0,47792.0,34051.0,66883.0,44118.0,53075.0,62300.0
818,LIET,LENDI INST OF ENGG AND TECHNOLOGY,PVT,VIZIANAGARAM,VIZIANAGARAM,COED,JNTUV,CSE,27370.0,27370.0,154549.0,154549.0,154652.0,169353.0,55261.0,55261.0,71301.0,112568.0,29328.0,30636.0,36238.0,36238.0,169579.0,169579.0,42985.0,46726.0,62300.0
819,LIET,LENDI INST OF ENGG AND TECHNOLOGY,PVT,VIZIANAGARAM,VIZIANAGARAM,COED,JNTUV,CSM,24597.0,24597.0,160346.0,176703.0,160883.0,176416.0,51226.0,62238.0,49077.0,65398.0,24597.0,24597.0,33196.0,33196.0,53082.0,53082.0,47053.0,39960.0,62300.0
820,LIET,LENDI INST OF ENGG AND TECHNOLOGY,PVT,VIZIANAGARAM,VIZIANAGARAM,COED,JNTUV,CSS,35208.0,35208.0,163373.0,163373.0,44582.0,44824.0,77524.0,104466.0,74309.0,74309.0,35208.0,35208.0,43393.0,45175.0,35208.0,82681.0,53530.0,66980.0,62300.0
821,LIET,LENDI INST OF ENGG AND TECHNOLOGY,PVT,VIZIANAGARAM,VIZIANAGARAM,COED,JNTUV,ECE,33753.0,33753.0,166305.0,176612.0,169477.0,173333.0,76354.0,80713.0,84950.0,84950.0,36702.0,36702.0,46849.0,48588.0,161253.0,161253.0,55929.0,50068.0,62300.0
822,LIET,LENDI INST OF ENGG AND TECHNOLOGY,PVT,VIZIANAGARAM,VIZIANAGARAM,COED,JNTUV,EEE,53204.0,53204.0,150795.0,165104.0,67251.0,67251.0,96160.0,96160.0,113413.0,113413.0,53204.0,63890.0,67391.0,67727.0,102554.0,102554.0,113323.0,104510.0,62300.0
823,LIET,LENDI INST OF ENGG AND TECHNOLOGY,PVT,VIZIANAGARAM,VIZIANAGARAM,COED,JNTUV,MEC,73520.0,73520.0,87316.0,89861.0,87398.0,121644.0,129140.0,137901.0,166977.0,166977.0,87593.0,87593.0,82857.0,109228.0,96568.0,131965.0,172695.0,149980.0,62300.0
824,MHRJ,MAHARAJAHS COLLEGE PHARMACY,PVT,VIZIANAGARAM,VIZIANAGARAM,COED,AU,PHM,147944.0,172679.0,147944.0,172679.0,147944.0,172679.0,147944.0,172679.0,147944.0,172679.0,147944.0,172679.0,147944.0,172679.0,147944.0,172679.0,999999.0,999999.0,63600.0
825,MRCL,MIRACLE EDNL SOC GROUP OF INSTNS,PVT,VIZIANAGARAM,BHOGAPURAM,COED,JNTUV,AID,83647.0,83647.0,95978.0,113565.0,106797.0,106797.0,126076.0,126076.0,169239.0,169239.0,83647.0,83647.0,110226.0,110226.0,107359.0,134788.0,137124.0,106821.0,43000.0
826,MRCL,MIRACLE EDNL SOC GROUP OF INSTNS,PVT,VIZIANAGARAM,BHOGAPURAM,COED,JNTUV,CIV,111526.0,111526.0,151607.0,151607.0,134835.0,134835.0,159895.0,172853.0,111526.0,148859.0,111526.0,111526.0,136826.0,144498.0,155832.0,155832.0,999999.0,999999.0,43000.0
827,MRCL,MIRACLE EDNL SOC GROUP OF INSTNS,PVT,VIZIANAGARAM,BHOGAPURAM,COED,JNTUV,CSE,65534.0,65534.0,177668.0,177668.0,85815.0,85815.0,96226.0,96226.0,163588.0,163588.0,73272.0,73272.0,87606.0,90259.0,97195.0,97195.0,125051.0,156469.0,43000.0
828,MRCL,MIRACLE EDNL SOC GROUP OF INSTNS,PVT,VIZIANAGARAM,BHOGAPURAM,COED,JNTUV,ECE,70706.0,70706.0,159594.0,159594.0,93173.0,93173.0,130042.0,155595.0,167106.0,167106.0,83324.0,83324.0,90375.0,93162.0,130792.0,159054.0,174777.0,154438.0,43000.0
829,MRCL,MIRACLE EDNL SOC GROUP OF INSTNS,PVT,VIZIANAGARAM,BHOGAPURAM,COED,JNTUV,EEE,999999.0,999999.0,124217.0,130741.0,130802.0,130802.0,127436.0,127436.0,131735.0,131735.0,999999.0,999999.0,114690.0,114690.0,114858.0,114858.0,168645.0,168558.0,43000.0
830,MRCL,MIRACLE EDNL SOC GROUP OF INSTNS,PVT,VIZIANAGARAM,BHOGAPURAM,COED,JNTUV,MEC,122488.0,134001.0,140668.0,140668.0,128756.0,134001.0,147062.0,162468.0,130543.0,134001.0,122488.0,134001.0,132296.0,166619.0,122488.0,149588.0,999999.0,999999.0,43000.0
831,MVRG,M V G R COLLEGE OF ENGINEERNG,PVT,VIZIANAGARAM,VIZIANAGARAM,COED,JNTUV,CHE,50950.0,50950.0,176626.0,176626.0,62603.0,165505.0,91302.0,151492.0,129778.0,129778.0,50950.0,50950.0,64980.0,64980.0,92955.0,128897.0,104287.0,143295.0,76900.0
832,MVRG,M V G R COLLEGE OF ENGINEERNG,PVT,VIZIANAGARAM,VIZIANAGARAM,COED,JNTUV,CIC,19744.0,19744.0,141236.0,141236.0,146279.0,146279.0,72309.0,72309.0,48816.0,82673.0,100195.0,100195.0,29014.0,29014.0,19744.0,111636.0,28679.0,38095.0,76900.0
833,MVRG,M V G R COLLEGE OF ENGINEERNG,PVT,VIZIANAGARAM,VIZIANAGARAM,COED,JNTUV,CIT,22686.0,24644.0,130526.0,156394.0,158691.0,166027.0,51432.0,51432.0,36491.0,56231.0,147149.0,147149.0,29846.0,37734.0,122690.0,122690.0,33943.0,37521.0,76900.0
834,MVRG,M V G R COLLEGE OF ENGINEERNG,PVT,VIZIANAGARAM,VIZIANAGARAM,COED,JNTUV,CIV,47505.0,50971.0,160737.0,162976.0,94037.0,94037.0,97702.0,132809.0,111635.0,117346.0,47505.0,50971.0,63995.0,76563.0,91556.0,91556.0,124735.0,76832.0,76900.0
835,MVRG,M V G R COLLEGE OF ENGINEERNG,PVT,VIZIANAGARAM,VIZIANAGARAM,COED,JNTUV,CSD,11273.0,18769.0,75938.0,79324.0,94288.0,103053.0,35977.0,39533.0,26930.0,30123.0,11273.0,18769.0,21522.0,22461.0,90743.0,90743.0,18550.0,31087.0,76900.0
836,MVRG,M V G R COLLEGE OF ENGINEERNG,PVT,VIZIANAGARAM,VIZIANAGARAM,COED,JNTUV,CSE,10134.0,10392.0,57767.0,57888.0,111711.0,111711.0,25727.0,25727.0,28362.0,28362.0,85375.0,85375.0,12651.0,14282.0,61453.0,61453.0,16478.0,17735.0,76900.0
837,MVRG,M V G R COLLEGE OF ENGINEERNG,PVT,VIZIANAGARAM,VIZIANAGARAM,COED,JNTUV,CSM,10453.0,10453.0,85881.0,105533.0,150304.0,150304.0,28141.0,33621.0,26448.0,26448.0,10453.0,10453.0,17269.0,18301.0,54206.0,121696.0,17847.0,18310.0,76900.0
838,MVRG,M V G R COLLEGE OF ENGINEERNG,PVT,VIZIANAGARAM,VIZIANAGARAM,COED,JNTUV,ECE,19208.0,19208.0,87414.0,105404.0,120786.0,143851.0,34717.0,34717.0,32586.0,37289.0,19208.0,114513.0,21445.0,21445.0,96811.0,96811.0,26561.0,25744.0,76900.0
839,MVRG,M V G R COLLEGE OF ENGINEERNG,PVT,VIZIANAGARAM,VIZIANAGARAM,COED,JNTUV,EEE,32842.0,32842.0,106705.0,164207.0,155591.0,169428.0,65014.0,70480.0,89618.0,89618.0,33956.0,33956.0,44782.0,52317.0,74170.0,74170.0,94027.0,87254.0,76900.0
840,MVRG,M V G R COLLEGE OF ENGINEERNG,PVT,VIZIANAGARAM,VIZIANAGARAM,COED,JNTUV,INF,20015.0,20015.0,120947.0,125386.0,152537.0,152537.0,49544.0,49544.0,52679.0,52679.0,20015.0,20434.0,24508.0,26207.0,119705.0,127803.0,34739.0,28535.0,76900.0
841,MVRG,M V G R COLLEGE OF ENGINEERNG,PVT,VIZIANAGARAM,VIZIANAGARAM,COED,JNTUV,MEC,45213.0,62120.0,154559.0,166004.0,163386.0,163386.0,78229.0,169872.0,107934.0,137906.0,45213.0,62120.0,76740.0,80308.0,105902.0,105902.0,96743.0,142686.0,76900.0
842,SGVP,SATYA INST OF TECHNOLOGY AND MGMT,PVT,VIZIANAGARAM,VIZIANAGARAM,COED,JNTUV,AID,98174.0,98174.0,175913.0,175913.0,138492.0,138492.0,143114.0,170498.0,128227.0,128227.0,120560.0,120560.0,129884.0,138841.0,98174.0,98174.0,168969.0,166283.0,43000.0
843,SGVP,SATYA INST OF TECHNOLOGY AND MGMT,PVT,VIZIANAGARAM,VIZIANAGARAM,COED,JNTUV,CIV,135322.0,135322.0,173917.0,173917.0,175917.0,175917.0,135322.0,153393.0,143796.0,143796.0,135322.0,135322.0,173710.0,174537.0,135322.0,135322.0,999999.0,999999.0,43000.0
844,SGVP,SATYA INST OF TECHNOLOGY AND MGMT,PVT,VIZIANAGARAM,VIZIANAGARAM,COED,JNTUV,CSE,62457.0,64109.0,176887.0,176887.0,122726.0,122726.0,141398.0,141398.0,174526.0,174526.0,69401.0,69401.0,116207.0,121821.0,144402.0,168247.0,159212.0,149450.0,43000.0
845,SGVP,SATYA INST OF TECHNOLOGY AND MGMT,PVT,VIZIANAGARAM,VIZIANAGARAM,COED,JNTUV,ECE,999999.0,999999.0,85652.0,127724.0,121554.0,121554.0,119668.0,134556.0,133151.0,175162.0,999999.0,999999.0,129923.0,129923.0,149020.0,149020.0,158879.0,169697.0,43000.0
846,SGVP,SATYA INST OF TECHNOLOGY AND MGMT,PVT,VIZIANAGARAM,VIZIANAGARAM,COED,JNTUV,EEE,100978.0,100978.0,166539.0,168109.0,140929.0,148536.0,144655.0,158041.0,138224.0,163312.0,100978.0,109408.0,167286.0,167286.0,155557.0,155557.0,999999.0,999999.0,43000.0
847,SGVP,SATYA INST OF TECHNOLOGY AND MGMT,PVT,VIZIANAGARAM,VIZIANAGARAM,COED,JNTUV,MEC,117674.0,117674.0,169551.0,169551.0,159482.0,159482.0,173452.0,173452.0,141088.0,158797.0,117674.0,117674.0,173399.0,173399.0,164559.0,164559.0,999999.0,999999.0,43000.0
848,BVRM,BHIMAVARAM INST. OF ENGG. AND TECHNOLOGY,PVT,WEST GODAVARI,BHIMAVARAM,COED,JNTUK,CSE,125128.0,156214.0,172797.0,172797.0,177742.0,177742.0,169347.0,175942.0,160274.0,160274.0,176414.0,176414.0,163108.0,163108.0,161760.0,161760.0,171104.0,175728.0,43000.0
849,BVRM,BHIMAVARAM INST. OF ENGG. AND TECHNOLOGY,PVT,WEST GODAVARI,BHIMAVARAM,COED,JNTUK,CSM,4652.0,137955.0,175104.0,175104.0,131892.0,139782.0,175055.0,175055.0,166711.0,166711.0,154437.0,154437.0,140580.0,140580.0,4652.0,141976.0,143213.0,141109.0,43000.0
850,BVRM,BHIMAVARAM INST. OF ENGG. AND TECHNOLOGY,PVT,WEST GODAVARI,BHIMAVARAM,COED,JNTUK,ECE,134705.0,134705.0,157153.0,157153.0,134705.0,134705.0,134705.0,134705.0,175690.0,175690.0,134705.0,134705.0,159621.0,159621.0,134705.0,134705.0,156924.0,157597.0,43000.0
851,CRRE,SIR C R R COLLEGE OF ENGINEERING,PVT,WEST GODAVARI,ELURU,COED,JNTUK,CAD,52574.0,52574.0,163561.0,164116.0,153068.0,168000.0,140723.0,140723.0,87524.0,87524.0,52574.0,52574.0,72047.0,76947.0,106419.0,106419.0,60598.0,59082.0,54200.0
852,CRRE,SIR C R R COLLEGE OF ENGINEERING,PVT,WEST GODAVARI,ELURU,COED,JNTUK,CIV,97285.0,120910.0,159329.0,163580.0,163997.0,163997.0,97285.0,120910.0,173970.0,173970.0,97285.0,153705.0,159852.0,159852.0,170266.0,170266.0,171529.0,145586.0,54200.0
853,CRRE,SIR C R R COLLEGE OF ENGINEERING,PVT,WEST GODAVARI,ELURU,COED,JNTUK,CSC,48642.0,50130.0,147276.0,161577.0,159818.0,159818.0,167865.0,167865.0,90350.0,109012.0,48642.0,50130.0,85629.0,85629.0,108554.0,108554.0,80714.0,59431.0,54200.0
854,CRRE,SIR C R R COLLEGE OF ENGINEERING,PVT,WEST GODAVARI,ELURU,COED,JNTUK,CSE,36420.0,36420.0,132401.0,132401.0,142597.0,142597.0,89943.0,109762.0,89595.0,89595.0,133694.0,133694.0,70455.0,70455.0,111959.0,111959.0,59202.0,47718.0,54200.0
855,CRRE,SIR C R R COLLEGE OF ENGINEERING,PVT,WEST GODAVARI,ELURU,COED,JNTUK,CSM,43753.0,43753.0,137746.0,137746.0,140757.0,155191.0,59924.0,61381.0,49868.0,83449.0,79786.0,79786.0,79083.0,79083.0,103218.0,103218.0,48637.0,83042.0,54200.0
856,CRRE,SIR C R R COLLEGE OF ENGINEERING,PVT,WEST GODAVARI,ELURU,COED,JNTUK,ECE,48079.0,48310.0,163715.0,163715.0,146098.0,172915.0,174305.0,174305.0,120264.0,120264.0,48079.0,155063.0,84029.0,84029.0,175797.0,175797.0,69113.0,69000.0,54200.0
857,CRRE,SIR C R R COLLEGE OF ENGINEERING,PVT,WEST GODAVARI,ELURU,COED,JNTUK,EEE,91681.0,91681.0,175501.0,175501.0,167258.0,167258.0,174675.0,174675.0,158652.0,158652.0,91681.0,91681.0,152426.0,153317.0,157694.0,157694.0,122196.0,133858.0,54200.0
858,CRRE,SIR C R R COLLEGE OF ENGINEERING,PVT,WEST GODAVARI,ELURU,COED,JNTUK,INF,60633.0,60633.0,167540.0,169912.0,165164.0,165417.0,121405.0,121405.0,116985.0,116985.0,174935.0,174935.0,86880.0,94335.0,120653.0,131480.0,79780.0,67486.0,54200.0
859,CRRE,SIR C R R COLLEGE OF ENGINEERING,PVT,WEST GODAVARI,ELURU,COED,JNTUK,MEC,95046.0,95046.0,175615.0,176422.0,168544.0,168544.0,150709.0,150709.0,151152.0,159143.0,95046.0,95046.0,166226.0,166226.0,95046.0,153099.0,140876.0,145686.0,54200.0
860,CRRP,SIR C.R.REDDY COLLEGE OF PHARMACY,PVT,WEST GODAVARI,ELURU,COED,AU,PHD,133889.0,133889.0,133889.0,133889.0,133889.0,133889.0,133889.0,133889.0,133889.0,133889.0,133889.0,133889.0,133889.0,133889.0,133889.0,133889.0,999999.0,999999.0,42800.0
861,CRRP,SIR C.R.REDDY COLLEGE OF PHARMACY,PVT,WEST GODAVARI,ELURU,COED,AU,PHM,159858.0,159858.0,159858.0,159858.0,159858.0,159858.0,159858.0,159858.0,159858.0,159858.0,159858.0,159858.0,159858.0,159858.0,159858.0,159858.0,999999.0,999999.0,48300.0
862,DNRE,DNR COLLEGE OF ENGG AND TECH,PVT,WEST GODAVARI,BHIMAVARAM,COED,JNTUK,AID,101294.0,101294.0,164959.0,177259.0,116910.0,164378.0,169739.0,169739.0,166657.0,166657.0,105071.0,105071.0,176017.0,176017.0,163675.0,163675.0,113439.0,98234.0,60000.0
863,DNRE,DNR COLLEGE OF ENGG AND TECH,PVT,WEST GODAVARI,BHIMAVARAM,COED,JNTUK,CIV,138882.0,138882.0,161093.0,165848.0,162953.0,162953.0,166969.0,166969.0,176882.0,176882.0,138882.0,138882.0,176187.0,176187.0,161743.0,161743.0,142884.0,157339.0,60000.0
864,DNRE,DNR COLLEGE OF ENGG AND TECH,PVT,WEST GODAVARI,BHIMAVARAM,COED,JNTUK,CSE,68656.0,68656.0,164408.0,165975.0,159520.0,173740.0,162513.0,167786.0,113760.0,113760.0,160631.0,160631.0,79385.0,151458.0,166210.0,166210.0,97273.0,84204.0,60000.0
865,DNRE,DNR COLLEGE OF ENGG AND TECH,PVT,WEST GODAVARI,BHIMAVARAM,COED,JNTUK,CSM,117834.0,117834.0,169770.0,169770.0,117834.0,117834.0,140282.0,160691.0,136737.0,160487.0,117834.0,117834.0,134346.0,160606.0,142297.0,176225.0,110782.0,103126.0,60000.0
866,DNRE,DNR COLLEGE OF ENGG AND TECH,PVT,WEST GODAVARI,BHIMAVARAM,COED,JNTUK,ECE,101222.0,101222.0,177470.0,177470.0,174949.0,174949.0,162603.0,163440.0,170521.0,170521.0,109589.0,133081.0,161553.0,161553.0,156090.0,156090.0,144763.0,121032.0,60000.0
867,DNRE,DNR COLLEGE OF ENGG AND TECH,PVT,WEST GODAVARI,BHIMAVARAM,COED,JNTUK,EEE,999999.0,999999.0,165383.0,165469.0,154917.0,154917.0,149796.0,149796.0,173185.0,173185.0,999999.0,999999.0,152753.0,159153.0,177238.0,177238.0,149827.0,149827.0,60000.0
868,DNRE,DNR COLLEGE OF ENGG AND TECH,PVT,WEST GODAVARI,BHIMAVARAM,COED,JNTUK,INF,143111.0,143111.0,143111.0,165138.0,143111.0,143111.0,174184.0,174184.0,167648.0,174594.0,143111.0,168890.0,143111.0,166810.0,150561.0,150561.0,158913.0,110881.0,60000.0
869,DNRE,DNR COLLEGE OF ENGG AND TECH,PVT,WEST GODAVARI,BHIMAVARAM,COED,JNTUK,MEC,100640.0,100640.0,159030.0,168108.0,135037.0,135037.0,100640.0,147178.0,131639.0,131639.0,100640.0,100640.0,100640.0,157333.0,141193.0,141193.0,166756.0,154354.0,60000.0
870,ELRU,ELURU COLLEGE OF ENGG AND TECHNOLOGY,PVT,WEST GODAVARI,ELURU,COED,JNTUK,AID,93408.0,93408.0,166003.0,177168.0,176462.0,176462.0,157745.0,157745.0,132751.0,139349.0,93408.0,110677.0,118800.0,118800.0,161065.0,161065.0,131137.0,117570.0,43000.0
871,ELRU,ELURU COLLEGE OF ENGG AND TECHNOLOGY,PVT,WEST GODAVARI,ELURU,COED,JNTUK,CSD,104231.0,104231.0,164306.0,167810.0,104231.0,104231.0,132243.0,162362.0,166235.0,166235.0,104231.0,130304.0,148461.0,170508.0,152018.0,171105.0,135368.0,144966.0,43000.0
872,ELRU,ELURU COLLEGE OF ENGG AND TECHNOLOGY,PVT,WEST GODAVARI,ELURU,COED,JNTUK,CSE,85701.0,85701.0,154562.0,162752.0,160382.0,160382.0,155039.0,155039.0,118928.0,155819.0,95070.0,95070.0,116376.0,135364.0,163604.0,171372.0,109971.0,100409.0,43000.0
873,ELRU,ELURU COLLEGE OF ENGG AND TECHNOLOGY,PVT,WEST GODAVARI,ELURU,COED,JNTUK,ECE,136108.0,136108.0,177224.0,177224.0,137420.0,176913.0,169942.0,169942.0,175633.0,176218.0,173971.0,173971.0,165920.0,165920.0,148734.0,152587.0,147839.0,134643.0,43000.0
874,ELRU,ELURU COLLEGE OF ENGG AND TECHNOLOGY,PVT,WEST GODAVARI,ELURU,COED,JNTUK,EEE,999999.0,999999.0,160113.0,160113.0,168362.0,168362.0,149347.0,149347.0,161205.0,161205.0,999999.0,999999.0,144686.0,144686.0,153107.0,153107.0,999999.0,999999.0,43000.0
875,ELRU,ELURU COLLEGE OF ENGG AND TECHNOLOGY,PVT,WEST GODAVARI,ELURU,COED,JNTUK,MEC,999999.0,999999.0,173222.0,173222.0,999999.0,999999.0,175687.0,175687.0,172221.0,172221.0,999999.0,999999.0,153162.0,153162.0,999999.0,999999.0,173037.0,173037.0,43000.0
876,HITE,HELAPURI INST OF TECH AND SCIENCE,PVT,WEST GODAVARI,ELURU,COED,JNTUK,CIV,166110.0,166800.0,166110.0,166800.0,166110.0,166800.0,166110.0,166800.0,166110.0,166800.0,166110.0,166800.0,166110.0,166800.0,166110.0,166800.0,999999.0,999999.0,43000.0
877,HITE,HELAPURI INST OF TECH AND SCIENCE,PVT,WEST GODAVARI,ELURU,COED,JNTUK,CSE,103046.0,103383.0,177184.0,177855.0,174805.0,174805.0,154531.0,154531.0,175684.0,175684.0,103046.0,103383.0,175747.0,175747.0,103046.0,103383.0,172101.0,170934.0,43000.0
878,HITE,HELAPURI INST OF TECH AND SCIENCE,PVT,WEST GODAVARI,ELURU,COED,JNTUK,CSM,155830.0,155830.0,168420.0,168420.0,163020.0,163020.0,155830.0,155830.0,155830.0,155830.0,155830.0,155830.0,155830.0,155830.0,155830.0,155830.0,176455.0,176455.0,43000.0
879,HITE,HELAPURI INST OF TECH AND SCIENCE,PVT,WEST GODAVARI,ELURU,COED,JNTUK,ECE,999999.0,999999.0,177800.0,177800.0,114081.0,114081.0,151221.0,151221.0,999999.0,999999.0,172494.0,172494.0,999999.0,999999.0,999999.0,999999.0,999999.0,999999.0,43000.0
880,RCEE,RAMACHANDRA COLLEGE OF ENGINEERING,PVT,WEST GODAVARI,ELURU,COED,JNTUK,AID,49639.0,49639.0,106291.0,106291.0,128875.0,128875.0,97749.0,97749.0,72982.0,79063.0,139855.0,139855.0,64171.0,64171.0,110473.0,110473.0,68750.0,70839.0,60200.0
881,RCEE,RAMACHANDRA COLLEGE OF ENGINEERING,PVT,WEST GODAVARI,ELURU,COED,JNTUK,CIV,89417.0,89417.0,151678.0,151678.0,165964.0,165964.0,133984.0,137505.0,145389.0,146855.0,89417.0,116232.0,107370.0,107370.0,150679.0,150679.0,107489.0,142005.0,60200.0
882,RCEE,RAMACHANDRA COLLEGE OF ENGINEERING,PVT,WEST GODAVARI,ELURU,COED,JNTUK,CSC,56233.0,56233.0,142710.0,142710.0,142456.0,153184.0,95534.0,95717.0,85095.0,85095.0,56233.0,86097.0,67658.0,70568.0,102773.0,102773.0,71110.0,60348.0,60200.0
883,RCEE,RAMACHANDRA COLLEGE OF ENGINEERING,PVT,WEST GODAVARI,ELURU,COED,JNTUK,CSE,46049.0,46049.0,94833.0,94833.0,163379.0,168935.0,91529.0,91529.0,71284.0,71284.0,64953.0,64953.0,81501.0,81501.0,71450.0,71450.0,54639.0,52365.0,60200.0
884,RCEE,RAMACHANDRA COLLEGE OF ENGINEERING,PVT,WEST GODAVARI,ELURU,COED,JNTUK,CSM,47452.0,47452.0,113464.0,115704.0,130504.0,130504.0,92591.0,128891.0,82258.0,82258.0,52234.0,52234.0,67546.0,67676.0,87826.0,87826.0,60751.0,64184.0,60200.0
885,RCEE,RAMACHANDRA COLLEGE OF ENGINEERING,PVT,WEST GODAVARI,ELURU,COED,JNTUK,CSO,65862.0,65862.0,151056.0,155660.0,152652.0,152652.0,114833.0,129387.0,97515.0,97955.0,78362.0,78362.0,84712.0,84712.0,144163.0,144163.0,78599.0,83305.0,60200.0
886,RCEE,RAMACHANDRA COLLEGE OF ENGINEERING,PVT,WEST GODAVARI,ELURU,COED,JNTUK,ECE,62176.0,62176.0,151899.0,161869.0,154948.0,162183.0,120193.0,147913.0,102380.0,102380.0,62176.0,71253.0,80143.0,84206.0,173074.0,175321.0,76260.0,77549.0,60200.0
887,RCEE,RAMACHANDRA COLLEGE OF ENGINEERING,PVT,WEST GODAVARI,ELURU,COED,JNTUK,EEE,83472.0,83472.0,162266.0,162558.0,164895.0,164895.0,157758.0,162612.0,110705.0,125606.0,83472.0,83472.0,91798.0,97471.0,113818.0,129939.0,97081.0,112735.0,60200.0
888,RCEE,RAMACHANDRA COLLEGE OF ENGINEERING,PVT,WEST GODAVARI,ELURU,COED,JNTUK,MEC,77029.0,77029.0,176889.0,176889.0,174386.0,174386.0,150537.0,150537.0,128445.0,128445.0,89195.0,89195.0,168958.0,168958.0,168027.0,168027.0,112015.0,102102.0,60200.0
889,SASI,SASI INSTITUTE OF TECHNOLOGY AND ENGINEERING,PVT,WEST GODAVARI,TADEPALLIGUDEM,COED,JNTUK,AIM,43254.0,43254.0,141818.0,163080.0,137203.0,150099.0,73954.0,84481.0,97095.0,97095.0,95724.0,95724.0,62877.0,62877.0,130658.0,139821.0,49040.0,36241.0,43000.0
890,SASI,SASI INSTITUTE OF TECHNOLOGY AND ENGINEERING,PVT,WEST GODAVARI,TADEPALLIGUDEM,COED,JNTUK,CIC,53871.0,61970.0,156473.0,170042.0,58189.0,61970.0,106443.0,106443.0,105566.0,105566.0,53871.0,61970.0,87567.0,87567.0,117985.0,149557.0,55985.0,54624.0,43000.0
891,SASI,SASI INSTITUTE OF TECHNOLOGY AND ENGINEERING,PVT,WEST GODAVARI,TADEPALLIGUDEM,COED,JNTUK,CIV,93248.0,105423.0,173987.0,177266.0,177342.0,177342.0,120117.0,171056.0,142420.0,142420.0,93248.0,105423.0,154933.0,154933.0,93248.0,105423.0,116852.0,90990.0,43000.0
892,SASI,SASI INSTITUTE OF TECHNOLOGY AND ENGINEERING,PVT,WEST GODAVARI,TADEPALLIGUDEM,COED,JNTUK,CSD,49104.0,49104.0,149530.0,149530.0,161774.0,164936.0,81098.0,81098.0,86115.0,88941.0,49104.0,152627.0,76487.0,76487.0,86574.0,86574.0,47526.0,47307.0,43000.0
893,SASI,SASI INSTITUTE OF TECHNOLOGY AND ENGINEERING,PVT,WEST GODAVARI,TADEPALLIGUDEM,COED,JNTUK,CSE,27517.0,29928.0,135422.0,135422.0,163625.0,163625.0,154002.0,154002.0,68077.0,68077.0,118604.0,118604.0,58251.0,58676.0,128168.0,145629.0,39917.0,33109.0,43000.0
894,SASI,SASI INSTITUTE OF TECHNOLOGY AND ENGINEERING,PVT,WEST GODAVARI,TADEPALLIGUDEM,COED,JNTUK,CSM,41839.0,50796.0,171165.0,171165.0,144013.0,165981.0,92917.0,92917.0,101743.0,101743.0,49143.0,50796.0,75581.0,78677.0,84967.0,95921.0,46317.0,48037.0,43000.0
895,SASI,SASI INSTITUTE OF TECHNOLOGY AND ENGINEERING,PVT,WEST GODAVARI,TADEPALLIGUDEM,COED,JNTUK,CST,50867.0,50867.0,168319.0,168319.0,165398.0,165398.0,106152.0,106152.0,83137.0,83137.0,50867.0,50867.0,61752.0,61752.0,140443.0,140443.0,48568.0,46504.0,43000.0
896,SASI,SASI INSTITUTE OF TECHNOLOGY AND ENGINEERING,PVT,WEST GODAVARI,TADEPALLIGUDEM,COED,JNTUK,ECE,52852.0,57023.0,175271.0,175271.0,161337.0,161337.0,151881.0,151881.0,100880.0,122231.0,52852.0,57023.0,70809.0,70809.0,111841.0,111841.0,61205.0,59747.0,43000.0
897,SASI,SASI INSTITUTE OF TECHNOLOGY AND ENGINEERING,PVT,WEST GODAVARI,TADEPALLIGUDEM,COED,JNTUK,ECT,74875.0,74875.0,177089.0,177089.0,74875.0,74875.0,138245.0,161536.0,107373.0,107373.0,78467.0,78467.0,77315.0,88689.0,120199.0,138869.0,66755.0,73069.0,43000.0
898,SASI,SASI INSTITUTE OF TECHNOLOGY AND ENGINEERING,PVT,WEST GODAVARI,TADEPALLIGUDEM,COED,JNTUK,EEE,84650.0,84650.0,94896.0,175759.0,96677.0,96677.0,126785.0,126785.0,112149.0,163875.0,84650.0,84650.0,105197.0,105197.0,134101.0,134101.0,87707.0,100217.0,43000.0
899,SASI,SASI INSTITUTE OF TECHNOLOGY AND ENGINEERING,PVT,WEST GODAVARI,TADEPALLIGUDEM,COED,JNTUK,INF,49873.0,49873.0,165008.0,165008.0,173581.0,174855.0,139969.0,139969.0,87186.0,87186.0,99682.0,99682.0,65992.0,69783.0,128613.0,133660.0,55397.0,55687.0,43000.0
900,SASI,SASI INSTITUTE OF TECHNOLOGY AND ENGINEERING,PVT,WEST GODAVARI,TADEPALLIGUDEM,COED,JNTUK,MEC,87034.0,87034.0,177334.0,177334.0,87034.0,87034.0,161851.0,161851.0,101867.0,161811.0,87034.0,87034.0,141771.0,141771.0,126695.0,126695.0,127447.0,131909.0,43000.0
901,SCPB,SRI VISHNU COLLEGE OF PHARMACY,PVT,WEST GODAVARI,BHIMAVARAM,COED,AU,PHD,139913.0,139913.0,139913.0,139913.0,139913.0,139913.0,139913.0,139913.0,139913.0,139913.0,139913.0,139913.0,139913.0,139913.0,139913.0,139913.0,999999.0,999999.0,65000.0
902,SCPB,SRI VISHNU COLLEGE OF PHARMACY,PVT,WEST GODAVARI,BHIMAVARAM,COED,AU,PHM,103318.0,159783.0,103318.0,159783.0,103318.0,159783.0,103318.0,159783.0,103318.0,159783.0,103318.0,159783.0,103318.0,159783.0,103318.0,159783.0,999999.0,999999.0,80000.0
903,SRKR,S R K R ENGINEERING COLLEGE,PVT,WEST GODAVARI,BHIMAVARAM,COED,JNTUK,AID,12872.0,12872.0,55456.0,63656.0,125307.0,161550.0,27447.0,27447.0,19163.0,19163.0,24730.0,24730.0,17784.0,17784.0,38190.0,38190.0,13257.0,11734.0,105000.0
904,SRKR,S R K R ENGINEERING COLLEGE,PVT,WEST GODAVARI,BHIMAVARAM,COED,JNTUK,AIM,10150.0,10723.0,42401.0,45285.0,133994.0,153738.0,20246.0,24185.0,14580.0,18113.0,14371.0,22758.0,14694.0,14694.0,26513.0,32198.0,11508.0,10533.0,105000.0
905,SRKR,S R K R ENGINEERING COLLEGE,PVT,WEST GODAVARI,BHIMAVARAM,COED,JNTUK,CIC,13570.0,13570.0,52763.0,76086.0,13729.0,13729.0,28287.0,36712.0,22203.0,22437.0,13570.0,13570.0,17893.0,17893.0,35581.0,38960.0,14704.0,15054.0,105000.0
906,SRKR,S R K R ENGINEERING COLLEGE,PVT,WEST GODAVARI,BHIMAVARAM,COED,JNTUK,CIT,15396.0,15396.0,74124.0,105247.0,165098.0,167355.0,30372.0,33044.0,23964.0,23964.0,28924.0,28924.0,23252.0,23252.0,41097.0,41097.0,16380.0,16390.0,105000.0
907,SRKR,S R K R ENGINEERING COLLEGE,PVT,WEST GODAVARI,BHIMAVARAM,COED,JNTUK,CIV,67574.0,74602.0,139446.0,158827.0,163532.0,164098.0,115906.0,115906.0,94235.0,102822.0,100906.0,100906.0,83464.0,89427.0,102084.0,123356.0,72339.0,82890.0,105000.0
908,SRKR,S R K R ENGINEERING COLLEGE,PVT,WEST GODAVARI,BHIMAVARAM,COED,JNTUK,CSB,16860.0,16860.0,78058.0,78058.0,61141.0,138231.0,37260.0,37260.0,28714.0,28714.0,170453.0,170453.0,20184.0,26171.0,45680.0,61656.0,17738.0,15203.0,105000.0
909,SRKR,S R K R ENGINEERING COLLEGE,PVT,WEST GODAVARI,BHIMAVARAM,COED,JNTUK,CSE,7822.0,8504.0,26524.0,30983.0,79794.0,79794.0,13430.0,14524.0,11478.0,11478.0,8844.0,19290.0,10518.0,10518.0,27094.0,27094.0,9119.0,8897.0,105000.0
910,SRKR,S R K R ENGINEERING COLLEGE,PVT,WEST GODAVARI,BHIMAVARAM,COED,JNTUK,CSG,18416.0,18416.0,90326.0,92769.0,81524.0,96141.0,33379.0,36346.0,22843.0,28466.0,60419.0,60419.0,18416.0,21718.0,97507.0,97507.0,18455.0,16909.0,105000.0
911,SRKR,S R K R ENGINEERING COLLEGE,PVT,WEST GODAVARI,BHIMAVARAM,COED,JNTUK,ECE,13886.0,14365.0,53261.0,61696.0,111329.0,111329.0,25507.0,25507.0,23382.0,30433.0,20919.0,20919.0,19322.0,19322.0,36542.0,43592.0,14278.0,17373.0,105000.0
912,SRKR,S R K R ENGINEERING COLLEGE,PVT,WEST GODAVARI,BHIMAVARAM,COED,JNTUK,EEE,36793.0,36793.0,123426.0,123426.0,129519.0,156233.0,74860.0,74860.0,47504.0,47504.0,69344.0,69344.0,38478.0,72770.0,105819.0,105819.0,37425.0,41444.0,105000.0
913,SRKR,S R K R ENGINEERING COLLEGE,PVT,WEST GODAVARI,BHIMAVARAM,COED,JNTUK,INF,13868.0,13868.0,67516.0,68569.0,153367.0,176754.0,39064.0,39064.0,23513.0,23513.0,15176.0,15176.0,21999.0,21999.0,42243.0,48402.0,14958.0,15250.0,105000.0
914,SRKR,S R K R ENGINEERING COLLEGE,PVT,WEST GODAVARI,BHIMAVARAM,COED,JNTUK,MEC,45611.0,69172.0,135955.0,151685.0,120157.0,158159.0,85259.0,172687.0,75787.0,111724.0,45611.0,119221.0,59850.0,81662.0,91100.0,91100.0,68800.0,78514.0,105000.0
915,SWRN,SWARNANDHRA COLL. OF ENGG AND TECHNOLOGY,PVT,WEST GODAVARI,NARSAPURAM,COED,JNTUK,AID,65613.0,65613.0,154123.0,154123.0,160110.0,162785.0,103465.0,103465.0,114733.0,158584.0,93764.0,93764.0,110370.0,117312.0,142857.0,142857.0,72928.0,79097.0,58700.0
916,SWRN,SWARNANDHRA COLL. OF ENGG AND TECHNOLOGY,PVT,WEST GODAVARI,NARSAPURAM,COED,JNTUK,AIM,69639.0,69639.0,168891.0,168891.0,176792.0,176792.0,127396.0,133851.0,113227.0,115715.0,69639.0,148317.0,133548.0,133548.0,138581.0,138581.0,78118.0,78033.0,58700.0
917,SWRN,SWARNANDHRA COLL. OF ENGG AND TECHNOLOGY,PVT,WEST GODAVARI,NARSAPURAM,COED,JNTUK,CIV,128996.0,145609.0,152498.0,152498.0,153352.0,155778.0,158942.0,169338.0,171541.0,175933.0,128996.0,145609.0,175123.0,175123.0,128996.0,145609.0,152469.0,138659.0,58700.0
918,SWRN,SWARNANDHRA COLL. OF ENGG AND TECHNOLOGY,PVT,WEST GODAVARI,NARSAPURAM,COED,JNTUK,CSC,82257.0,82257.0,163509.0,163509.0,176955.0,176955.0,167211.0,167289.0,116075.0,129141.0,96840.0,96840.0,157035.0,157035.0,84675.0,84675.0,97233.0,87171.0,58700.0
919,SWRN,SWARNANDHRA COLL. OF ENGG AND TECHNOLOGY,PVT,WEST GODAVARI,NARSAPURAM,COED,JNTUK,CSD,92034.0,108039.0,161808.0,175943.0,103782.0,109343.0,149222.0,149222.0,128519.0,136754.0,92034.0,150325.0,126175.0,151397.0,92034.0,108039.0,96908.0,91882.0,58700.0
920,SWRN,SWARNANDHRA COLL. OF ENGG AND TECHNOLOGY,PVT,WEST GODAVARI,NARSAPURAM,COED,JNTUK,CSE,56472.0,56472.0,159801.0,164014.0,168913.0,174846.0,100738.0,117138.0,98993.0,103382.0,162271.0,162271.0,141457.0,141457.0,132673.0,132673.0,71838.0,71031.0,58700.0
921,SWRN,SWARNANDHRA COLL. OF ENGG AND TECHNOLOGY,PVT,WEST GODAVARI,NARSAPURAM,COED,JNTUK,CSEB,111538.0,111538.0,118577.0,121781.0,120611.0,120611.0,139673.0,144512.0,141228.0,145030.0,111538.0,111538.0,130999.0,137028.0,111538.0,121448.0,116927.0,114864.0,58700.0
922,SWRN,SWARNANDHRA COLL. OF ENGG AND TECHNOLOGY,PVT,WEST GODAVARI,NARSAPURAM,COED,JNTUK,ECE,89860.0,89860.0,177707.0,177707.0,164376.0,164376.0,173208.0,174413.0,151049.0,151049.0,89860.0,117286.0,162576.0,173344.0,133074.0,176501.0,123646.0,118900.0,58700.0
923,SWRN,SWARNANDHRA COLL. OF ENGG AND TECHNOLOGY,PVT,WEST GODAVARI,NARSAPURAM,COED,JNTUK,EEE,123276.0,126719.0,131629.0,131629.0,132924.0,143575.0,173621.0,173621.0,157198.0,163910.0,123276.0,126719.0,153270.0,153270.0,123276.0,134688.0,126512.0,128457.0,58700.0
924,SWRN,SWARNANDHRA COLL. OF ENGG AND TECHNOLOGY,PVT,WEST GODAVARI,NARSAPURAM,COED,JNTUK,INF,90152.0,104044.0,177747.0,177747.0,104690.0,107211.0,161273.0,167048.0,122222.0,122222.0,136979.0,136979.0,141616.0,141616.0,160679.0,160679.0,92963.0,90540.0,58700.0
925,SWRN,SWARNANDHRA COLL. OF ENGG AND TECHNOLOGY,PVT,WEST GODAVARI,NARSAPURAM,COED,JNTUK,MEC,119384.0,138318.0,174930.0,177750.0,141235.0,149115.0,174150.0,174150.0,172344.0,173537.0,129728.0,138318.0,149169.0,174311.0,148593.0,148593.0,131527.0,154390.0,58700.0
926,SWRN,SWARNANDHRA COLL. OF ENGG AND TECHNOLOGY,PVT,WEST GODAVARI,NARSAPURAM,COED,JNTUK,RBT,97315.0,97315.0,177329.0,177329.0,136542.0,136542.0,153391.0,162630.0,149458.0,149458.0,97315.0,97315.0,142270.0,174089.0,97315.0,155691.0,144538.0,156247.0,58700.0
927,VISW,SHRI VISHNU ENGG. COLLEGE FOR WOMEN,PVT,WEST GODAVARI,BHIMAVARAM,GIRLS,JNTUK,CAD,6864.0,6864.0,39010.0,39010.0,157094.0,157094.0,15400.0,15400.0,12934.0,12934.0,19024.0,19024.0,8466.0,8466.0,20738.0,20738.0,7193.0,7193.0,105000.0
928,VISW,SHRI VISHNU ENGG. COLLEGE FOR WOMEN,PVT,WEST GODAVARI,BHIMAVARAM,GIRLS,JNTUK,CIV,43269.0,43269.0,127841.0,127841.0,128183.0,128183.0,103310.0,103310.0,78306.0,78306.0,999999.0,999999.0,70490.0,70490.0,143690.0,143690.0,59729.0,59729.0,105000.0
929,VISW,SHRI VISHNU ENGG. COLLEGE FOR WOMEN,PVT,WEST GODAVARI,BHIMAVARAM,GIRLS,JNTUK,CSC,8362.0,8362.0,46238.0,46238.0,157427.0,157427.0,24090.0,24090.0,14301.0,14301.0,999999.0,999999.0,10440.0,10440.0,26806.0,26806.0,8935.0,8935.0,105000.0
930,VISW,SHRI VISHNU ENGG. COLLEGE FOR WOMEN,PVT,WEST GODAVARI,BHIMAVARAM,GIRLS,JNTUK,CSE,4689.0,4689.0,20519.0,20519.0,67577.0,67577.0,10033.0,10033.0,7148.0,7148.0,15374.0,15374.0,6516.0,6516.0,12902.0,12902.0,4840.0,4840.0,105000.0
931,VISW,SHRI VISHNU ENGG. COLLEGE FOR WOMEN,PVT,WEST GODAVARI,BHIMAVARAM,GIRLS,JNTUK,CSM,6080.0,6080.0,31215.0,31215.0,128052.0,128052.0,14012.0,14012.0,11150.0,11150.0,999999.0,999999.0,8508.0,8508.0,17449.0,17449.0,6250.0,6250.0,105000.0
932,VISW,SHRI VISHNU ENGG. COLLEGE FOR WOMEN,PVT,WEST GODAVARI,BHIMAVARAM,GIRLS,JNTUK,ECE,10501.0,10501.0,87820.0,87820.0,115356.0,115356.0,22313.0,22313.0,20677.0,20677.0,30792.0,30792.0,12687.0,12687.0,48080.0,48080.0,12031.0,12031.0,105000.0
933,VISW,SHRI VISHNU ENGG. COLLEGE FOR WOMEN,PVT,WEST GODAVARI,BHIMAVARAM,GIRLS,JNTUK,EEE,23257.0,23257.0,152289.0,152289.0,43856.0,43856.0,46809.0,46809.0,28474.0,28474.0,40337.0,40337.0,34664.0,34664.0,168779.0,168779.0,26844.0,26844.0,105000.0
934,VISW,SHRI VISHNU ENGG. COLLEGE FOR WOMEN,PVT,WEST GODAVARI,BHIMAVARAM,GIRLS,JNTUK,INF,11259.0,11259.0,58151.0,58151.0,165271.0,165271.0,23494.0,23494.0,17665.0,17665.0,26903.0,26903.0,15873.0,15873.0,28847.0,28847.0,11109.0,11109.0,105000.0
935,VISW,SHRI VISHNU ENGG. COLLEGE FOR WOMEN,PVT,WEST GODAVARI,BHIMAVARAM,GIRLS,JNTUK,MEC,42094.0,42094.0,164170.0,164170.0,163226.0,163226.0,104858.0,104858.0,68561.0,68561.0,999999.0,999999.0,65097.0,65097.0,110557.0,110557.0,48731.0,48731.0,105000.0
936,VITB,VISHNU GRP OF INSTNS - VISHNU INST OF TECHNOLOGY,PVT,WEST GODAVARI,BHIMAVARAM,COED,JNTUK,CAD,8227.0,11037.0,44337.0,64724.0,89380.0,151427.0,14415.0,14743.0,15218.0,15218.0,26897.0,26897.0,14675.0,16095.0,51232.0,51232.0,9054.0,8905.0,103000.0
937,VITB,VISHNU GRP OF INSTNS - VISHNU INST OF TECHNOLOGY,PVT,WEST GODAVARI,BHIMAVARAM,COED,JNTUK,CIV,61589.0,61589.0,165260.0,165260.0,164365.0,164365.0,91937.0,91937.0,82524.0,91765.0,61589.0,61589.0,69733.0,94884.0,115539.0,115539.0,70428.0,67171.0,103000.0
938,VITB,VISHNU GRP OF INSTNS - VISHNU INST OF TECHNOLOGY,PVT,WEST GODAVARI,BHIMAVARAM,COED,JNTUK,CSB,11228.0,11228.0,58183.0,58183.0,98672.0,98672.0,13789.0,29653.0,18517.0,28557.0,24005.0,24005.0,13447.0,13447.0,54014.0,55740.0,13082.0,13536.0,103000.0
939,VITB,VISHNU GRP OF INSTNS - VISHNU INST OF TECHNOLOGY,PVT,WEST GODAVARI,BHIMAVARAM,COED,JNTUK,CSE,6114.0,7025.0,23865.0,48094.0,56317.0,81689.0,10319.0,14436.0,7344.0,8707.0,15169.0,22971.0,6643.0,9783.0,17051.0,24453.0,7433.0,7738.0,103000.0
940,VITB,VISHNU GRP OF INSTNS - VISHNU INST OF TECHNOLOGY,PVT,WEST GODAVARI,BHIMAVARAM,COED,JNTUK,CSM,7757.0,8319.0,30992.0,70078.0,116686.0,116686.0,11541.0,15371.0,10120.0,14762.0,17195.0,17195.0,7814.0,10745.0,10988.0,25651.0,8090.0,7193.0,103000.0
941,VITB,VISHNU GRP OF INSTNS - VISHNU INST OF TECHNOLOGY,PVT,WEST GODAVARI,BHIMAVARAM,COED,JNTUK,ECE,9416.0,16787.0,65244.0,65244.0,92503.0,126307.0,19221.0,25454.0,17874.0,22170.0,29571.0,29571.0,21694.0,21753.0,41669.0,41669.0,12240.0,12732.0,103000.0
942,VITB,VISHNU GRP OF INSTNS - VISHNU INST OF TECHNOLOGY,PVT,WEST GODAVARI,BHIMAVARAM,COED,JNTUK,EEE,23595.0,28516.0,149601.0,149601.0,148951.0,148951.0,51975.0,54458.0,39499.0,39499.0,57431.0,57431.0,38809.0,70949.0,23595.0,72487.0,28954.0,31367.0,103000.0
943,VITB,VISHNU GRP OF INSTNS - VISHNU INST OF TECHNOLOGY,PVT,WEST GODAVARI,BHIMAVARAM,COED,JNTUK,INF,15299.0,15299.0,64552.0,106636.0,170277.0,170277.0,43683.0,44743.0,21853.0,21853.0,17583.0,36318.0,17953.0,19026.0,51001.0,51001.0,13643.0,13583.0,103000.0
944,VITB,VISHNU GRP OF INSTNS - VISHNU INST OF TECHNOLOGY,PVT,WEST GODAVARI,BHIMAVARAM,COED,JNTUK,MEC,35528.0,68684.0,135270.0,164324.0,145620.0,145620.0,152786.0,152786.0,77008.0,100986.0,35528.0,68684.0,44853.0,103332.0,61865.0,135963.0,45522.0,31712.0,103000.0
945,VSVT,SRI VASAVI ENGINEERING COLLEGE,PVT,WEST GODAVARI,TADEPALLIGUDEM,COED,JNTUK,AIM,23389.0,23389.0,96883.0,96883.0,140863.0,140863.0,53136.0,62235.0,36992.0,42259.0,23389.0,23389.0,27253.0,35517.0,64001.0,64001.0,23708.0,24471.0,77200.0
946,VSVT,SRI VASAVI ENGINEERING COLLEGE,PVT,WEST GODAVARI,TADEPALLIGUDEM,COED,JNTUK,CAI,28749.0,28749.0,111682.0,129093.0,132340.0,132340.0,71686.0,71686.0,46600.0,47281.0,79940.0,79940.0,36993.0,36993.0,173487.0,173487.0,30057.0,29348.0,77200.0
947,VSVT,SRI VASAVI ENGINEERING COLLEGE,PVT,WEST GODAVARI,TADEPALLIGUDEM,COED,JNTUK,CIV,86022.0,86022.0,176014.0,176014.0,154560.0,157312.0,173592.0,173592.0,120173.0,128166.0,86022.0,86022.0,167341.0,167341.0,86022.0,86022.0,109134.0,105018.0,77200.0
948,VSVT,SRI VASAVI ENGINEERING COLLEGE,PVT,WEST GODAVARI,TADEPALLIGUDEM,COED,JNTUK,CSD,26267.0,26267.0,120165.0,120165.0,105650.0,120247.0,66891.0,66891.0,43460.0,43460.0,26267.0,26267.0,38438.0,38438.0,136848.0,141411.0,28265.0,33138.0,77200.0
949,VSVT,SRI VASAVI ENGINEERING COLLEGE,PVT,WEST GODAVARI,TADEPALLIGUDEM,COED,JNTUK,CSE,21518.0,21518.0,74533.0,91935.0,154563.0,177877.0,38240.0,38240.0,32328.0,32328.0,25873.0,52296.0,25552.0,25657.0,109917.0,109917.0,20296.0,22181.0,77200.0
950,VSVT,SRI VASAVI ENGINEERING COLLEGE,PVT,WEST GODAVARI,TADEPALLIGUDEM,COED,JNTUK,CST,25337.0,25337.0,108643.0,108643.0,127435.0,127435.0,50748.0,50748.0,48299.0,49606.0,81847.0,81847.0,32433.0,32433.0,26190.0,26190.0,27392.0,27904.0,77200.0
951,VSVT,SRI VASAVI ENGINEERING COLLEGE,PVT,WEST GODAVARI,TADEPALLIGUDEM,COED,JNTUK,ECE,36915.0,36915.0,116257.0,149941.0,124636.0,134584.0,80974.0,121117.0,58269.0,58269.0,48114.0,48114.0,44455.0,73122.0,153508.0,162392.0,40468.0,40785.0,77200.0
952,VSVT,SRI VASAVI ENGINEERING COLLEGE,PVT,WEST GODAVARI,TADEPALLIGUDEM,COED,JNTUK,ECT,43486.0,49787.0,143963.0,164726.0,162177.0,162177.0,118818.0,118818.0,66412.0,66412.0,43486.0,49787.0,58310.0,58310.0,43486.0,96165.0,44164.0,45771.0,77200.0
953,VSVT,SRI VASAVI ENGINEERING COLLEGE,PVT,WEST GODAVARI,TADEPALLIGUDEM,COED,JNTUK,EEE,54145.0,54145.0,159933.0,176944.0,161013.0,164234.0,150352.0,150352.0,93234.0,125473.0,54145.0,54145.0,85512.0,85512.0,109501.0,144643.0,67233.0,75270.0,77200.0
954,VSVT,SRI VASAVI ENGINEERING COLLEGE,PVT,WEST GODAVARI,TADEPALLIGUDEM,COED,JNTUK,MEC,91244.0,100998.0,151624.0,165137.0,164926.0,164926.0,149981.0,151910.0,111528.0,151057.0,116183.0,116183.0,163013.0,163013.0,170505.0,170505.0,104851.0,132708.0,77200.0
955,WISE,WEST GODAVARI INSTT OF SCIENCE AND ENGINEERING,PVT,WEST GODAVARI,NALLAJERLA,COED,JNTUK,CSD,136870.0,136870.0,176936.0,177553.0,176503.0,176503.0,174321.0,175051.0,173615.0,173615.0,136870.0,136870.0,157649.0,176413.0,155469.0,155469.0,159105.0,157823.0,43000.0
956,WISE,WEST GODAVARI INSTT OF SCIENCE AND ENGINEERING,PVT,WEST GODAVARI,NALLAJERLA,COED,JNTUK,CSE,110143.0,116621.0,173680.0,177435.0,159792.0,159792.0,167563.0,167563.0,174523.0,174523.0,110143.0,116621.0,163984.0,163984.0,110143.0,139987.0,140281.0,134988.0,43000.0
957,WISE,WEST GODAVARI INSTT OF SCIENCE AND ENGINEERING,PVT,WEST GODAVARI,NALLAJERLA,COED,JNTUK,ECE,117511.0,117511.0,177434.0,177819.0,169278.0,169278.0,159348.0,174591.0,125991.0,169166.0,131572.0,131572.0,172296.0,172296.0,133404.0,133404.0,143377.0,151660.0,43000.0
958,WISE,WEST GODAVARI INSTT OF SCIENCE AND ENGINEERING,PVT,WEST GODAVARI,NALLAJERLA,COED,JNTUK,MEC,999999.0,999999.0,156611.0,156611.0,152442.0,152442.0,999999.0,999999.0,176140.0,176140.0,999999.0,999999.0,167350.0,167350.0,999999.0,999999.0,157633.0,174030.0,43000.0
959,ALTS,ANANTHA LAKSHMI INST OF TECHNOLOGY AND SCI,PVT,ANANTAPUR,ANANTAPURAMU,COED,JNTUA,CIV,165183.0,165183.0,165183.0,165183.0,168839.0,168839.0,165183.0,165183.0,165183.0,165183.0,165183.0,165183.0,165183.0,165183.0,165183.0,165183.0,999999.0,999999.0,50200.0
960,ALTS,ANANTHA LAKSHMI INST OF TECHNOLOGY AND SCI,PVT,ANANTAPUR,ANANTAPURAMU,COED,JNTUA,CSD,80540.0,80540.0,177159.0,177159.0,157727.0,157727.0,121779.0,130119.0,136116.0,136116.0,80540.0,80540.0,149426.0,149426.0,103572.0,103572.0,118844.0,123303.0,50200.0
961,ALTS,ANANTHA LAKSHMI INST OF TECHNOLOGY AND SCI,PVT,ANANTAPUR,ANANTAPURAMU,COED,JNTUA,CSE,67528.0,67528.0,165058.0,165058.0,177556.0,177556.0,93956.0,93956.0,113537.0,113537.0,125971.0,125971.0,127999.0,127999.0,88101.0,105256.0,101901.0,100424.0,50200.0
962,ALTS,ANANTHA LAKSHMI INST OF TECHNOLOGY AND SCI,PVT,ANANTAPUR,ANANTAPURAMU,COED,JNTUA,CSM,81564.0,97975.0,162887.0,176207.0,84965.0,119115.0,110712.0,123935.0,136767.0,150615.0,163051.0,163051.0,168164.0,168164.0,111280.0,111280.0,104587.0,108674.0,50200.0
963,ALTS,ANANTHA LAKSHMI INST OF TECHNOLOGY AND SCI,PVT,ANANTAPUR,ANANTAPURAMU,COED,JNTUA,ECE,94873.0,94873.0,177773.0,177773.0,132069.0,170602.0,132012.0,132012.0,149525.0,149525.0,172192.0,172192.0,176908.0,176908.0,139066.0,144158.0,128267.0,127036.0,50200.0
964,ALTS,ANANTHA LAKSHMI INST OF TECHNOLOGY AND SCI,PVT,ANANTAPUR,ANANTAPURAMU,COED,JNTUA,EEE,123927.0,144430.0,169716.0,169716.0,172806.0,172806.0,136342.0,144430.0,174863.0,175453.0,123927.0,144430.0,149039.0,149784.0,157067.0,157067.0,162218.0,166042.0,50200.0
965,ALTS,ANANTHA LAKSHMI INST OF TECHNOLOGY AND SCI,PVT,ANANTAPUR,ANANTAPURAMU,COED,JNTUA,MEC,114031.0,158482.0,176475.0,176475.0,173371.0,173371.0,114031.0,158482.0,114031.0,158482.0,114031.0,158482.0,114031.0,158482.0,114031.0,158482.0,999999.0,999999.0,50200.0
966,BALA,BALAJI COLLEGE OF PHARMACY,PVT,ANANTAPUR,ANANTAPURAMU,COED,JNTUA,PHD,159631.0,159631.0,159631.0,159631.0,159631.0,159631.0,159631.0,159631.0,159631.0,159631.0,159631.0,159631.0,159631.0,159631.0,159631.0,159631.0,999999.0,999999.0,38000.0
967,CRIT,CHIRANJEEVI REDDY INST OF ENGG AND TECHNOLOGY FOR WOMEN,PVT,ANANTAPUR,ANANTAPURAMU,GIRLS,JNTUA,CSE,124534.0,124534.0,124534.0,124534.0,124534.0,124534.0,153458.0,153458.0,164267.0,164267.0,999999.0,999999.0,124534.0,124534.0,124534.0,124534.0,999999.0,999999.0,43000.0
968,CVRT,SIR C.V RAMAN INST OF TECHNOLOGY SCIENCES,PVT,ANANTAPUR,TADIPATRI,COED,JNTUA,AIM,116568.0,169686.0,144848.0,169686.0,176460.0,176460.0,162568.0,169686.0,116568.0,169686.0,116568.0,169686.0,177173.0,177173.0,137941.0,169686.0,136296.0,162148.0,43000.0
969,CVRT,SIR C.V RAMAN INST OF TECHNOLOGY SCIENCES,PVT,ANANTAPUR,TADIPATRI,COED,JNTUA,CSE,138352.0,139508.0,177096.0,177096.0,177376.0,177376.0,174840.0,174840.0,174420.0,174420.0,138352.0,148725.0,154240.0,174122.0,138352.0,148329.0,172297.0,172297.0,43000.0
970,CVRT,SIR C.V RAMAN INST OF TECHNOLOGY SCIENCES,PVT,ANANTAPUR,TADIPATRI,COED,JNTUA,ECE,114788.0,114788.0,172474.0,172474.0,163198.0,163198.0,145779.0,145779.0,174774.0,174774.0,114788.0,114788.0,158127.0,174484.0,114788.0,114788.0,999999.0,999999.0,43000.0
971,GATE,GATES INSTITUTE OF TECHNOLOGY,PVT,ANANTAPUR,GOOTY,COED,JNTUA,CAI,88576.0,88576.0,174395.0,175640.0,164910.0,164910.0,134590.0,142358.0,139825.0,144474.0,88576.0,88576.0,169201.0,169201.0,124897.0,133145.0,145933.0,157184.0,43000.0
972,GATE,GATES INSTITUTE OF TECHNOLOGY,PVT,ANANTAPUR,GOOTY,COED,JNTUA,CIV,159227.0,159227.0,170364.0,174969.0,172822.0,172822.0,160590.0,176279.0,175111.0,176299.0,159227.0,159227.0,170012.0,170012.0,159227.0,159227.0,999999.0,999999.0,43000.0
973,GATE,GATES INSTITUTE OF TECHNOLOGY,PVT,ANANTAPUR,GOOTY,COED,JNTUA,CSE,71103.0,71103.0,174581.0,174581.0,172292.0,172292.0,100126.0,103243.0,124494.0,140266.0,130066.0,130066.0,138149.0,158991.0,101699.0,104892.0,139936.0,111505.0,43000.0
974,GATE,GATES INSTITUTE OF TECHNOLOGY,PVT,ANANTAPUR,GOOTY,COED,JNTUA,ECE,88875.0,88875.0,177010.0,177651.0,177726.0,177726.0,125602.0,127246.0,150073.0,150073.0,88875.0,135872.0,170973.0,174678.0,125445.0,136942.0,145910.0,159445.0,43000.0
975,GATE,GATES INSTITUTE OF TECHNOLOGY,PVT,ANANTAPUR,GOOTY,COED,JNTUA,EEE,105446.0,105446.0,173082.0,175440.0,157331.0,157331.0,145730.0,145730.0,175554.0,175554.0,105446.0,105446.0,174077.0,174077.0,148082.0,148082.0,172657.0,172657.0,43000.0
976,GATE,GATES INSTITUTE OF TECHNOLOGY,PVT,ANANTAPUR,GOOTY,COED,JNTUA,MEC,139762.0,139762.0,139762.0,155674.0,162268.0,162268.0,139762.0,139762.0,149200.0,149200.0,139762.0,139762.0,139762.0,139762.0,139762.0,139762.0,153551.0,153551.0,43000.0
977,JNTA,JNTUA COLLEGE OF ENGG. ANANTAPURAMU,UNIV,ANANTAPUR,ANANTAPURAMU,COED,JNTUA,CHE,71956.0,71956.0,162390.0,162390.0,148953.0,165013.0,159900.0,159900.0,116777.0,169359.0,71956.0,71956.0,74418.0,134246.0,94147.0,94147.0,77276.0,118327.0,10000.0
978,JNTA,JNTUA COLLEGE OF ENGG. ANANTAPURAMU,UNIV,ANANTAPUR,ANANTAPURAMU,COED,JNTUA,CIV,43852.0,48162.0,75172.0,75172.0,139791.0,139791.0,49465.0,53647.0,59494.0,59494.0,43852.0,48162.0,124178.0,124178.0,79922.0,79922.0,64874.0,103418.0,10000.0
979,JNTA,JNTUA COLLEGE OF ENGG. ANANTAPURAMU,UNIV,ANANTAPUR,ANANTAPURAMU,COED,JNTUA,CSE,8223.0,8223.0,14665.0,14665.0,31609.0,31609.0,8223.0,8223.0,8223.0,8223.0,27575.0,27575.0,8223.0,8223.0,9113.0,9113.0,6586.0,6646.0,10000.0
980,JNTA,JNTUA COLLEGE OF ENGG. ANANTAPURAMU,UNIV,ANANTAPUR,ANANTAPURAMU,COED,JNTUA,ECE,11081.0,11081.0,32291.0,32291.0,15413.0,27606.0,11081.0,11081.0,12008.0,13153.0,11081.0,23559.0,11081.0,11081.0,25891.0,25891.0,11809.0,11878.0,10000.0
981,JNTA,JNTUA COLLEGE OF ENGG. ANANTAPURAMU,UNIV,ANANTAPUR,ANANTAPURAMU,COED,JNTUA,EEE,28203.0,28203.0,37408.0,58905.0,38090.0,38090.0,28203.0,28203.0,31211.0,31211.0,28203.0,28203.0,28203.0,30725.0,60418.0,60418.0,30877.0,24419.0,10000.0
982,JNTA,JNTUA COLLEGE OF ENGG. ANANTAPURAMU,UNIV,ANANTAPUR,ANANTAPURAMU,COED,JNTUA,MEC,46387.0,46387.0,90917.0,107386.0,111800.0,111800.0,52157.0,83160.0,95376.0,95376.0,109217.0,109217.0,72281.0,150618.0,64546.0,131210.0,63029.0,125143.0,10000.0
983,PVKK,P.V.K.K. INSTITUTE OF TECHNOLOGY,PVT,ANANTAPUR,ANANTAPURAMU,COED,JNTUA,CIV,159455.0,159455.0,177565.0,177565.0,176449.0,176449.0,174242.0,174242.0,174962.0,174962.0,159455.0,159455.0,169622.0,169622.0,159455.0,159455.0,143463.0,143463.0,43000.0
984,PVKK,P.V.K.K. INSTITUTE OF TECHNOLOGY,PVT,ANANTAPUR,ANANTAPURAMU,COED,JNTUA,CSE,73636.0,73636.0,167078.0,167078.0,160603.0,165999.0,129067.0,130124.0,128697.0,128697.0,156884.0,156884.0,171810.0,171810.0,104118.0,104118.0,141933.0,116635.0,43000.0
985,PVKK,P.V.K.K. INSTITUTE OF TECHNOLOGY,PVT,ANANTAPUR,ANANTAPURAMU,COED,JNTUA,ECE,102536.0,102536.0,176934.0,176934.0,168427.0,177655.0,135134.0,143380.0,158965.0,168317.0,142439.0,142439.0,176478.0,176478.0,145153.0,145153.0,158033.0,172357.0,43000.0
986,PVKK,P.V.K.K. INSTITUTE OF TECHNOLOGY,PVT,ANANTAPUR,ANANTAPURAMU,COED,JNTUA,EEE,128317.0,128317.0,174290.0,177664.0,160859.0,160859.0,169966.0,169966.0,173255.0,177171.0,170242.0,170242.0,161025.0,163935.0,175235.0,175235.0,999999.0,999999.0,43000.0
987,PVKK,P.V.K.K. INSTITUTE OF TECHNOLOGY,PVT,ANANTAPUR,ANANTAPURAMU,COED,JNTUA,MEC,173261.0,173261.0,173261.0,173261.0,173261.0,173261.0,176223.0,176223.0,173261.0,173261.0,173261.0,173261.0,173261.0,173261.0,173261.0,173261.0,999999.0,999999.0,43000.0
988,PVKKOC,P.V.K.K. INSTITUTE OF TECHNOLOGY-OFF CAMPUS,PVT,ANANTAPUR,ANANTAPURAMU,COED,JNTUA,CSE,113777.0,113777.0,175125.0,175125.0,164775.0,164775.0,157142.0,157142.0,155628.0,162639.0,113777.0,151029.0,154524.0,154524.0,156442.0,156442.0,175251.0,145685.0,43000.0
989,PVKKOC,P.V.K.K. INSTITUTE OF TECHNOLOGY-OFF CAMPUS,PVT,ANANTAPUR,ANANTAPURAMU,COED,JNTUA,CSG,170860.0,170860.0,170860.0,177341.0,170860.0,170860.0,170860.0,170860.0,174718.0,174718.0,170860.0,170860.0,176130.0,176130.0,173312.0,173312.0,176054.0,147702.0,43000.0
990,PVKKOC,P.V.K.K. INSTITUTE OF TECHNOLOGY-OFF CAMPUS,PVT,ANANTAPUR,ANANTAPURAMU,COED,JNTUA,CSM,106813.0,106813.0,175798.0,175798.0,148729.0,148729.0,142203.0,172967.0,146776.0,146776.0,117194.0,117194.0,128731.0,128731.0,109782.0,114709.0,173968.0,133843.0,43000.0
991,PVKKOC,P.V.K.K. INSTITUTE OF TECHNOLOGY-OFF CAMPUS,PVT,ANANTAPUR,ANANTAPURAMU,COED,JNTUA,ECE,125363.0,125363.0,172053.0,174265.0,162827.0,173150.0,158620.0,158620.0,172641.0,172641.0,125363.0,125363.0,162448.0,173696.0,125363.0,151003.0,166324.0,176120.0,43000.0
992,SKUASF,SRI KRISHNADEVARAYA UNIV.COLL.OF ENG.- SELF FINANCE,SF,ANANTAPUR,ANANTAPURAMU,COED,SKU,CIV,137518.0,137518.0,176807.0,177122.0,172796.0,175524.0,176377.0,176377.0,150922.0,150922.0,137518.0,137518.0,151493.0,151493.0,137518.0,137518.0,999999.0,999999.0,70000.0
993,SKUASF,SRI KRISHNADEVARAYA UNIV.COLL.OF ENG.- SELF FINANCE,SF,ANANTAPUR,ANANTAPURAMU,COED,SKU,CSE,59719.0,59719.0,98774.0,131645.0,71376.0,71891.0,59719.0,63410.0,83046.0,83046.0,59719.0,59719.0,108172.0,108172.0,59719.0,91254.0,59194.0,59297.0,70000.0
994,SKUASF,SRI KRISHNADEVARAYA UNIV.COLL.OF ENG.- SELF FINANCE,SF,ANANTAPUR,ANANTAPURAMU,COED,SKU,ECE,82684.0,82684.0,116510.0,116510.0,108049.0,108049.0,82684.0,82684.0,82684.0,84927.0,113625.0,113625.0,82684.0,169298.0,107178.0,107178.0,167325.0,67941.0,70000.0
995,SKUASF,SRI KRISHNADEVARAYA UNIV.COLL.OF ENG.- SELF FINANCE,SF,ANANTAPUR,ANANTAPURAMU,COED,SKU,EEE,88394.0,88394.0,162015.0,162015.0,156294.0,165023.0,171592.0,173479.0,165786.0,165947.0,88394.0,88394.0,173057.0,173057.0,156317.0,168949.0,999999.0,999999.0,70000.0
996,SKUASF,SRI KRISHNADEVARAYA UNIV.COLL.OF ENG.- SELF FINANCE,SF,ANANTAPUR,ANANTAPURAMU,COED,SKU,MEC,147620.0,147620.0,177562.0,177562.0,168604.0,168604.0,147620.0,147620.0,161167.0,161167.0,147620.0,147620.0,147620.0,147620.0,147620.0,147620.0,999999.0,999999.0,70000.0
997,SRIT,SRINIVASA RAMANUJAN INST OF TECHNOLOGY,PVT,ANANTAPUR,ANANTAPURAMU,COED,JNTUA,CIV,130135.0,130135.0,172607.0,172607.0,165810.0,175073.0,141874.0,141874.0,130135.0,150774.0,167323.0,167323.0,130135.0,176024.0,173848.0,173848.0,134243.0,147755.0,49100.0
998,SRIT,SRINIVASA RAMANUJAN INST OF TECHNOLOGY,PVT,ANANTAPUR,ANANTAPURAMU,COED,JNTUA,CSE,47300.0,47300.0,136345.0,136345.0,136301.0,136301.0,60855.0,60855.0,74550.0,74550.0,167750.0,167750.0,85133.0,85133.0,51754.0,53223.0,63695.0,54465.0,49100.0
999,SRIT,SRINIVASA RAMANUJAN INST OF TECHNOLOGY,PVT,ANANTAPUR,ANANTAPURAMU,COED,JNTUA,ECE,42582.0,46469.0,127009.0,129347.0,163519.0,163519.0,63629.0,65638.0,76481.0,76481.0,73444.0,80918.0,86774.0,87286.0,65004.0,65004.0,57382.0,55960.0,49100.0
1000,SRIT,SRINIVASA RAMANUJAN INST OF TECHNOLOGY,PVT,ANANTAPUR,ANANTAPURAMU,COED,JNTUA,EEE,95651.0,95651.0,172302.0,172302.0,95651.0,176983.0,146739.0,176625.0,121990.0,121990.0,95651.0,95651.0,169445.0,169445.0,130652.0,134269.0,110004.0,96572.0,49100.0
1001,SRIT,SRINIVASA RAMANUJAN INST OF TECHNOLOGY,PVT,ANANTAPUR,ANANTAPURAMU,COED,JNTUA,MEC,142880.0,142880.0,142880.0,142880.0,174538.0,174538.0,151101.0,153716.0,154452.0,154452.0,142880.0,142880.0,175877.0,175877.0,147015.0,147015.0,999999.0,999999.0,49100.0
1002,SSSE,SANSKRITHI SCHOOL OF ENGINEERING,PVT,ANANTAPUR,PUTAPARTHI,COED,JNTUA,CIV,132158.0,132158.0,148447.0,148447.0,177544.0,177544.0,148391.0,177239.0,152369.0,152369.0,132158.0,132158.0,162535.0,174743.0,168075.0,173354.0,108593.0,108593.0,43000.0
1003,SSSE,SANSKRITHI SCHOOL OF ENGINEERING,PVT,ANANTAPUR,PUTAPARTHI,COED,JNTUA,CSE,77915.0,77915.0,167200.0,167200.0,175437.0,175437.0,111942.0,117352.0,107833.0,107833.0,96041.0,96041.0,173190.0,173190.0,115935.0,115935.0,118616.0,89001.0,43000.0
1004,SSSE,SANSKRITHI SCHOOL OF ENGINEERING,PVT,ANANTAPUR,PUTAPARTHI,COED,JNTUA,ECE,79647.0,79647.0,157681.0,177277.0,122268.0,145987.0,120561.0,149603.0,134064.0,134064.0,79647.0,155918.0,144660.0,171276.0,170091.0,170091.0,132154.0,119508.0,43000.0
1005,SSSE,SANSKRITHI SCHOOL OF ENGINEERING,PVT,ANANTAPUR,PUTAPARTHI,COED,JNTUA,EEE,122839.0,122839.0,161042.0,165136.0,159199.0,159199.0,152457.0,174029.0,171440.0,171440.0,173772.0,173772.0,160605.0,160605.0,131353.0,131353.0,148982.0,148982.0,43000.0
1006,SSSE,SANSKRITHI SCHOOL OF ENGINEERING,PVT,ANANTAPUR,PUTAPARTHI,COED,JNTUA,MEC,122285.0,122285.0,141769.0,141769.0,139126.0,173815.0,122285.0,122285.0,122285.0,122285.0,122285.0,122285.0,122285.0,122285.0,122285.0,122285.0,156065.0,156065.0,43000.0
1007,SVIT,SRI VENKATESWARA INST OF TECHNOLOGY,PVT,ANANTAPUR,ANANTAPURAMU,COED,JNTUA,CIV,127646.0,127646.0,127646.0,127646.0,127646.0,127646.0,127646.0,127646.0,127646.0,127646.0,127646.0,127646.0,127646.0,127646.0,127646.0,127646.0,999999.0,999999.0,43000.0
1008,SVIT,SRI VENKATESWARA INST OF TECHNOLOGY,PVT,ANANTAPUR,ANANTAPURAMU,COED,JNTUA,CSD,999999.0,999999.0,174446.0,174446.0,177079.0,177079.0,157010.0,171854.0,175988.0,175988.0,999999.0,999999.0,169878.0,174555.0,152770.0,152770.0,130766.0,139019.0,43000.0
1009,SVIT,SRI VENKATESWARA INST OF TECHNOLOGY,PVT,ANANTAPUR,ANANTAPURAMU,COED,JNTUA,CSE,125931.0,125931.0,177758.0,177758.0,162175.0,162805.0,163914.0,163914.0,161720.0,161720.0,167891.0,167891.0,174586.0,174586.0,173673.0,175243.0,175991.0,172855.0,43000.0
1010,SVIT,SRI VENKATESWARA INST OF TECHNOLOGY,PVT,ANANTAPUR,ANANTAPURAMU,COED,JNTUA,CSM,140703.0,140703.0,160722.0,160722.0,161700.0,173550.0,161712.0,175558.0,171491.0,175334.0,140703.0,140703.0,154260.0,156855.0,172156.0,172156.0,159144.0,168501.0,43000.0
1011,SVIT,SRI VENKATESWARA INST OF TECHNOLOGY,PVT,ANANTAPUR,ANANTAPURAMU,COED,JNTUA,ECE,113316.0,113316.0,164633.0,172715.0,156858.0,160484.0,145520.0,174913.0,161604.0,176928.0,113316.0,113316.0,140687.0,155008.0,171119.0,172494.0,141843.0,141843.0,43000.0
1012,SVIT,SRI VENKATESWARA INST OF TECHNOLOGY,PVT,ANANTAPUR,ANANTAPURAMU,COED,JNTUA,MEC,176634.0,176634.0,176634.0,176634.0,176634.0,176634.0,176634.0,176634.0,176634.0,176634.0,176634.0,176634.0,176634.0,176634.0,176634.0,176634.0,999999.0,999999.0,43000.0
1013,TECH,TADIPATRI ENGG COLLEGE,PVT,ANANTAPUR,TADIPATRI,COED,JNTUA,CSD,109155.0,141388.0,130700.0,141388.0,137804.0,141388.0,154122.0,174518.0,109155.0,141388.0,109155.0,141388.0,109155.0,141388.0,109155.0,141388.0,999999.0,999999.0,52400.0
1014,TECH,TADIPATRI ENGG COLLEGE,PVT,ANANTAPUR,TADIPATRI,COED,JNTUA,CSE,119636.0,119636.0,177864.0,177864.0,176566.0,176566.0,177072.0,177072.0,174177.0,174177.0,119636.0,119636.0,170921.0,174347.0,163039.0,163039.0,171647.0,144308.0,52400.0
1015,TECH,TADIPATRI ENGG COLLEGE,PVT,ANANTAPUR,TADIPATRI,COED,JNTUA,ECE,114079.0,114079.0,177824.0,177824.0,176727.0,176727.0,168355.0,168355.0,173219.0,173219.0,114079.0,173206.0,175618.0,175618.0,147020.0,147020.0,999999.0,999999.0,52400.0
1016,TECH,TADIPATRI ENGG COLLEGE,PVT,ANANTAPUR,TADIPATRI,COED,JNTUA,EEE,150904.0,150904.0,150904.0,155452.0,162221.0,177804.0,150904.0,150904.0,150904.0,150904.0,150904.0,150904.0,150904.0,150904.0,150904.0,150904.0,999999.0,999999.0,52400.0
1017,ACEM,ADITYA COLLEGE OF ENGINEERING,PVT,CHITTOOR,MADANAPALLE,COED,JNTUA,AID,72650.0,72650.0,175881.0,176990.0,97871.0,98603.0,127584.0,127584.0,130835.0,150271.0,126529.0,142495.0,169251.0,169251.0,128234.0,128234.0,92504.0,97637.0,43000.0
1018,ACEM,ADITYA COLLEGE OF ENGINEERING,PVT,CHITTOOR,MADANAPALLE,COED,JNTUA,CAI,61820.0,75253.0,176263.0,176263.0,79596.0,102354.0,104008.0,104008.0,113861.0,113861.0,61820.0,75253.0,118651.0,118651.0,90217.0,91857.0,114583.0,83933.0,43000.0
1019,ACEM,ADITYA COLLEGE OF ENGINEERING,PVT,CHITTOOR,MADANAPALLE,COED,JNTUA,CIV,147787.0,147787.0,147787.0,147787.0,157096.0,157096.0,147787.0,147787.0,160875.0,160875.0,147787.0,147787.0,147787.0,147787.0,147787.0,147787.0,999999.0,999999.0,43000.0
1020,ACEM,ADITYA COLLEGE OF ENGINEERING,PVT,CHITTOOR,MADANAPALLE,COED,JNTUA,CSE,71971.0,71971.0,172600.0,176036.0,173232.0,173232.0,123124.0,140297.0,130939.0,130939.0,168285.0,168285.0,138097.0,138097.0,116089.0,116089.0,82734.0,98645.0,43000.0
1021,ACEM,ADITYA COLLEGE OF ENGINEERING,PVT,CHITTOOR,MADANAPALLE,COED,JNTUA,ECE,137275.0,137275.0,176591.0,177764.0,159111.0,166659.0,142260.0,166750.0,166520.0,166520.0,137275.0,137275.0,172056.0,172056.0,171374.0,171374.0,133700.0,125179.0,43000.0
1022,ACEM,ADITYA COLLEGE OF ENGINEERING,PVT,CHITTOOR,MADANAPALLE,COED,JNTUA,EEE,111772.0,111772.0,174754.0,174754.0,153967.0,153967.0,157762.0,166837.0,169626.0,176979.0,156258.0,156258.0,176145.0,176145.0,131309.0,131309.0,144121.0,173726.0,43000.0
1023,AITT,ANNAMACHARYA INST OF TECHNOLOGYAND SCIENCES,PVT,CHITTOOR,TIRUPATHI,COED,JNTUA,AID,70094.0,70094.0,177305.0,177305.0,147937.0,166435.0,79516.0,79516.0,103259.0,103259.0,91852.0,91852.0,107738.0,111075.0,142741.0,172642.0,71855.0,83513.0,43000.0
1024,AITT,ANNAMACHARYA INST OF TECHNOLOGYAND SCIENCES,PVT,CHITTOOR,TIRUPATHI,COED,JNTUA,AIM,55210.0,55210.0,156862.0,156862.0,168191.0,168191.0,90687.0,90687.0,96290.0,99370.0,87857.0,87857.0,88917.0,114991.0,127382.0,151496.0,65320.0,58469.0,43000.0
1025,AITT,ANNAMACHARYA INST OF TECHNOLOGYAND SCIENCES,PVT,CHITTOOR,TIRUPATHI,COED,JNTUA,CIC,68089.0,68089.0,173501.0,174432.0,169757.0,177222.0,146926.0,146926.0,105214.0,113149.0,68089.0,117080.0,114203.0,124012.0,68089.0,68089.0,77187.0,79004.0,43000.0
1026,AITT,ANNAMACHARYA INST OF TECHNOLOGYAND SCIENCES,PVT,CHITTOOR,TIRUPATHI,COED,JNTUA,CIT,89909.0,94856.0,176951.0,176951.0,112885.0,112885.0,121453.0,132984.0,135315.0,168897.0,122246.0,122246.0,131263.0,149843.0,143483.0,174980.0,113840.0,100909.0,43000.0
1027,AITT,ANNAMACHARYA INST OF TECHNOLOGYAND SCIENCES,PVT,CHITTOOR,TIRUPATHI,COED,JNTUA,CIV,135572.0,135572.0,177621.0,177621.0,170131.0,170131.0,150630.0,150630.0,174086.0,174086.0,135572.0,135572.0,146851.0,173861.0,135572.0,135572.0,150642.0,167186.0,43000.0
1028,AITT,ANNAMACHARYA INST OF TECHNOLOGYAND SCIENCES,PVT,CHITTOOR,TIRUPATHI,COED,JNTUA,CSD,56445.0,56445.0,172427.0,172427.0,175121.0,175121.0,90539.0,90539.0,97834.0,97834.0,56445.0,57851.0,110784.0,111641.0,137642.0,163670.0,87953.0,89551.0,43000.0
1029,AITT,ANNAMACHARYA INST OF TECHNOLOGYAND SCIENCES,PVT,CHITTOOR,TIRUPATHI,COED,JNTUA,CSE,64116.0,64116.0,165901.0,165901.0,162915.0,175634.0,86160.0,98635.0,85406.0,85406.0,77893.0,77893.0,92533.0,94739.0,109416.0,124010.0,68177.0,65303.0,43000.0
1030,AITT,ANNAMACHARYA INST OF TECHNOLOGYAND SCIENCES,PVT,CHITTOOR,TIRUPATHI,COED,JNTUA,ECE,55943.0,55943.0,143572.0,165116.0,163565.0,165565.0,101361.0,101361.0,100704.0,140692.0,85991.0,109180.0,113894.0,113894.0,119369.0,167641.0,71679.0,63475.0,43000.0
1031,AITT,ANNAMACHARYA INST OF TECHNOLOGYAND SCIENCES,PVT,CHITTOOR,TIRUPATHI,COED,JNTUA,EEE,106801.0,106801.0,169901.0,176753.0,165922.0,165922.0,166739.0,166739.0,172184.0,172184.0,106801.0,106801.0,167494.0,173059.0,168591.0,168591.0,126971.0,152136.0,43000.0
1032,AITT,ANNAMACHARYA INST OF TECHNOLOGYAND SCIENCES,PVT,CHITTOOR,TIRUPATHI,COED,JNTUA,MEC,161940.0,161940.0,177331.0,177331.0,174835.0,174835.0,161940.0,161940.0,161940.0,167918.0,161940.0,161940.0,170463.0,170463.0,161940.0,161940.0,172615.0,173506.0,43000.0
1033,CHDL,CHADALAWADA RAMANAMMA ENGG. COLLEGE,PVT,CHITTOOR,TIRUPATHI,COED,JNTUA,CAI,137066.0,137066.0,176765.0,176765.0,154491.0,154491.0,170562.0,176224.0,176343.0,176343.0,137066.0,137066.0,145566.0,155272.0,168218.0,168218.0,171984.0,171263.0,55600.0
1034,CHDL,CHADALAWADA RAMANAMMA ENGG. COLLEGE,PVT,CHITTOOR,TIRUPATHI,COED,JNTUA,CSD,140573.0,140573.0,175386.0,175386.0,140573.0,140573.0,172482.0,172482.0,167731.0,167731.0,140573.0,140573.0,149812.0,167512.0,148651.0,148651.0,149653.0,155185.0,55600.0
1035,CHDL,CHADALAWADA RAMANAMMA ENGG. COLLEGE,PVT,CHITTOOR,TIRUPATHI,COED,JNTUA,CSE,120960.0,120960.0,165066.0,177844.0,163823.0,164677.0,122609.0,154384.0,169384.0,169384.0,150030.0,150030.0,134734.0,139135.0,169467.0,169467.0,142901.0,135100.0,55600.0
1036,CHDL,CHADALAWADA RAMANAMMA ENGG. COLLEGE,PVT,CHITTOOR,TIRUPATHI,COED,JNTUA,CSM,120405.0,128700.0,177075.0,177075.0,145019.0,174304.0,173310.0,173310.0,170685.0,176371.0,137363.0,137363.0,168395.0,168395.0,169718.0,169718.0,168469.0,153201.0,55600.0
1037,CHDL,CHADALAWADA RAMANAMMA ENGG. COLLEGE,PVT,CHITTOOR,TIRUPATHI,COED,JNTUA,ECE,106391.0,106391.0,177297.0,177297.0,147120.0,147120.0,168363.0,170370.0,172488.0,172488.0,106391.0,106391.0,174520.0,174520.0,148310.0,172799.0,145318.0,162853.0,55600.0
1038,CHDL,CHADALAWADA RAMANAMMA ENGG. COLLEGE,PVT,CHITTOOR,TIRUPATHI,COED,JNTUA,EEE,148041.0,148041.0,175944.0,175944.0,167594.0,171184.0,171247.0,175965.0,174326.0,174326.0,148041.0,148041.0,154181.0,154181.0,148041.0,176817.0,139189.0,139189.0,55600.0
1039,GVIC,GOLDEN VALLEY INTEGRATED CAMPUS,PVT,CHITTOOR,MADANAPALLE,COED,JNTUA,CSE,140880.0,140880.0,145731.0,170947.0,140880.0,165572.0,172401.0,174539.0,170026.0,170026.0,140880.0,140880.0,175648.0,175648.0,172437.0,172437.0,143537.0,147706.0,46700.0
1040,GVIC,GOLDEN VALLEY INTEGRATED CAMPUS,PVT,CHITTOOR,MADANAPALLE,COED,JNTUA,ECE,117311.0,117311.0,117311.0,117311.0,117311.0,117311.0,117311.0,117311.0,172234.0,172234.0,117311.0,117311.0,117311.0,117311.0,117311.0,117311.0,163413.0,163413.0,46700.0
1041,JNTC,JNTUA COLLEGE OF ENGINEERING. KALIKIRI,UNIV,CHITTOOR,KALIKIRI,COED,JNTUA,CIV,68715.0,83950.0,163499.0,163499.0,164636.0,164636.0,176828.0,176828.0,165909.0,168649.0,158397.0,158397.0,169456.0,169456.0,98915.0,98915.0,84603.0,136280.0,10000.0
1042,JNTC,JNTUA COLLEGE OF ENGINEERING. KALIKIRI,UNIV,CHITTOOR,KALIKIRI,COED,JNTUA,CSE,12738.0,12738.0,31794.0,31794.0,42281.0,42281.0,15036.0,15036.0,23009.0,23009.0,12738.0,12738.0,19645.0,19645.0,12799.0,17102.0,14088.0,14318.0,10000.0
1043,JNTC,JNTUA COLLEGE OF ENGINEERING. KALIKIRI,UNIV,CHITTOOR,KALIKIRI,COED,JNTUA,ECE,18086.0,18086.0,59547.0,59547.0,55477.0,55477.0,34001.0,47179.0,51372.0,51372.0,38553.0,38553.0,26536.0,52995.0,39201.0,39201.0,26197.0,21529.0,10000.0
1044,JNTC,JNTUA COLLEGE OF ENGINEERING. KALIKIRI,UNIV,CHITTOOR,KALIKIRI,COED,JNTUA,EEE,58709.0,58709.0,122430.0,122430.0,99835.0,99835.0,145916.0,145916.0,89918.0,143706.0,72927.0,72927.0,91650.0,91650.0,90791.0,172913.0,59451.0,67255.0,10000.0
1045,JNTC,JNTUA COLLEGE OF ENGINEERING. KALIKIRI,UNIV,CHITTOOR,KALIKIRI,COED,JNTUA,FDT,103662.0,103662.0,163100.0,163100.0,140125.0,140125.0,123478.0,123478.0,174730.0,174730.0,103662.0,134455.0,174748.0,174748.0,103662.0,128133.0,135709.0,122262.0,10000.0
1046,JNTC,JNTUA COLLEGE OF ENGINEERING. KALIKIRI,UNIV,CHITTOOR,KALIKIRI,COED,JNTUA,MEC,134767.0,146780.0,151376.0,167226.0,134767.0,162706.0,134767.0,177084.0,167169.0,167169.0,157134.0,157134.0,172975.0,172975.0,157303.0,176474.0,145475.0,145475.0,10000.0
1047,KMMT,KMM INST OF TECHNOLOGY AND SCIENCE,PVT,CHITTOOR,TIRUPATHI,COED,JNTUA,CAI,134577.0,171861.0,169326.0,171861.0,134577.0,171861.0,166231.0,176070.0,134577.0,171861.0,134577.0,171861.0,166387.0,171861.0,173177.0,173177.0,999999.0,999999.0,43000.0
1048,KMMT,KMM INST OF TECHNOLOGY AND SCIENCE,PVT,CHITTOOR,TIRUPATHI,COED,JNTUA,CSD,91277.0,91277.0,91277.0,91277.0,91277.0,91277.0,91277.0,91277.0,91277.0,91277.0,91277.0,91277.0,91277.0,91277.0,91277.0,91277.0,167722.0,167722.0,43000.0
1049,KMMT,KMM INST OF TECHNOLOGY AND SCIENCE,PVT,CHITTOOR,TIRUPATHI,COED,JNTUA,CSE,134194.0,134194.0,176844.0,177820.0,141879.0,176427.0,176648.0,176648.0,173421.0,173421.0,173559.0,173559.0,171738.0,171738.0,134194.0,162691.0,172136.0,171092.0,43000.0
1050,KMMT,KMM INST OF TECHNOLOGY AND SCIENCE,PVT,CHITTOOR,TIRUPATHI,COED,JNTUA,ECE,120591.0,120591.0,169380.0,169380.0,162455.0,162455.0,168408.0,168408.0,151827.0,151827.0,171050.0,171050.0,160852.0,160852.0,168700.0,168700.0,119960.0,174046.0,43000.0
1051,KMMT,KMM INST OF TECHNOLOGY AND SCIENCE,PVT,CHITTOOR,TIRUPATHI,COED,JNTUA,EEE,97397.0,97397.0,97397.0,97397.0,97397.0,97397.0,97397.0,97397.0,97397.0,97397.0,97397.0,97397.0,97397.0,97397.0,97397.0,97397.0,999999.0,999999.0,43000.0
1052,KUPM,KUPPAM ENGINEERING COLLEGE,PVT,CHITTOOR,KUPPAM,COED,JNTUA,CIV,159204.0,159204.0,164714.0,164714.0,159204.0,159204.0,159204.0,159204.0,159204.0,159204.0,159204.0,159204.0,159204.0,159204.0,159204.0,159204.0,999999.0,999999.0,43000.0
1053,KUPM,KUPPAM ENGINEERING COLLEGE,PVT,CHITTOOR,KUPPAM,COED,JNTUA,CSD,41771.0,175947.0,131112.0,175947.0,81376.0,175947.0,144501.0,175947.0,174437.0,175947.0,41771.0,175947.0,174063.0,175947.0,41771.0,175947.0,146162.0,152904.0,43000.0
1054,KUPM,KUPPAM ENGINEERING COLLEGE,PVT,CHITTOOR,KUPPAM,COED,JNTUA,CSE,99570.0,99570.0,177315.0,177315.0,120207.0,120207.0,123416.0,136416.0,156222.0,156222.0,132862.0,132862.0,168134.0,171331.0,146194.0,146194.0,171610.0,138968.0,43000.0
1055,KUPM,KUPPAM ENGINEERING COLLEGE,PVT,CHITTOOR,KUPPAM,COED,JNTUA,CSM,103100.0,103100.0,159428.0,159428.0,166086.0,170040.0,157407.0,157407.0,160958.0,160958.0,103100.0,103100.0,175236.0,175236.0,145993.0,145993.0,134798.0,153082.0,43000.0
1056,KUPM,KUPPAM ENGINEERING COLLEGE,PVT,CHITTOOR,KUPPAM,COED,JNTUA,ECE,120197.0,120197.0,171848.0,171848.0,168054.0,168054.0,168334.0,168334.0,176623.0,176623.0,120197.0,175825.0,163795.0,175320.0,161736.0,161736.0,170133.0,139401.0,43000.0
1057,KUPM,KUPPAM ENGINEERING COLLEGE,PVT,CHITTOOR,KUPPAM,COED,JNTUA,EEE,111531.0,121124.0,111531.0,170675.0,175746.0,175746.0,146549.0,146549.0,161034.0,163761.0,111531.0,121124.0,171633.0,171633.0,111531.0,121124.0,135883.0,135883.0,43000.0
1058,KUPM,KUPPAM ENGINEERING COLLEGE,PVT,CHITTOOR,KUPPAM,COED,JNTUA,MEC,137924.0,137924.0,177311.0,177311.0,137924.0,137924.0,164422.0,164422.0,137924.0,137924.0,137924.0,137924.0,137924.0,137924.0,137924.0,137924.0,999999.0,999999.0,43000.0
1059,MITS,MADANAPALLY INSTITUTE OF TECHNOLOGY AND SCI,PVT,CHITTOOR,MADANAPALLE,COED,JNTUA,CAI,26835.0,26835.0,118193.0,143355.0,125312.0,162657.0,44735.0,47412.0,41980.0,41980.0,60136.0,60136.0,60285.0,60285.0,43657.0,46962.0,31066.0,31048.0,67800.0
1060,MITS,MADANAPALLY INSTITUTE OF TECHNOLOGY AND SCI,PVT,CHITTOOR,MADANAPALLE,COED,JNTUA,CIV,85007.0,94011.0,177352.0,177352.0,162113.0,162113.0,152791.0,152791.0,172525.0,172525.0,173986.0,173986.0,106809.0,107544.0,148080.0,148080.0,124539.0,146919.0,67800.0
1061,MITS,MADANAPALLY INSTITUTE OF TECHNOLOGY AND SCI,PVT,CHITTOOR,MADANAPALLE,COED,JNTUA,CSC,33213.0,33213.0,142727.0,164468.0,141137.0,165499.0,49025.0,58866.0,49682.0,49870.0,64398.0,64398.0,71592.0,73673.0,56978.0,60794.0,36628.0,35756.0,67800.0
1062,MITS,MADANAPALLY INSTITUTE OF TECHNOLOGY AND SCI,PVT,CHITTOOR,MADANAPALLE,COED,JNTUA,CSD,30691.0,30691.0,137357.0,137357.0,165701.0,177137.0,45776.0,49454.0,49000.0,49000.0,54980.0,78883.0,62088.0,62088.0,51792.0,51792.0,34353.0,34412.0,67800.0
1063,MITS,MADANAPALLY INSTITUTE OF TECHNOLOGY AND SCI,PVT,CHITTOOR,MADANAPALLE,COED,JNTUA,CSE,19661.0,23162.0,99811.0,104160.0,99982.0,99982.0,42492.0,54819.0,36306.0,44523.0,120317.0,120317.0,40591.0,40591.0,34669.0,43879.0,24688.0,24969.0,67800.0
1064,MITS,MADANAPALLY INSTITUTE OF TECHNOLOGY AND SCI,PVT,CHITTOOR,MADANAPALLE,COED,JNTUA,CSM,19535.0,19895.0,91568.0,113544.0,147359.0,149746.0,37292.0,37292.0,35766.0,35766.0,86993.0,86993.0,41011.0,41011.0,29274.0,29274.0,23978.0,22044.0,67800.0
1065,MITS,MADANAPALLY INSTITUTE OF TECHNOLOGY AND SCI,PVT,CHITTOOR,MADANAPALLE,COED,JNTUA,CST,40149.0,40149.0,164348.0,176963.0,177473.0,177473.0,60410.0,72895.0,56060.0,56060.0,69785.0,80933.0,75809.0,78074.0,72185.0,72185.0,44162.0,43609.0,67800.0
1066,MITS,MADANAPALLY INSTITUTE OF TECHNOLOGY AND SCI,PVT,CHITTOOR,MADANAPALLE,COED,JNTUA,ECE,33363.0,35543.0,116564.0,116564.0,145338.0,154742.0,44892.0,56268.0,58898.0,58898.0,168790.0,168790.0,80945.0,80945.0,70044.0,70044.0,35267.0,36389.0,67800.0
1067,MITS,MADANAPALLY INSTITUTE OF TECHNOLOGY AND SCI,PVT,CHITTOOR,MADANAPALLE,COED,JNTUA,EEE,56824.0,56824.0,167164.0,167164.0,176905.0,176905.0,90592.0,90592.0,140507.0,151410.0,56824.0,80603.0,100634.0,100634.0,95146.0,171644.0,69136.0,64232.0,67800.0
1068,MITS,MADANAPALLY INSTITUTE OF TECHNOLOGY AND SCI,PVT,CHITTOOR,MADANAPALLE,COED,JNTUA,MEC,103698.0,164483.0,176948.0,176948.0,110429.0,176991.0,107928.0,164483.0,161072.0,164483.0,103698.0,164483.0,128087.0,164483.0,103698.0,164483.0,123263.0,158112.0,67800.0
1069,MJRT,MJR COLLEGE OF ENGG AND TECHNOLOGY,PVT,CHITTOOR,PILER,COED,JNTUA,CAI,128476.0,128476.0,165711.0,167296.0,144196.0,144196.0,159474.0,159474.0,162107.0,162107.0,128476.0,128476.0,174214.0,174214.0,170309.0,170309.0,150751.0,148370.0,43000.0
1070,MJRT,MJR COLLEGE OF ENGG AND TECHNOLOGY,PVT,CHITTOOR,PILER,COED,JNTUA,CIV,152198.0,152198.0,152198.0,152198.0,152198.0,152198.0,152198.0,152198.0,152198.0,152198.0,152198.0,152198.0,152198.0,152198.0,152198.0,172651.0,999999.0,999999.0,43000.0
1071,MJRT,MJR COLLEGE OF ENGG AND TECHNOLOGY,PVT,CHITTOOR,PILER,COED,JNTUA,CSC,89971.0,89971.0,166912.0,174196.0,170496.0,170496.0,168169.0,177004.0,175512.0,177200.0,89971.0,89971.0,172126.0,172126.0,172703.0,172703.0,159340.0,167449.0,43000.0
1072,MJRT,MJR COLLEGE OF ENGG AND TECHNOLOGY,PVT,CHITTOOR,PILER,COED,JNTUA,CSE,117721.0,132174.0,177319.0,177319.0,177467.0,177467.0,134842.0,134842.0,170995.0,170995.0,171137.0,171137.0,170310.0,170519.0,117721.0,172946.0,150242.0,161038.0,43000.0
1073,MJRT,MJR COLLEGE OF ENGG AND TECHNOLOGY,PVT,CHITTOOR,PILER,COED,JNTUA,ECE,129407.0,129407.0,176328.0,176328.0,160841.0,160841.0,164627.0,173112.0,176312.0,176312.0,140571.0,140571.0,171364.0,171364.0,172229.0,173024.0,161531.0,161531.0,43000.0
1074,MJRT,MJR COLLEGE OF ENGG AND TECHNOLOGY,PVT,CHITTOOR,PILER,COED,JNTUA,EEE,153949.0,153949.0,165663.0,173899.0,165991.0,165991.0,176868.0,176868.0,153949.0,165605.0,153949.0,153949.0,153949.0,153949.0,153949.0,153949.0,999999.0,999999.0,43000.0
1075,MTIE,MOTHER THERESA INST OF ENGG AND TECH,PVT,CHITTOOR,PALAMNER,COED,JNTUA,AID,76791.0,76791.0,158626.0,162712.0,168637.0,168637.0,116918.0,119943.0,146300.0,151186.0,76791.0,76791.0,147268.0,158709.0,153987.0,153987.0,112403.0,85601.0,57200.0
1076,MTIE,MOTHER THERESA INST OF ENGG AND TECH,PVT,CHITTOOR,PALAMNER,COED,JNTUA,CAI,73095.0,73095.0,177397.0,177397.0,164715.0,169058.0,110474.0,110474.0,130604.0,173687.0,73095.0,73095.0,135561.0,135561.0,101027.0,134980.0,102639.0,108559.0,57200.0
1077,MTIE,MOTHER THERESA INST OF ENGG AND TECH,PVT,CHITTOOR,PALAMNER,COED,JNTUA,CIV,175061.0,175061.0,175061.0,175061.0,175061.0,175061.0,175061.0,175780.0,175061.0,175061.0,175061.0,175061.0,175061.0,175061.0,175061.0,175061.0,168531.0,168531.0,57200.0
1078,MTIE,MOTHER THERESA INST OF ENGG AND TECH,PVT,CHITTOOR,PALAMNER,COED,JNTUA,CSD,92689.0,92689.0,176596.0,177185.0,171650.0,177853.0,112250.0,112250.0,153020.0,153020.0,92689.0,103773.0,163210.0,163210.0,166491.0,166491.0,114471.0,114910.0,57200.0
1079,MTIE,MOTHER THERESA INST OF ENGG AND TECH,PVT,CHITTOOR,PALAMNER,COED,JNTUA,CSE,70113.0,70113.0,155825.0,155825.0,150962.0,163112.0,99150.0,99150.0,137138.0,151550.0,131001.0,131001.0,176803.0,176803.0,124036.0,130912.0,91323.0,100565.0,57200.0
1080,MTIE,MOTHER THERESA INST OF ENGG AND TECH,PVT,CHITTOOR,PALAMNER,COED,JNTUA,ECE,92401.0,92401.0,175206.0,177558.0,175737.0,175737.0,133977.0,133977.0,173895.0,173895.0,166996.0,166996.0,169028.0,169028.0,172583.0,172583.0,114335.0,119212.0,57200.0
1081,MTIE,MOTHER THERESA INST OF ENGG AND TECH,PVT,CHITTOOR,PALAMNER,COED,JNTUA,EEE,126310.0,126310.0,170185.0,170185.0,154368.0,154368.0,158770.0,158770.0,173544.0,173544.0,126310.0,126310.0,149090.0,161076.0,152270.0,156378.0,156437.0,131855.0,57200.0
1082,SDTN,SIDDHARTH INSTITUTE OF ENGG. AND TECHNOLOGY,PVT,CHITTOOR,PUTTUR,COED,JNTUA,CAD,70932.0,89454.0,174240.0,175291.0,153817.0,153817.0,139197.0,139197.0,114298.0,114298.0,113327.0,131300.0,127494.0,134281.0,176415.0,176415.0,89157.0,87997.0,65400.0
1083,SDTN,SIDDHARTH INSTITUTE OF ENGG. AND TECHNOLOGY,PVT,CHITTOOR,PUTTUR,COED,JNTUA,CAI,22992.0,41553.0,139149.0,164224.0,165624.0,165624.0,106226.0,106226.0,75767.0,122159.0,69695.0,69695.0,58022.0,77462.0,122894.0,122894.0,47837.0,99656.0,65400.0
1084,SDTN,SIDDHARTH INSTITUTE OF ENGG. AND TECHNOLOGY,PVT,CHITTOOR,PUTTUR,COED,JNTUA,CCC,104119.0,104119.0,164294.0,164294.0,177126.0,177126.0,130150.0,150926.0,144389.0,153119.0,104119.0,104119.0,174023.0,174023.0,127636.0,127636.0,124077.0,134330.0,65400.0
1085,SDTN,SIDDHARTH INSTITUTE OF ENGG. AND TECHNOLOGY,PVT,CHITTOOR,PUTTUR,COED,JNTUA,CIA,80125.0,84082.0,169233.0,174003.0,92375.0,92375.0,140640.0,140640.0,144265.0,144265.0,80125.0,84082.0,169002.0,169002.0,94073.0,110354.0,93664.0,134972.0,65400.0
1086,SDTN,SIDDHARTH INSTITUTE OF ENGG. AND TECHNOLOGY,PVT,CHITTOOR,PUTTUR,COED,JNTUA,CIC,92127.0,92127.0,173238.0,173238.0,95711.0,97053.0,117058.0,117058.0,129158.0,129158.0,92127.0,148916.0,141203.0,141203.0,139706.0,141192.0,98608.0,106059.0,65400.0
1087,SDTN,SIDDHARTH INSTITUTE OF ENGG. AND TECHNOLOGY,PVT,CHITTOOR,PUTTUR,COED,JNTUA,CIT,83011.0,83011.0,162394.0,172561.0,177828.0,177828.0,131470.0,137676.0,116118.0,171707.0,83011.0,83011.0,116033.0,116033.0,147503.0,147503.0,94094.0,123883.0,65400.0
1088,SDTN,SIDDHARTH INSTITUTE OF ENGG. AND TECHNOLOGY,PVT,CHITTOOR,PUTTUR,COED,JNTUA,CIV,163128.0,163128.0,177197.0,177526.0,177348.0,177348.0,163128.0,163128.0,168980.0,168980.0,163128.0,163128.0,163128.0,163128.0,163128.0,163128.0,999999.0,999999.0,65400.0
1089,SDTN,SIDDHARTH INSTITUTE OF ENGG. AND TECHNOLOGY,PVT,CHITTOOR,PUTTUR,COED,JNTUA,CSE,53922.0,53922.0,126872.0,152942.0,159032.0,171753.0,96860.0,116281.0,109993.0,109993.0,64860.0,68512.0,68559.0,124387.0,76715.0,83858.0,63510.0,64745.0,65400.0
1090,SDTN,SIDDHARTH INSTITUTE OF ENGG. AND TECHNOLOGY,PVT,CHITTOOR,PUTTUR,COED,JNTUA,CSM,56844.0,61357.0,176172.0,176461.0,176767.0,177868.0,91989.0,91989.0,97314.0,139685.0,102626.0,120278.0,117848.0,121419.0,136510.0,140455.0,74295.0,89597.0,65400.0
1091,SDTN,SIDDHARTH INSTITUTE OF ENGG. AND TECHNOLOGY,PVT,CHITTOOR,PUTTUR,COED,JNTUA,ECE,84778.0,84778.0,164385.0,167025.0,174185.0,174185.0,169988.0,169988.0,134698.0,173845.0,84778.0,110253.0,146962.0,148186.0,169578.0,169578.0,113359.0,93694.0,65400.0
1092,SDTN,SIDDHARTH INSTITUTE OF ENGG. AND TECHNOLOGY,PVT,CHITTOOR,PUTTUR,COED,JNTUA,EEE,146740.0,146740.0,176992.0,177811.0,177220.0,177220.0,155136.0,171824.0,171199.0,176857.0,146740.0,175548.0,174061.0,174061.0,175928.0,175928.0,156722.0,122738.0,65400.0
1093,SDTN,SIDDHARTH INSTITUTE OF ENGG. AND TECHNOLOGY,PVT,CHITTOOR,PUTTUR,COED,JNTUA,MEC,137392.0,159383.0,177481.0,177481.0,177837.0,177837.0,174087.0,174087.0,174153.0,174153.0,137392.0,159383.0,175904.0,175904.0,137392.0,159383.0,166654.0,166654.0,65400.0
1094,SEAT,SIDDARTHA EDNL ACADEMY GRP OF INSTNS,PVT,CHITTOOR,TIRUPATHI,COED,JNTUA,CAI,114393.0,114393.0,176523.0,176813.0,114393.0,123110.0,159642.0,172119.0,166507.0,174500.0,114393.0,114393.0,175655.0,175655.0,155196.0,155196.0,135154.0,133193.0,60600.0
1095,SEAT,SIDDARTHA EDNL ACADEMY GRP OF INSTNS,PVT,CHITTOOR,TIRUPATHI,COED,JNTUA,CSE,120259.0,120259.0,164640.0,177766.0,165846.0,176485.0,172666.0,174825.0,174381.0,174381.0,120259.0,120259.0,152569.0,172779.0,147387.0,172756.0,152105.0,133153.0,60600.0
1096,SEAT,SIDDARTHA EDNL ACADEMY GRP OF INSTNS,PVT,CHITTOOR,TIRUPATHI,COED,JNTUA,CSM,166144.0,166144.0,166144.0,166144.0,172021.0,172021.0,166144.0,166144.0,166144.0,166144.0,166144.0,166144.0,175202.0,175202.0,167790.0,169068.0,157880.0,147282.0,60600.0
1097,SEAT,SIDDARTHA EDNL ACADEMY GRP OF INSTNS,PVT,CHITTOOR,TIRUPATHI,COED,JNTUA,ECE,155868.0,157512.0,175876.0,175876.0,168852.0,168852.0,174733.0,174733.0,172827.0,172827.0,155868.0,157512.0,170268.0,170268.0,155868.0,157512.0,144262.0,149882.0,60600.0
1098,SEAT,SIDDARTHA EDNL ACADEMY GRP OF INSTNS,PVT,CHITTOOR,TIRUPATHI,COED,JNTUA,EEE,139442.0,139442.0,173927.0,173927.0,139442.0,139442.0,139442.0,139442.0,170774.0,170774.0,139442.0,139442.0,139442.0,139442.0,139442.0,139442.0,167300.0,167300.0,60600.0
1099,SEAT,SIDDARTHA EDNL ACADEMY GRP OF INSTNS,PVT,CHITTOOR,TIRUPATHI,COED,JNTUA,MEC,149928.0,149928.0,149928.0,149928.0,149928.0,149928.0,149928.0,149928.0,149928.0,149928.0,149928.0,149928.0,149928.0,149928.0,149928.0,149928.0,999999.0,999999.0,60600.0
1100,SRET,SREE RAMA ENGINEERING COLLEGE,PVT,CHITTOOR,TIRUPATHI,COED,JNTUA,AID,91160.0,91160.0,165089.0,170285.0,91160.0,165904.0,157061.0,157795.0,166947.0,169417.0,91160.0,91160.0,140887.0,140887.0,116411.0,116411.0,101851.0,116563.0,51400.0
1101,SRET,SREE RAMA ENGINEERING COLLEGE,PVT,CHITTOOR,TIRUPATHI,COED,JNTUA,CIV,169387.0,169387.0,174000.0,175387.0,169387.0,174496.0,169387.0,169387.0,169387.0,169387.0,169387.0,169387.0,169387.0,169387.0,169387.0,169387.0,141847.0,141847.0,51400.0
1102,SRET,SREE RAMA ENGINEERING COLLEGE,PVT,CHITTOOR,TIRUPATHI,COED,JNTUA,CSE,95445.0,102647.0,174108.0,177493.0,171874.0,175771.0,147196.0,172416.0,161874.0,168842.0,135925.0,145036.0,159619.0,162864.0,172267.0,173382.0,109863.0,116838.0,51400.0
1103,SRET,SREE RAMA ENGINEERING COLLEGE,PVT,CHITTOOR,TIRUPATHI,COED,JNTUA,ECE,100426.0,100426.0,177217.0,177715.0,176884.0,176884.0,154962.0,168146.0,176081.0,176081.0,100426.0,143203.0,172675.0,172675.0,173202.0,173202.0,128066.0,118481.0,51400.0
1104,SRET,SREE RAMA ENGINEERING COLLEGE,PVT,CHITTOOR,TIRUPATHI,COED,JNTUA,EEE,136585.0,156032.0,176867.0,176867.0,146511.0,156032.0,175094.0,175094.0,158161.0,159050.0,136585.0,156032.0,168622.0,168622.0,171419.0,171419.0,172207.0,162625.0,51400.0
1105,SRET,SREE RAMA ENGINEERING COLLEGE,PVT,CHITTOOR,TIRUPATHI,COED,JNTUA,MEC,152139.0,152139.0,152139.0,152139.0,152139.0,152139.0,152139.0,152139.0,152139.0,152139.0,152139.0,152139.0,152139.0,152139.0,152139.0,152139.0,999999.0,999999.0,51400.0
1106,SSCC,SRINIVASA INSTITUTE OF TECHNOLOGY AND MANG STUDIES,PVT,CHITTOOR,CHITTOOR,COED,JNTUA,CAI,125546.0,126729.0,177829.0,177829.0,149308.0,170154.0,158141.0,158141.0,175744.0,175744.0,153847.0,153847.0,171710.0,175459.0,173061.0,173061.0,161410.0,158526.0,50300.0
1107,SSCC,SRINIVASA INSTITUTE OF TECHNOLOGY AND MANG STUDIES,PVT,CHITTOOR,CHITTOOR,COED,JNTUA,CSD,134546.0,134546.0,172111.0,172111.0,173636.0,173636.0,174685.0,174685.0,174977.0,174977.0,134546.0,151086.0,170260.0,170260.0,155630.0,155630.0,166441.0,153765.0,50300.0
1108,SSCC,SRINIVASA INSTITUTE OF TECHNOLOGY AND MANG STUDIES,PVT,CHITTOOR,CHITTOOR,COED,JNTUA,CSE,110041.0,169260.0,164417.0,169727.0,165672.0,175952.0,175686.0,175686.0,175496.0,175865.0,154367.0,169260.0,161118.0,174444.0,157545.0,169260.0,145004.0,126551.0,50300.0
1109,SSCC,SRINIVASA INSTITUTE OF TECHNOLOGY AND MANG STUDIES,PVT,CHITTOOR,CHITTOOR,COED,JNTUA,CSM,163578.0,168552.0,177808.0,177808.0,176605.0,176605.0,163592.0,170739.0,176855.0,176855.0,163578.0,168552.0,176297.0,176297.0,170248.0,170248.0,166537.0,140051.0,50300.0
1110,SSCC,SRINIVASA INSTITUTE OF TECHNOLOGY AND MANG STUDIES,PVT,CHITTOOR,CHITTOOR,COED,JNTUA,ECE,117127.0,129904.0,177011.0,177647.0,144119.0,144119.0,169560.0,169560.0,168369.0,174417.0,167960.0,167960.0,173481.0,173481.0,173791.0,173791.0,159519.0,161775.0,50300.0
1111,SSCC,SRINIVASA INSTITUTE OF TECHNOLOGY AND MANG STUDIES,PVT,CHITTOOR,CHITTOOR,COED,JNTUA,EEE,999999.0,999999.0,164545.0,173320.0,999999.0,999999.0,999999.0,999999.0,999999.0,999999.0,999999.0,999999.0,999999.0,999999.0,999999.0,999999.0,999999.0,999999.0,50300.0
1112,SSCC,SRINIVASA INSTITUTE OF TECHNOLOGY AND MANG STUDIES,PVT,CHITTOOR,CHITTOOR,COED,JNTUA,MEC,91120.0,169135.0,177530.0,177530.0,91120.0,169135.0,91120.0,169135.0,91120.0,169135.0,91120.0,169135.0,91120.0,169135.0,91120.0,169135.0,999999.0,999999.0,50300.0
1113,SVCE,SRI VENKATESWARA COLL OF ENGINEERING,PVT,CHITTOOR,TIRUPATHI,COED,JNTUA,CIV,100852.0,100852.0,158896.0,163338.0,152682.0,152682.0,137287.0,172540.0,117526.0,119964.0,136772.0,136772.0,161058.0,161058.0,158769.0,158769.0,158194.0,134111.0,74500.0
1114,SVCE,SRI VENKATESWARA COLL OF ENGINEERING,PVT,CHITTOOR,TIRUPATHI,COED,JNTUA,CSC,30660.0,43278.0,106604.0,108055.0,108590.0,148513.0,39742.0,43278.0,51697.0,55124.0,30660.0,43278.0,45671.0,46326.0,122411.0,122411.0,43220.0,29480.0,74500.0
1115,SVCE,SRI VENKATESWARA COLL OF ENGINEERING,PVT,CHITTOOR,TIRUPATHI,COED,JNTUA,CSD,39324.0,39324.0,102927.0,102927.0,153756.0,153756.0,39324.0,39324.0,40200.0,40200.0,39324.0,39324.0,39324.0,42522.0,55554.0,55554.0,39341.0,25674.0,74500.0
1116,SVCE,SRI VENKATESWARA COLL OF ENGINEERING,PVT,CHITTOOR,TIRUPATHI,COED,JNTUA,CSE,32275.0,32275.0,66418.0,66418.0,97790.0,110036.0,32275.0,36163.0,38031.0,38031.0,34255.0,96531.0,39903.0,86939.0,32275.0,46203.0,38416.0,22418.0,74500.0
1117,SVCE,SRI VENKATESWARA COLL OF ENGINEERING,PVT,CHITTOOR,TIRUPATHI,COED,JNTUA,CSM,30827.0,30827.0,89468.0,113171.0,149149.0,149149.0,36144.0,50040.0,37412.0,39170.0,101428.0,101428.0,44768.0,44768.0,80202.0,80202.0,35405.0,25191.0,74500.0
1118,SVCE,SRI VENKATESWARA COLL OF ENGINEERING,PVT,CHITTOOR,TIRUPATHI,COED,JNTUA,ECE,40574.0,42590.0,109745.0,151000.0,133615.0,155065.0,59042.0,60664.0,64451.0,71391.0,47595.0,52854.0,80139.0,80139.0,67585.0,75478.0,47358.0,40089.0,74500.0
1119,SVCE,SRI VENKATESWARA COLL OF ENGINEERING,PVT,CHITTOOR,TIRUPATHI,COED,JNTUA,EEE,81267.0,127288.0,164215.0,164215.0,166696.0,170594.0,155352.0,155352.0,172630.0,172630.0,105202.0,127288.0,135748.0,160028.0,114072.0,127288.0,105325.0,111102.0,74500.0
1120,SVCE,SRI VENKATESWARA COLL OF ENGINEERING,PVT,CHITTOOR,TIRUPATHI,COED,JNTUA,INF,49901.0,55092.0,127935.0,131491.0,176976.0,176976.0,76875.0,76875.0,75324.0,75324.0,49901.0,129751.0,55973.0,103700.0,96129.0,96129.0,55695.0,42570.0,74500.0
1121,SVCE,SRI VENKATESWARA COLL OF ENGINEERING,PVT,CHITTOOR,TIRUPATHI,COED,JNTUA,MEC,107976.0,151611.0,176798.0,176798.0,177861.0,177861.0,168101.0,168101.0,173066.0,173441.0,147035.0,151611.0,173785.0,173785.0,155163.0,155566.0,155581.0,143029.0,74500.0
1122,SVCP,SRI VENKATESWARA COLLEGE OF PHARMACY,PVT,CHITTOOR,CHITTOOR,COED,JNTUA,PHD,168024.0,168024.0,168024.0,168024.0,168024.0,168024.0,168024.0,168024.0,168024.0,168024.0,168024.0,168024.0,168024.0,168024.0,168024.0,168024.0,999999.0,999999.0,65000.0
1123,SVCT,SRI VENKATESWARA COLLEGE OF ENGG. AND TECHNOLOGY,PVT,CHITTOOR,CHITTOOR,COED,JNTUA,CAI,85135.0,85135.0,177248.0,177248.0,164379.0,176171.0,130953.0,130953.0,176010.0,176010.0,85135.0,175895.0,171691.0,171691.0,141307.0,176199.0,113724.0,121690.0,71200.0
1124,SVCT,SRI VENKATESWARA COLLEGE OF ENGG. AND TECHNOLOGY,PVT,CHITTOOR,CHITTOOR,COED,JNTUA,CIV,160568.0,160568.0,177459.0,177459.0,160568.0,160568.0,160568.0,160568.0,169364.0,169364.0,160568.0,160568.0,160568.0,160568.0,160568.0,166879.0,999999.0,999999.0,71200.0
1125,SVCT,SRI VENKATESWARA COLLEGE OF ENGG. AND TECHNOLOGY,PVT,CHITTOOR,CHITTOOR,COED,JNTUA,CSB,145189.0,168304.0,152076.0,168304.0,145189.0,168304.0,159249.0,173203.0,158549.0,173707.0,145189.0,168304.0,155458.0,168304.0,166106.0,168304.0,153730.0,172951.0,71200.0
1126,SVCT,SRI VENKATESWARA COLLEGE OF ENGG. AND TECHNOLOGY,PVT,CHITTOOR,CHITTOOR,COED,JNTUA,CSC,75129.0,75129.0,177517.0,177517.0,102684.0,102684.0,122418.0,136173.0,139024.0,155626.0,85232.0,85232.0,146056.0,167995.0,139376.0,139376.0,98504.0,95125.0,71200.0
1127,SVCT,SRI VENKATESWARA COLLEGE OF ENGG. AND TECHNOLOGY,PVT,CHITTOOR,CHITTOOR,COED,JNTUA,CSD,86850.0,86850.0,176843.0,176843.0,124926.0,144388.0,161711.0,161711.0,172606.0,172606.0,113267.0,113267.0,174737.0,174737.0,153743.0,153743.0,116528.0,114152.0,71200.0
1128,SVCT,SRI VENKATESWARA COLLEGE OF ENGG. AND TECHNOLOGY,PVT,CHITTOOR,CHITTOOR,COED,JNTUA,CSE,79990.0,79990.0,174438.0,176678.0,160388.0,160388.0,134035.0,145293.0,175607.0,175607.0,102661.0,102661.0,168084.0,168084.0,173216.0,173216.0,94479.0,101459.0,71200.0
1129,SVCT,SRI VENKATESWARA COLLEGE OF ENGG. AND TECHNOLOGY,PVT,CHITTOOR,CHITTOOR,COED,JNTUA,CSM,66978.0,66978.0,164882.0,167776.0,150576.0,150576.0,134989.0,140277.0,175576.0,175576.0,66978.0,66978.0,171527.0,171527.0,106693.0,126914.0,105656.0,90720.0,71200.0
1130,SVCT,SRI VENKATESWARA COLLEGE OF ENGG. AND TECHNOLOGY,PVT,CHITTOOR,CHITTOOR,COED,JNTUA,CSO,167176.0,167176.0,167667.0,167667.0,167176.0,167176.0,167176.0,171249.0,167176.0,167176.0,167176.0,167176.0,167176.0,167176.0,167176.0,167176.0,170634.0,125471.0,71200.0
1131,SVCT,SRI VENKATESWARA COLLEGE OF ENGG. AND TECHNOLOGY,PVT,CHITTOOR,CHITTOOR,COED,JNTUA,ECE,103860.0,155961.0,174491.0,176399.0,173054.0,177241.0,174379.0,175217.0,169029.0,176323.0,174663.0,174663.0,176656.0,176656.0,174676.0,174676.0,144012.0,103256.0,71200.0
1132,SVCT,SRI VENKATESWARA COLLEGE OF ENGG. AND TECHNOLOGY,PVT,CHITTOOR,CHITTOOR,COED,JNTUA,EEE,103020.0,103020.0,138876.0,150383.0,103020.0,103020.0,124355.0,124355.0,103020.0,103020.0,103020.0,103020.0,171596.0,171596.0,103020.0,103020.0,134758.0,134758.0,71200.0
1133,SVCT,SRI VENKATESWARA COLLEGE OF ENGG. AND TECHNOLOGY,PVT,CHITTOOR,CHITTOOR,COED,JNTUA,INF,134000.0,150608.0,162958.0,162958.0,177023.0,177023.0,170492.0,170492.0,168240.0,169060.0,134000.0,150608.0,175546.0,175546.0,135512.0,169905.0,163776.0,175418.0,71200.0
1134,SVCT,SRI VENKATESWARA COLLEGE OF ENGG. AND TECHNOLOGY,PVT,CHITTOOR,CHITTOOR,COED,JNTUA,MEC,173109.0,173109.0,173109.0,173109.0,173109.0,173109.0,173109.0,173109.0,173109.0,173109.0,173109.0,173109.0,173109.0,173109.0,173109.0,173109.0,999999.0,999999.0,71200.0
1135,SVEP,S.V COLLEGE OF ENGINEERING,PVT,CHITTOOR,PUTTUR,COED,JNTUA,AID,142817.0,142817.0,142817.0,142817.0,142817.0,142817.0,142817.0,142817.0,142817.0,142817.0,142817.0,142817.0,142817.0,142817.0,142817.0,142817.0,999999.0,999999.0,43000.0
1136,SVEP,S.V COLLEGE OF ENGINEERING,PVT,CHITTOOR,PUTTUR,COED,JNTUA,CSE,177209.0,177209.0,177209.0,177209.0,177209.0,177209.0,177209.0,177209.0,177209.0,177209.0,177209.0,177209.0,177209.0,177209.0,177209.0,177209.0,999999.0,999999.0,43000.0
1137,SVEP,S.V COLLEGE OF ENGINEERING,PVT,CHITTOOR,PUTTUR,COED,JNTUA,ECE,174841.0,174841.0,174841.0,174841.0,174841.0,174841.0,174841.0,174841.0,174841.0,174841.0,174841.0,174841.0,174841.0,174841.0,174841.0,174841.0,999999.0,999999.0,43000.0
1138,SVPP,SRI VENKATESA PERUMAL COLLEGE OF ENGG. AND TECH,PVT,CHITTOOR,PUTTUR,COED,JNTUA,CAI,117433.0,119941.0,177752.0,177752.0,143085.0,156778.0,149463.0,149463.0,175514.0,175514.0,117433.0,119941.0,167457.0,167457.0,160936.0,160936.0,154256.0,155167.0,43000.0
1139,SVPP,SRI VENKATESA PERUMAL COLLEGE OF ENGG. AND TECH,PVT,CHITTOOR,PUTTUR,COED,JNTUA,CSD,97735.0,119160.0,167758.0,167758.0,142293.0,167322.0,152891.0,171947.0,174712.0,176058.0,97735.0,167377.0,169091.0,174887.0,144565.0,144565.0,169534.0,145762.0,43000.0
1140,SVPP,SRI VENKATESA PERUMAL COLLEGE OF ENGG. AND TECH,PVT,CHITTOOR,PUTTUR,COED,JNTUA,CSE,121411.0,121411.0,171192.0,176746.0,165126.0,176576.0,125118.0,134018.0,168242.0,170486.0,124883.0,124883.0,149783.0,168518.0,169015.0,172771.0,138101.0,129079.0,43000.0
1141,SVPP,SRI VENKATESA PERUMAL COLLEGE OF ENGG. AND TECH,PVT,CHITTOOR,PUTTUR,COED,JNTUA,CSM,103578.0,103578.0,173523.0,177783.0,166846.0,166846.0,176257.0,176257.0,169473.0,169642.0,103578.0,103578.0,176250.0,176250.0,174871.0,175136.0,153759.0,138694.0,43000.0
1142,SVPP,SRI VENKATESA PERUMAL COLLEGE OF ENGG. AND TECH,PVT,CHITTOOR,PUTTUR,COED,JNTUA,ECE,106676.0,110006.0,177212.0,177212.0,171835.0,171835.0,169484.0,172829.0,159541.0,159541.0,106676.0,130855.0,175053.0,176450.0,169349.0,170408.0,176026.0,156341.0,43000.0
1143,SVPP,SRI VENKATESA PERUMAL COLLEGE OF ENGG. AND TECH,PVT,CHITTOOR,PUTTUR,COED,JNTUA,EEE,126143.0,126143.0,176489.0,176489.0,176256.0,176256.0,148716.0,148716.0,126143.0,126143.0,126143.0,126143.0,126143.0,126143.0,126143.0,126143.0,157316.0,157316.0,43000.0
1144,SVPP,SRI VENKATESA PERUMAL COLLEGE OF ENGG. AND TECH,PVT,CHITTOOR,PUTTUR,COED,JNTUA,MEC,93442.0,93442.0,158133.0,158133.0,170487.0,170487.0,93442.0,167464.0,156816.0,156816.0,93442.0,93442.0,170224.0,170224.0,93442.0,93442.0,999999.0,999999.0,43000.0
1145,SVUC,S V U COLLEGE OF ENGG. TIRUPATHI,UNIV,CHITTOOR,TIRUPATHI,COED,SVU,CHE,93321.0,93321.0,150970.0,150970.0,164854.0,164854.0,130263.0,167945.0,170679.0,170679.0,93321.0,93321.0,137076.0,150219.0,148976.0,148976.0,89596.0,75742.0,40000.0
1146,SVUC,S V U COLLEGE OF ENGG. TIRUPATHI,UNIV,CHITTOOR,TIRUPATHI,COED,SVU,CIV,48291.0,69786.0,94165.0,94165.0,86815.0,86815.0,65491.0,86509.0,126417.0,146340.0,48291.0,69786.0,90021.0,90021.0,105713.0,116056.0,105159.0,59200.0,40000.0
1147,SVUC,S V U COLLEGE OF ENGG. TIRUPATHI,UNIV,CHITTOOR,TIRUPATHI,COED,SVU,CSE,6300.0,7810.0,12983.0,12983.0,6300.0,7810.0,6300.0,7810.0,6300.0,7810.0,6300.0,7810.0,6710.0,7810.0,9696.0,32750.0,7342.0,8296.0,40000.0
1148,SVUC,S V U COLLEGE OF ENGG. TIRUPATHI,UNIV,CHITTOOR,TIRUPATHI,COED,SVU,ECE,9367.0,9447.0,19025.0,19025.0,38869.0,38869.0,9745.0,12261.0,11820.0,11820.0,36293.0,36293.0,11672.0,11672.0,16634.0,16634.0,7212.0,7172.0,40000.0
1149,SVUC,S V U COLLEGE OF ENGG. TIRUPATHI,UNIV,CHITTOOR,TIRUPATHI,COED,SVU,EEE,17743.0,20391.0,39600.0,41260.0,72165.0,72165.0,23294.0,32667.0,21126.0,26759.0,17743.0,20391.0,34166.0,34166.0,55981.0,55981.0,19808.0,31445.0,40000.0
1150,SVUC,S V U COLLEGE OF ENGG. TIRUPATHI,UNIV,CHITTOOR,TIRUPATHI,COED,SVU,MEC,48137.0,48137.0,111849.0,111849.0,108110.0,119498.0,113357.0,113357.0,112954.0,112954.0,48137.0,101490.0,89362.0,137429.0,142314.0,142314.0,76809.0,116914.0,40000.0
1151,SVUCSS,S V U COLLEGE OF ENGG. -SELF SUPPORTING-TIRUPATHI,SS,CHITTOOR,TIRUPATHI,COED,SVU,CSE,89716.0,108195.0,174490.0,174490.0,89716.0,131076.0,169455.0,170145.0,131985.0,131985.0,89716.0,108195.0,89716.0,136158.0,89716.0,108195.0,153864.0,129984.0,160000.0
1152,VEMU,VEMU INSTITUTE OF TECHNOLOGY,PVT,CHITTOOR,CHITTOOR,COED,JNTUA,CAI,51649.0,51649.0,114656.0,114656.0,131789.0,131789.0,67382.0,67382.0,102121.0,102121.0,51649.0,51649.0,81633.0,81633.0,57583.0,79716.0,60510.0,63552.0,43000.0
1153,VEMU,VEMU INSTITUTE OF TECHNOLOGY,PVT,CHITTOOR,CHITTOOR,COED,JNTUA,CIT,91974.0,91974.0,164319.0,164319.0,160992.0,164446.0,114481.0,131765.0,126306.0,126795.0,91974.0,91974.0,170795.0,170795.0,117117.0,151172.0,101731.0,102088.0,43000.0
1154,VEMU,VEMU INSTITUTE OF TECHNOLOGY,PVT,CHITTOOR,CHITTOOR,COED,JNTUA,CIV,134104.0,134104.0,165710.0,165710.0,155787.0,177269.0,175861.0,175861.0,175141.0,175141.0,134104.0,156316.0,171338.0,171338.0,134104.0,134104.0,143225.0,170011.0,43000.0
1155,VEMU,VEMU INSTITUTE OF TECHNOLOGY,PVT,CHITTOOR,CHITTOOR,COED,JNTUA,CSE,63468.0,63468.0,162146.0,162146.0,165870.0,165870.0,88388.0,99210.0,123821.0,123821.0,118293.0,118293.0,150390.0,150390.0,145647.0,145647.0,86077.0,82166.0,43000.0
1156,VEMU,VEMU INSTITUTE OF TECHNOLOGY,PVT,CHITTOOR,CHITTOOR,COED,JNTUA,CSM,67828.0,67828.0,163285.0,163975.0,168002.0,168002.0,107153.0,107153.0,121626.0,121626.0,107483.0,107483.0,104556.0,104556.0,130663.0,147002.0,91928.0,91916.0,43000.0
1157,VEMU,VEMU INSTITUTE OF TECHNOLOGY,PVT,CHITTOOR,CHITTOOR,COED,JNTUA,ECE,84897.0,84897.0,162530.0,164524.0,161119.0,162859.0,117919.0,117919.0,114231.0,135573.0,90204.0,90204.0,161340.0,168797.0,157572.0,158919.0,106873.0,119409.0,43000.0
1158,VEMU,VEMU INSTITUTE OF TECHNOLOGY,PVT,CHITTOOR,CHITTOOR,COED,JNTUA,EEE,126496.0,170348.0,165083.0,174142.0,158302.0,173666.0,139959.0,170348.0,173067.0,173067.0,126496.0,170348.0,174850.0,174850.0,174801.0,174801.0,148070.0,166402.0,43000.0
1159,VEMU,VEMU INSTITUTE OF TECHNOLOGY,PVT,CHITTOOR,CHITTOOR,COED,JNTUA,MEC,176468.0,176468.0,176468.0,176468.0,176468.0,176468.0,176468.0,176468.0,176468.0,176468.0,176468.0,176468.0,176468.0,176468.0,176468.0,176468.0,149184.0,166453.0,43000.0
1160,VISM,VISWAM ENGINEERING COLLEGE,PVT,CHITTOOR,MADANAPALLE,COED,JNTUA,AID,81394.0,81394.0,162115.0,176993.0,168739.0,168739.0,106101.0,106358.0,138408.0,138477.0,81394.0,81394.0,154041.0,154041.0,150696.0,150696.0,92669.0,112818.0,43000.0
1161,VISM,VISWAM ENGINEERING COLLEGE,PVT,CHITTOOR,MADANAPALLE,COED,JNTUA,CIV,146203.0,146203.0,152602.0,152602.0,147730.0,163234.0,176160.0,176160.0,146203.0,146203.0,146203.0,146203.0,146203.0,146203.0,146203.0,146203.0,173588.0,173588.0,43000.0
1162,VISM,VISWAM ENGINEERING COLLEGE,PVT,CHITTOOR,MADANAPALLE,COED,JNTUA,CS,102079.0,136584.0,136884.0,158404.0,126190.0,157269.0,147896.0,147896.0,154770.0,175048.0,157898.0,157898.0,155376.0,155376.0,174325.0,174325.0,149058.0,124568.0,43000.0
1163,VISM,VISWAM ENGINEERING COLLEGE,PVT,CHITTOOR,MADANAPALLE,COED,JNTUA,CSE,78217.0,82644.0,164448.0,177784.0,166763.0,166763.0,110698.0,110698.0,123710.0,159984.0,168885.0,168885.0,171796.0,171796.0,108278.0,130207.0,102314.0,107507.0,43000.0
1164,VISM,VISWAM ENGINEERING COLLEGE,PVT,CHITTOOR,MADANAPALLE,COED,JNTUA,CST,117791.0,117791.0,117791.0,129196.0,142372.0,149287.0,152377.0,152377.0,167249.0,167249.0,117791.0,117791.0,170912.0,176708.0,152567.0,162297.0,126453.0,125272.0,43000.0
1165,VISM,VISWAM ENGINEERING COLLEGE,PVT,CHITTOOR,MADANAPALLE,COED,JNTUA,ECE,107122.0,107122.0,173027.0,173027.0,165302.0,165302.0,153147.0,153155.0,148418.0,166921.0,107122.0,152588.0,176558.0,176558.0,176069.0,176069.0,139193.0,127837.0,43000.0
1166,VISM,VISWAM ENGINEERING COLLEGE,PVT,CHITTOOR,MADANAPALLE,COED,JNTUA,EEE,141037.0,141037.0,165014.0,171447.0,168022.0,168022.0,149857.0,169840.0,172575.0,175257.0,141037.0,141037.0,160994.0,169246.0,146525.0,161985.0,174726.0,171604.0,43000.0
1167,VISM,VISWAM ENGINEERING COLLEGE,PVT,CHITTOOR,MADANAPALLE,COED,JNTUA,MEC,155919.0,174354.0,174216.0,174354.0,155919.0,174354.0,175293.0,175293.0,170618.0,174853.0,158174.0,174354.0,155919.0,174354.0,155919.0,174354.0,169112.0,169112.0,43000.0
1168,VJAM,VIJAYAM INSTITUTE OF TECHNOLOGY,PVT,CHITTOOR,CHITTOOR,COED,JNTUA,AID,176029.0,176029.0,176607.0,176607.0,176029.0,176029.0,176029.0,176029.0,176029.0,176029.0,176029.0,176029.0,176029.0,176029.0,176029.0,176029.0,156994.0,149327.0,43000.0
1169,VJAM,VIJAYAM INSTITUTE OF TECHNOLOGY,PVT,CHITTOOR,CHITTOOR,COED,JNTUA,CSE,156275.0,156275.0,173929.0,173929.0,156275.0,156275.0,168912.0,168912.0,173359.0,174938.0,156275.0,156275.0,170184.0,173152.0,156275.0,156275.0,141877.0,158607.0,43000.0
1170,VJAM,VIJAYAM INSTITUTE OF TECHNOLOGY,PVT,CHITTOOR,CHITTOOR,COED,JNTUA,ECE,135442.0,135442.0,168268.0,168268.0,135442.0,135442.0,175888.0,175888.0,135442.0,135442.0,135442.0,135442.0,135442.0,135442.0,135442.0,135442.0,999999.0,999999.0,43000.0
1171,AITK,ANNAMACHARYA INST OF TECH AND SCI,PVT,KADAPA,KADAPA,COED,JNTUA,AID,80400.0,80400.0,177555.0,177555.0,108064.0,124875.0,138257.0,175756.0,173769.0,173769.0,119969.0,119969.0,173181.0,173181.0,128089.0,128089.0,121323.0,134288.0,43000.0
1172,AITK,ANNAMACHARYA INST OF TECH AND SCI,PVT,KADAPA,KADAPA,COED,JNTUA,CIV,146526.0,173047.0,148957.0,173047.0,168569.0,173047.0,152039.0,173047.0,146526.0,173047.0,146526.0,173047.0,146526.0,173047.0,146526.0,173047.0,168199.0,170103.0,43000.0
1173,AITK,ANNAMACHARYA INST OF TECH AND SCI,PVT,KADAPA,KADAPA,COED,JNTUA,CSE,70931.0,102652.0,163503.0,172907.0,175620.0,175620.0,142891.0,148376.0,168847.0,168847.0,74369.0,147184.0,171129.0,171129.0,86294.0,102652.0,98152.0,139270.0,43000.0
1174,AITK,ANNAMACHARYA INST OF TECH AND SCI,PVT,KADAPA,KADAPA,COED,JNTUA,CSM,77245.0,82510.0,176277.0,176277.0,165075.0,165075.0,143503.0,154687.0,156676.0,156676.0,91719.0,141758.0,149365.0,149365.0,124146.0,128685.0,129059.0,92682.0,43000.0
1175,AITK,ANNAMACHARYA INST OF TECH AND SCI,PVT,KADAPA,KADAPA,COED,JNTUA,ECE,88770.0,104234.0,176095.0,177687.0,173336.0,173336.0,170270.0,170270.0,174403.0,174403.0,137703.0,137703.0,173915.0,173915.0,160439.0,172930.0,116588.0,167799.0,43000.0
1176,AITK,ANNAMACHARYA INST OF TECH AND SCI,PVT,KADAPA,KADAPA,COED,JNTUA,EEE,102078.0,164709.0,102078.0,175662.0,102078.0,164709.0,158218.0,164709.0,134227.0,164709.0,102078.0,164709.0,159159.0,164709.0,148109.0,164709.0,999999.0,999999.0,43000.0
1177,AITK,ANNAMACHARYA INST OF TECH AND SCI,PVT,KADAPA,KADAPA,COED,JNTUA,MEC,136137.0,136137.0,163361.0,163361.0,136137.0,136137.0,136137.0,136137.0,136137.0,136137.0,136137.0,136137.0,136137.0,136137.0,166239.0,166239.0,125894.0,155505.0,43000.0
1178,ANMB,ACHARYA COLLEGE OF ENGINEERING,PVT,KADAPA,BADVEL,COED,JNTUA,CSE,137665.0,137665.0,137665.0,137665.0,137665.0,137665.0,137665.0,137665.0,137665.0,137665.0,137665.0,137665.0,137665.0,137665.0,137665.0,137665.0,999999.0,999999.0,43000.0
1179,ANMB,ACHARYA COLLEGE OF ENGINEERING,PVT,KADAPA,BADVEL,COED,JNTUA,ECE,135257.0,137857.0,135257.0,137857.0,135257.0,137857.0,135257.0,137857.0,135257.0,137857.0,135257.0,137857.0,135257.0,137857.0,135257.0,137857.0,999999.0,999999.0,43000.0
1180,BITS,BHASKAR INSTITUTE OF TECHNOLOGY & SCIENCE,PVT,KADAPA,RAYACHOTY,COED,JNTUA,AI,83215.0,95812.0,175047.0,175047.0,166533.0,166533.0,83215.0,95812.0,140079.0,140079.0,83215.0,95812.0,83215.0,95812.0,83215.0,95812.0,149717.0,149717.0,43000.0
1181,BITS,BHASKAR INSTITUTE OF TECHNOLOGY & SCIENCE,PVT,KADAPA,RAYACHOTY,COED,JNTUA,CSE,156096.0,156096.0,165879.0,165879.0,158895.0,158895.0,168527.0,168527.0,174706.0,174706.0,156096.0,156096.0,156096.0,156096.0,169710.0,171229.0,999999.0,999999.0,43000.0
1182,CBIT,CHAITANYA BHARATHI INSTITUTE OF TECHNOLOGY,PVT,KADAPA,PALLAVOLU,COED,JNTUA,CAI,125404.0,156898.0,177570.0,177570.0,126940.0,156898.0,154707.0,156898.0,174067.0,174067.0,137211.0,156898.0,173699.0,173699.0,149789.0,157862.0,163637.0,123824.0,54500.0
1183,CBIT,CHAITANYA BHARATHI INSTITUTE OF TECHNOLOGY,PVT,KADAPA,PALLAVOLU,COED,JNTUA,CIV,147410.0,147410.0,176269.0,176269.0,174179.0,174179.0,147410.0,147410.0,147410.0,147410.0,147410.0,147410.0,147410.0,147410.0,168946.0,168946.0,999999.0,999999.0,54500.0
1184,CBIT,CHAITANYA BHARATHI INSTITUTE OF TECHNOLOGY,PVT,KADAPA,PALLAVOLU,COED,JNTUA,CSE,119009.0,135115.0,176164.0,176164.0,165223.0,165223.0,170821.0,170821.0,175344.0,175344.0,166527.0,166527.0,126297.0,141105.0,142983.0,142983.0,168110.0,172996.0,54500.0
1185,CBIT,CHAITANYA BHARATHI INSTITUTE OF TECHNOLOGY,PVT,KADAPA,PALLAVOLU,COED,JNTUA,CSM,77596.0,77596.0,165771.0,165771.0,157074.0,157074.0,125480.0,125480.0,122597.0,173866.0,117547.0,117547.0,117605.0,150412.0,80189.0,80189.0,112966.0,114629.0,54500.0
1186,CBIT,CHAITANYA BHARATHI INSTITUTE OF TECHNOLOGY,PVT,KADAPA,PALLAVOLU,COED,JNTUA,ECE,93148.0,93148.0,177371.0,177371.0,136290.0,136290.0,170366.0,170366.0,167405.0,167405.0,148216.0,148216.0,162800.0,162800.0,128254.0,138901.0,150527.0,143665.0,54500.0
1187,CBIT,CHAITANYA BHARATHI INSTITUTE OF TECHNOLOGY,PVT,KADAPA,PALLAVOLU,COED,JNTUA,EEE,132272.0,132272.0,164424.0,164424.0,132272.0,132272.0,156610.0,156610.0,169141.0,169141.0,132272.0,132272.0,146163.0,146163.0,145599.0,145599.0,144439.0,144439.0,54500.0
1188,CBIT,CHAITANYA BHARATHI INSTITUTE OF TECHNOLOGY,PVT,KADAPA,PALLAVOLU,COED,JNTUA,MEC,150893.0,150893.0,150893.0,150893.0,150893.0,150893.0,150893.0,150893.0,150893.0,150893.0,150893.0,150893.0,150893.0,150893.0,150893.0,150893.0,999999.0,999999.0,54500.0
1189,GTMW,GOUTHAMI INST OF TECHNOLOGY MGMT FOR WOMEN,PVT,KADAPA,PRODDATUR,GIRLS,JNTUA,CSE,126163.0,126163.0,174065.0,174065.0,155092.0,155092.0,126163.0,126163.0,172392.0,172392.0,999999.0,999999.0,157037.0,157037.0,158682.0,158682.0,173624.0,173624.0,43000.0
1190,GTMW,GOUTHAMI INST OF TECHNOLOGY MGMT FOR WOMEN,PVT,KADAPA,PRODDATUR,GIRLS,JNTUA,CSM,148462.0,148462.0,153621.0,153621.0,157446.0,157446.0,170801.0,170801.0,148462.0,148462.0,999999.0,999999.0,152965.0,152965.0,148462.0,148462.0,139318.0,139318.0,43000.0
1191,GTMW,GOUTHAMI INST OF TECHNOLOGY MGMT FOR WOMEN,PVT,KADAPA,PRODDATUR,GIRLS,JNTUA,ECE,106796.0,106796.0,162388.0,162388.0,177426.0,177426.0,174517.0,174517.0,175414.0,175414.0,999999.0,999999.0,171548.0,171548.0,126293.0,126293.0,145554.0,145554.0,43000.0
1192,GTMW,GOUTHAMI INST OF TECHNOLOGY MGMT FOR WOMEN,PVT,KADAPA,PRODDATUR,GIRLS,JNTUA,EEE,164189.0,164189.0,164189.0,164189.0,164189.0,164189.0,164189.0,164189.0,164189.0,164189.0,999999.0,999999.0,164189.0,164189.0,164189.0,164189.0,999999.0,999999.0,43000.0
1193,JNTP,JNTUA COLLEGE OF ENGG PULIVENDULA,UNIV,KADAPA,PULIVENDULA,COED,JNTUA,CIV,83135.0,83135.0,144306.0,144306.0,117588.0,157989.0,144214.0,146661.0,150979.0,161772.0,98527.0,98527.0,174566.0,174566.0,171452.0,171452.0,136016.0,131195.0,10000.0
1194,JNTP,JNTUA COLLEGE OF ENGG PULIVENDULA,UNIV,KADAPA,PULIVENDULA,COED,JNTUA,CSE,14043.0,14043.0,31835.0,34235.0,46126.0,46126.0,18956.0,18956.0,21058.0,41867.0,14043.0,14043.0,24198.0,24198.0,15170.0,21104.0,10403.0,13592.0,10000.0
1195,JNTP,JNTUA COLLEGE OF ENGG PULIVENDULA,UNIV,KADAPA,PULIVENDULA,COED,JNTUA,ECE,17722.0,19931.0,39390.0,39390.0,36028.0,60087.0,23320.0,23320.0,61062.0,61062.0,17722.0,45324.0,24188.0,47543.0,31921.0,31921.0,16355.0,15223.0,10000.0
1196,JNTP,JNTUA COLLEGE OF ENGG PULIVENDULA,UNIV,KADAPA,PULIVENDULA,COED,JNTUA,EEE,63865.0,63865.0,115120.0,127177.0,128319.0,128319.0,63865.0,79646.0,77716.0,93101.0,90589.0,90589.0,63865.0,63865.0,63865.0,84453.0,49212.0,88743.0,10000.0
1197,JNTP,JNTUA COLLEGE OF ENGG PULIVENDULA,UNIV,KADAPA,PULIVENDULA,COED,JNTUA,MEC,125174.0,125174.0,165421.0,165421.0,125174.0,177492.0,143600.0,169721.0,158419.0,160275.0,125174.0,125174.0,164301.0,164301.0,175721.0,175721.0,104227.0,141250.0,10000.0
1198,KLMW,KANDULA LAKSHUMMA MEMORIAL COLLEGE OF ENGG FOR WOMEN,PVT,KADAPA,KADAPA,GIRLS,JNTUA,AID,154772.0,154772.0,154772.0,154772.0,154772.0,154772.0,154772.0,154772.0,154772.0,154772.0,999999.0,999999.0,154772.0,154772.0,154772.0,154772.0,157538.0,157538.0,43000.0
1199,KLMW,KANDULA LAKSHUMMA MEMORIAL COLLEGE OF ENGG FOR WOMEN,PVT,KADAPA,KADAPA,GIRLS,JNTUA,AIM,127593.0,127593.0,173017.0,173017.0,143834.0,143834.0,176483.0,176483.0,165838.0,165838.0,999999.0,999999.0,127593.0,127593.0,160195.0,160195.0,170987.0,170987.0,43000.0
1200,KLMW,KANDULA LAKSHUMMA MEMORIAL COLLEGE OF ENGG FOR WOMEN,PVT,KADAPA,KADAPA,GIRLS,JNTUA,CSE,126538.0,126538.0,175095.0,175095.0,138325.0,138325.0,174669.0,174669.0,170684.0,170684.0,999999.0,999999.0,174310.0,174310.0,146047.0,146047.0,153549.0,153549.0,43000.0
1201,KLMW,KANDULA LAKSHUMMA MEMORIAL COLLEGE OF ENGG FOR WOMEN,PVT,KADAPA,KADAPA,GIRLS,JNTUA,ECE,175221.0,175221.0,177318.0,177318.0,175221.0,175221.0,175221.0,175221.0,175221.0,175221.0,999999.0,999999.0,175221.0,175221.0,175221.0,175221.0,172858.0,172858.0,43000.0
1202,KORM,KANDULA OBUL REDDY MEMORIAL COLL. OF ENGG.,PVT,KADAPA,KADAPA,COED,JNTUA,AID,57112.0,139616.0,177132.0,177132.0,57112.0,139616.0,57112.0,139616.0,57112.0,139616.0,57112.0,139616.0,57112.0,139616.0,160855.0,160855.0,157958.0,157958.0,43000.0
1203,KORM,KANDULA OBUL REDDY MEMORIAL COLL. OF ENGG.,PVT,KADAPA,KADAPA,COED,JNTUA,AIM,173081.0,173081.0,173081.0,173081.0,173081.0,173081.0,173081.0,173081.0,173081.0,173081.0,173081.0,173081.0,173081.0,173081.0,173081.0,173081.0,174548.0,174548.0,43000.0
1204,KORM,KANDULA OBUL REDDY MEMORIAL COLL. OF ENGG.,PVT,KADAPA,KADAPA,COED,JNTUA,CSE,108011.0,108011.0,174213.0,174213.0,177219.0,177219.0,170815.0,170815.0,175143.0,175143.0,108011.0,108011.0,176214.0,176214.0,171361.0,173337.0,155567.0,147545.0,43000.0
1205,KORM,KANDULA OBUL REDDY MEMORIAL COLL. OF ENGG.,PVT,KADAPA,KADAPA,COED,JNTUA,ECE,136206.0,136206.0,165429.0,165429.0,165886.0,165886.0,170537.0,170537.0,136206.0,144286.0,136206.0,136206.0,136206.0,136206.0,147168.0,147168.0,137668.0,148023.0,43000.0
1206,KSRM,K S R M COLLEGE OF ENGINEERING,PVT,KADAPA,KADAPA,COED,JNTUA,AIM,55263.0,55263.0,137875.0,142163.0,117914.0,117914.0,80709.0,80709.0,92018.0,92511.0,55263.0,144192.0,109239.0,126922.0,92521.0,92521.0,67455.0,62327.0,69600.0
1207,KSRM,K S R M COLLEGE OF ENGINEERING,PVT,KADAPA,KADAPA,COED,JNTUA,CIV,145321.0,169909.0,176876.0,176876.0,150969.0,169909.0,170259.0,170259.0,145321.0,169909.0,145321.0,169909.0,153801.0,169909.0,145321.0,169909.0,155162.0,156273.0,69600.0
1208,KSRM,K S R M COLLEGE OF ENGINEERING,PVT,KADAPA,KADAPA,COED,JNTUA,CSD,60455.0,60455.0,173949.0,173949.0,177350.0,177350.0,112034.0,112034.0,103311.0,142378.0,60455.0,158344.0,106659.0,135755.0,104149.0,104149.0,67990.0,76646.0,69600.0
1209,KSRM,K S R M COLLEGE OF ENGINEERING,PVT,KADAPA,KADAPA,COED,JNTUA,CSE,66838.0,66838.0,127597.0,139547.0,164971.0,177862.0,88887.0,95760.0,129311.0,129311.0,81885.0,81885.0,108574.0,108574.0,66838.0,92526.0,71802.0,63925.0,69600.0
1210,KSRM,K S R M COLLEGE OF ENGINEERING,PVT,KADAPA,KADAPA,COED,JNTUA,CSM,60967.0,60967.0,164278.0,164278.0,177529.0,177529.0,90827.0,90827.0,105717.0,128294.0,60967.0,60967.0,67320.0,67320.0,93734.0,133842.0,69941.0,74097.0,69600.0
1211,KSRM,K S R M COLLEGE OF ENGINEERING,PVT,KADAPA,KADAPA,COED,JNTUA,ECE,70401.0,70401.0,151230.0,151230.0,177025.0,177025.0,102873.0,109830.0,115983.0,133667.0,70401.0,133335.0,118069.0,118069.0,108775.0,108775.0,85387.0,81457.0,69600.0
1212,KSRM,K S R M COLLEGE OF ENGINEERING,PVT,KADAPA,KADAPA,COED,JNTUA,EEE,97815.0,97815.0,149811.0,165959.0,176517.0,176517.0,172894.0,172894.0,162274.0,172572.0,97815.0,97815.0,137089.0,172795.0,169569.0,169569.0,149532.0,151380.0,69600.0
1213,KSRM,K S R M COLLEGE OF ENGINEERING,PVT,KADAPA,KADAPA,COED,JNTUA,MEC,143039.0,147154.0,175834.0,175834.0,156895.0,163029.0,162855.0,162855.0,168259.0,168259.0,143039.0,147154.0,143039.0,147154.0,168338.0,171839.0,999999.0,999999.0,69600.0
1214,NICP,NIRMALA COLLEGE OF PHARMACY,PVT,KADAPA,KADAPA,COED,JNTUA,PHM,165658.0,165658.0,165658.0,165658.0,165658.0,165658.0,165658.0,165658.0,165658.0,165658.0,165658.0,165658.0,165658.0,165658.0,165658.0,165658.0,999999.0,999999.0,80000.0
1215,SATS,SRI ANNAMACHARYA INSTITUTE OF TECHNOLOGY AND SCIENCE,PVT,KADAPA,RAJAMPETA,COED,JNTUA,CSD,110042.0,110042.0,110042.0,110042.0,110042.0,110042.0,110042.0,110042.0,110042.0,110042.0,110042.0,110042.0,110042.0,110042.0,110042.0,110042.0,126188.0,126188.0,43000.0
1216,SATS,SRI ANNAMACHARYA INSTITUTE OF TECHNOLOGY AND SCIENCE,PVT,KADAPA,RAJAMPETA,COED,JNTUA,CSE,131074.0,131074.0,154021.0,154021.0,158921.0,158921.0,131074.0,131074.0,131074.0,131074.0,131074.0,131074.0,131074.0,131074.0,131074.0,131074.0,999999.0,999999.0,43000.0
1217,SATS,SRI ANNAMACHARYA INSTITUTE OF TECHNOLOGY AND SCIENCE,PVT,KADAPA,RAJAMPETA,COED,JNTUA,CSM,999999.0,999999.0,999999.0,999999.0,170631.0,170631.0,999999.0,999999.0,999999.0,999999.0,999999.0,999999.0,95443.0,95443.0,999999.0,999999.0,134182.0,134182.0,43000.0
1218,SATS,SRI ANNAMACHARYA INSTITUTE OF TECHNOLOGY AND SCIENCE,PVT,KADAPA,RAJAMPETA,COED,JNTUA,ECE,60543.0,60543.0,60543.0,60543.0,60543.0,60543.0,153017.0,153017.0,60543.0,60543.0,60543.0,60543.0,60543.0,60543.0,176743.0,176743.0,999999.0,999999.0,43000.0
1219,SRIP,SAI RAJESWARI INSTITUTE OF TECHNOLOGY,PVT,KADAPA,PRODDATUR,COED,JNTUA,CIV,999999.0,999999.0,164031.0,164031.0,999999.0,999999.0,999999.0,999999.0,999999.0,999999.0,999999.0,999999.0,999999.0,999999.0,999999.0,999999.0,999999.0,999999.0,50300.0
1220,SRIP,SAI RAJESWARI INSTITUTE OF TECHNOLOGY,PVT,KADAPA,PRODDATUR,COED,JNTUA,CSE,120101.0,120101.0,177789.0,177789.0,177527.0,177527.0,171692.0,171692.0,176138.0,177102.0,168225.0,174683.0,172635.0,174631.0,147618.0,147618.0,161937.0,156415.0,50300.0
1221,SRIP,SAI RAJESWARI INSTITUTE OF TECHNOLOGY,PVT,KADAPA,PRODDATUR,COED,JNTUA,CSM,114357.0,114357.0,177038.0,177038.0,161267.0,161267.0,168525.0,168525.0,176148.0,176148.0,114357.0,114357.0,152213.0,152213.0,114357.0,114357.0,144940.0,168402.0,50300.0
1222,SRIP,SAI RAJESWARI INSTITUTE OF TECHNOLOGY,PVT,KADAPA,PRODDATUR,COED,JNTUA,ECE,139231.0,166198.0,175025.0,177637.0,175948.0,175948.0,158192.0,172251.0,176688.0,176688.0,139231.0,166198.0,170758.0,170758.0,151564.0,166198.0,163205.0,172519.0,50300.0
1223,SRIP,SAI RAJESWARI INSTITUTE OF TECHNOLOGY,PVT,KADAPA,PRODDATUR,COED,JNTUA,EEE,141057.0,141057.0,141057.0,141057.0,141057.0,141057.0,141057.0,141057.0,141057.0,141057.0,141057.0,141057.0,141057.0,141057.0,141057.0,141057.0,999999.0,999999.0,50300.0
1224,SRSR,SRI SAI INSTITUTE OF TECHNOLOGY. AND SCI.,PVT,KADAPA,RAYCHOTI,COED,JNTUA,CSE,121578.0,162835.0,146885.0,174424.0,158855.0,162835.0,173612.0,173612.0,168992.0,168992.0,160600.0,162835.0,168474.0,168474.0,170288.0,170288.0,172835.0,170397.0,43000.0
1225,SRSR,SRI SAI INSTITUTE OF TECHNOLOGY. AND SCI.,PVT,KADAPA,RAYCHOTI,COED,JNTUA,ECE,139742.0,139742.0,173372.0,173372.0,139742.0,152538.0,171011.0,171011.0,171176.0,171176.0,139742.0,139742.0,159838.0,159838.0,148821.0,148821.0,174287.0,174287.0,43000.0
1226,SRSR,SRI SAI INSTITUTE OF TECHNOLOGY. AND SCI.,PVT,KADAPA,RAYCHOTI,COED,JNTUA,MEC,143334.0,143334.0,143334.0,143334.0,143334.0,143334.0,143334.0,143334.0,143334.0,143334.0,143334.0,143334.0,143334.0,143334.0,143334.0,143334.0,999999.0,999999.0,43000.0
1227,SRTS,SRINIVASA INST OF TECHNOLOGY AND SCIENCE,PVT,KADAPA,KADAPA,COED,JNTUA,AIM,123833.0,123833.0,177673.0,177673.0,123833.0,123833.0,123833.0,123833.0,123833.0,123833.0,123833.0,123833.0,123833.0,123833.0,123833.0,123833.0,999999.0,999999.0,43000.0
1228,SRTS,SRINIVASA INST OF TECHNOLOGY AND SCIENCE,PVT,KADAPA,KADAPA,COED,JNTUA,CSE,175594.0,175594.0,177605.0,177605.0,175594.0,175594.0,175594.0,175594.0,175594.0,175594.0,175594.0,175594.0,175594.0,175594.0,175594.0,175594.0,170037.0,151692.0,43000.0
1229,SRTS,SRINIVASA INST OF TECHNOLOGY AND SCIENCE,PVT,KADAPA,KADAPA,COED,JNTUA,ECE,138499.0,138499.0,138499.0,138499.0,138499.0,138499.0,138499.0,138499.0,138499.0,138499.0,138499.0,138499.0,138499.0,138499.0,138499.0,138499.0,999999.0,999999.0,43000.0
1230,SVCK,SRI VENKATESWARA COLLEGE OF ENGINEERING,PVT,KADAPA,KADAPA,COED,JNTUA,CSE,139206.0,139206.0,175898.0,175898.0,166147.0,166147.0,173517.0,173693.0,168105.0,168105.0,141476.0,141476.0,150456.0,168332.0,140609.0,140766.0,172209.0,166405.0,47100.0
1231,SVCK,SRI VENKATESWARA COLLEGE OF ENGINEERING,PVT,KADAPA,KADAPA,COED,JNTUA,CSM,97143.0,97143.0,164024.0,164024.0,164572.0,164572.0,142902.0,142902.0,122488.0,148481.0,163248.0,163248.0,169161.0,169161.0,169211.0,169211.0,139722.0,118729.0,47100.0
1232,SVCK,SRI VENKATESWARA COLLEGE OF ENGINEERING,PVT,KADAPA,KADAPA,COED,JNTUA,ECE,143443.0,143443.0,143443.0,143443.0,143443.0,143443.0,175519.0,175519.0,143443.0,143443.0,143443.0,143443.0,143443.0,143443.0,150317.0,150317.0,999999.0,999999.0,47100.0
1233,SVIK,SRI VENKATESWARA INST. OF SCIENCE AND TECHNOLOGY,PVT,KADAPA,KADAPA,COED,JNTUA,CSE,90602.0,90602.0,90602.0,90602.0,90602.0,90602.0,90602.0,160503.0,90602.0,90602.0,90602.0,90602.0,90602.0,90602.0,140987.0,140987.0,156146.0,156146.0,46800.0
1234,SVIK,SRI VENKATESWARA INST. OF SCIENCE AND TECHNOLOGY,PVT,KADAPA,KADAPA,COED,JNTUA,ECE,164126.0,164126.0,164126.0,164126.0,164126.0,164126.0,164126.0,164126.0,164126.0,164126.0,164126.0,164126.0,164126.0,164126.0,164126.0,164126.0,999999.0,999999.0,46800.0
1235,VITS,VAAGDEVI INSTITUTE OF TECHNOLOGY. AND SCI.,PVT,KADAPA,PRODDATUR,COED,JNTUA,CSE,148356.0,148356.0,165440.0,166484.0,148356.0,148356.0,177014.0,177014.0,166445.0,166445.0,148356.0,148356.0,148356.0,166424.0,151415.0,151415.0,174078.0,176132.0,43000.0
1236,VITS,VAAGDEVI INSTITUTE OF TECHNOLOGY. AND SCI.,PVT,KADAPA,PRODDATUR,COED,JNTUA,ECE,133950.0,136856.0,175354.0,175354.0,133950.0,136856.0,133950.0,136856.0,173167.0,173167.0,133950.0,136856.0,133950.0,136856.0,133950.0,136856.0,999999.0,999999.0,43000.0
1237,YGVU,YGVU YSR ENGINEERING COLLEGE,UNIV,KADAPA,PRODDATUR,COED,YGVU,CIV,999999.0,999999.0,137938.0,165301.0,177406.0,177406.0,999999.0,999999.0,169114.0,169114.0,143767.0,143767.0,166984.0,166984.0,999999.0,999999.0,999999.0,999999.0,15500.0
1238,YGVU,YGVU YSR ENGINEERING COLLEGE,UNIV,KADAPA,PRODDATUR,COED,YGVU,CSE,79207.0,79207.0,109125.0,109125.0,128525.0,128525.0,115112.0,115112.0,124161.0,124161.0,79207.0,79207.0,136489.0,136489.0,79207.0,136314.0,116945.0,35973.0,15500.0
1239,YGVU,YGVU YSR ENGINEERING COLLEGE,UNIV,KADAPA,PRODDATUR,COED,YGVU,ECE,96490.0,96490.0,144692.0,144692.0,150730.0,150730.0,143861.0,143861.0,173260.0,173260.0,151965.0,151965.0,146337.0,175572.0,141464.0,141464.0,35342.0,44220.0,15500.0
1240,YGVU,YGVU YSR ENGINEERING COLLEGE,UNIV,KADAPA,PRODDATUR,COED,YGVU,EEE,57718.0,75406.0,165239.0,172354.0,107722.0,107722.0,158416.0,158416.0,57718.0,75406.0,57718.0,75406.0,57718.0,75406.0,57718.0,75406.0,999999.0,999999.0,15500.0
1241,YGVU,YGVU YSR ENGINEERING COLLEGE,UNIV,KADAPA,PRODDATUR,COED,YGVU,MEC,155425.0,155425.0,175842.0,175842.0,165923.0,165923.0,155425.0,155425.0,155425.0,161919.0,155425.0,155425.0,155425.0,165039.0,155425.0,155425.0,999999.0,999999.0,15500.0
1242,YGVU,YGVU YSR ENGINEERING COLLEGE,UNIV,KADAPA,PRODDATUR,COED,YGVU,MMT,173083.0,173083.0,173083.0,173083.0,173083.0,173083.0,173083.0,173083.0,173083.0,173083.0,173083.0,173083.0,173083.0,173083.0,173083.0,173083.0,999999.0,999999.0,15500.0
1243,ASKW,ASHOKA WOMEN'S ENGINEERING COLLEGE,PVT,KURNOOL,KURNOOL,GIRLS,JNTUA,CAI,75063.0,75063.0,175219.0,175219.0,100099.0,100099.0,112186.0,112186.0,129016.0,129016.0,171432.0,171432.0,175113.0,175113.0,115173.0,115173.0,134254.0,134254.0,50000.0
1244,ASKW,ASHOKA WOMEN'S ENGINEERING COLLEGE,PVT,KURNOOL,KURNOOL,GIRLS,JNTUA,CIV,114872.0,114872.0,137986.0,137986.0,145107.0,145107.0,157110.0,157110.0,152525.0,152525.0,999999.0,999999.0,114872.0,114872.0,114872.0,114872.0,999999.0,999999.0,50000.0
1245,ASKW,ASHOKA WOMEN'S ENGINEERING COLLEGE,PVT,KURNOOL,KURNOOL,GIRLS,JNTUA,CSE,63532.0,63532.0,174126.0,174126.0,175167.0,175167.0,97208.0,97208.0,121733.0,121733.0,140725.0,140725.0,168628.0,168628.0,106695.0,106695.0,110801.0,110801.0,50000.0
1246,ASKW,ASHOKA WOMEN'S ENGINEERING COLLEGE,PVT,KURNOOL,KURNOOL,GIRLS,JNTUA,ECE,93253.0,93253.0,177320.0,177320.0,134072.0,134072.0,127849.0,127849.0,176894.0,176894.0,125609.0,125609.0,169301.0,169301.0,138789.0,138789.0,167430.0,167430.0,50000.0
1247,ASKW,ASHOKA WOMEN'S ENGINEERING COLLEGE,PVT,KURNOOL,KURNOOL,GIRLS,JNTUA,EEE,128672.0,128672.0,138817.0,138817.0,128672.0,128672.0,169713.0,169713.0,175425.0,175425.0,151711.0,151711.0,128672.0,128672.0,161511.0,161511.0,159712.0,159712.0,50000.0
1248,ASKWOC,ASHOKA WOMEN'S ENGINEERING COLLEGE-OFF CAMPUS,PVT,KURNOOL,CHINNATEKURU VILLAGE,GIRLS,JNTUA,CIV,146748.0,146748.0,146748.0,146748.0,158615.0,158615.0,158745.0,158745.0,166915.0,166915.0,999999.0,999999.0,157587.0,157587.0,146748.0,146748.0,999999.0,999999.0,43000.0
1249,ASKWOC,ASHOKA WOMEN'S ENGINEERING COLLEGE-OFF CAMPUS,PVT,KURNOOL,CHINNATEKURU VILLAGE,GIRLS,JNTUA,CSE,68669.0,68669.0,147425.0,147425.0,172697.0,172697.0,78834.0,78834.0,93255.0,93255.0,166985.0,166985.0,136835.0,136835.0,91110.0,91110.0,94557.0,94557.0,43000.0
1250,ASKWOC,ASHOKA WOMEN'S ENGINEERING COLLEGE-OFF CAMPUS,PVT,KURNOOL,CHINNATEKURU VILLAGE,GIRLS,JNTUA,ECE,83653.0,83653.0,176303.0,176303.0,174569.0,174569.0,120789.0,120789.0,136439.0,136439.0,140632.0,140632.0,158577.0,158577.0,121219.0,121219.0,155472.0,155472.0,43000.0
1251,ASKWOC,ASHOKA WOMEN'S ENGINEERING COLLEGE-OFF CAMPUS,PVT,KURNOOL,CHINNATEKURU VILLAGE,GIRLS,JNTUA,EEE,999999.0,999999.0,165779.0,165779.0,113735.0,113735.0,141883.0,141883.0,151140.0,151140.0,999999.0,999999.0,168707.0,168707.0,174194.0,174194.0,102108.0,102108.0,43000.0
1252,ASVR,SVR ENGINEERING COLLEGE,PVT,KURNOOL,NANDYAL,COED,JNTUA,CAI,109212.0,109212.0,176134.0,176134.0,136886.0,146838.0,174916.0,174916.0,163419.0,167501.0,121802.0,121802.0,155731.0,155731.0,150992.0,153404.0,141233.0,148085.0,43000.0
1253,ASVR,SVR ENGINEERING COLLEGE,PVT,KURNOOL,NANDYAL,COED,JNTUA,CIV,170188.0,170188.0,175430.0,175430.0,170188.0,170188.0,170188.0,170188.0,170188.0,170188.0,170188.0,170188.0,170188.0,170188.0,170188.0,170188.0,999999.0,999999.0,43000.0
1254,ASVR,SVR ENGINEERING COLLEGE,PVT,KURNOOL,NANDYAL,COED,JNTUA,CSE,104185.0,104185.0,177362.0,177851.0,161972.0,161972.0,157491.0,160350.0,171124.0,176739.0,174353.0,174353.0,175557.0,175557.0,137704.0,166596.0,157963.0,163452.0,43000.0
1255,ASVR,SVR ENGINEERING COLLEGE,PVT,KURNOOL,NANDYAL,COED,JNTUA,ECE,97417.0,138904.0,176906.0,176906.0,168409.0,172798.0,176102.0,176102.0,171408.0,171408.0,97417.0,138904.0,175340.0,175340.0,174872.0,174872.0,168233.0,144466.0,43000.0
1256,ASVR,SVR ENGINEERING COLLEGE,PVT,KURNOOL,NANDYAL,COED,JNTUA,EEE,70374.0,70374.0,157456.0,157456.0,70374.0,70374.0,158272.0,158272.0,70374.0,70374.0,70374.0,70374.0,70374.0,70374.0,70374.0,70374.0,999999.0,999999.0,43000.0
1257,ASVR,SVR ENGINEERING COLLEGE,PVT,KURNOOL,NANDYAL,COED,JNTUA,MEC,144693.0,158759.0,172266.0,172266.0,144693.0,158759.0,144693.0,158759.0,144693.0,158759.0,144693.0,158759.0,144693.0,158759.0,144693.0,158759.0,999999.0,999999.0,43000.0
1258,BEMA,BHEEMA INST OF TECHNOLOGY AND SCI,PVT,KURNOOL,ADONI,COED,JNTUA,CSE,120906.0,120906.0,177814.0,177814.0,120906.0,120906.0,175393.0,175393.0,176966.0,176966.0,120906.0,120906.0,174474.0,174474.0,170176.0,170752.0,170604.0,170604.0,43000.0
1259,BEMA,BHEEMA INST OF TECHNOLOGY AND SCI,PVT,KURNOOL,ADONI,COED,JNTUA,CSM,131555.0,131555.0,141046.0,141046.0,158611.0,158611.0,131555.0,131555.0,131555.0,131555.0,131555.0,131555.0,131555.0,131555.0,131555.0,131555.0,999999.0,999999.0,43000.0
1260,BEMA,BHEEMA INST OF TECHNOLOGY AND SCI,PVT,KURNOOL,ADONI,COED,JNTUA,ECE,104399.0,104399.0,156875.0,156875.0,104399.0,104399.0,104399.0,104399.0,104399.0,104399.0,104399.0,104399.0,104399.0,104399.0,104399.0,104399.0,999999.0,999999.0,43000.0
1261,BRNK,BRINDAVAN INST OF TECHNOLOGY AND SCI,PVT,KURNOOL,KURNOOL,COED,JNTUA,CSE,171889.0,171889.0,177566.0,177566.0,171889.0,171889.0,172733.0,172733.0,171889.0,174487.0,171889.0,171889.0,171889.0,171889.0,176559.0,176559.0,134750.0,134750.0,43000.0
1262,GPRE,G PULLA REDDY ENGINEERING. COLLEGE,PVT,KURNOOL,KURNOOL,COED,JNTUA,CIV,87039.0,87039.0,153334.0,165607.0,150488.0,162042.0,120808.0,127628.0,124257.0,168128.0,109736.0,143371.0,169809.0,169809.0,100827.0,151682.0,138629.0,170992.0,84000.0
1263,GPRE,G PULLA REDDY ENGINEERING. COLLEGE,PVT,KURNOOL,KURNOOL,COED,JNTUA,CSD,18511.0,18511.0,72578.0,75208.0,119717.0,170800.0,26552.0,26899.0,28597.0,28597.0,73245.0,73245.0,24705.0,28593.0,33669.0,33669.0,21846.0,16016.0,84000.0
1264,GPRE,G PULLA REDDY ENGINEERING. COLLEGE,PVT,KURNOOL,KURNOOL,COED,JNTUA,CSE,13380.0,13424.0,62903.0,62903.0,78101.0,91096.0,17203.0,17765.0,24856.0,24856.0,16792.0,87293.0,18296.0,18811.0,21684.0,21684.0,15605.0,18874.0,84000.0
1265,GPRE,G PULLA REDDY ENGINEERING. COLLEGE,PVT,KURNOOL,KURNOOL,COED,JNTUA,CSM,14007.0,14007.0,62069.0,78981.0,120282.0,135944.0,21496.0,21496.0,22638.0,22638.0,68001.0,68001.0,20709.0,22946.0,22020.0,24661.0,21139.0,14703.0,84000.0
1266,GPRE,G PULLA REDDY ENGINEERING. COLLEGE,PVT,KURNOOL,KURNOOL,COED,JNTUA,ECE,16261.0,23235.0,72142.0,72142.0,125270.0,125270.0,27008.0,27008.0,27252.0,27252.0,120937.0,120937.0,24797.0,29777.0,26099.0,87500.0,25391.0,20002.0,84000.0
1267,GPRE,G PULLA REDDY ENGINEERING. COLLEGE,PVT,KURNOOL,KURNOOL,COED,JNTUA,EEE,48842.0,48842.0,135860.0,135860.0,169148.0,169148.0,82906.0,82906.0,87014.0,120905.0,48842.0,167260.0,125885.0,125885.0,67075.0,67075.0,144681.0,103458.0,84000.0
1268,GPRE,G PULLA REDDY ENGINEERING. COLLEGE,PVT,KURNOOL,KURNOOL,COED,JNTUA,MEC,84818.0,84818.0,140416.0,159274.0,156991.0,163582.0,136362.0,150413.0,152365.0,168410.0,145260.0,145260.0,167803.0,172568.0,148935.0,148935.0,150882.0,172015.0,84000.0
1269,JNYP,ST.JOHNS COLLEGE OF PHARM SCI,PVT,KURNOOL,YEMMIGANOOR,COED,JNTUA,PHD,144379.0,144379.0,144379.0,144379.0,144379.0,144379.0,144379.0,144379.0,144379.0,144379.0,144379.0,144379.0,144379.0,144379.0,144379.0,144379.0,999999.0,999999.0,38000.0
1270,JONY,ST. JOHNS COLLEGE OF ENGG. AND TECHNOLOGY,PVT,KURNOOL,YEMMIGANOOR,COED,JNTUA,CAI,94619.0,94619.0,173237.0,173237.0,132436.0,132436.0,140732.0,156731.0,140352.0,145587.0,94619.0,158530.0,162425.0,162425.0,107791.0,166294.0,158047.0,122898.0,43000.0
1271,JONY,ST. JOHNS COLLEGE OF ENGG. AND TECHNOLOGY,PVT,KURNOOL,YEMMIGANOOR,COED,JNTUA,CIV,999999.0,999999.0,148495.0,148495.0,175374.0,175374.0,159686.0,159686.0,128870.0,128870.0,999999.0,999999.0,999999.0,999999.0,999999.0,999999.0,999999.0,999999.0,43000.0
1272,JONY,ST. JOHNS COLLEGE OF ENGG. AND TECHNOLOGY,PVT,KURNOOL,YEMMIGANOOR,COED,JNTUA,CSD,131025.0,131025.0,158455.0,172483.0,158964.0,158964.0,152831.0,166138.0,163465.0,163465.0,131025.0,131025.0,170128.0,171345.0,173827.0,175194.0,999999.0,999999.0,43000.0
1273,JONY,ST. JOHNS COLLEGE OF ENGG. AND TECHNOLOGY,PVT,KURNOOL,YEMMIGANOOR,COED,JNTUA,CSE,84250.0,84250.0,165833.0,165833.0,177777.0,177777.0,136197.0,160320.0,132113.0,132113.0,157711.0,157711.0,157751.0,172291.0,130364.0,130364.0,174280.0,138806.0,43000.0
1274,JONY,ST. JOHNS COLLEGE OF ENGG. AND TECHNOLOGY,PVT,KURNOOL,YEMMIGANOOR,COED,JNTUA,ECE,135715.0,135715.0,177396.0,177718.0,174295.0,174295.0,176077.0,176077.0,174875.0,174875.0,176603.0,176603.0,174387.0,174550.0,176644.0,176644.0,175361.0,175361.0,43000.0
1275,JONY,ST. JOHNS COLLEGE OF ENGG. AND TECHNOLOGY,PVT,KURNOOL,YEMMIGANOOR,COED,JNTUA,EEE,115744.0,115744.0,163633.0,163633.0,124437.0,124437.0,150380.0,150380.0,160021.0,160021.0,115744.0,115744.0,115744.0,115744.0,172411.0,172411.0,999999.0,999999.0,43000.0
1276,JONY,ST. JOHNS COLLEGE OF ENGG. AND TECHNOLOGY,PVT,KURNOOL,YEMMIGANOOR,COED,JNTUA,MEC,153735.0,153735.0,177771.0,177771.0,156589.0,156589.0,153735.0,153735.0,153735.0,153735.0,153735.0,153735.0,153735.0,153735.0,153735.0,153735.0,999999.0,999999.0,43000.0
1277,KVSP,DR.K V SUBBA REDDY INST OF PHARMACY,PVT,KURNOOL,KURNOOL,COED,JNTUA,PHM,163602.0,163602.0,163602.0,163602.0,163602.0,163602.0,163602.0,163602.0,163602.0,163602.0,163602.0,163602.0,163602.0,163602.0,163602.0,163602.0,999999.0,999999.0,52800.0
1278,KVSR,DR.K.V.SUBBA REDDY INST. OF TECHNOLOGY,PVT,KURNOOL,KURNOOL,COED,JNTUA,AI,93023.0,103784.0,176762.0,176762.0,164596.0,164596.0,137180.0,168761.0,156256.0,156256.0,93023.0,172313.0,167304.0,167304.0,129534.0,129534.0,151402.0,155715.0,45700.0
1279,KVSR,DR.K.V.SUBBA REDDY INST. OF TECHNOLOGY,PVT,KURNOOL,KURNOOL,COED,JNTUA,CIV,999999.0,999999.0,177144.0,177144.0,169077.0,169077.0,146868.0,154520.0,163276.0,174842.0,999999.0,999999.0,169778.0,169778.0,155227.0,155227.0,999999.0,999999.0,45700.0
1280,KVSR,DR.K.V.SUBBA REDDY INST. OF TECHNOLOGY,PVT,KURNOOL,KURNOOL,COED,JNTUA,CSD,80831.0,116862.0,173891.0,177624.0,162690.0,162690.0,141265.0,141265.0,152142.0,152142.0,80831.0,116862.0,152442.0,157535.0,122563.0,122563.0,117703.0,143480.0,45700.0
1281,KVSR,DR.K.V.SUBBA REDDY INST. OF TECHNOLOGY,PVT,KURNOOL,KURNOOL,COED,JNTUA,CSE,82175.0,96570.0,163613.0,170328.0,177058.0,177058.0,118454.0,118454.0,125671.0,173803.0,83946.0,164927.0,109657.0,136412.0,112603.0,117143.0,120875.0,141061.0,45700.0
1282,KVSR,DR.K.V.SUBBA REDDY INST. OF TECHNOLOGY,PVT,KURNOOL,KURNOOL,COED,JNTUA,CSM,70117.0,70117.0,175961.0,175961.0,79572.0,79572.0,147716.0,168181.0,151264.0,167938.0,142868.0,142868.0,117826.0,128032.0,70117.0,136520.0,127137.0,146871.0,45700.0
1283,KVSR,DR.K.V.SUBBA REDDY INST. OF TECHNOLOGY,PVT,KURNOOL,KURNOOL,COED,JNTUA,ECE,74826.0,102527.0,177471.0,177825.0,175902.0,175902.0,138473.0,151574.0,151587.0,170274.0,155396.0,155396.0,156625.0,158683.0,138049.0,141948.0,173113.0,151844.0,45700.0
1284,KVSR,DR.K.V.SUBBA REDDY INST. OF TECHNOLOGY,PVT,KURNOOL,KURNOOL,COED,JNTUA,EEE,110325.0,110325.0,173969.0,174826.0,152055.0,173752.0,160006.0,160006.0,162607.0,174267.0,110325.0,110325.0,153479.0,155310.0,173540.0,173540.0,142162.0,142162.0,45700.0
1285,KVSR,DR.K.V.SUBBA REDDY INST. OF TECHNOLOGY,PVT,KURNOOL,KURNOOL,COED,JNTUA,MEC,131129.0,131129.0,138322.0,153403.0,131129.0,131129.0,166577.0,166577.0,174346.0,174346.0,131129.0,131129.0,131129.0,131129.0,158520.0,158520.0,999999.0,999999.0,45700.0
1286,PCEK,G.PULLAIAH COLL. OF ENGG. AND TECHNOLOGY,PVT,KURNOOL,KURNOOL,COED,JNTUA,CAI,45651.0,45651.0,111513.0,111513.0,177856.0,177856.0,49691.0,52893.0,66778.0,66778.0,127341.0,127341.0,84483.0,87517.0,51631.0,83727.0,53459.0,44567.0,60900.0
1287,PCEK,G.PULLAIAH COLL. OF ENGG. AND TECHNOLOGY,PVT,KURNOOL,KURNOOL,COED,JNTUA,CIV,83757.0,83757.0,159281.0,174069.0,159158.0,159158.0,138218.0,140535.0,166366.0,166366.0,83757.0,83757.0,123850.0,161582.0,172278.0,172278.0,155799.0,155799.0,60900.0
1288,PCEK,G.PULLAIAH COLL. OF ENGG. AND TECHNOLOGY,PVT,KURNOOL,KURNOOL,COED,JNTUA,CSE,39763.0,39763.0,95075.0,95427.0,176409.0,176409.0,52820.0,52820.0,53972.0,53972.0,76282.0,86882.0,79563.0,79563.0,48901.0,48901.0,49933.0,44060.0,60900.0
1289,PCEK,G.PULLAIAH COLL. OF ENGG. AND TECHNOLOGY,PVT,KURNOOL,KURNOOL,COED,JNTUA,ECE,38846.0,44886.0,112736.0,125615.0,123383.0,127918.0,61860.0,70034.0,70737.0,77687.0,38846.0,44886.0,91120.0,91120.0,52828.0,57494.0,66382.0,70686.0,60900.0
1290,PCEK,G.PULLAIAH COLL. OF ENGG. AND TECHNOLOGY,PVT,KURNOOL,KURNOOL,COED,JNTUA,EEE,72197.0,72197.0,162364.0,176423.0,158209.0,159495.0,155718.0,155718.0,101184.0,116295.0,72197.0,72197.0,172026.0,172026.0,84425.0,134474.0,151466.0,125652.0,60900.0
1291,PCEK,G.PULLAIAH COLL. OF ENGG. AND TECHNOLOGY,PVT,KURNOOL,KURNOOL,COED,JNTUA,MEC,86580.0,86580.0,171536.0,171536.0,86580.0,172380.0,138556.0,141540.0,170638.0,170638.0,86580.0,86580.0,86580.0,170665.0,135927.0,135927.0,999999.0,999999.0,60900.0
1292,RAVW,RAVINDRA COLLEGE OF ENGG FOR WOMEN,PVT,KURNOOL,KURNOOL,GIRLS,JNTUA,CSE,60715.0,60715.0,177300.0,177300.0,142127.0,142127.0,92807.0,92807.0,123666.0,123666.0,146314.0,146314.0,169143.0,169143.0,103009.0,103009.0,129069.0,129069.0,43000.0
1293,RAVW,RAVINDRA COLLEGE OF ENGG FOR WOMEN,PVT,KURNOOL,KURNOOL,GIRLS,JNTUA,ECE,72744.0,72744.0,164571.0,164571.0,94408.0,94408.0,115531.0,115531.0,124996.0,124996.0,145598.0,145598.0,151664.0,151664.0,92545.0,92545.0,131588.0,131588.0,43000.0
1294,RGIT,RAJIV GANDHI MEMORIAL COLLEGE OF ENGG. AND TECH.,PVT,KURNOOL,NANDYAL,COED,JNTUA,CIV,123412.0,123412.0,171971.0,171971.0,177030.0,177030.0,142119.0,173080.0,158508.0,158508.0,123412.0,123412.0,167408.0,167408.0,174535.0,174535.0,999999.0,999999.0,59400.0
1295,RGIT,RAJIV GANDHI MEMORIAL COLLEGE OF ENGG. AND TECH.,PVT,KURNOOL,NANDYAL,COED,JNTUA,CSC,45616.0,45616.0,167243.0,167243.0,138750.0,168397.0,75821.0,75821.0,93038.0,93038.0,45616.0,45616.0,99816.0,117948.0,66153.0,86610.0,54295.0,52383.0,59400.0
1296,RGIT,RAJIV GANDHI MEMORIAL COLLEGE OF ENGG. AND TECH.,PVT,KURNOOL,NANDYAL,COED,JNTUA,CSD,44236.0,44236.0,156657.0,156657.0,156505.0,165363.0,61557.0,123284.0,77704.0,78684.0,155984.0,155984.0,98661.0,98661.0,71044.0,80826.0,53447.0,56832.0,59400.0
1297,RGIT,RAJIV GANDHI MEMORIAL COLLEGE OF ENGG. AND TECH.,PVT,KURNOOL,NANDYAL,COED,JNTUA,CSE,38870.0,42035.0,126282.0,133988.0,157511.0,157511.0,57971.0,109188.0,68918.0,68918.0,96837.0,167755.0,77014.0,77014.0,46418.0,49541.0,48226.0,38036.0,59400.0
1298,RGIT,RAJIV GANDHI MEMORIAL COLLEGE OF ENGG. AND TECH.,PVT,KURNOOL,NANDYAL,COED,JNTUA,CSM,33179.0,47082.0,147934.0,177652.0,161480.0,176538.0,65219.0,69171.0,70132.0,71234.0,144554.0,144554.0,71409.0,71409.0,54999.0,78890.0,43647.0,43701.0,59400.0
1299,RGIT,RAJIV GANDHI MEMORIAL COLLEGE OF ENGG. AND TECH.,PVT,KURNOOL,NANDYAL,COED,JNTUA,ECE,39971.0,39971.0,148076.0,148076.0,164084.0,164084.0,71700.0,144906.0,88236.0,88236.0,62711.0,62711.0,96497.0,135435.0,64757.0,71538.0,48320.0,55412.0,59400.0
1300,RGIT,RAJIV GANDHI MEMORIAL COLLEGE OF ENGG. AND TECH.,PVT,KURNOOL,NANDYAL,COED,JNTUA,EEE,87968.0,87968.0,177798.0,177798.0,164100.0,177017.0,159476.0,166634.0,162820.0,162820.0,173127.0,173127.0,115649.0,157671.0,122103.0,122103.0,113174.0,141161.0,59400.0
1301,RGIT,RAJIV GANDHI MEMORIAL COLLEGE OF ENGG. AND TECH.,PVT,KURNOOL,NANDYAL,COED,JNTUA,MEC,118006.0,129885.0,177566.0,177566.0,171717.0,171717.0,171999.0,171999.0,174978.0,174978.0,118006.0,129885.0,175878.0,175878.0,136398.0,174068.0,173782.0,173782.0,59400.0
1302,RUCESF,RAYALASEEMA UNIVERSITY COLLEGE OF ENGG-SELF FINANCE,SF,KURNOOL,KURNOOL,COED,RSUK,AI,141532.0,141532.0,177160.0,177160.0,161991.0,161991.0,158903.0,158903.0,169606.0,174605.0,141532.0,141532.0,175465.0,175465.0,141532.0,174608.0,170055.0,170055.0,60000.0
1303,RUCESF,RAYALASEEMA UNIVERSITY COLLEGE OF ENGG-SELF FINANCE,SF,KURNOOL,KURNOOL,COED,RSUK,CIV,141408.0,164018.0,177029.0,177029.0,141408.0,164018.0,141408.0,164018.0,141408.0,164018.0,141408.0,164018.0,141408.0,164018.0,141408.0,164018.0,999999.0,999999.0,60000.0
1304,RUCESF,RAYALASEEMA UNIVERSITY COLLEGE OF ENGG-SELF FINANCE,SF,KURNOOL,KURNOOL,COED,RSUK,CSE,85025.0,85025.0,171680.0,175722.0,167575.0,167575.0,170832.0,170832.0,174345.0,174345.0,139431.0,139431.0,166608.0,169779.0,130072.0,163368.0,139168.0,170809.0,60000.0
1305,RUCESF,RAYALASEEMA UNIVERSITY COLLEGE OF ENGG-SELF FINANCE,SF,KURNOOL,KURNOOL,COED,RSUK,ECE,84270.0,84270.0,165173.0,165173.0,106006.0,155077.0,161910.0,164652.0,144151.0,172505.0,114139.0,114139.0,136353.0,166521.0,132313.0,132313.0,124805.0,109248.0,60000.0
1306,RUCESF,RAYALASEEMA UNIVERSITY COLLEGE OF ENGG-SELF FINANCE,SF,KURNOOL,KURNOOL,COED,RSUK,MEC,155388.0,155388.0,155388.0,155388.0,155388.0,155388.0,155388.0,155388.0,155388.0,155388.0,155388.0,155388.0,155388.0,155388.0,155388.0,155388.0,999999.0,999999.0,60000.0
1307,SREC,SANTHIRAM ENGINEERING COLLEGE,PVT,KURNOOL,NANDYAL,COED,JNTUA,CSD,90285.0,90285.0,177345.0,177345.0,108557.0,137958.0,125336.0,125336.0,159581.0,171480.0,90285.0,90285.0,152086.0,158959.0,162173.0,162173.0,130469.0,131378.0,46300.0
1308,SREC,SANTHIRAM ENGINEERING COLLEGE,PVT,KURNOOL,NANDYAL,COED,JNTUA,CSE,72576.0,116030.0,161343.0,177233.0,169632.0,169632.0,95641.0,116030.0,133005.0,133005.0,102668.0,122758.0,114120.0,130988.0,94929.0,133189.0,105227.0,101026.0,46300.0
1309,SREC,SANTHIRAM ENGINEERING COLLEGE,PVT,KURNOOL,NANDYAL,COED,JNTUA,CSM,80085.0,80085.0,171687.0,171687.0,175612.0,175612.0,119751.0,143853.0,154670.0,154670.0,80085.0,80085.0,176295.0,176295.0,98523.0,141510.0,121946.0,125538.0,46300.0
1310,SREC,SANTHIRAM ENGINEERING COLLEGE,PVT,KURNOOL,NANDYAL,COED,JNTUA,ECE,83277.0,83277.0,176410.0,176528.0,172826.0,174833.0,146979.0,146979.0,173262.0,173262.0,142830.0,142830.0,158046.0,158046.0,105764.0,154548.0,109702.0,118130.0,46300.0
1311,AECN,ANDHRA ENGINEERING COLLEGE,PVT,NELLORE,ATMAKUR N,COED,JNTUA,AIM,110336.0,117166.0,177560.0,177560.0,158279.0,165292.0,169331.0,169331.0,155380.0,169019.0,110336.0,157605.0,168865.0,168865.0,159736.0,159736.0,169798.0,154538.0,43000.0
1312,AECN,ANDHRA ENGINEERING COLLEGE,PVT,NELLORE,ATMAKUR N,COED,JNTUA,CSE,89459.0,99360.0,162647.0,162647.0,165726.0,165726.0,167070.0,167070.0,168683.0,168683.0,89459.0,99360.0,169575.0,171955.0,104041.0,116431.0,157223.0,172900.0,43000.0
1313,AECN,ANDHRA ENGINEERING COLLEGE,PVT,NELLORE,ATMAKUR N,COED,JNTUA,ECE,99136.0,130360.0,177834.0,177834.0,177671.0,177671.0,170914.0,173282.0,174770.0,174770.0,99136.0,130360.0,151354.0,151354.0,120242.0,130360.0,168306.0,142334.0,43000.0
1314,DSIT,DAMISETTY BALA SURESH INST OF TECHNOLOGY,PVT,NELLORE,KAVALI,COED,JNTUA,CAI,92272.0,126335.0,177247.0,177247.0,92272.0,126335.0,92272.0,126335.0,92272.0,126335.0,92272.0,126335.0,92272.0,126335.0,92272.0,126335.0,171030.0,171030.0,43000.0
1315,DSIT,DAMISETTY BALA SURESH INST OF TECHNOLOGY,PVT,NELLORE,KAVALI,COED,JNTUA,CSE,112182.0,129601.0,177857.0,177857.0,161190.0,161190.0,160059.0,160059.0,125242.0,129601.0,112182.0,129601.0,112182.0,129601.0,112182.0,129601.0,999999.0,999999.0,43000.0
1316,DSIT,DAMISETTY BALA SURESH INST OF TECHNOLOGY,PVT,NELLORE,KAVALI,COED,JNTUA,ECE,171034.0,171034.0,171034.0,171034.0,177838.0,177838.0,171034.0,171034.0,171034.0,171034.0,171034.0,171034.0,171034.0,171034.0,171034.0,171034.0,999999.0,999999.0,43000.0
1317,DSIT,DAMISETTY BALA SURESH INST OF TECHNOLOGY,PVT,NELLORE,KAVALI,COED,JNTUA,EEE,50478.0,50478.0,50478.0,50478.0,50478.0,50478.0,50478.0,50478.0,50478.0,50478.0,50478.0,50478.0,50478.0,50478.0,50478.0,50478.0,999999.0,999999.0,43000.0
1318,GKCS,GOKULA KRISHNA COLLEGE OF ENGINEERING,PVT,NELLORE,SULLURPET,COED,JNTUA,CSE,137366.0,150925.0,175591.0,175591.0,163893.0,163893.0,144752.0,167571.0,167896.0,167896.0,176388.0,176388.0,167502.0,172008.0,168019.0,168019.0,169315.0,137566.0,43000.0
1319,GKCS,GOKULA KRISHNA COLLEGE OF ENGINEERING,PVT,NELLORE,SULLURPET,COED,JNTUA,ECE,999999.0,999999.0,172769.0,176491.0,177544.0,177544.0,177785.0,177785.0,174958.0,174958.0,999999.0,999999.0,176074.0,176074.0,999999.0,999999.0,137459.0,137459.0,43000.0
1320,GKCS,GOKULA KRISHNA COLLEGE OF ENGINEERING,PVT,NELLORE,SULLURPET,COED,JNTUA,MEC,159897.0,159897.0,159897.0,159897.0,159897.0,159897.0,159897.0,159897.0,159897.0,159897.0,159897.0,159897.0,159897.0,159897.0,159897.0,159897.0,999999.0,999999.0,43000.0
1321,GTNN,GEETHANJALI INST OF SCIENCE AND TECHNOLOGY,PVT,NELLORE,NELLORE,COED,JNTUA,AID,66087.0,66087.0,172364.0,172364.0,168264.0,168264.0,103134.0,103134.0,115094.0,115094.0,66087.0,138410.0,109718.0,152032.0,66087.0,67920.0,85525.0,82517.0,55200.0
1322,GTNN,GEETHANJALI INST OF SCIENCE AND TECHNOLOGY,PVT,NELLORE,NELLORE,COED,JNTUA,CIV,130697.0,130697.0,160051.0,160051.0,130697.0,130697.0,159713.0,159713.0,130697.0,174309.0,130697.0,130697.0,130697.0,130697.0,162729.0,162729.0,173539.0,173539.0,55200.0
1323,GTNN,GEETHANJALI INST OF SCIENCE AND TECHNOLOGY,PVT,NELLORE,NELLORE,COED,JNTUA,CSE,67419.0,67419.0,157790.0,157871.0,161362.0,177511.0,114772.0,117317.0,136732.0,136732.0,111566.0,111566.0,167899.0,167899.0,94253.0,107426.0,94861.0,95461.0,55200.0
1324,GTNN,GEETHANJALI INST OF SCIENCE AND TECHNOLOGY,PVT,NELLORE,NELLORE,COED,JNTUA,CSM,50723.0,50723.0,166812.0,166812.0,144190.0,165215.0,113866.0,113866.0,75159.0,86270.0,147648.0,147648.0,131277.0,131277.0,68494.0,68494.0,84197.0,76833.0,55200.0
1325,GTNN,GEETHANJALI INST OF SCIENCE AND TECHNOLOGY,PVT,NELLORE,NELLORE,COED,JNTUA,ECE,77866.0,77866.0,162181.0,175789.0,166804.0,177768.0,127418.0,127418.0,130129.0,130129.0,77866.0,77866.0,140818.0,158831.0,155445.0,155445.0,107474.0,109550.0,55200.0
1326,GTNN,GEETHANJALI INST OF SCIENCE AND TECHNOLOGY,PVT,NELLORE,NELLORE,COED,JNTUA,EEE,65570.0,67616.0,176565.0,176565.0,164141.0,164141.0,173307.0,173307.0,170936.0,170936.0,65570.0,67616.0,128240.0,128240.0,138094.0,163079.0,120052.0,171091.0,55200.0
1327,GTNN,GEETHANJALI INST OF SCIENCE AND TECHNOLOGY,PVT,NELLORE,NELLORE,COED,JNTUA,MEC,999999.0,999999.0,176243.0,176243.0,174626.0,174626.0,123822.0,160014.0,173632.0,173632.0,999999.0,999999.0,175808.0,175808.0,156412.0,156412.0,120957.0,170047.0,55200.0
1328,NARN,NARAYANA ENGINEERING COLLEGE,PVT,NELLORE,NELLORE,COED,JNTUA,CAI,29352.0,29352.0,97691.0,161657.0,99883.0,117544.0,46424.0,46424.0,55641.0,55641.0,29352.0,137996.0,64785.0,64785.0,29352.0,31534.0,37139.0,39439.0,47200.0
1329,NARN,NARAYANA ENGINEERING COLLEGE,PVT,NELLORE,NELLORE,COED,JNTUA,CIV,72148.0,72148.0,152433.0,167000.0,125704.0,125704.0,149017.0,149017.0,177323.0,177323.0,72148.0,110981.0,119428.0,119428.0,129174.0,129174.0,999999.0,999999.0,47200.0
1330,NARN,NARAYANA ENGINEERING COLLEGE,PVT,NELLORE,NELLORE,COED,JNTUA,CSD,37539.0,37539.0,107922.0,115671.0,113627.0,113627.0,54864.0,64927.0,56740.0,56740.0,37539.0,37539.0,81742.0,81742.0,82042.0,82042.0,41120.0,41165.0,47200.0
1331,NARN,NARAYANA ENGINEERING COLLEGE,PVT,NELLORE,NELLORE,COED,JNTUA,CSE,28948.0,28948.0,92435.0,96011.0,163343.0,174716.0,50194.0,50194.0,55291.0,55291.0,86519.0,86519.0,54096.0,54096.0,46033.0,52533.0,40962.0,37254.0,47200.0
1332,NARN,NARAYANA ENGINEERING COLLEGE,PVT,NELLORE,NELLORE,COED,JNTUA,CSM,22517.0,22517.0,69159.0,69159.0,132726.0,132726.0,44266.0,44266.0,33078.0,33078.0,76171.0,76171.0,41764.0,41764.0,35395.0,35395.0,29329.0,26769.0,47200.0
1333,NARN,NARAYANA ENGINEERING COLLEGE,PVT,NELLORE,NELLORE,COED,JNTUA,ECA,999999.0,999999.0,148629.0,155870.0,164694.0,164694.0,104704.0,104704.0,132866.0,132866.0,999999.0,999999.0,142052.0,142052.0,101079.0,101079.0,95569.0,85817.0,47200.0
1334,NARN,NARAYANA ENGINEERING COLLEGE,PVT,NELLORE,NELLORE,COED,JNTUA,ECE,49655.0,49655.0,113629.0,113629.0,173682.0,173682.0,72741.0,72741.0,73934.0,73934.0,134976.0,134976.0,85181.0,89621.0,69548.0,69548.0,60361.0,60803.0,47200.0
1335,NARN,NARAYANA ENGINEERING COLLEGE,PVT,NELLORE,NELLORE,COED,JNTUA,EEE,80985.0,80985.0,148081.0,148081.0,154984.0,156510.0,108955.0,171359.0,155189.0,155189.0,80985.0,80985.0,132804.0,142471.0,121627.0,124914.0,110898.0,98291.0,47200.0
1336,NARN,NARAYANA ENGINEERING COLLEGE,PVT,NELLORE,NELLORE,COED,JNTUA,EVT,63497.0,63497.0,131435.0,153481.0,135317.0,155064.0,84899.0,84899.0,91066.0,101113.0,63497.0,63497.0,115546.0,134572.0,71364.0,71364.0,74020.0,65910.0,47200.0
1337,NARN,NARAYANA ENGINEERING COLLEGE,PVT,NELLORE,NELLORE,COED,JNTUA,MEC,111926.0,144725.0,166854.0,166854.0,111926.0,161207.0,170690.0,170690.0,166307.0,166307.0,111926.0,144725.0,111926.0,144725.0,111926.0,144725.0,174965.0,174965.0,47200.0
1338,NBKR,NBKR INSTITUTE OF SCI. AND TECHNOLOGY,PVT,NELLORE,VIDYANAGAR,COED,JNTUA,AID,54990.0,54990.0,130373.0,130373.0,130862.0,130862.0,85982.0,85982.0,110318.0,119652.0,54990.0,54990.0,82936.0,83461.0,80947.0,104223.0,74757.0,62351.0,46400.0
1339,NBKR,NBKR INSTITUTE OF SCI. AND TECHNOLOGY,PVT,NELLORE,VIDYANAGAR,COED,JNTUA,CIV,137324.0,137324.0,176958.0,176958.0,137324.0,171862.0,163593.0,163593.0,149020.0,149020.0,137324.0,137324.0,147763.0,147763.0,137324.0,137324.0,164671.0,164671.0,46400.0
1340,NBKR,NBKR INSTITUTE OF SCI. AND TECHNOLOGY,PVT,NELLORE,VIDYANAGAR,COED,JNTUA,CSE,52733.0,52733.0,127952.0,128033.0,173655.0,173655.0,91867.0,128186.0,122868.0,122868.0,78469.0,78469.0,96508.0,96508.0,128611.0,128611.0,76075.0,95352.0,46400.0
1341,NBKR,NBKR INSTITUTE OF SCI. AND TECHNOLOGY,PVT,NELLORE,VIDYANAGAR,COED,JNTUA,ECE,71305.0,73645.0,148283.0,155416.0,175720.0,175720.0,134687.0,134687.0,151826.0,168594.0,124729.0,124729.0,130815.0,130815.0,136175.0,144858.0,101890.0,92278.0,46400.0
1342,NBKR,NBKR INSTITUTE OF SCI. AND TECHNOLOGY,PVT,NELLORE,VIDYANAGAR,COED,JNTUA,EEE,103058.0,103058.0,165970.0,176713.0,173689.0,173689.0,159427.0,174245.0,168325.0,168325.0,103058.0,103058.0,176685.0,176685.0,142790.0,154474.0,169030.0,111318.0,46400.0
1343,NBKR,NBKR INSTITUTE OF SCI. AND TECHNOLOGY,PVT,NELLORE,VIDYANAGAR,COED,JNTUA,MEC,125344.0,168460.0,172165.0,172165.0,177253.0,177253.0,161765.0,168460.0,150018.0,168460.0,125344.0,168460.0,156593.0,168460.0,167095.0,168460.0,999999.0,999999.0,46400.0
1344,NRNG,NARAYANA ENGINEERING COLLEGE,PVT,NELLORE,GUDUR,COED,JNTUA,CIV,158042.0,158042.0,175428.0,175428.0,172714.0,172714.0,158042.0,158042.0,173962.0,173962.0,158042.0,158042.0,158042.0,158042.0,158042.0,158042.0,999999.0,999999.0,43000.0
1345,NRNG,NARAYANA ENGINEERING COLLEGE,PVT,NELLORE,GUDUR,COED,JNTUA,CSE,58647.0,58647.0,137583.0,138165.0,144205.0,153244.0,96955.0,96955.0,121273.0,121273.0,58647.0,150473.0,93104.0,93104.0,101360.0,101360.0,81970.0,78608.0,43000.0
1346,NRNG,NARAYANA ENGINEERING COLLEGE,PVT,NELLORE,GUDUR,COED,JNTUA,CSM,51141.0,51141.0,125109.0,125109.0,159845.0,159845.0,82651.0,82651.0,78649.0,78649.0,51141.0,51141.0,69336.0,69336.0,65762.0,92820.0,52193.0,56020.0,43000.0
1347,NRNG,NARAYANA ENGINEERING COLLEGE,PVT,NELLORE,GUDUR,COED,JNTUA,ECA,130273.0,130273.0,165255.0,171267.0,162316.0,162316.0,162757.0,162757.0,152066.0,171020.0,130273.0,130273.0,172083.0,172083.0,171418.0,171418.0,119016.0,102265.0,43000.0
1348,NRNG,NARAYANA ENGINEERING COLLEGE,PVT,NELLORE,GUDUR,COED,JNTUA,ECE,72078.0,72078.0,145359.0,157004.0,148587.0,164970.0,129843.0,129843.0,128982.0,128982.0,109075.0,109075.0,98462.0,98678.0,133782.0,137024.0,100914.0,84854.0,43000.0
1349,NRNG,NARAYANA ENGINEERING COLLEGE,PVT,NELLORE,GUDUR,COED,JNTUA,EEE,999999.0,999999.0,169946.0,173233.0,138821.0,138821.0,138376.0,169098.0,157968.0,175133.0,999999.0,999999.0,141939.0,149396.0,127496.0,127496.0,145043.0,137519.0,43000.0
1350,NRNG,NARAYANA ENGINEERING COLLEGE,PVT,NELLORE,GUDUR,COED,JNTUA,EVT,87654.0,87654.0,162534.0,177404.0,164891.0,164891.0,152835.0,152835.0,177235.0,177235.0,87654.0,135431.0,118250.0,135686.0,129891.0,142210.0,110380.0,107182.0,43000.0
1351,NRNG,NARAYANA ENGINEERING COLLEGE,PVT,NELLORE,GUDUR,COED,JNTUA,MEC,108491.0,108491.0,151253.0,152385.0,108491.0,162285.0,170668.0,173049.0,140248.0,170863.0,157501.0,157501.0,157437.0,157437.0,135178.0,153204.0,999999.0,999999.0,43000.0
1352,PINN,PRIYADARSHINI INST OF TECHNOLOGY,PVT,NELLORE,NELLORE,COED,JNTUA,CSE,999999.0,999999.0,176981.0,176981.0,999999.0,999999.0,999999.0,999999.0,170126.0,170126.0,999999.0,999999.0,999999.0,999999.0,169659.0,169659.0,999999.0,999999.0,43000.0
1353,PRIK,PRIYADARSHINI COLL OF ENGG. AND TECHNOLOGY,PVT,NELLORE,NELLORE,COED,JNTUA,CSE,114023.0,114023.0,177309.0,177309.0,114023.0,114023.0,114023.0,114023.0,114023.0,114023.0,114023.0,114023.0,114023.0,114023.0,114023.0,114023.0,999999.0,999999.0,43000.0
1354,PRIK,PRIYADARSHINI COLL OF ENGG. AND TECHNOLOGY,PVT,NELLORE,NELLORE,COED,JNTUA,EEE,103507.0,103507.0,103507.0,103507.0,103507.0,103507.0,103507.0,103507.0,103507.0,103507.0,103507.0,103507.0,103507.0,103507.0,103507.0,103507.0,999999.0,999999.0,43000.0
1355,PRIK,PRIYADARSHINI COLL OF ENGG. AND TECHNOLOGY,PVT,NELLORE,NELLORE,COED,JNTUA,MEC,104878.0,104878.0,104878.0,104878.0,104878.0,104878.0,104878.0,104878.0,104878.0,104878.0,104878.0,104878.0,104878.0,104878.0,104878.0,104878.0,999999.0,999999.0,43000.0
1356,RSRN,RAMIREDDY SUBBA RAMIREDDY ENGG COLLEGE,PVT,NELLORE,NELLORE,COED,JNTUA,AID,115485.0,115485.0,142110.0,142110.0,173579.0,173579.0,120187.0,120187.0,130906.0,156553.0,115485.0,115485.0,151969.0,151969.0,132962.0,132962.0,171594.0,167202.0,43000.0
1357,RSRN,RAMIREDDY SUBBA RAMIREDDY ENGG COLLEGE,PVT,NELLORE,NELLORE,COED,JNTUA,CIV,86313.0,110982.0,147912.0,154415.0,148286.0,161716.0,155602.0,160462.0,171804.0,171804.0,86313.0,110982.0,161414.0,161414.0,151456.0,173755.0,173880.0,173880.0,43000.0
1358,RSRN,RAMIREDDY SUBBA RAMIREDDY ENGG COLLEGE,PVT,NELLORE,NELLORE,COED,JNTUA,CSE,111455.0,111455.0,148903.0,148903.0,166498.0,172270.0,172084.0,172084.0,173921.0,173921.0,169510.0,170010.0,168766.0,170747.0,173224.0,173905.0,172075.0,155676.0,43000.0
1359,RSRN,RAMIREDDY SUBBA RAMIREDDY ENGG COLLEGE,PVT,NELLORE,NELLORE,COED,JNTUA,ECE,111924.0,111924.0,133872.0,133872.0,154658.0,154658.0,167867.0,171495.0,169849.0,169849.0,130112.0,130112.0,168965.0,168965.0,141246.0,141246.0,158553.0,167257.0,43000.0
1360,RSRN,RAMIREDDY SUBBA RAMIREDDY ENGG COLLEGE,PVT,NELLORE,NELLORE,COED,JNTUA,EEE,107155.0,107155.0,153318.0,153318.0,155727.0,155727.0,142953.0,142953.0,167568.0,169412.0,107155.0,107155.0,154064.0,169920.0,144664.0,144664.0,168327.0,168327.0,43000.0
1361,SANK,AUDHISANKARA COLLEGE OF ENGG. AND TECHNOLOGY,PVT,NELLORE,GUDUR,COED,JNTUA,AID,124835.0,124835.0,173351.0,176486.0,169898.0,169898.0,159759.0,173412.0,169483.0,169483.0,124835.0,124835.0,173788.0,173788.0,175026.0,175026.0,173560.0,170729.0,61100.0
1362,SANK,AUDHISANKARA COLLEGE OF ENGG. AND TECHNOLOGY,PVT,NELLORE,GUDUR,COED,JNTUA,CAI,176092.0,176092.0,176536.0,176536.0,176931.0,176931.0,176396.0,176396.0,176202.0,176202.0,176092.0,176092.0,176092.0,176092.0,176092.0,176092.0,172508.0,168431.0,61100.0
1363,SANK,AUDHISANKARA COLLEGE OF ENGG. AND TECHNOLOGY,PVT,NELLORE,GUDUR,COED,JNTUA,CIV,151744.0,176466.0,174573.0,176466.0,151744.0,176466.0,151744.0,176466.0,151744.0,176466.0,151744.0,176466.0,151744.0,176466.0,151744.0,176466.0,999999.0,999999.0,61100.0
1364,SANK,AUDHISANKARA COLLEGE OF ENGG. AND TECHNOLOGY,PVT,NELLORE,GUDUR,COED,JNTUA,CSD,177188.0,177188.0,177188.0,177188.0,177188.0,177188.0,177188.0,177188.0,177188.0,177188.0,177188.0,177188.0,177188.0,177188.0,177188.0,177188.0,159503.0,173549.0,61100.0
1365,SANK,AUDHISANKARA COLLEGE OF ENGG. AND TECHNOLOGY,PVT,NELLORE,GUDUR,COED,JNTUA,CSE,122895.0,122895.0,176185.0,177735.0,177780.0,177780.0,173978.0,175203.0,175472.0,175472.0,137705.0,163816.0,174866.0,176204.0,175410.0,175410.0,176901.0,174991.0,61100.0
1366,SANK,AUDHISANKARA COLLEGE OF ENGG. AND TECHNOLOGY,PVT,NELLORE,GUDUR,COED,JNTUA,CSM,171826.0,171826.0,171826.0,173029.0,177472.0,177472.0,171826.0,172999.0,171826.0,171826.0,171826.0,171826.0,171826.0,171826.0,171826.0,171826.0,125669.0,96125.0,61100.0
1367,SANK,AUDHISANKARA COLLEGE OF ENGG. AND TECHNOLOGY,PVT,NELLORE,GUDUR,COED,JNTUA,ECE,142068.0,142068.0,177642.0,177642.0,142068.0,159198.0,172877.0,174853.0,161199.0,161199.0,142068.0,142068.0,167874.0,167874.0,171595.0,171595.0,167178.0,166622.0,61100.0
1368,SANK,AUDHISANKARA COLLEGE OF ENGG. AND TECHNOLOGY,PVT,NELLORE,GUDUR,COED,JNTUA,EEE,140942.0,140942.0,164270.0,164270.0,140942.0,140942.0,140942.0,140942.0,140942.0,140942.0,140942.0,140942.0,140942.0,140942.0,140942.0,140942.0,999999.0,999999.0,61100.0
1369,SANK,AUDHISANKARA COLLEGE OF ENGG. AND TECHNOLOGY,PVT,NELLORE,GUDUR,COED,JNTUA,MEC,65098.0,65098.0,164707.0,164707.0,65098.0,65098.0,65098.0,65098.0,65098.0,65098.0,65098.0,65098.0,65098.0,65098.0,65098.0,65098.0,999999.0,999999.0,61100.0
1370,SVCN,SREE VENKATESWARA COLL OF ENGG,PVT,NELLORE,NORTH RAJU PALEM,COED,JNTUA,AID,114134.0,167357.0,174894.0,177343.0,170645.0,170645.0,169057.0,169796.0,176372.0,176372.0,114134.0,167357.0,170869.0,170869.0,166219.0,167357.0,173519.0,174956.0,43000.0
1371,SVCN,SREE VENKATESWARA COLL OF ENGG,PVT,NELLORE,NORTH RAJU PALEM,COED,JNTUA,CAI,133371.0,133371.0,173482.0,173482.0,133371.0,133371.0,176006.0,176006.0,166495.0,166495.0,133371.0,133371.0,166926.0,166926.0,170422.0,170422.0,115877.0,144575.0,43000.0
1372,SVCN,SREE VENKATESWARA COLL OF ENGG,PVT,NELLORE,NORTH RAJU PALEM,COED,JNTUA,CSE,120026.0,120026.0,177479.0,177479.0,177682.0,177682.0,177738.0,177738.0,176400.0,176400.0,120026.0,142827.0,175980.0,175980.0,170882.0,172040.0,169945.0,176510.0,43000.0
1373,SVCN,SREE VENKATESWARA COLL OF ENGG,PVT,NELLORE,NORTH RAJU PALEM,COED,JNTUA,CSM,118959.0,118959.0,173840.0,174699.0,176247.0,176247.0,169888.0,169888.0,151453.0,151453.0,118959.0,118959.0,146249.0,173438.0,139519.0,166112.0,151554.0,129503.0,43000.0
1374,SVCN,SREE VENKATESWARA COLL OF ENGG,PVT,NELLORE,NORTH RAJU PALEM,COED,JNTUA,ECE,103358.0,113705.0,165278.0,165278.0,159007.0,159007.0,167997.0,167997.0,173571.0,173571.0,103358.0,175544.0,175234.0,176772.0,166955.0,172516.0,166589.0,170942.0,43000.0
1375,SVCN,SREE VENKATESWARA COLL OF ENGG,PVT,NELLORE,NORTH RAJU PALEM,COED,JNTUA,EVT,122953.0,122953.0,177065.0,177065.0,122953.0,122953.0,122953.0,122953.0,122953.0,122953.0,122953.0,122953.0,122953.0,122953.0,122953.0,122953.0,999999.0,999999.0,43000.0
1376,VITK,P B R VISVODAYA INSTITUTE OF TECHNOLOGY AND SCI.,PVT,NELLORE,KAVALI,COED,JNTUA,AIM,107589.0,107589.0,177799.0,177799.0,167529.0,167529.0,174585.0,175039.0,172594.0,172594.0,175984.0,175984.0,174114.0,174114.0,170861.0,172818.0,153786.0,155250.0,43000.0
1377,VITK,P B R VISVODAYA INSTITUTE OF TECHNOLOGY AND SCI.,PVT,NELLORE,KAVALI,COED,JNTUA,CAI,89994.0,89994.0,176615.0,176615.0,177097.0,177097.0,154460.0,166674.0,172553.0,173473.0,96358.0,153383.0,167517.0,167517.0,123360.0,144346.0,146749.0,146757.0,43000.0
1378,VITK,P B R VISVODAYA INSTITUTE OF TECHNOLOGY AND SCI.,PVT,NELLORE,KAVALI,COED,JNTUA,CSE,85020.0,85020.0,165939.0,171175.0,173313.0,176965.0,146414.0,146414.0,175693.0,175693.0,137635.0,145401.0,150348.0,150348.0,176680.0,176680.0,119956.0,122278.0,43000.0
1379,VITK,P B R VISVODAYA INSTITUTE OF TECHNOLOGY AND SCI.,PVT,NELLORE,KAVALI,COED,JNTUA,CSO,131346.0,131346.0,177519.0,177519.0,169075.0,175383.0,169491.0,172678.0,174798.0,175462.0,131346.0,131346.0,175819.0,175819.0,166791.0,171207.0,166531.0,167006.0,43000.0
1380,VITK,P B R VISVODAYA INSTITUTE OF TECHNOLOGY AND SCI.,PVT,NELLORE,KAVALI,COED,JNTUA,ECE,84147.0,84147.0,128935.0,128935.0,139611.0,177177.0,140328.0,140328.0,145537.0,147936.0,114261.0,114261.0,118706.0,118706.0,171235.0,171235.0,125434.0,129620.0,43000.0
1381,VITK,P B R VISVODAYA INSTITUTE OF TECHNOLOGY AND SCI.,PVT,NELLORE,KAVALI,COED,JNTUA,EEE,135836.0,165687.0,161835.0,176511.0,159288.0,165687.0,160375.0,166714.0,167761.0,177009.0,135836.0,165687.0,168687.0,168687.0,175072.0,175072.0,999999.0,999999.0,43000.0
1382,VITK,P B R VISVODAYA INSTITUTE OF TECHNOLOGY AND SCI.,PVT,NELLORE,KAVALI,COED,JNTUA,MEC,163799.0,163799.0,173981.0,173981.0,163799.0,163799.0,163799.0,169808.0,163799.0,163799.0,163799.0,163799.0,163799.0,163799.0,163799.0,163799.0,999999.0,999999.0,43000.0
1383,BESTPU,BHARATIYA ENGG SCI. &TECH INNOVATION UNIVERSITY,PU,ANANTAPUR,ANANTAPUR,COED,BESTPU,AI,140893.0,168528.0,146120.0,168528.0,140893.0,168528.0,140893.0,168528.0,140893.0,168528.0,140893.0,168528.0,140893.0,168528.0,158999.0,168528.0,999999.0,999999.0,69500.0
1384,BESTPU,BHARATIYA ENGG SCI. &TECH INNOVATION UNIVERSITY,PU,ANANTAPUR,ANANTAPUR,COED,BESTPU,AI,126508.0,126508.0,146120.0,158899.0,126508.0,126508.0,136531.0,169923.0,126895.0,126895.0,126508.0,126508.0,152449.0,152449.0,160742.0,160742.0,999999.0,999999.0,69500.0
1385,BESTPU,BHARATIYA ENGG SCI. &TECH INNOVATION UNIVERSITY,PU,ANANTAPUR,ANANTAPUR,COED,BESTPU,CS,999999.0,999999.0,136248.0,136248.0,999999.0,999999.0,150298.0,150298.0,143747.0,143747.0,999999.0,999999.0,999999.0,999999.0,999999.0,999999.0,999999.0,999999.0,69500.0
1386,BESTPU,BHARATIYA ENGG SCI. &TECH INNOVATION UNIVERSITY,PU,ANANTAPUR,ANANTAPUR,COED,BESTPU,CS,160771.0,160771.0,160771.0,160771.0,160771.0,160771.0,160771.0,160771.0,160771.0,160771.0,160771.0,160771.0,160771.0,160771.0,160771.0,160771.0,999999.0,999999.0,69500.0
1387,BESTPU,BHARATIYA ENGG SCI. &TECH INNOVATION UNIVERSITY,PU,ANANTAPUR,ANANTAPUR,COED,BESTPU,CSE,166221.0,166221.0,173178.0,173178.0,166221.0,166221.0,166221.0,166221.0,166221.0,166221.0,166221.0,166221.0,166221.0,166221.0,166221.0,166221.0,999999.0,999999.0,69500.0
1388,BESTPU,BHARATIYA ENGG SCI. &TECH INNOVATION UNIVERSITY,PU,ANANTAPUR,ANANTAPUR,COED,BESTPU,CSE,73704.0,73704.0,150222.0,150222.0,73704.0,73704.0,173014.0,173014.0,171132.0,171132.0,73704.0,73704.0,153094.0,153094.0,73704.0,73704.0,999999.0,999999.0,69500.0
1389,BESTPU,BHARATIYA ENGG SCI. &TECH INNOVATION UNIVERSITY,PU,ANANTAPUR,ANANTAPUR,COED,BESTPU,DS,141209.0,141209.0,141209.0,141209.0,141209.0,141209.0,170722.0,170722.0,141209.0,141209.0,141209.0,141209.0,141209.0,141209.0,141209.0,141209.0,999999.0,999999.0,69500.0
1390,BESTPU,BHARATIYA ENGG SCI. &TECH INNOVATION UNIVERSITY,PU,ANANTAPUR,ANANTAPUR,COED,BESTPU,DS,999999.0,999999.0,999999.0,999999.0,140122.0,140122.0,149965.0,149965.0,999999.0,999999.0,999999.0,999999.0,999999.0,999999.0,999999.0,999999.0,999999.0,999999.0,69500.0
1391,CAMS,COLLEGE OF AGRICULTURAL ENGINEERING,UNIV,ANANTAPUR,MADAKASIRA,COED,ANGRAU,AGR,138532.0,138532.0,175896.0,175896.0,138532.0,138532.0,149367.0,171995.0,167716.0,167716.0,138532.0,138532.0,138532.0,138532.0,138532.0,138532.0,999999.0,999999.0,10000.0
1392,APUCPU,APOLLO UNIVERSITY,PU,CHITTOOR,CHITTOOR,COED,APUCPU,CAD,59280.0,59280.0,165378.0,165378.0,155174.0,155174.0,95132.0,95132.0,148044.0,148044.0,59280.0,59280.0,74053.0,74053.0,114544.0,114544.0,999999.0,999999.0,99500.0
1393,APUCPU,APOLLO UNIVERSITY,PU,CHITTOOR,CHITTOOR,COED,APUCPU,CAD,19527.0,19527.0,72035.0,105492.0,120217.0,167216.0,28133.0,28133.0,60395.0,60395.0,19527.0,19527.0,27729.0,36266.0,19527.0,67257.0,999999.0,999999.0,99500.0
1394,APUCPU,APOLLO UNIVERSITY,PU,CHITTOOR,CHITTOOR,COED,APUCPU,CSC,22722.0,38082.0,168926.0,168926.0,71682.0,71682.0,153582.0,153582.0,61094.0,121684.0,77147.0,77147.0,53455.0,53455.0,39727.0,39727.0,999999.0,999999.0,99500.0
1395,APUCPU,APOLLO UNIVERSITY,PU,CHITTOOR,CHITTOOR,COED,APUCPU,CSC,16397.0,16397.0,60415.0,60415.0,16397.0,16397.0,16397.0,16397.0,16397.0,16397.0,77147.0,77147.0,16397.0,48192.0,127681.0,127681.0,999999.0,999999.0,99500.0
1396,APUCPU,APOLLO UNIVERSITY,PU,CHITTOOR,CHITTOOR,COED,APUCPU,CSE,50152.0,64376.0,158703.0,163611.0,133104.0,133104.0,99987.0,140941.0,156990.0,156990.0,50152.0,64376.0,50152.0,65882.0,106746.0,106746.0,999999.0,999999.0,99500.0
1397,APUCPU,APOLLO UNIVERSITY,PU,CHITTOOR,CHITTOOR,COED,APUCPU,CSE,27161.0,27161.0,78749.0,78749.0,75955.0,75955.0,27161.0,27161.0,27161.0,27161.0,27161.0,46197.0,27161.0,27161.0,27161.0,27161.0,999999.0,999999.0,99500.0
1398,APUCPU,APOLLO UNIVERSITY,PU,CHITTOOR,CHITTOOR,COED,APUCPU,CSM,29013.0,31724.0,147572.0,147572.0,116771.0,116771.0,169709.0,169709.0,52126.0,52126.0,29013.0,31724.0,43601.0,59183.0,57277.0,57277.0,999999.0,999999.0,99500.0
1399,APUCPU,APOLLO UNIVERSITY,PU,CHITTOOR,CHITTOOR,COED,APUCPU,CSM,12281.0,12281.0,80255.0,101527.0,121543.0,121543.0,22717.0,22717.0,65422.0,65422.0,12281.0,12281.0,13298.0,27772.0,57277.0,57277.0,999999.0,999999.0,99500.0
1400,CVST,SVVU COLLEGE OF DAIRY TECHNOLOGY,UNIV,CHITTOOR,TIRUPATHI,COED,SVVU,BDT,136488.0,147911.0,152042.0,152042.0,139371.0,147911.0,136488.0,147911.0,156594.0,156594.0,136488.0,147911.0,136488.0,147911.0,136488.0,147911.0,999999.0,999999.0,10000.0
1401,CVST,SVVU COLLEGE OF DAIRY TECHNOLOGY,UNIV,CHITTOOR,TIRUPATHI,COED,SVVU,BDT,86577.0,108802.0,86577.0,108802.0,106270.0,108802.0,86577.0,108802.0,86577.0,121312.0,86577.0,108802.0,154997.0,154997.0,127272.0,127272.0,999999.0,999999.0,10000.0
1402,MBUTPU,MOHAN BABU UNIVERSITY,PU,CHITTOOR,RANGAMPETA,COED,MBUTPU,CIV,136596.0,136596.0,170482.0,170482.0,176768.0,176768.0,176732.0,176732.0,136596.0,161157.0,136596.0,136596.0,136596.0,136596.0,136596.0,136596.0,999999.0,999999.0,103000.0
1403,MBUTPU,MOHAN BABU UNIVERSITY,PU,CHITTOOR,RANGAMPETA,COED,MBUTPU,CIV,115259.0,115259.0,144864.0,144864.0,115259.0,172803.0,115259.0,115259.0,150903.0,161157.0,115259.0,115259.0,115259.0,115259.0,115259.0,115259.0,999999.0,999999.0,103000.0
1404,MBUTPU,MOHAN BABU UNIVERSITY,PU,CHITTOOR,RANGAMPETA,COED,MBUTPU,CSC,21382.0,21553.0,112092.0,154424.0,137488.0,137488.0,77236.0,77236.0,63089.0,82200.0,22711.0,22711.0,71185.0,71185.0,76358.0,76358.0,999999.0,999999.0,103000.0
1405,MBUTPU,MOHAN BABU UNIVERSITY,PU,CHITTOOR,RANGAMPETA,COED,MBUTPU,CSC,28155.0,28155.0,126394.0,126394.0,28155.0,136213.0,29520.0,29520.0,28155.0,47162.0,28155.0,28155.0,40159.0,42034.0,28155.0,28155.0,999999.0,999999.0,103000.0
1406,MBUTPU,MOHAN BABU UNIVERSITY,PU,CHITTOOR,RANGAMPETA,COED,MBUTPU,CSD,34938.0,41450.0,166873.0,176356.0,124304.0,124304.0,83260.0,83260.0,52132.0,106514.0,34938.0,41450.0,55025.0,69872.0,81750.0,81750.0,999999.0,999999.0,103000.0
1407,MBUTPU,MOHAN BABU UNIVERSITY,PU,CHITTOOR,RANGAMPETA,COED,MBUTPU,CSD,23551.0,24263.0,155226.0,155226.0,107715.0,141505.0,34925.0,38000.0,39194.0,39194.0,23551.0,24263.0,68736.0,68736.0,40796.0,40796.0,999999.0,999999.0,103000.0
1408,MBUTPU,MOHAN BABU UNIVERSITY,PU,CHITTOOR,RANGAMPETA,COED,MBUTPU,CSE,29216.0,29216.0,171627.0,171627.0,162807.0,168948.0,69854.0,107343.0,110545.0,120714.0,82949.0,82949.0,45034.0,51425.0,69153.0,94092.0,999999.0,999999.0,103000.0
1409,MBUTPU,MOHAN BABU UNIVERSITY,PU,CHITTOOR,RANGAMPETA,COED,MBUTPU,CSE,22719.0,22719.0,83249.0,83249.0,71892.0,122186.0,28712.0,34242.0,29083.0,29083.0,89625.0,89625.0,39895.0,39895.0,23153.0,45507.0,999999.0,999999.0,103000.0
1410,MBUTPU,MOHAN BABU UNIVERSITY,PU,CHITTOOR,RANGAMPETA,COED,MBUTPU,CSM,30510.0,36984.0,156432.0,161413.0,157246.0,157246.0,66036.0,120677.0,148363.0,148363.0,35812.0,70293.0,69677.0,125495.0,83329.0,92812.0,999999.0,999999.0,103000.0
1411,MBUTPU,MOHAN BABU UNIVERSITY,PU,CHITTOOR,RANGAMPETA,COED,MBUTPU,CSM,17840.0,27277.0,136243.0,136243.0,114454.0,155701.0,27950.0,35511.0,31070.0,31070.0,53372.0,53372.0,57044.0,62780.0,24026.0,34330.0,999999.0,999999.0,103000.0
1412,MBUTPU,MOHAN BABU UNIVERSITY,PU,CHITTOOR,RANGAMPETA,COED,MBUTPU,ECE,44160.0,61891.0,163764.0,163764.0,172062.0,172062.0,68163.0,94763.0,64443.0,89066.0,44160.0,61891.0,94014.0,102924.0,101610.0,101610.0,999999.0,999999.0,103000.0
1413,MBUTPU,MOHAN BABU UNIVERSITY,PU,CHITTOOR,RANGAMPETA,COED,MBUTPU,ECE,25086.0,25086.0,66237.0,93473.0,84817.0,92432.0,45132.0,45132.0,33684.0,33684.0,25086.0,80335.0,67299.0,67299.0,25086.0,75877.0,999999.0,999999.0,103000.0
1414,MBUTPU,MOHAN BABU UNIVERSITY,PU,CHITTOOR,RANGAMPETA,COED,MBUTPU,EEE,76558.0,114698.0,173267.0,173267.0,167327.0,167327.0,158507.0,158507.0,110299.0,114698.0,76558.0,114698.0,94144.0,167793.0,76558.0,126444.0,999999.0,999999.0,103000.0
1415,MBUTPU,MOHAN BABU UNIVERSITY,PU,CHITTOOR,RANGAMPETA,COED,MBUTPU,EEE,63539.0,63539.0,152021.0,171503.0,175822.0,175822.0,139507.0,139507.0,176476.0,176476.0,63539.0,63539.0,139578.0,167793.0,137215.0,137215.0,999999.0,999999.0,103000.0
1416,MBUTPU,MOHAN BABU UNIVERSITY,PU,CHITTOOR,RANGAMPETA,COED,MBUTPU,EIE,108506.0,108506.0,162281.0,176755.0,108506.0,145672.0,108506.0,108506.0,138030.0,149992.0,108506.0,108506.0,129500.0,129500.0,172728.0,172728.0,999999.0,999999.0,103000.0
1417,MBUTPU,MOHAN BABU UNIVERSITY,PU,CHITTOOR,RANGAMPETA,COED,MBUTPU,EIE,98179.0,98179.0,164723.0,164723.0,98179.0,98179.0,139906.0,146442.0,98179.0,98179.0,98179.0,98179.0,98179.0,98179.0,98179.0,173623.0,999999.0,999999.0,103000.0
1418,MBUTPU,MOHAN BABU UNIVERSITY,PU,CHITTOOR,RANGAMPETA,COED,MBUTPU,INF,46218.0,46218.0,125241.0,146397.0,116383.0,116383.0,173146.0,173146.0,104089.0,104089.0,46218.0,46218.0,81578.0,118182.0,46218.0,162416.0,999999.0,999999.0,103000.0
1419,MBUTPU,MOHAN BABU UNIVERSITY,PU,CHITTOOR,RANGAMPETA,COED,MBUTPU,INF,32052.0,47212.0,159995.0,159995.0,32052.0,64310.0,80729.0,80729.0,58859.0,58859.0,32052.0,47212.0,32052.0,59242.0,92704.0,92704.0,999999.0,999999.0,103000.0
1420,MBUTPU,MOHAN BABU UNIVERSITY,PU,CHITTOOR,RANGAMPETA,COED,MBUTPU,MEC,91431.0,91431.0,169426.0,169426.0,91431.0,91431.0,147616.0,147616.0,91431.0,111706.0,91431.0,91431.0,91431.0,106953.0,91431.0,91431.0,999999.0,999999.0,103000.0
1421,MBUTPU,MOHAN BABU UNIVERSITY,PU,CHITTOOR,RANGAMPETA,COED,MBUTPU,MEC,53182.0,53182.0,175298.0,175298.0,120691.0,120691.0,172269.0,172269.0,86598.0,86598.0,53182.0,99269.0,148140.0,148140.0,53182.0,150788.0,999999.0,999999.0,103000.0
1422,SPMUSF,SCHOOL OF ENGG. TECH. SPMVV - SELF FINANCE,SF,CHITTOOR,TIRUPATHI,GIRLS,SPMU,CSE,49591.0,49591.0,73640.0,73640.0,165529.0,165529.0,59291.0,59291.0,49591.0,49591.0,999999.0,999999.0,63862.0,63862.0,56326.0,56326.0,32894.0,32894.0,45000.0
1423,SPMUSF,SCHOOL OF ENGG. TECH. SPMVV - SELF FINANCE,SF,CHITTOOR,TIRUPATHI,GIRLS,SPMU,CSE,17427.0,17427.0,52508.0,52508.0,70416.0,70416.0,22492.0,22492.0,30397.0,30397.0,999999.0,999999.0,32493.0,32493.0,45657.0,45657.0,49767.0,49767.0,45000.0
1424,SPMUSF,SCHOOL OF ENGG. TECH. SPMVV - SELF FINANCE,SF,CHITTOOR,TIRUPATHI,GIRLS,SPMU,ECE,51811.0,51811.0,104611.0,104611.0,69685.0,69685.0,72180.0,72180.0,96132.0,96132.0,127014.0,127014.0,65414.0,65414.0,120466.0,120466.0,70896.0,70896.0,45000.0
1425,SPMUSF,SCHOOL OF ENGG. TECH. SPMVV - SELF FINANCE,SF,CHITTOOR,TIRUPATHI,GIRLS,SPMU,ECE,36108.0,36108.0,63717.0,63717.0,51813.0,51813.0,46035.0,46035.0,53964.0,53964.0,39235.0,39235.0,56229.0,56229.0,85539.0,85539.0,51186.0,51186.0,45000.0
1426,SPMUSF,SCHOOL OF ENGG. TECH. SPMVV - SELF FINANCE,SF,CHITTOOR,TIRUPATHI,GIRLS,SPMU,EEE,79869.0,79869.0,118334.0,118334.0,146366.0,146366.0,135648.0,135648.0,157412.0,157412.0,999999.0,999999.0,104084.0,104084.0,152126.0,152126.0,95799.0,95799.0,45000.0
1427,SPMUSF,SCHOOL OF ENGG. TECH. SPMVV - SELF FINANCE,SF,CHITTOOR,TIRUPATHI,GIRLS,SPMU,EEE,83525.0,83525.0,101996.0,101996.0,141391.0,141391.0,115745.0,115745.0,107549.0,107549.0,91226.0,91226.0,119881.0,119881.0,83525.0,83525.0,77414.0,77414.0,45000.0
1428,SPMUSF,SCHOOL OF ENGG. TECH. SPMVV - SELF FINANCE,SF,CHITTOOR,TIRUPATHI,GIRLS,SPMU,MEC,152860.0,152860.0,152860.0,152860.0,164011.0,164011.0,152860.0,152860.0,152860.0,152860.0,999999.0,999999.0,152860.0,152860.0,152860.0,152860.0,999999.0,999999.0,45000.0
1429,SPMUSF,SCHOOL OF ENGG. TECH. SPMVV - SELF FINANCE,SF,CHITTOOR,TIRUPATHI,GIRLS,SPMU,MEC,123869.0,123869.0,172421.0,172421.0,123869.0,123869.0,123869.0,123869.0,123869.0,123869.0,999999.0,999999.0,123869.0,123869.0,123869.0,123869.0,999999.0,999999.0,45000.0
1430,ADTPPU,ADITYA UNIVERSITY,PU,EAST GODAVARI,SURAMPALEM,COED,ADTPPU,AGR,130564.0,130564.0,165388.0,165388.0,140508.0,169762.0,139359.0,140577.0,130564.0,130564.0,130564.0,130564.0,147857.0,147857.0,160847.0,160847.0,999999.0,999999.0,60000.0
1431,ADTPPU,ADITYA UNIVERSITY,PU,EAST GODAVARI,SURAMPALEM,COED,ADTPPU,AGR,136960.0,136960.0,136960.0,136960.0,136960.0,136960.0,136960.0,136960.0,136960.0,136960.0,136960.0,136960.0,136960.0,150284.0,136960.0,136960.0,999999.0,999999.0,60000.0
1432,ADTPPU,ADITYA UNIVERSITY,PU,EAST GODAVARI,SURAMPALEM,COED,ADTPPU,AIM,16111.0,16111.0,83681.0,95026.0,155205.0,155205.0,33497.0,33497.0,27689.0,27960.0,38142.0,46687.0,22754.0,25163.0,49442.0,49442.0,999999.0,999999.0,60000.0
1433,ADTPPU,ADITYA UNIVERSITY,PU,EAST GODAVARI,SURAMPALEM,COED,ADTPPU,AIM,30690.0,38807.0,172676.0,172676.0,101494.0,103701.0,79126.0,140662.0,98695.0,98695.0,127164.0,127164.0,124997.0,124997.0,130966.0,130966.0,999999.0,999999.0,60000.0
1434,ADTPPU,ADITYA UNIVERSITY,PU,EAST GODAVARI,SURAMPALEM,COED,ADTPPU,CIV,60483.0,60483.0,158952.0,158952.0,121617.0,163994.0,85522.0,112070.0,99520.0,99520.0,60483.0,60483.0,90802.0,90802.0,60483.0,93093.0,999999.0,999999.0,60000.0
1435,ADTPPU,ADITYA UNIVERSITY,PU,EAST GODAVARI,SURAMPALEM,COED,ADTPPU,CIV,168107.0,168107.0,170339.0,175437.0,168107.0,168107.0,168107.0,168107.0,168107.0,168107.0,168107.0,168107.0,168107.0,168107.0,168107.0,168107.0,999999.0,999999.0,60000.0
1436,ADTPPU,ADITYA UNIVERSITY,PU,EAST GODAVARI,SURAMPALEM,COED,ADTPPU,CSD,15932.0,15932.0,80829.0,80829.0,165461.0,165461.0,32005.0,36952.0,23407.0,23407.0,15932.0,60880.0,20606.0,21071.0,29386.0,44025.0,999999.0,999999.0,60000.0
1437,ADTPPU,ADITYA UNIVERSITY,PU,EAST GODAVARI,SURAMPALEM,COED,ADTPPU,CSD,23835.0,55414.0,138347.0,138347.0,105857.0,105857.0,66969.0,85391.0,90491.0,90491.0,23835.0,55414.0,91410.0,116006.0,99435.0,99435.0,999999.0,999999.0,60000.0
1438,ADTPPU,ADITYA UNIVERSITY,PU,EAST GODAVARI,SURAMPALEM,COED,ADTPPU,CSE,10116.0,10116.0,46756.0,46756.0,116197.0,177603.0,18866.0,20367.0,16822.0,16822.0,15480.0,25954.0,14763.0,17338.0,26902.0,34779.0,999999.0,999999.0,60000.0
1439,ADTPPU,ADITYA UNIVERSITY,PU,EAST GODAVARI,SURAMPALEM,COED,ADTPPU,CSE,18788.0,21657.0,106655.0,140908.0,168559.0,168559.0,54927.0,67282.0,65725.0,65725.0,34687.0,34687.0,40268.0,52860.0,69763.0,119704.0,999999.0,999999.0,60000.0
1440,ADTPPU,ADITYA UNIVERSITY,PU,EAST GODAVARI,SURAMPALEM,COED,ADTPPU,ECE,19417.0,19417.0,84889.0,99554.0,150181.0,150181.0,41792.0,43475.0,33508.0,34574.0,53620.0,53620.0,24757.0,27057.0,87290.0,125679.0,999999.0,999999.0,60000.0
1441,ADTPPU,ADITYA UNIVERSITY,PU,EAST GODAVARI,SURAMPALEM,COED,ADTPPU,ECE,46638.0,76748.0,167692.0,167692.0,164295.0,164295.0,120181.0,120181.0,157104.0,157104.0,46638.0,76748.0,119658.0,167080.0,91262.0,91262.0,999999.0,999999.0,60000.0
1442,ADTPPU,ADITYA UNIVERSITY,PU,EAST GODAVARI,SURAMPALEM,COED,ADTPPU,EEE,30175.0,30175.0,112750.0,144203.0,92946.0,92946.0,30175.0,36172.0,56055.0,174766.0,30175.0,42841.0,48125.0,48125.0,79278.0,79278.0,999999.0,999999.0,60000.0
1443,ADTPPU,ADITYA UNIVERSITY,PU,EAST GODAVARI,SURAMPALEM,COED,ADTPPU,EEE,95244.0,95244.0,146576.0,162642.0,132206.0,132206.0,95244.0,95244.0,95244.0,95244.0,95244.0,95244.0,95244.0,95244.0,95244.0,95244.0,999999.0,999999.0,60000.0
1444,ADTPPU,ADITYA UNIVERSITY,PU,EAST GODAVARI,SURAMPALEM,COED,ADTPPU,INF,17905.0,17905.0,104171.0,104171.0,135495.0,135495.0,44543.0,44543.0,31084.0,31084.0,17905.0,17905.0,23319.0,23319.0,29226.0,39766.0,999999.0,999999.0,60000.0
1445,ADTPPU,ADITYA UNIVERSITY,PU,EAST GODAVARI,SURAMPALEM,COED,ADTPPU,INF,49518.0,49518.0,102104.0,158898.0,103374.0,103374.0,159297.0,159297.0,132129.0,132129.0,87626.0,87626.0,56107.0,95628.0,49518.0,49518.0,999999.0,999999.0,60000.0
1446,ADTPPU,ADITYA UNIVERSITY,PU,EAST GODAVARI,SURAMPALEM,COED,ADTPPU,MEC,43067.0,150098.0,94904.0,150098.0,118264.0,156814.0,100751.0,168475.0,78192.0,150098.0,43067.0,150098.0,69194.0,150098.0,167180.0,167180.0,999999.0,999999.0,60000.0
1447,ADTPPU,ADITYA UNIVERSITY,PU,EAST GODAVARI,SURAMPALEM,COED,ADTPPU,MEC,24119.0,150098.0,148965.0,153792.0,135941.0,150098.0,50773.0,150098.0,77347.0,150098.0,24119.0,150098.0,172340.0,172340.0,47040.0,150098.0,999999.0,999999.0,60000.0
1448,ADTPPU,ADITYA UNIVERSITY,PU,EAST GODAVARI,SURAMPALEM,COED,ADTPPU,MIN,69110.0,69110.0,70622.0,159494.0,147050.0,165094.0,127898.0,127898.0,86342.0,86342.0,69110.0,69110.0,166077.0,174900.0,69110.0,69110.0,999999.0,999999.0,60000.0
1449,ADTPPU,ADITYA UNIVERSITY,PU,EAST GODAVARI,SURAMPALEM,COED,ADTPPU,MIN,137760.0,176953.0,162611.0,176953.0,137760.0,176953.0,137760.0,176953.0,137820.0,176953.0,137760.0,176953.0,137760.0,176953.0,137760.0,176953.0,999999.0,999999.0,60000.0
1450,ADTPPU,ADITYA UNIVERSITY,PU,EAST GODAVARI,SURAMPALEM,COED,ADTPPU,PET,69156.0,69156.0,163817.0,163817.0,69156.0,77902.0,141828.0,141828.0,161428.0,161428.0,131249.0,131249.0,150812.0,150812.0,69156.0,69156.0,999999.0,999999.0,60000.0
1451,ADTPPU,ADITYA UNIVERSITY,PU,EAST GODAVARI,SURAMPALEM,COED,ADTPPU,PET,49370.0,49370.0,175582.0,175582.0,49370.0,49370.0,141828.0,141828.0,156689.0,156689.0,49370.0,49370.0,110234.0,110234.0,49370.0,49370.0,999999.0,999999.0,60000.0
1452,GGURPU,GODAVARI GLOBAL UNIVERSITY,PU,EAST GODAVARI,RAJAHMUNDRY,COED,GGURPU,AGR,142598.0,142598.0,157016.0,159157.0,166735.0,166735.0,142598.0,142598.0,176367.0,176367.0,142598.0,142598.0,150359.0,150359.0,145026.0,145026.0,999999.0,999999.0,60000.0
1453,GGURPU,GODAVARI GLOBAL UNIVERSITY,PU,EAST GODAVARI,RAJAHMUNDRY,COED,GGURPU,AGR,142598.0,142598.0,174975.0,174975.0,142598.0,142598.0,142598.0,142598.0,142598.0,142598.0,142598.0,142598.0,150359.0,150359.0,142598.0,142598.0,999999.0,999999.0,60000.0
1454,GGURPU,GODAVARI GLOBAL UNIVERSITY,PU,EAST GODAVARI,RAJAHMUNDRY,COED,GGURPU,AUT,102546.0,123450.0,146967.0,146967.0,102546.0,123450.0,162613.0,162613.0,175022.0,175022.0,102546.0,123450.0,169259.0,175420.0,102546.0,166183.0,999999.0,999999.0,60000.0
1455,GGURPU,GODAVARI GLOBAL UNIVERSITY,PU,EAST GODAVARI,RAJAHMUNDRY,COED,GGURPU,AUT,128524.0,150292.0,128524.0,150292.0,128524.0,150292.0,128524.0,150292.0,162610.0,162610.0,128524.0,150292.0,128524.0,150292.0,128524.0,150292.0,999999.0,999999.0,60000.0
1456,GGURPU,GODAVARI GLOBAL UNIVERSITY,PU,EAST GODAVARI,RAJAHMUNDRY,COED,GGURPU,CIV,78161.0,102972.0,173179.0,177629.0,126724.0,177579.0,147614.0,156559.0,144719.0,173735.0,78161.0,102972.0,139030.0,139030.0,78161.0,172377.0,999999.0,999999.0,60000.0
1457,GGURPU,GODAVARI GLOBAL UNIVERSITY,PU,EAST GODAVARI,RAJAHMUNDRY,COED,GGURPU,CIV,84258.0,84258.0,133973.0,165567.0,84258.0,84258.0,142152.0,142152.0,91835.0,146115.0,84258.0,95928.0,122984.0,149301.0,112847.0,172377.0,999999.0,999999.0,60000.0
1458,GGURPU,GODAVARI GLOBAL UNIVERSITY,PU,EAST GODAVARI,RAJAHMUNDRY,COED,GGURPU,CSC,41476.0,41476.0,133027.0,148213.0,130588.0,162402.0,80013.0,86230.0,82741.0,82741.0,48806.0,48806.0,53440.0,68629.0,41476.0,140320.0,999999.0,999999.0,60000.0
1459,GGURPU,GODAVARI GLOBAL UNIVERSITY,PU,EAST GODAVARI,RAJAHMUNDRY,COED,GGURPU,CSC,98778.0,98778.0,161300.0,161300.0,161303.0,161303.0,98778.0,98778.0,98778.0,109576.0,98778.0,98778.0,147820.0,170784.0,98778.0,98778.0,999999.0,999999.0,60000.0
1460,GGURPU,GODAVARI GLOBAL UNIVERSITY,PU,EAST GODAVARI,RAJAHMUNDRY,COED,GGURPU,CSD,47598.0,47598.0,164452.0,173406.0,165545.0,165545.0,80497.0,151825.0,96770.0,96770.0,47598.0,47598.0,66854.0,68815.0,113332.0,132846.0,999999.0,999999.0,60000.0
1461,GGURPU,GODAVARI GLOBAL UNIVERSITY,PU,EAST GODAVARI,RAJAHMUNDRY,COED,GGURPU,CSD,94895.0,94895.0,177638.0,177638.0,94895.0,94895.0,131260.0,135449.0,97189.0,163045.0,103264.0,103264.0,94895.0,94895.0,115466.0,115466.0,999999.0,999999.0,60000.0
1462,GGURPU,GODAVARI GLOBAL UNIVERSITY,PU,EAST GODAVARI,RAJAHMUNDRY,COED,GGURPU,CSE,42076.0,42076.0,132487.0,177402.0,177701.0,177701.0,73032.0,84432.0,73479.0,74011.0,171978.0,171978.0,53846.0,57863.0,142766.0,142766.0,999999.0,999999.0,60000.0
1463,GGURPU,GODAVARI GLOBAL UNIVERSITY,PU,EAST GODAVARI,RAJAHMUNDRY,COED,GGURPU,CSE,107470.0,175016.0,176534.0,176534.0,157259.0,175016.0,168273.0,175016.0,163842.0,175016.0,107470.0,175016.0,171530.0,175016.0,120568.0,175016.0,999999.0,999999.0,60000.0
1464,GGURPU,GODAVARI GLOBAL UNIVERSITY,PU,EAST GODAVARI,RAJAHMUNDRY,COED,GGURPU,CSM,41799.0,43389.0,165042.0,167938.0,161539.0,177466.0,99029.0,116241.0,93731.0,94911.0,41989.0,43389.0,58824.0,67948.0,113403.0,130167.0,999999.0,999999.0,60000.0
1465,GGURPU,GODAVARI GLOBAL UNIVERSITY,PU,EAST GODAVARI,RAJAHMUNDRY,COED,GGURPU,CSM,147532.0,152067.0,174921.0,174921.0,176666.0,176666.0,150638.0,152067.0,147532.0,152067.0,147532.0,152067.0,147532.0,152067.0,147532.0,152067.0,999999.0,999999.0,60000.0
1466,GGURPU,GODAVARI GLOBAL UNIVERSITY,PU,EAST GODAVARI,RAJAHMUNDRY,COED,GGURPU,ECE,47993.0,47993.0,170764.0,170764.0,156391.0,156391.0,89529.0,136282.0,84569.0,94271.0,47993.0,139998.0,66793.0,66793.0,125809.0,128397.0,999999.0,999999.0,60000.0
1467,GGURPU,GODAVARI GLOBAL UNIVERSITY,PU,EAST GODAVARI,RAJAHMUNDRY,COED,GGURPU,ECE,54201.0,54201.0,177705.0,177705.0,173346.0,177620.0,60862.0,97813.0,87772.0,95912.0,103905.0,103905.0,61369.0,61369.0,140743.0,140743.0,999999.0,999999.0,60000.0
1468,GGURPU,GODAVARI GLOBAL UNIVERSITY,PU,EAST GODAVARI,RAJAHMUNDRY,COED,GGURPU,EEE,80395.0,104154.0,139345.0,167507.0,112846.0,176835.0,170126.0,170126.0,134937.0,152970.0,95394.0,104154.0,119211.0,170918.0,162957.0,166886.0,999999.0,999999.0,60000.0
1469,GGURPU,GODAVARI GLOBAL UNIVERSITY,PU,EAST GODAVARI,RAJAHMUNDRY,COED,GGURPU,EEE,83892.0,127274.0,125630.0,127274.0,127230.0,139637.0,102643.0,140898.0,130427.0,158499.0,95394.0,127274.0,118091.0,127274.0,103969.0,127274.0,999999.0,999999.0,60000.0
1470,GGURPU,GODAVARI GLOBAL UNIVERSITY,PU,EAST GODAVARI,RAJAHMUNDRY,COED,GGURPU,MEC,95829.0,95829.0,162201.0,162606.0,157655.0,157655.0,144436.0,144436.0,123761.0,123761.0,95829.0,95829.0,138991.0,142493.0,156098.0,156098.0,999999.0,999999.0,60000.0
1471,GGURPU,GODAVARI GLOBAL UNIVERSITY,PU,EAST GODAVARI,RAJAHMUNDRY,COED,GGURPU,MEC,82974.0,101724.0,131218.0,156523.0,82974.0,101724.0,133385.0,133385.0,138384.0,138384.0,82974.0,101724.0,133684.0,133684.0,134265.0,134265.0,999999.0,999999.0,60000.0
1472,GGURPU,GODAVARI GLOBAL UNIVERSITY,PU,EAST GODAVARI,RAJAHMUNDRY,COED,GGURPU,MIN,145841.0,145841.0,152304.0,152304.0,145841.0,145841.0,160917.0,160917.0,145841.0,145841.0,145841.0,145841.0,145841.0,145841.0,145841.0,145841.0,999999.0,999999.0,60000.0
1473,GGURPU,GODAVARI GLOBAL UNIVERSITY,PU,EAST GODAVARI,RAJAHMUNDRY,COED,GGURPU,MIN,171507.0,171507.0,171507.0,171507.0,171507.0,171507.0,171507.0,171507.0,171507.0,171507.0,171507.0,171507.0,171507.0,171507.0,171507.0,171507.0,999999.0,999999.0,60000.0
1474,CABP,DR. N T R COLLEGE OF AGRICULTURAL ENGINEERING,UNIV,GUNTUR,BAPATLA,COED,ANGRAU,AGR,108243.0,108243.0,170526.0,170526.0,108243.0,154102.0,133248.0,133248.0,130147.0,130147.0,148197.0,148197.0,108243.0,108243.0,146538.0,146538.0,177081.0,149372.0,10000.0
1475,CFSB,DR. N T R COLLEGE OF FOOD SCIENCE AND TECHNOLOGY,UNIV,GUNTUR,BAPATLA,COED,ANGRAU,FDT,142954.0,142954.0,163762.0,163762.0,142954.0,142954.0,177724.0,177724.0,142954.0,142954.0,142954.0,142954.0,142954.0,169712.0,142954.0,142954.0,121267.0,121267.0,10000.0
1476,SRMUPU,S R M UNIVERSITY AP,PU,GUNTUR,AMARAVATHI,COED,SRMUPU,CIV,8224.0,8224.0,8224.0,8224.0,8224.0,8224.0,8224.0,11404.0,24182.0,24182.0,8224.0,8224.0,19241.0,19241.0,8224.0,29984.0,999999.0,999999.0,102000.0
1477,SRMUPU,S R M UNIVERSITY AP,PU,GUNTUR,AMARAVATHI,COED,SRMUPU,CIV,21726.0,21726.0,21726.0,21726.0,21726.0,21726.0,21726.0,21726.0,21726.0,21726.0,21726.0,21726.0,21726.0,21726.0,21726.0,21726.0,999999.0,999999.0,102000.0
1478,SRMUPU,S R M UNIVERSITY AP,PU,GUNTUR,AMARAVATHI,COED,SRMUPU,CSE,3822.0,4190.0,18658.0,20700.0,38943.0,52693.0,6064.0,8785.0,5915.0,7189.0,15983.0,15983.0,5328.0,5328.0,6628.0,11013.0,999999.0,999999.0,102000.0
1479,SRMUPU,S R M UNIVERSITY AP,PU,GUNTUR,AMARAVATHI,COED,SRMUPU,CSE,7232.0,7898.0,29424.0,73006.0,56989.0,56989.0,8741.0,11569.0,8343.0,12810.0,25057.0,25057.0,9046.0,9046.0,8477.0,28211.0,999999.0,999999.0,102000.0
1480,SRMUPU,S R M UNIVERSITY AP,PU,GUNTUR,AMARAVATHI,COED,SRMUPU,ECE,3032.0,5439.0,15773.0,15773.0,19306.0,19306.0,6696.0,8277.0,3032.0,8357.0,24209.0,24209.0,4647.0,6674.0,3032.0,5439.0,999999.0,999999.0,102000.0
1481,SRMUPU,S R M UNIVERSITY AP,PU,GUNTUR,AMARAVATHI,COED,SRMUPU,ECE,6650.0,8975.0,23908.0,32179.0,52047.0,52047.0,6650.0,8975.0,6650.0,8975.0,24209.0,24209.0,6650.0,8975.0,8964.0,8975.0,999999.0,999999.0,102000.0
1482,SRMUPU,S R M UNIVERSITY AP,PU,GUNTUR,AMARAVATHI,COED,SRMUPU,EEE,5068.0,5068.0,26442.0,26442.0,5068.0,5068.0,5068.0,17366.0,14569.0,14569.0,5068.0,5068.0,9032.0,15709.0,5068.0,5068.0,999999.0,999999.0,102000.0
1483,SRMUPU,S R M UNIVERSITY AP,PU,GUNTUR,AMARAVATHI,COED,SRMUPU,EEE,8083.0,8083.0,8083.0,8083.0,8083.0,8083.0,8083.0,8083.0,8083.0,8083.0,8083.0,8083.0,9032.0,9032.0,8083.0,8083.0,999999.0,999999.0,102000.0
1484,SRMUPU,S R M UNIVERSITY AP,PU,GUNTUR,AMARAVATHI,COED,SRMUPU,MEC,5825.0,5825.0,28255.0,28255.0,5825.0,74646.0,30821.0,30821.0,7804.0,7804.0,5825.0,5825.0,5825.0,31313.0,5825.0,5825.0,999999.0,999999.0,102000.0
1485,SRMUPU,S R M UNIVERSITY AP,PU,GUNTUR,AMARAVATHI,COED,SRMUPU,MEC,5094.0,14110.0,28255.0,28255.0,5094.0,14110.0,5094.0,14110.0,16357.0,16357.0,5094.0,14110.0,5094.0,14110.0,5094.0,14110.0,999999.0,999999.0,102000.0
1486,VITAPU,VIT-AP UNIVERSITY,PU,GUNTUR,AMARAVATHI,COED,VITAPU,CBC,3958.0,4239.0,25780.0,25780.0,50534.0,50534.0,7978.0,7978.0,3958.0,8280.0,3958.0,4239.0,5022.0,5022.0,3958.0,4239.0,999999.0,999999.0,103000.0
1487,VITAPU,VIT-AP UNIVERSITY,PU,GUNTUR,AMARAVATHI,COED,VITAPU,CBC,5922.0,7464.0,5922.0,31655.0,5922.0,7464.0,13549.0,13549.0,7896.0,7896.0,5922.0,7464.0,5922.0,7464.0,11001.0,11001.0,999999.0,999999.0,103000.0
1488,VITAPU,VIT-AP UNIVERSITY,PU,GUNTUR,AMARAVATHI,COED,VITAPU,CDA,3498.0,3676.0,21331.0,21842.0,49130.0,49130.0,8731.0,8731.0,6698.0,7309.0,3498.0,3676.0,4356.0,5623.0,9202.0,10152.0,999999.0,999999.0,103000.0
1489,VITAPU,VIT-AP UNIVERSITY,PU,GUNTUR,AMARAVATHI,COED,VITAPU,CDA,5498.0,7230.0,27841.0,29590.0,42997.0,42997.0,10317.0,14515.0,6549.0,7230.0,5498.0,7230.0,10199.0,10199.0,15828.0,15828.0,999999.0,999999.0,103000.0
1490,VITAPU,VIT-AP UNIVERSITY,PU,GUNTUR,AMARAVATHI,COED,VITAPU,CSB,4716.0,5799.0,27402.0,29046.0,62736.0,62736.0,8171.0,9759.0,7356.0,7406.0,4716.0,5799.0,6403.0,6527.0,12380.0,12380.0,999999.0,999999.0,103000.0
1491,VITAPU,VIT-AP UNIVERSITY,PU,GUNTUR,AMARAVATHI,COED,VITAPU,CSB,8452.0,9310.0,41221.0,41221.0,54942.0,82533.0,10416.0,20806.0,11341.0,11341.0,26087.0,26087.0,8452.0,9310.0,15732.0,20485.0,999999.0,999999.0,103000.0
1492,VITAPU,VIT-AP UNIVERSITY,PU,GUNTUR,AMARAVATHI,COED,VITAPU,CSC,3898.0,3898.0,22628.0,22628.0,49805.0,60200.0,7110.0,7110.0,5864.0,6556.0,3898.0,3898.0,4118.0,6041.0,8765.0,8765.0,999999.0,999999.0,103000.0
1493,VITAPU,VIT-AP UNIVERSITY,PU,GUNTUR,AMARAVATHI,COED,VITAPU,CSC,6973.0,6973.0,22750.0,25387.0,6973.0,6973.0,7952.0,7952.0,8190.0,8190.0,6973.0,6973.0,8410.0,10493.0,6973.0,17703.0,999999.0,999999.0,103000.0
1494,VITAPU,VIT-AP UNIVERSITY,PU,GUNTUR,AMARAVATHI,COED,VITAPU,CSE,3418.0,3678.0,18074.0,18074.0,32694.0,32694.0,4255.0,4359.0,5538.0,5538.0,7131.0,7857.0,3418.0,3678.0,7265.0,7265.0,999999.0,999999.0,103000.0
1495,VITAPU,VIT-AP UNIVERSITY,PU,GUNTUR,AMARAVATHI,COED,VITAPU,CSE,6750.0,6750.0,23509.0,26315.0,36832.0,37265.0,6750.0,6750.0,7231.0,7231.0,18655.0,18655.0,6750.0,6834.0,6750.0,7508.0,999999.0,999999.0,103000.0
1496,VITAPU,VIT-AP UNIVERSITY,PU,GUNTUR,AMARAVATHI,COED,VITAPU,CSM,3759.0,3759.0,19604.0,20398.0,47925.0,56619.0,7704.0,7706.0,6319.0,8934.0,7046.0,7046.0,4138.0,4646.0,8531.0,8531.0,999999.0,999999.0,103000.0
1497,VITAPU,VIT-AP UNIVERSITY,PU,GUNTUR,AMARAVATHI,COED,VITAPU,CSM,6579.0,7220.0,27915.0,27915.0,38313.0,38313.0,9188.0,9939.0,7561.0,7561.0,6579.0,20453.0,8590.0,8834.0,7225.0,7225.0,999999.0,999999.0,103000.0
1498,VITAPU,VIT-AP UNIVERSITY,PU,GUNTUR,AMARAVATHI,COED,VITAPU,CSW,4013.0,4213.0,22042.0,22042.0,64041.0,64041.0,9084.0,9084.0,6856.0,6856.0,4013.0,4213.0,4443.0,4443.0,12449.0,12449.0,999999.0,999999.0,103000.0
1499,VITAPU,VIT-AP UNIVERSITY,PU,GUNTUR,AMARAVATHI,COED,VITAPU,CSW,7291.0,8972.0,37532.0,37532.0,7291.0,60391.0,7291.0,8972.0,8317.0,8972.0,7291.0,8972.0,7291.0,8972.0,11075.0,11075.0,999999.0,999999.0,103000.0
1500,VITAPU,VIT-AP UNIVERSITY,PU,GUNTUR,AMARAVATHI,COED,VITAPU,ECE,4524.0,4524.0,24517.0,24517.0,14690.0,14690.0,4524.0,4524.0,6881.0,6881.0,4524.0,4524.0,4524.0,5121.0,4524.0,11014.0,999999.0,999999.0,103000.0
1501,VITAPU,VIT-AP UNIVERSITY,PU,GUNTUR,AMARAVATHI,COED,VITAPU,ECE,3413.0,5852.0,9593.0,24244.0,28285.0,28285.0,6346.0,6346.0,4879.0,8386.0,3413.0,5852.0,6909.0,6909.0,3413.0,5852.0,999999.0,999999.0,103000.0
1502,VITAPU,VIT-AP UNIVERSITY,PU,GUNTUR,AMARAVATHI,COED,VITAPU,ECES,3628.0,3628.0,3628.0,3628.0,3628.0,140550.0,3628.0,11828.0,3628.0,3628.0,3628.0,3628.0,3628.0,3628.0,15148.0,15148.0,999999.0,999999.0,103000.0
1503,VITAPU,VIT-AP UNIVERSITY,PU,GUNTUR,AMARAVATHI,COED,VITAPU,ECES,6545.0,9073.0,6545.0,9073.0,6545.0,9073.0,6545.0,9073.0,6545.0,9073.0,6545.0,9073.0,11674.0,11674.0,15148.0,15148.0,999999.0,999999.0,103000.0
1504,VITAPU,VIT-AP UNIVERSITY,PU,GUNTUR,AMARAVATHI,COED,VITAPU,ECV,4491.0,4792.0,15956.0,27052.0,51507.0,51507.0,6279.0,6279.0,8560.0,8560.0,4491.0,4792.0,6521.0,7866.0,10625.0,10625.0,999999.0,999999.0,103000.0
1505,VITAPU,VIT-AP UNIVERSITY,PU,GUNTUR,AMARAVATHI,COED,VITAPU,ECV,6863.0,6863.0,30450.0,30450.0,6863.0,112699.0,12865.0,12865.0,6863.0,19321.0,6863.0,6863.0,12255.0,13058.0,6863.0,6863.0,999999.0,999999.0,103000.0
1506,VITAPU,VIT-AP UNIVERSITY,PU,GUNTUR,AMARAVATHI,COED,VITAPU,MAD,8471.0,12061.0,49618.0,49618.0,8471.0,12061.0,8471.0,32227.0,12938.0,12938.0,8471.0,12061.0,8471.0,12061.0,8471.0,12061.0,999999.0,999999.0,103000.0
1507,VITAPU,VIT-AP UNIVERSITY,PU,GUNTUR,AMARAVATHI,COED,VITAPU,MAD,6152.0,6152.0,49618.0,56761.0,6152.0,6152.0,19674.0,19674.0,6152.0,6152.0,6152.0,6152.0,24995.0,24995.0,6152.0,6152.0,999999.0,999999.0,103000.0
1508,VITAPU,VIT-AP UNIVERSITY,PU,GUNTUR,AMARAVATHI,COED,VITAPU,MEC,7913.0,10927.0,82172.0,82172.0,45419.0,45419.0,7913.0,10927.0,21026.0,24527.0,12076.0,87653.0,7913.0,23299.0,7913.0,10927.0,999999.0,999999.0,103000.0
1509,VITAPU,VIT-AP UNIVERSITY,PU,GUNTUR,AMARAVATHI,COED,VITAPU,MEC,11990.0,36536.0,128706.0,128706.0,136819.0,136819.0,11990.0,72279.0,19832.0,36536.0,11990.0,87653.0,30501.0,36536.0,11990.0,36536.0,999999.0,999999.0,103000.0
1510,VITAPU,VIT-AP UNIVERSITY,PU,GUNTUR,AMARAVATHI,COED,VITAPU,MRB,7531.0,9802.0,32771.0,44410.0,177093.0,177093.0,7531.0,9802.0,7531.0,9802.0,7531.0,9802.0,7531.0,9802.0,18721.0,18721.0,999999.0,999999.0,103000.0
1511,VITAPU,VIT-AP UNIVERSITY,PU,GUNTUR,AMARAVATHI,COED,VITAPU,MRB,17858.0,23195.0,123402.0,123402.0,17858.0,23195.0,17858.0,23195.0,17858.0,23195.0,17858.0,23195.0,17858.0,23195.0,18721.0,23195.0,999999.0,999999.0,103000.0
1512,VITAPUMT,VIT-AP UNIVERSITY-5 YEAR INTEGRATED MTECH,PU,GUNTUR,AMARAVATHI,COED,VITAPU,CSE,5604.0,5986.0,28368.0,32209.0,55697.0,55697.0,15233.0,15233.0,8740.0,10155.0,5604.0,26810.0,7326.0,7326.0,12348.0,22108.0,999999.0,999999.0,103000.0
1513,VITAPUMT,VIT-AP UNIVERSITY-5 YEAR INTEGRATED MTECH,PU,GUNTUR,AMARAVATHI,COED,VITAPU,CSE,9803.0,9803.0,25618.0,38405.0,29043.0,72467.0,10074.0,16983.0,9803.0,19235.0,9803.0,9803.0,18447.0,18447.0,15035.0,16078.0,999999.0,999999.0,103000.0
1514,VITAPUMT,VIT-AP UNIVERSITY-5 YEAR INTEGRATED MTECH,PU,GUNTUR,AMARAVATHI,COED,VITAPU,SWE,10547.0,10547.0,57911.0,57911.0,109152.0,115039.0,30278.0,30278.0,19065.0,22195.0,32364.0,32364.0,13343.0,13343.0,15581.0,62221.0,999999.0,999999.0,103000.0
1515,VITAPUMT,VIT-AP UNIVERSITY-5 YEAR INTEGRATED MTECH,PU,GUNTUR,AMARAVATHI,COED,VITAPU,SWE,14100.0,14100.0,81668.0,88195.0,131413.0,131413.0,15204.0,46554.0,16547.0,89931.0,14100.0,14100.0,25656.0,25656.0,20810.0,30540.0,999999.0,999999.0,103000.0
1516,AITSPU,ANNAMACHARYA UNIVERSITY,PU,KADAPA,RAJAMPETA,COED,AITSPU,AID,73127.0,145769.0,162797.0,162797.0,143839.0,155845.0,108630.0,145769.0,152536.0,171348.0,73127.0,145769.0,171598.0,171598.0,81442.0,176631.0,999999.0,999999.0,60000.0
1517,AITSPU,ANNAMACHARYA UNIVERSITY,PU,KADAPA,RAJAMPETA,COED,AITSPU,AID,40939.0,40939.0,120277.0,120277.0,135812.0,159917.0,60377.0,60377.0,72601.0,72601.0,40939.0,67665.0,94680.0,94680.0,71624.0,71624.0,999999.0,999999.0,60000.0
1518,AITSPU,ANNAMACHARYA UNIVERSITY,PU,KADAPA,RAJAMPETA,COED,AITSPU,AIM,117313.0,128737.0,177740.0,177740.0,154192.0,160298.0,166359.0,166359.0,136036.0,136036.0,117313.0,128737.0,148555.0,148555.0,117313.0,128737.0,999999.0,999999.0,60000.0
1519,AITSPU,ANNAMACHARYA UNIVERSITY,PU,KADAPA,RAJAMPETA,COED,AITSPU,AIM,39362.0,39362.0,159137.0,159137.0,168986.0,168986.0,71623.0,91312.0,71028.0,104246.0,60169.0,60169.0,60985.0,60985.0,58366.0,76341.0,999999.0,999999.0,60000.0
1520,AITSPU,ANNAMACHARYA UNIVERSITY,PU,KADAPA,RAJAMPETA,COED,AITSPU,CAI,99304.0,99304.0,177542.0,177542.0,99304.0,133986.0,99304.0,99304.0,99304.0,99304.0,99304.0,99304.0,99304.0,99304.0,120143.0,120143.0,999999.0,999999.0,60000.0
1521,AITSPU,ANNAMACHARYA UNIVERSITY,PU,KADAPA,RAJAMPETA,COED,AITSPU,CAI,39181.0,39181.0,142184.0,162317.0,133219.0,133219.0,66591.0,66591.0,72240.0,72240.0,39181.0,39181.0,78109.0,78109.0,62348.0,62348.0,999999.0,999999.0,60000.0
1522,AITSPU,ANNAMACHARYA UNIVERSITY,PU,KADAPA,RAJAMPETA,COED,AITSPU,CIC,132453.0,132453.0,165523.0,165523.0,132453.0,132453.0,165080.0,165080.0,132453.0,137127.0,132453.0,132453.0,132453.0,132453.0,132453.0,147367.0,999999.0,999999.0,60000.0
1523,AITSPU,ANNAMACHARYA UNIVERSITY,PU,KADAPA,RAJAMPETA,COED,AITSPU,CIC,48172.0,48172.0,54537.0,54808.0,55805.0,55805.0,95813.0,95813.0,80204.0,86423.0,48172.0,48172.0,95245.0,95245.0,105878.0,105878.0,999999.0,999999.0,60000.0
1524,AITSPU,ANNAMACHARYA UNIVERSITY,PU,KADAPA,RAJAMPETA,COED,AITSPU,CIV,176016.0,176016.0,177597.0,177597.0,176016.0,176016.0,176016.0,176016.0,176763.0,176763.0,176016.0,176016.0,176016.0,176016.0,176016.0,176016.0,999999.0,999999.0,60000.0
1525,AITSPU,ANNAMACHARYA UNIVERSITY,PU,KADAPA,RAJAMPETA,COED,AITSPU,CIV,123762.0,123762.0,156685.0,156685.0,164068.0,164068.0,148899.0,148899.0,167039.0,167039.0,152088.0,152088.0,151749.0,151749.0,123762.0,166340.0,999999.0,999999.0,60000.0
1526,AITSPU,ANNAMACHARYA UNIVERSITY,PU,KADAPA,RAJAMPETA,COED,AITSPU,CSD,82179.0,109412.0,177438.0,177438.0,160151.0,160151.0,82179.0,109412.0,168962.0,168962.0,82179.0,109412.0,161088.0,161088.0,82179.0,109412.0,999999.0,999999.0,60000.0
1527,AITSPU,ANNAMACHARYA UNIVERSITY,PU,KADAPA,RAJAMPETA,COED,AITSPU,CSD,38505.0,38505.0,154949.0,177401.0,154919.0,154919.0,75851.0,81784.0,57750.0,60056.0,38505.0,38505.0,75396.0,75396.0,63099.0,75292.0,999999.0,999999.0,60000.0
1528,AITSPU,ANNAMACHARYA UNIVERSITY,PU,KADAPA,RAJAMPETA,COED,AITSPU,CSE,76259.0,107676.0,177387.0,177387.0,163304.0,175153.0,145430.0,145430.0,144890.0,172586.0,98728.0,107676.0,161637.0,166558.0,143182.0,143182.0,999999.0,999999.0,60000.0
1529,AITSPU,ANNAMACHARYA UNIVERSITY,PU,KADAPA,RAJAMPETA,COED,AITSPU,CSE,33151.0,33151.0,118073.0,118073.0,122892.0,149945.0,38631.0,38631.0,77172.0,77172.0,33151.0,45379.0,41290.0,77515.0,48611.0,48611.0,999999.0,999999.0,60000.0
1530,AITSPU,ANNAMACHARYA UNIVERSITY,PU,KADAPA,RAJAMPETA,COED,AITSPU,CSM,63997.0,91218.0,134209.0,134209.0,125390.0,136614.0,136075.0,136075.0,113647.0,168730.0,63997.0,91218.0,125306.0,125306.0,63997.0,119468.0,999999.0,999999.0,60000.0
1531,AITSPU,ANNAMACHARYA UNIVERSITY,PU,KADAPA,RAJAMPETA,COED,AITSPU,CSM,27248.0,29598.0,143533.0,143533.0,109790.0,109790.0,33324.0,44428.0,43977.0,51746.0,39088.0,39088.0,30908.0,58948.0,27248.0,33248.0,999999.0,999999.0,60000.0
1532,AITSPU,ANNAMACHARYA UNIVERSITY,PU,KADAPA,RAJAMPETA,COED,AITSPU,ECE,65656.0,117473.0,176616.0,176616.0,148110.0,148110.0,173023.0,173023.0,102196.0,117473.0,65656.0,117473.0,92330.0,118020.0,77130.0,117473.0,999999.0,999999.0,60000.0
1533,AITSPU,ANNAMACHARYA UNIVERSITY,PU,KADAPA,RAJAMPETA,COED,AITSPU,ECE,32412.0,33652.0,122287.0,129928.0,146310.0,148381.0,50659.0,55918.0,66007.0,66007.0,32412.0,33652.0,62026.0,62026.0,72911.0,75210.0,999999.0,999999.0,60000.0
1534,AITSPU,ANNAMACHARYA UNIVERSITY,PU,KADAPA,RAJAMPETA,COED,AITSPU,EEE,45827.0,49198.0,165421.0,173862.0,177158.0,177158.0,116631.0,116631.0,120889.0,153567.0,45827.0,134177.0,151387.0,158424.0,138949.0,151442.0,999999.0,999999.0,60000.0
1535,AITSPU,ANNAMACHARYA UNIVERSITY,PU,KADAPA,RAJAMPETA,COED,AITSPU,EEE,65617.0,65617.0,144845.0,150546.0,151204.0,177234.0,110759.0,140727.0,143038.0,143038.0,65617.0,134177.0,118351.0,118351.0,131197.0,131197.0,999999.0,999999.0,60000.0
1536,AITSPU,ANNAMACHARYA UNIVERSITY,PU,KADAPA,RAJAMPETA,COED,AITSPU,MEC,173139.0,173139.0,174283.0,174283.0,173139.0,173139.0,173139.0,173139.0,173761.0,173761.0,177326.0,177326.0,175009.0,175009.0,173139.0,173139.0,999999.0,999999.0,60000.0
1537,AITSPU,ANNAMACHARYA UNIVERSITY,PU,KADAPA,RAJAMPETA,COED,AITSPU,MEC,70907.0,133655.0,163584.0,163584.0,91816.0,133655.0,115905.0,133655.0,170909.0,170909.0,70907.0,133655.0,124902.0,155123.0,111275.0,133655.0,999999.0,999999.0,60000.0
1538,CFSP,COLLEGE OF FOOD SCIENCE AND TECHNOLOGY,UNIV,KADAPA,PULIVENDULA,COED,ANGRAU,FDT,88895.0,88895.0,88895.0,88895.0,88895.0,164398.0,88895.0,88895.0,88895.0,88895.0,88895.0,88895.0,88895.0,88895.0,88895.0,88895.0,999999.0,999999.0,10000.0
1539,YSRA,DR.YSR ARCHITECTURE AND FINE ARTS UNIVERSITY,UNIV,KADAPA,KADAPA,COED,YSRA,GDT,126517.0,126517.0,126517.0,126517.0,126517.0,126517.0,126517.0,126517.0,126517.0,126517.0,126517.0,126517.0,126517.0,126517.0,126517.0,126517.0,999999.0,999999.0,37000.0
1540,YSRA,DR.YSR ARCHITECTURE AND FINE ARTS UNIVERSITY,UNIV,KADAPA,KADAPA,COED,YSRA,GDT,166705.0,166705.0,166705.0,166705.0,166705.0,166705.0,166705.0,166705.0,166705.0,166705.0,166705.0,166705.0,166705.0,166705.0,166705.0,166705.0,999999.0,999999.0,37000.0
1541,CENUPU,CENTURION UNIVERSITY OF TECHNOLOGY & MANAGEMENT,PU,VIZIANAGARAM,TEKKALI,COED,CENUPU,CIC,58524.0,58524.0,62732.0,67331.0,164307.0,164307.0,76803.0,76803.0,73905.0,86212.0,58524.0,58524.0,62291.0,65952.0,58524.0,58524.0,999999.0,999999.0,60000.0
1542,CENUPU,CENTURION UNIVERSITY OF TECHNOLOGY & MANAGEMENT,PU,VIZIANAGARAM,TEKKALI,COED,CENUPU,CIC,29096.0,29096.0,29096.0,29096.0,29096.0,29096.0,29096.0,29096.0,149422.0,149422.0,29096.0,29096.0,29096.0,67084.0,76477.0,112715.0,999999.0,999999.0,60000.0
1543,CENUPU,CENTURION UNIVERSITY OF TECHNOLOGY & MANAGEMENT,PU,VIZIANAGARAM,TEKKALI,COED,CENUPU,CN,59372.0,59372.0,69823.0,89964.0,59372.0,73707.0,85965.0,144775.0,136581.0,136581.0,59372.0,59372.0,66414.0,95183.0,59372.0,59372.0,999999.0,999999.0,60000.0
1544,CENUPU,CENTURION UNIVERSITY OF TECHNOLOGY & MANAGEMENT,PU,VIZIANAGARAM,TEKKALI,COED,CENUPU,CN,115361.0,115361.0,76889.0,115361.0,115361.0,115361.0,134154.0,134154.0,97854.0,115361.0,115361.0,115361.0,87463.0,115361.0,115361.0,115361.0,999999.0,999999.0,60000.0
1545,CENUPU,CENTURION UNIVERSITY OF TECHNOLOGY & MANAGEMENT,PU,VIZIANAGARAM,TEKKALI,COED,CENUPU,CSBS,70869.0,70869.0,104833.0,104833.0,104064.0,104064.0,70869.0,101350.0,70869.0,108453.0,70869.0,70869.0,104988.0,104988.0,94569.0,94569.0,999999.0,999999.0,60000.0
1546,CENUPU,CENTURION UNIVERSITY OF TECHNOLOGY & MANAGEMENT,PU,VIZIANAGARAM,TEKKALI,COED,CENUPU,CSBS,84711.0,84711.0,84711.0,115934.0,84711.0,84711.0,84711.0,107636.0,122217.0,159165.0,125376.0,125376.0,84711.0,84711.0,131540.0,131540.0,999999.0,999999.0,60000.0
1547,CENUPU,CENTURION UNIVERSITY OF TECHNOLOGY & MANAGEMENT,PU,VIZIANAGARAM,TEKKALI,COED,CENUPU,CSD,49408.0,49408.0,150762.0,150762.0,56987.0,56987.0,49408.0,85117.0,49408.0,49408.0,49408.0,49408.0,51097.0,51097.0,49408.0,49408.0,999999.0,999999.0,60000.0
1548,CENUPU,CENTURION UNIVERSITY OF TECHNOLOGY & MANAGEMENT,PU,VIZIANAGARAM,TEKKALI,COED,CENUPU,CSD,21454.0,21454.0,30658.0,30658.0,94916.0,169126.0,108960.0,108960.0,68156.0,68156.0,21454.0,21454.0,21454.0,47279.0,21454.0,21454.0,999999.0,999999.0,60000.0
1549,CENUPU,CENTURION UNIVERSITY OF TECHNOLOGY & MANAGEMENT,PU,VIZIANAGARAM,TEKKALI,COED,CENUPU,CSM,30595.0,30595.0,164662.0,164662.0,43439.0,43439.0,30595.0,99281.0,127178.0,127178.0,30595.0,30595.0,30595.0,40868.0,68092.0,77726.0,999999.0,999999.0,60000.0
1550,CENUPU,CENTURION UNIVERSITY OF TECHNOLOGY & MANAGEMENT,PU,VIZIANAGARAM,TEKKALI,COED,CENUPU,CSM,94821.0,94821.0,94821.0,94821.0,94821.0,94821.0,94821.0,99736.0,127774.0,127774.0,94821.0,94821.0,98464.0,98464.0,94821.0,94821.0,999999.0,999999.0,60000.0
1551,CENUPU,CENTURION UNIVERSITY OF TECHNOLOGY & MANAGEMENT,PU,VIZIANAGARAM,TEKKALI,COED,CENUPU,CSW,46852.0,51373.0,46852.0,139796.0,46852.0,51373.0,96844.0,155175.0,117972.0,117972.0,46852.0,51373.0,77084.0,77084.0,96255.0,96255.0,999999.0,999999.0,60000.0
1552,CENUPU,CENTURION UNIVERSITY OF TECHNOLOGY & MANAGEMENT,PU,VIZIANAGARAM,TEKKALI,COED,CENUPU,CSW,135563.0,135563.0,163790.0,163790.0,135563.0,135563.0,171471.0,171471.0,135563.0,135563.0,135563.0,135563.0,135563.0,135563.0,135563.0,135563.0,999999.0,999999.0,60000.0
1553,CENUPU,CENTURION UNIVERSITY OF TECHNOLOGY & MANAGEMENT,PU,VIZIANAGARAM,TEKKALI,COED,CENUPU,EBM,83886.0,90237.0,83886.0,92800.0,83886.0,90237.0,83886.0,147806.0,95810.0,95810.0,83886.0,90237.0,175905.0,175905.0,83886.0,90237.0,999999.0,999999.0,60000.0
1554,CENUPU,CENTURION UNIVERSITY OF TECHNOLOGY & MANAGEMENT,PU,VIZIANAGARAM,TEKKALI,COED,CENUPU,EBM,74609.0,125875.0,118444.0,125875.0,136632.0,136632.0,74609.0,125875.0,74609.0,125875.0,74609.0,125875.0,74609.0,168609.0,123522.0,125875.0,999999.0,999999.0,60000.0
1555,CENUPU,CENTURION UNIVERSITY OF TECHNOLOGY & MANAGEMENT,PU,VIZIANAGARAM,TEKKALI,COED,CENUPU,ECE,18339.0,58048.0,165315.0,165315.0,18339.0,58048.0,18339.0,58048.0,150832.0,150832.0,18339.0,68365.0,53159.0,58048.0,46659.0,58048.0,999999.0,999999.0,60000.0
1556,CENUPU,CENTURION UNIVERSITY OF TECHNOLOGY & MANAGEMENT,PU,VIZIANAGARAM,TEKKALI,COED,CENUPU,ECE,77167.0,77167.0,77167.0,77167.0,77167.0,77167.0,77167.0,77167.0,176039.0,176039.0,77167.0,77167.0,77167.0,77167.0,98987.0,98987.0,999999.0,999999.0,60000.0
1557,CENUPU,CENTURION UNIVERSITY OF TECHNOLOGY & MANAGEMENT,PU,VIZIANAGARAM,TEKKALI,COED,CENUPU,EII,111525.0,111525.0,138877.0,170362.0,111525.0,168141.0,134158.0,134158.0,152061.0,152061.0,111525.0,111525.0,132522.0,132522.0,111525.0,111525.0,999999.0,999999.0,60000.0
1558,CENUPU,CENTURION UNIVERSITY OF TECHNOLOGY & MANAGEMENT,PU,VIZIANAGARAM,TEKKALI,COED,CENUPU,EII,106699.0,106699.0,106699.0,106699.0,106699.0,106699.0,134158.0,134158.0,106699.0,161426.0,106699.0,106699.0,133144.0,133144.0,106699.0,106699.0,999999.0,999999.0,60000.0
1559,CENUPU,CENTURION UNIVERSITY OF TECHNOLOGY & MANAGEMENT,PU,VIZIANAGARAM,TEKKALI,COED,CENUPU,MAU,55422.0,120972.0,55422.0,120972.0,55422.0,120972.0,55422.0,120972.0,161062.0,161062.0,55422.0,120972.0,55422.0,120972.0,55422.0,120972.0,999999.0,999999.0,60000.0
1560,CENUPU,CENTURION UNIVERSITY OF TECHNOLOGY & MANAGEMENT,PU,VIZIANAGARAM,TEKKALI,COED,CENUPU,MAU,152280.0,152280.0,152280.0,152280.0,152280.0,152280.0,152280.0,152280.0,161062.0,161062.0,152280.0,152280.0,152280.0,152280.0,152280.0,152280.0,999999.0,999999.0,60000.0
1561,CENUPU,CENTURION UNIVERSITY OF TECHNOLOGY & MANAGEMENT,PU,VIZIANAGARAM,TEKKALI,COED,CENUPU,MEC,101069.0,101069.0,102853.0,102853.0,88392.0,101069.0,135641.0,135641.0,154207.0,175369.0,101069.0,101069.0,111913.0,141351.0,138267.0,138267.0,999999.0,999999.0,60000.0
1562,CENUPU,CENTURION UNIVERSITY OF TECHNOLOGY & MANAGEMENT,PU,VIZIANAGARAM,TEKKALI,COED,CENUPU,MEC,95607.0,101069.0,121872.0,121872.0,130598.0,130598.0,132617.0,140084.0,95607.0,101069.0,95607.0,101069.0,95607.0,141994.0,95607.0,101069.0,999999.0,999999.0,60000.0
1563,CENUPU,CENTURION UNIVERSITY OF TECHNOLOGY & MANAGEMENT,PU,VIZIANAGARAM,TEKKALI,COED,CENUPU,MII,170168.0,170168.0,170168.0,170168.0,170168.0,170168.0,170168.0,170168.0,170168.0,170168.0,170168.0,170168.0,170168.0,170168.0,170168.0,170168.0,999999.0,999999.0,60000.0
1564,CENUPU,CENTURION UNIVERSITY OF TECHNOLOGY & MANAGEMENT,PU,VIZIANAGARAM,TEKKALI,COED,CENUPU,MMM,143610.0,143610.0,143610.0,143610.0,143610.0,143610.0,143610.0,143610.0,143610.0,143610.0,143610.0,143610.0,143610.0,143610.0,143610.0,143610.0,999999.0,999999.0,60000.0
1565,CENUPU,CENTURION UNIVERSITY OF TECHNOLOGY & MANAGEMENT,PU,VIZIANAGARAM,TEKKALI,COED,CENUPU,MMM,160598.0,160598.0,160598.0,160598.0,160598.0,160598.0,160598.0,160598.0,160598.0,160598.0,160598.0,160598.0,160598.0,160598.0,160598.0,160598.0,999999.0,999999.0,60000.0
