SNO,INST_CODE,INST_NAME,TYPE,DISTRICT,PLACE,COED,AFFLIATED,BRANCH_CODE,OC_BOYS,OC_GIRLS,SC_BOYS,SC_GIRLS,ST_BOYS,ST_GIRLS,BCA_BOYS,BCA_GIRLS,BCB_BOYS,BCB_GIRLS,BCC_BOYS,BCC_GIRLS,BCD_BOYS,BCD_GIRLS,BCE_BOYS,BCE_GIRLS,OC_EWS_BOYS,OC_EWS_GIRLS,COLLEGE_FEE
1,ACEE,ADARSH COLLEGE OF ENGINEERING,PVT,EAST GODAVARI,GOLLAPROLU,COED,JNTUK,CIV,148874.0,148874.0,148874.0,148874,148874.0,148874.0,148874.0,148874,148874.0,148874,148874.0,148874.0,148874.0,148874,148874.0,148874,999999.0,999999.0,43000
2,ACEE,ADARSH COLLEGE OF ENGINEERING,PVT,EAST GODAVARI,GOLLAPROLU,COED,JNTUK,CSE,98862.0,144081.0,145979.0,149993,134391.0,144081.0,151012.0,151012,137742.0,144081,98862.0,144081.0,146500.0,146500,143907.0,144792,115984.0,134669.0,43000
3,ACEE,ADARSH COLLEGE OF ENGINEERING,PVT,EAST GODAVARI,GOLLAPROLU,COED,JNTUK,ECE,110962.0,113113.0,138435.0,138435,127433.0,127433.0,110962.0,113113,110962.0,113113,110962.0,113113.0,110962.0,133645,112856.0,113113,999999.0,999999.0,43000
4,ACEE,ADARSH COLLEGE OF ENGINEERING,PVT,EAST GODAVARI,GOLLAPROLU,COED,JNTUK,MEC,132618.0,149338.0,148315.0,149338,142677.0,149338.0,132618.0,149338,132618.0,149338,132618.0,149338.0,132618.0,149338,132618.0,149338,999999.0,999999.0,43000
5,ACES,ADITYA COLLEGE OF ENGINEERING,PVT,EAST GODAVARI,PEDDAPURAM,COED,JNTUK,CIV,115994.0,115994.0,131470.0,131470,134998.0,134998.0,115994.0,128091,146801.0,146801,115994.0,134496.0,131016.0,135884,146316.0,146316,110411.0,110125.0,43000
6,ACES,ADITYA COLLEGE OF ENGINEERING,PVT,EAST GODAVARI,PEDDAPURAM,COED,JNTUK,CSD,45008.0,48137.0,151666.0,151666,151026.0,151498.0,77416.0,77416,72179.0,76267,45008.0,48137.0,76578.0,76578,89069.0,89069,48481.0,49366.0,43000
7,ACES,ADITYA COLLEGE OF ENGINEERING,PVT,EAST GODAVARI,PEDDAPURAM,COED,JNTUK,CSE,61096.0,67586.0,129718.0,129718,145722.0,145722.0,83961.0,83961,67668.0,67668,95884.0,95884.0,61096.0,74897,115117.0,124258,39526.0,37056.0,43000
8,ACES,ADITYA COLLEGE OF ENGINEERING,PVT,EAST GODAVARI,PEDDAPURAM,COED,JNTUK,CSM,69873.0,69873.0,141803.0,148215,145909.0,151684.0,99508.0,99508,76066.0,98465,69873.0,100375.0,69873.0,69873,101969.0,121824,48253.0,48592.0,43000
9,ACES,ADITYA COLLEGE OF ENGINEERING,PVT,EAST GODAVARI,PEDDAPURAM,COED,JNTUK,CSO,55258.0,55258.0,58892.0,147004,59229.0,151558.0,102699.0,123691,86838.0,89188,55258.0,55258.0,61140.0,64330,125120.0,125120,58314.0,54800.0,43000
10,ACES,ADITYA COLLEGE OF ENGINEERING,PVT,EAST GODAVARI,PEDDAPURAM,COED,JNTUK,ECE,48585.0,48755.0,151117.0,151117,147480.0,150622.0,120859.0,120859,77077.0,81556,50811.0,50811.0,61313.0,63146,116262.0,116262,52474.0,52205.0,43000
11,ACES,ADITYA COLLEGE OF ENGINEERING,PVT,EAST GODAVARI,PEDDAPURAM,COED,JNTUK,EEE,60435.0,60435.0,75560.0,75560,70280.0,70280.0,128457.0,128457,87796.0,93589,60435.0,60435.0,78720.0,134227,60435.0,60435,72679.0,66107.0,43000
12,ACES,ADITYA COLLEGE OF ENGINEERING,PVT,EAST GODAVARI,PEDDAPURAM,COED,JNTUK,INF,47891.0,51419.0,146661.0,146661,143060.0,143060.0,107614.0,107614,66717.0,74488,47891.0,51419.0,59803.0,65309,48542.0,95405,48483.0,49253.0,43000
13,ACES,ADITYA COLLEGE OF ENGINEERING,PVT,EAST GODAVARI,PEDDAPURAM,COED,JNTUK,MEC,108600.0,108600.0,108600.0,108600,119764.0,143143.0,108600.0,138628,124075.0,124075,108600.0,108600.0,124814.0,127972,118402.0,118402,114422.0,126901.0,43000
14,ACET,ADITYA COLLEGE OF ENGINEERING AND TECHNOLOGY,PVT,EAST GODAVARI,PEDDAPURAM,COED,JNTUK,CIV,100266.0,115009.0,138597.0,138597,109782.0,115009.0,125963.0,138945,136694.0,136694,100266.0,115009.0,118267.0,118267,100266.0,138598,79346.0,100641.0,43000
15,ACET,ADITYA COLLEGE OF ENGINEERING AND TECHNOLOGY,PVT,EAST GODAVARI,PEDDAPURAM,COED,JNTUK,CSD,45294.0,45294.0,122943.0,136423,124647.0,151542.0,68172.0,68172,57264.0,57264,45294.0,45294.0,47392.0,47392,78889.0,78889,40671.0,39665.0,43000
16,ACET,ADITYA COLLEGE OF ENGINEERING AND TECHNOLOGY,PVT,EAST GODAVARI,PEDDAPURAM,COED,JNTUK,CSE,22060.0,22060.0,81280.0,81280,144040.0,144040.0,43948.0,43948,34870.0,35529,49457.0,49457.0,30636.0,30636,57439.0,57439,24471.0,24643.0,43000
17,ACET,ADITYA COLLEGE OF ENGINEERING AND TECHNOLOGY,PVT,EAST GODAVARI,PEDDAPURAM,COED,JNTUK,CSM,32310.0,32310.0,114790.0,128532,121602.0,135973.0,70682.0,77070,50678.0,50678,32310.0,133053.0,42380.0,42380,88905.0,93558,50256.0,36703.0,43000
18,ACET,ADITYA COLLEGE OF ENGINEERING AND TECHNOLOGY,PVT,EAST GODAVARI,PEDDAPURAM,COED,JNTUK,ECE,42167.0,42167.0,125056.0,125056,127246.0,142671.0,72446.0,91709,63482.0,63482,42740.0,45004.0,52233.0,52835,136500.0,136500,44904.0,44836.0,43000
19,ACET,ADITYA COLLEGE OF ENGINEERING AND TECHNOLOGY,PVT,EAST GODAVARI,PEDDAPURAM,COED,JNTUK,EEE,61987.0,65182.0,141738.0,149185,150555.0,150555.0,122993.0,136364,89401.0,89548,61987.0,65182.0,71552.0,71552,84260.0,84260,62904.0,66995.0,43000
20,ACET,ADITYA COLLEGE OF ENGINEERING AND TECHNOLOGY,PVT,EAST GODAVARI,PEDDAPURAM,COED,JNTUK,INF,47494.0,47494.0,134148.0,138811,130098.0,132886.0,54387.0,66348,56018.0,57518,47936.0,47936.0,49410.0,50424,126421.0,126421,41550.0,41083.0,43000
21,ACET,ADITYA COLLEGE OF ENGINEERING AND TECHNOLOGY,PVT,EAST GODAVARI,PEDDAPURAM,COED,JNTUK,MEC,123569.0,123569.0,151511.0,151511,123569.0,123569.0,144301.0,146026,130406.0,131947,123569.0,123569.0,123569.0,123569,142844.0,148102,115321.0,119504.0,43000
22,ACPS,ADITYA COLLEGE OF PHARMACY,PVT,EAST GODAVARI,PEDDAPURAM,COED,JNTUK,PHM,151657.0,151657.0,151657.0,151657,151657.0,151657.0,151657.0,151657,151657.0,151657,151657.0,151657.0,151657.0,151657,151657.0,151657,999999.0,999999.0,62400
23,ADCP,ADARSHA COLL OF PHARMACY,PVT,EAST GODAVARI,G.KOTHAPALLI,COED,JNTUK,PHM,116627.0,128309.0,116627.0,128309,116627.0,128309.0,116627.0,128309,116627.0,128309,116627.0,128309.0,116627.0,128309,116627.0,128309,999999.0,999999.0,38000
24,ADTP,ADITYA ENGINEERING COLLEGE,PVT,EAST GODAVARI,PEDDAPURAM,COED,JNTUK,AGR,108653.0,108653.0,136585.0,136585,148582.0,148582.0,132839.0,147395,150567.0,150567,108653.0,130749.0,132020.0,132020,138023.0,138023,122840.0,148764.0,56210
25,ADTP,ADITYA ENGINEERING COLLEGE,PVT,EAST GODAVARI,PEDDAPURAM,COED,JNTUK,AIM,22560.0,22560.0,90768.0,98471,96550.0,100000.0,42332.0,47518,34458.0,36852,126572.0,126572.0,35911.0,36360,78122.0,78122,25742.0,25921.0,56210
26,ADTP,ADITYA ENGINEERING COLLEGE,PVT,EAST GODAVARI,PEDDAPURAM,COED,JNTUK,CIV,83330.0,83330.0,147807.0,147807,98890.0,98890.0,121219.0,121219,124909.0,131562,83330.0,83330.0,96083.0,96083,83330.0,133900,98140.0,96315.0,56210
27,ADTP,ADITYA ENGINEERING COLLEGE,PVT,EAST GODAVARI,PEDDAPURAM,COED,JNTUK,CSD,17113.0,49771.0,82881.0,82881,126869.0,126869.0,35211.0,49771,32496.0,49771,75458.0,75458.0,20040.0,49771,39090.0,49771,18280.0,18161.0,56210
28,ADTP,ADITYA ENGINEERING COLLEGE,PVT,EAST GODAVARI,PEDDAPURAM,COED,JNTUK,CSE,13238.0,13238.0,50954.0,50954,82407.0,82407.0,23596.0,23596,22061.0,22067,34919.0,34919.0,18602.0,18602,35515.0,35515,13225.0,13630.0,56210
29,ADTP,ADITYA ENGINEERING COLLEGE,PVT,EAST GODAVARI,PEDDAPURAM,COED,JNTUK,ECE,28572.0,28572.0,98223.0,98223,120016.0,148350.0,57408.0,57408,47713.0,47713,136277.0,136277.0,36273.0,42355,103532.0,128698,70594.0,35822.0,56210
30,ADTP,ADITYA ENGINEERING COLLEGE,PVT,EAST GODAVARI,PEDDAPURAM,COED,JNTUK,EEE,77599.0,77599.0,139022.0,141415,132952.0,132952.0,114269.0,118517,85903.0,88140,77599.0,77599.0,77599.0,84329,77599.0,77599,58790.0,57149.0,56210
31,ADTP,ADITYA ENGINEERING COLLEGE,PVT,EAST GODAVARI,PEDDAPURAM,COED,JNTUK,INF,23582.0,23582.0,105620.0,105620,105909.0,107269.0,44987.0,59718,43335.0,43335,23582.0,23582.0,66805.0,66805,98012.0,98012,26939.0,26279.0,56210
32,ADTP,ADITYA ENGINEERING COLLEGE,PVT,EAST GODAVARI,PEDDAPURAM,COED,JNTUK,MEC,70738.0,104377.0,138369.0,144838,89334.0,145687.0,114821.0,115404,92250.0,104377,91833.0,104377.0,118627.0,118627,70738.0,127088,86077.0,93061.0,56210
33,ADTP,ADITYA ENGINEERING COLLEGE,PVT,EAST GODAVARI,PEDDAPURAM,COED,JNTUK,MIN,128595.0,128595.0,134262.0,134262,128595.0,128595.0,149794.0,149794,133037.0,133037,128595.0,128595.0,128595.0,132652,128595.0,128595,150220.0,120391.0,56210
34,ADTP,ADITYA ENGINEERING COLLEGE,PVT,EAST GODAVARI,PEDDAPURAM,COED,JNTUK,PET,151745.0,151745.0,151745.0,151745,151745.0,151745.0,151745.0,151745,151745.0,151745,999999.0,999999.0,151745.0,151745,151745.0,151745,131738.0,128657.0,56210
35,ANURSF,ADI KAVI NANNAYA UNIVERSITY COLLEGE OF ENGG.-SELF FINANCE,SF,EAST GODAVARI,RAJAHMUNDRY,COED,AKNU,CIV,122303.0,148624.0,151388.0,151388,122303.0,148624.0,122303.0,148624,122303.0,148624,122303.0,148624.0,128882.0,148624,122303.0,148624,141671.0,141671.0,35000
36,ANURSF,ADI KAVI NANNAYA UNIVERSITY COLLEGE OF ENGG.-SELF FINANCE,SF,EAST GODAVARI,RAJAHMUNDRY,COED,AKNU,CSE,36742.0,36742.0,69666.0,69666,94487.0,94487.0,42924.0,106733,55883.0,59382,96164.0,96164.0,52088.0,62664,89084.0,89084,53408.0,37042.0,35000
37,ANURSF,ADI KAVI NANNAYA UNIVERSITY COLLEGE OF ENGG.-SELF FINANCE,SF,EAST GODAVARI,RAJAHMUNDRY,COED,AKNU,ECE,57234.0,57234.0,99254.0,99254,135680.0,135680.0,135365.0,135365,91920.0,101094,57234.0,120467.0,76733.0,77604,102748.0,102748,74058.0,79889.0,35000
38,ANURSF,ADI KAVI NANNAYA UNIVERSITY COLLEGE OF ENGG.-SELF FINANCE,SF,EAST GODAVARI,RAJAHMUNDRY,COED,AKNU,EIE,110854.0,147998.0,140114.0,147998,135976.0,147998.0,110854.0,147998,110854.0,147998,110854.0,147998.0,124659.0,147998,110854.0,147998,143719.0,143719.0,35000
39,ANURSF,ADI KAVI NANNAYA UNIVERSITY COLLEGE OF ENGG.-SELF FINANCE,SF,EAST GODAVARI,RAJAHMUNDRY,COED,AKNU,MEC,144851.0,144851.0,144851.0,144851,144851.0,144851.0,145331.0,145331,144851.0,144851,144851.0,144851.0,144851.0,144851,144851.0,144851,999999.0,999999.0,35000
40,BVCE,B V CHALAMAIAH ENGINEERING COLLEGE,PVT,EAST GODAVARI,ODALAREVU,COED,JNTUK,AIM,139975.0,139975.0,139975.0,139975,139975.0,139975.0,139975.0,139975,139975.0,139975,139975.0,139975.0,139975.0,139975,139975.0,139975,70854.0,70673.0,46200
41,BVCE,B V CHALAMAIAH ENGINEERING COLLEGE,PVT,EAST GODAVARI,ODALAREVU,COED,JNTUK,CAD,60559.0,60559.0,136206.0,146823,138927.0,138927.0,120378.0,120378,82185.0,88695,60559.0,60559.0,138911.0,138911,95844.0,95844,63852.0,68951.0,46200
42,BVCE,B V CHALAMAIAH ENGINEERING COLLEGE,PVT,EAST GODAVARI,ODALAREVU,COED,JNTUK,CIV,111366.0,122077.0,120674.0,131933,114344.0,122077.0,127799.0,127799,137653.0,137653,146101.0,146101.0,124638.0,124638,125769.0,125769,117117.0,122710.0,46200
43,BVCE,B V CHALAMAIAH ENGINEERING COLLEGE,PVT,EAST GODAVARI,ODALAREVU,COED,JNTUK,CSE,47163.0,47163.0,103708.0,104105,116136.0,116136.0,91207.0,93700,73428.0,73869,47163.0,47163.0,131839.0,132774,141399.0,141399,77239.0,62541.0,46200
44,BVCE,B V CHALAMAIAH ENGINEERING COLLEGE,PVT,EAST GODAVARI,ODALAREVU,COED,JNTUK,CSM,66711.0,96644.0,145367.0,145367,137242.0,137242.0,123629.0,141936,145606.0,145606,66711.0,96644.0,87456.0,96644,74569.0,132480,71356.0,72334.0,46200
45,BVCE,B V CHALAMAIAH ENGINEERING COLLEGE,PVT,EAST GODAVARI,ODALAREVU,COED,JNTUK,ECE,124965.0,124965.0,146477.0,150569,151445.0,151445.0,145302.0,148778,124965.0,124965,124965.0,124965.0,124965.0,142675,148187.0,148187,85797.0,86136.0,46200
46,BVCE,B V CHALAMAIAH ENGINEERING COLLEGE,PVT,EAST GODAVARI,ODALAREVU,COED,JNTUK,EEE,97065.0,97065.0,139276.0,139276,102184.0,106553.0,143873.0,150146,131337.0,148198,97065.0,97065.0,136010.0,136010,119379.0,119379,100380.0,97708.0,46200
47,BVCE,B V CHALAMAIAH ENGINEERING COLLEGE,PVT,EAST GODAVARI,ODALAREVU,COED,JNTUK,MEC,130403.0,139731.0,130403.0,143626,131997.0,146344.0,150324.0,150324,139169.0,146438,130403.0,139731.0,146395.0,148456,138052.0,139731,122897.0,135646.0,46200
48,BVCR,BVC COLLEGE OF ENGINEERING,PVT,EAST GODAVARI,RAJAHMUNDRY,COED,JNTUK,CSE,132919.0,147553.0,145814.0,151089,132919.0,147553.0,144862.0,147817,132919.0,147553,132919.0,147553.0,132919.0,147553,147031.0,147553,97688.0,99543.0,43000
49,BVCR,BVC COLLEGE OF ENGINEERING,PVT,EAST GODAVARI,RAJAHMUNDRY,COED,JNTUK,CSM,118245.0,118245.0,129363.0,141811,130522.0,130522.0,118245.0,130790,127562.0,136713,130055.0,130055.0,132359.0,137557,135798.0,135798,118490.0,148157.0,43000
50,BVCR,BVC COLLEGE OF ENGINEERING,PVT,EAST GODAVARI,RAJAHMUNDRY,COED,JNTUK,ECE,141725.0,141725.0,150691.0,150691,141725.0,141725.0,143520.0,143520,141725.0,141725,141725.0,141725.0,141725.0,141725,141725.0,141725,132534.0,119119.0,43000
51,BVTS,BONAM VENKATA CHALAMAIAH INST. OF TECH AND SCI.,PVT,EAST GODAVARI,AMALAPURAM,COED,JNTUK,AIM,42117.0,42117.0,130171.0,130171,136378.0,136378.0,112151.0,117009,58600.0,58600,42117.0,42117.0,98692.0,98692,112075.0,112075,48029.0,48990.0,57970
52,BVTS,BONAM VENKATA CHALAMAIAH INST. OF TECH AND SCI.,PVT,EAST GODAVARI,AMALAPURAM,COED,JNTUK,CAD,41737.0,41737.0,120849.0,120849,124863.0,126096.0,104385.0,104385,63549.0,63549,41737.0,117256.0,51060.0,70890,124961.0,124961,50064.0,50715.0,57970
53,BVTS,BONAM VENKATA CHALAMAIAH INST. OF TECH AND SCI.,PVT,EAST GODAVARI,AMALAPURAM,COED,JNTUK,CIV,100875.0,100875.0,147393.0,151643,151194.0,151194.0,136677.0,136677,135066.0,144745,100875.0,100875.0,132028.0,145239,134253.0,134253,107597.0,95732.0,57970
54,BVTS,BONAM VENKATA CHALAMAIAH INST. OF TECH AND SCI.,PVT,EAST GODAVARI,AMALAPURAM,COED,JNTUK,CSE,28149.0,28149.0,97484.0,97484,95503.0,124464.0,57369.0,57369,50452.0,50452,28149.0,28149.0,51901.0,51901,105493.0,105493,32694.0,32969.0,57970
55,BVTS,BONAM VENKATA CHALAMAIAH INST. OF TECH AND SCI.,PVT,EAST GODAVARI,AMALAPURAM,COED,JNTUK,ECE,66756.0,66756.0,124499.0,138247,137184.0,137184.0,99682.0,129975,79146.0,79146,98070.0,98070.0,76589.0,91658,134661.0,134661,60324.0,59507.0,57970
56,BVTS,BONAM VENKATA CHALAMAIAH INST. OF TECH AND SCI.,PVT,EAST GODAVARI,AMALAPURAM,COED,JNTUK,EEE,83309.0,83309.0,138318.0,138318,87205.0,150815.0,134892.0,134892,119357.0,127006,83309.0,83309.0,131028.0,133797,97103.0,97103,89135.0,86932.0,57970
57,CHKN,CHAITANYA INST. OF SCI. AND TECHNOLOGY,PVT,EAST GODAVARI,KAKINADA,COED,JNTUK,AID,126918.0,140035.0,150577.0,150577,126918.0,140035.0,126918.0,140035,126918.0,140035,126918.0,140035.0,150205.0,150205,126918.0,140035,999999.0,999999.0,43000
58,CHKN,CHAITANYA INST. OF SCI. AND TECHNOLOGY,PVT,EAST GODAVARI,KAKINADA,COED,JNTUK,AIM,148277.0,148277.0,148277.0,148277,148277.0,148277.0,148277.0,148277,148277.0,148277,148277.0,148277.0,148277.0,148277,148277.0,148277,150384.0,150384.0,43000
59,CHKN,CHAITANYA INST. OF SCI. AND TECHNOLOGY,PVT,EAST GODAVARI,KAKINADA,COED,JNTUK,CIV,55196.0,55196.0,55196.0,55196,55196.0,55196.0,55196.0,55196,55196.0,55196,55196.0,55196.0,55196.0,55196,55196.0,55196,999999.0,999999.0,43000
60,CHKN,CHAITANYA INST. OF SCI. AND TECHNOLOGY,PVT,EAST GODAVARI,KAKINADA,COED,JNTUK,CSE,138082.0,138082.0,149731.0,149731,151574.0,151574.0,148001.0,148001,148103.0,148103,150381.0,150381.0,145660.0,145660,142536.0,151639,135718.0,128805.0,43000
61,CHKN,CHAITANYA INST. OF SCI. AND TECHNOLOGY,PVT,EAST GODAVARI,KAKINADA,COED,JNTUK,ECE,94884.0,94884.0,136640.0,136640,94884.0,94884.0,94884.0,144130,148428.0,148428,94884.0,94884.0,94884.0,94884,94884.0,94884,132457.0,132057.0,43000
62,CHKN,CHAITANYA INST. OF SCI. AND TECHNOLOGY,PVT,EAST GODAVARI,KAKINADA,COED,JNTUK,EEE,125724.0,125724.0,125724.0,125724,125724.0,125724.0,125724.0,125724,125724.0,125724,125724.0,125724.0,125724.0,125724,125724.0,125724,999999.0,999999.0,43000
63,CHKN,CHAITANYA INST. OF SCI. AND TECHNOLOGY,PVT,EAST GODAVARI,KAKINADA,COED,JNTUK,MEC,136353.0,136353.0,136353.0,136353,136353.0,136353.0,136353.0,136353,136353.0,136353,136353.0,136353.0,136353.0,136353,136353.0,136353,999999.0,999999.0,43000
64,GIER,GODAVARI INSTITUTE OF ENGG. AND TECHNOLOGY,PVT,EAST GODAVARI,RAJAHMUNDRY,COED,JNTUK,AUT,118525.0,118525.0,118525.0,118525,118525.0,118525.0,118525.0,118525,118525.0,118525,118525.0,118525.0,118525.0,118525,118525.0,118525,999999.0,999999.0,64570
65,GIER,GODAVARI INSTITUTE OF ENGG. AND TECHNOLOGY,PVT,EAST GODAVARI,RAJAHMUNDRY,COED,JNTUK,CIV,132394.0,132394.0,147833.0,147833,144116.0,144116.0,143400.0,143400,146538.0,146538,132394.0,132394.0,145599.0,145599,132394.0,132394,138673.0,139094.0,64570
66,GIER,GODAVARI INSTITUTE OF ENGG. AND TECHNOLOGY,PVT,EAST GODAVARI,RAJAHMUNDRY,COED,JNTUK,CSC,51002.0,57642.0,139646.0,139646,99274.0,99274.0,101016.0,118508,135294.0,135294,51002.0,73298.0,61834.0,73890,132348.0,132348,60229.0,64697.0,64570
67,GIER,GODAVARI INSTITUTE OF ENGG. AND TECHNOLOGY,PVT,EAST GODAVARI,RAJAHMUNDRY,COED,JNTUK,CSD,47734.0,51490.0,151373.0,151373,146514.0,146514.0,83842.0,87954,75665.0,79088,47734.0,63302.0,59566.0,63685,125863.0,125863,56033.0,58685.0,64570
68,GIER,GODAVARI INSTITUTE OF ENGG. AND TECHNOLOGY,PVT,EAST GODAVARI,RAJAHMUNDRY,COED,JNTUK,CSE,51807.0,51807.0,110608.0,119672,126140.0,140268.0,56056.0,96779,58146.0,58146,51807.0,51807.0,71278.0,71278,105749.0,109243,38770.0,42108.0,64570
69,GIER,GODAVARI INSTITUTE OF ENGG. AND TECHNOLOGY,PVT,EAST GODAVARI,RAJAHMUNDRY,COED,JNTUK,CSM,74190.0,74190.0,147895.0,147895,151221.0,151221.0,82973.0,103567,74190.0,114251,74190.0,74190.0,74190.0,74190,85557.0,104787,97064.0,58259.0,64570
70,GIER,GODAVARI INSTITUTE OF ENGG. AND TECHNOLOGY,PVT,EAST GODAVARI,RAJAHMUNDRY,COED,JNTUK,ECE,122810.0,122810.0,148297.0,149025,138930.0,139959.0,122810.0,142513,122810.0,122810,122810.0,122810.0,125091.0,125091,136851.0,136851,59599.0,61647.0,64570
71,GIER,GODAVARI INSTITUTE OF ENGG. AND TECHNOLOGY,PVT,EAST GODAVARI,RAJAHMUNDRY,COED,JNTUK,EEE,86019.0,129899.0,123750.0,132902,110897.0,132921.0,146923.0,150587,134913.0,134913,124402.0,129899.0,136720.0,140416,148810.0,148810,118785.0,117793.0,64570
72,GIER,GODAVARI INSTITUTE OF ENGG. AND TECHNOLOGY,PVT,EAST GODAVARI,RAJAHMUNDRY,COED,JNTUK,MEC,114944.0,142307.0,141408.0,142307,144564.0,144564.0,130755.0,142307,148285.0,148285,114944.0,142307.0,114944.0,146749,137712.0,142307,136688.0,123801.0,64570
73,GIER,GODAVARI INSTITUTE OF ENGG. AND TECHNOLOGY,PVT,EAST GODAVARI,RAJAHMUNDRY,COED,JNTUK,MIN,118966.0,118966.0,118966.0,118966,118966.0,118966.0,118966.0,118966,118966.0,118966,118966.0,118966.0,118966.0,118966,118966.0,118966,999999.0,999999.0,64570
74,GIET,GIET ENGINEERING COLLEGE,PVT,EAST GODAVARI,RAJAHMUNDRY,COED,JNTUK,CSE,92385.0,109031.0,151209.0,151209,130108.0,148793.0,121963.0,142283,92385.0,109031,92385.0,109031.0,133407.0,133407,121250.0,121250,66542.0,66778.0,43000
75,GIET,GIET ENGINEERING COLLEGE,PVT,EAST GODAVARI,RAJAHMUNDRY,COED,JNTUK,ECE,117534.0,117534.0,129876.0,151340,150490.0,150490.0,123624.0,129344,117534.0,117534,117534.0,117534.0,117534.0,117534,129772.0,142480,71001.0,67556.0,43000
76,GIET,GIET ENGINEERING COLLEGE,PVT,EAST GODAVARI,RAJAHMUNDRY,COED,JNTUK,INF,65286.0,119619.0,136869.0,136869,79816.0,119619.0,141101.0,145186,143369.0,143369,65286.0,119619.0,147347.0,147347,114247.0,143439,71530.0,75455.0,43000
77,GIET,GIET ENGINEERING COLLEGE,PVT,EAST GODAVARI,RAJAHMUNDRY,COED,JNTUK,MEC,151745.0,151745.0,151745.0,151745,151766.0,151766.0,151745.0,151745,151775.0,151775,151745.0,151745.0,151745.0,151745,151745.0,151745,126019.0,126019.0,43000
78,IDEL,IDEAL INSTITUTE OF TECHNOLOGY,PVT,EAST GODAVARI,KAKINADA,COED,JNTUK,COS,124872.0,124872.0,136908.0,136908,141085.0,141085.0,146578.0,146578,127542.0,127542,124872.0,124872.0,125170.0,129205,124872.0,124872,114935.0,126670.0,43000
79,IDEL,IDEAL INSTITUTE OF TECHNOLOGY,PVT,EAST GODAVARI,KAKINADA,COED,JNTUK,CSE,62779.0,62779.0,138440.0,144865,140243.0,144123.0,98096.0,98096,103647.0,105528,62779.0,62779.0,72065.0,97360,91232.0,116221,72405.0,71287.0,43000
80,IDEL,IDEAL INSTITUTE OF TECHNOLOGY,PVT,EAST GODAVARI,KAKINADA,COED,JNTUK,CSM,76987.0,76987.0,134323.0,134323,87233.0,87233.0,76987.0,76987,104791.0,104791,76987.0,76987.0,82940.0,82940,105662.0,105662,74587.0,74923.0,43000
81,IDEL,IDEAL INSTITUTE OF TECHNOLOGY,PVT,EAST GODAVARI,KAKINADA,COED,JNTUK,ECE,64404.0,91650.0,138712.0,138712,146916.0,146916.0,109694.0,109694,105998.0,105998,118011.0,118011.0,126291.0,126291,124550.0,124550,83765.0,84169.0,43000
82,IDEL,IDEAL INSTITUTE OF TECHNOLOGY,PVT,EAST GODAVARI,KAKINADA,COED,JNTUK,MEC,147984.0,147984.0,147984.0,147984,147984.0,147984.0,147984.0,147984,147984.0,147984,147984.0,147984.0,147984.0,147984,147984.0,147984,999999.0,999999.0,43000
83,ISTS,INTERNATIONAL SCHOOL OF TECH AND SCI FOR WOMEN,PVT,EAST GODAVARI,RAJAHMUNDRY,GIRLS,JNTUK,AGR,150867.0,150867.0,150867.0,150867,150867.0,150867.0,150867.0,150867,150867.0,150867,999999.0,999999.0,150867.0,150867,150867.0,150867,999999.0,999999.0,43000
84,ISTS,INTERNATIONAL SCHOOL OF TECH AND SCI FOR WOMEN,PVT,EAST GODAVARI,RAJAHMUNDRY,GIRLS,JNTUK,AIM,77526.0,77526.0,105250.0,105250,87117.0,87117.0,112476.0,112476,99859.0,99859,100115.0,100115.0,149011.0,149011,127637.0,127637,103271.0,103271.0,43000
85,ISTS,INTERNATIONAL SCHOOL OF TECH AND SCI FOR WOMEN,PVT,EAST GODAVARI,RAJAHMUNDRY,GIRLS,JNTUK,CAI,89397.0,89397.0,137206.0,137206,119078.0,119078.0,141339.0,141339,143252.0,143252,999999.0,999999.0,128997.0,128997,147033.0,147033,108047.0,108047.0,43000
86,ISTS,INTERNATIONAL SCHOOL OF TECH AND SCI FOR WOMEN,PVT,EAST GODAVARI,RAJAHMUNDRY,GIRLS,JNTUK,CSE,68349.0,68349.0,137258.0,137258,150768.0,150768.0,144784.0,144784,112481.0,112481,999999.0,999999.0,96623.0,96623,141506.0,141506,74725.0,74725.0,43000
87,ISTS,INTERNATIONAL SCHOOL OF TECH AND SCI FOR WOMEN,PVT,EAST GODAVARI,RAJAHMUNDRY,GIRLS,JNTUK,DS,134473.0,134473.0,149334.0,149334,134473.0,134473.0,149491.0,149491,134473.0,134473,145371.0,145371.0,144002.0,144002,149695.0,149695,128726.0,128726.0,43000
88,ISTS,INTERNATIONAL SCHOOL OF TECH AND SCI FOR WOMEN,PVT,EAST GODAVARI,RAJAHMUNDRY,GIRLS,JNTUK,ECA,135428.0,135428.0,136690.0,136690,135428.0,135428.0,135428.0,135428,135428.0,135428,999999.0,999999.0,147239.0,147239,135428.0,135428,146069.0,146069.0,43000
89,ISTS,INTERNATIONAL SCHOOL OF TECH AND SCI FOR WOMEN,PVT,EAST GODAVARI,RAJAHMUNDRY,GIRLS,JNTUK,ECE,150442.0,150442.0,150442.0,150442,150442.0,150442.0,150442.0,150442,150442.0,150442,150442.0,150442.0,150442.0,150442,150442.0,150442,108935.0,108935.0,43000
90,ISTS,INTERNATIONAL SCHOOL OF TECH AND SCI FOR WOMEN,PVT,EAST GODAVARI,RAJAHMUNDRY,GIRLS,JNTUK,EVT,148349.0,148349.0,151272.0,151272,148349.0,148349.0,148349.0,148349,148349.0,148349,999999.0,999999.0,150351.0,150351,148349.0,148349,143092.0,143092.0,43000
91,JNKFSF,SCHOOL OF FOOD TECHNOLOGY JNTUK KAKINADA-SELF FINANCE,SF,EAST GODAVARI,KAKINADA,COED,JNTUK,FDE,87582.0,117791.0,151430.0,151430,133975.0,151468.0,121187.0,121187,98275.0,117791,111910.0,117791.0,119775.0,138484,135881.0,135881,119886.0,90790.0,45000
92,JNKPSF,SCHOOL OF PHARMACEUTICAL SCI. AND TECH.-SELF FINANCE,SF,EAST GODAVARI,KAKINADA,COED,JNTUK,PHM,116747.0,128285.0,116747.0,128285,116747.0,128285.0,116747.0,128285,116747.0,128285,116747.0,128285.0,116747.0,128285,116747.0,128285,999999.0,999999.0,45000
93,JNTK,JNTUK COLLEGE OF ENGG. KAKINADA,UNIV,EAST GODAVARI,KAKINADA,COED,JNTUK,CIV,30675.0,30675.0,33653.0,33653,40890.0,73421.0,32971.0,32971,51622.0,51622,30675.0,30675.0,33638.0,33638,94912.0,94912,36183.0,43330.0,10000
94,JNTK,JNTUK COLLEGE OF ENGG. KAKINADA,UNIV,EAST GODAVARI,KAKINADA,COED,JNTUK,CSE,2567.0,2994.0,6301.0,6301,2567.0,2994.0,2567.0,2994,2567.0,2994,2567.0,2994.0,44548.0,44548,2567.0,5794,2618.0,4435.0,10000
95,JNTK,JNTUK COLLEGE OF ENGG. KAKINADA,UNIV,EAST GODAVARI,KAKINADA,COED,JNTUK,ECE,4271.0,4271.0,8992.0,8992,16412.0,16412.0,5734.0,5734,4373.0,4373,4271.0,4271.0,4271.0,4271,5438.0,40733,4580.0,4054.0,10000
96,JNTK,JNTUK COLLEGE OF ENGG. KAKINADA,UNIV,EAST GODAVARI,KAKINADA,COED,JNTUK,EEE,10326.0,10326.0,21992.0,21992,32401.0,32401.0,20671.0,20671,17034.0,19830,10326.0,45053.0,14854.0,15705,13008.0,43383,10827.0,8719.0,10000
97,JNTK,JNTUK COLLEGE OF ENGG. KAKINADA,UNIV,EAST GODAVARI,KAKINADA,COED,JNTUK,MEC,11097.0,20628.0,40849.0,44941,38727.0,65767.0,42447.0,42447,21739.0,51358,11097.0,20628.0,22449.0,45489,33920.0,33920,15916.0,38342.0,10000
98,JNTKSF,JNTUK COLLEGE OF ENGG. KAKINADA- SELF FINANCE,SF,EAST GODAVARI,KAKINADA,COED,JNTUK,CHE,53946.0,53946.0,133830.0,133830,134062.0,134062.0,150461.0,150461,107921.0,107921,53946.0,114097.0,59389.0,79038,86578.0,86578,79358.0,62595.0,45000
99,JNTKSF,JNTUK COLLEGE OF ENGG. KAKINADA- SELF FINANCE,SF,EAST GODAVARI,KAKINADA,COED,JNTUK,PEE,77300.0,94882.0,151453.0,151453,150443.0,151101.0,133936.0,144321,145430.0,148150,77300.0,94882.0,141883.0,145844,99342.0,149053,122394.0,135342.0,45000
100,JNTKSS,JNTUK COLLEGE OF ENGG. KAKINADA- SELF SUPPORTING,SS,EAST GODAVARI,KAKINADA,COED,JNTUK,CSM,7638.0,9725.0,22261.0,43724,129248.0,129248.0,14441.0,17499,9555.0,16538,7638.0,9725.0,14966.0,16423,17763.0,17763,8687.0,12624.0,75000
101,KIEK,KAKINADA INSTITUTE OF ENGG. AND TECHNOLOGY,PVT,EAST GODAVARI,KAKINADA,COED,JNTUK,AID,124139.0,149012.0,144645.0,149012,124139.0,149012.0,150891.0,150891,141495.0,149012,124139.0,149012.0,143352.0,149090,124139.0,149012,146396.0,144419.0,43000
102,KIEK,KAKINADA INSTITUTE OF ENGG. AND TECHNOLOGY,PVT,EAST GODAVARI,KAKINADA,COED,JNTUK,CAI,148210.0,148210.0,148210.0,148210,148210.0,148210.0,148210.0,148210,149007.0,149007,148210.0,148210.0,148210.0,148210,148210.0,148210,150808.0,150808.0,43000
103,KIEK,KAKINADA INSTITUTE OF ENGG. AND TECHNOLOGY,PVT,EAST GODAVARI,KAKINADA,COED,JNTUK,CSC,113155.0,113155.0,146048.0,146048,122225.0,122225.0,134512.0,134512,150969.0,150969,113155.0,113155.0,140899.0,150457,113155.0,113155,136853.0,136853.0,43000
104,KIEK,KAKINADA INSTITUTE OF ENGG. AND TECHNOLOGY,PVT,EAST GODAVARI,KAKINADA,COED,JNTUK,CSD,150329.0,150329.0,150329.0,150329,150329.0,150329.0,150329.0,150329,150329.0,150329,150329.0,150329.0,150329.0,150329,150329.0,150329,999999.0,999999.0,43000
105,KIEK,KAKINADA INSTITUTE OF ENGG. AND TECHNOLOGY,PVT,EAST GODAVARI,KAKINADA,COED,JNTUK,CSM,122457.0,138947.0,146354.0,146354,127757.0,138947.0,148593.0,148593,131616.0,138947,122457.0,138947.0,138241.0,138947,122457.0,138947,129016.0,146329.0,43000
106,KIET,KAKINADA INSTITUTE OF ENGG. AND TECHNOLOGY,PVT,EAST GODAVARI,KAKINADA,COED,JNTUK,AID,87809.0,87809.0,151377.0,151435,151761.0,151761.0,116835.0,142522,136254.0,148740,97317.0,125330.0,143469.0,143469,144893.0,144893,118944.0,148086.0,43000
107,KIET,KAKINADA INSTITUTE OF ENGG. AND TECHNOLOGY,PVT,EAST GODAVARI,KAKINADA,COED,JNTUK,CAI,137817.0,147945.0,139814.0,150060,137817.0,147945.0,148252.0,148252,147345.0,147945,137817.0,147945.0,149711.0,149711,150083.0,150083,121452.0,148022.0,43000
108,KIET,KAKINADA INSTITUTE OF ENGG. AND TECHNOLOGY,PVT,EAST GODAVARI,KAKINADA,COED,JNTUK,CSC,113396.0,128919.0,149534.0,151045,150749.0,150749.0,149590.0,149590,133730.0,142250,149531.0,149531.0,113396.0,128919,148190.0,148190,147340.0,145923.0,43000
109,KIET,KAKINADA INSTITUTE OF ENGG. AND TECHNOLOGY,PVT,EAST GODAVARI,KAKINADA,COED,JNTUK,CSD,123817.0,134500.0,150185.0,150185,145964.0,145964.0,144582.0,145961,148473.0,150216,123817.0,146336.0,142144.0,142144,123817.0,148548,142722.0,135612.0,43000
110,KIET,KAKINADA INSTITUTE OF ENGG. AND TECHNOLOGY,PVT,EAST GODAVARI,KAKINADA,COED,JNTUK,CSM,137448.0,137448.0,147944.0,147944,148654.0,148654.0,137654.0,150692,137448.0,149851,137448.0,137448.0,149640.0,149640,137448.0,137752,128123.0,150291.0,43000
111,KIEW,KAKINADA INST OF ENGG AND TECHNOLOGY FOR WOMEN,PVT,EAST GODAVARI,KAKINADA,GIRLS,JNTUK,AID,90725.0,90725.0,142175.0,142175,140618.0,140618.0,147609.0,147609,145029.0,145029,103337.0,103337.0,148373.0,148373,143465.0,143465,130708.0,130708.0,43000
112,KIEW,KAKINADA INST OF ENGG AND TECHNOLOGY FOR WOMEN,PVT,EAST GODAVARI,KAKINADA,GIRLS,JNTUK,CAI,123257.0,123257.0,143608.0,143608,147777.0,147777.0,136465.0,136465,140896.0,140896,999999.0,999999.0,130754.0,130754,126001.0,126001,144322.0,144322.0,43000
113,KIEW,KAKINADA INST OF ENGG AND TECHNOLOGY FOR WOMEN,PVT,EAST GODAVARI,KAKINADA,GIRLS,JNTUK,CSM,134484.0,134484.0,134484.0,134484,141147.0,141147.0,134484.0,134484,140720.0,140720,134484.0,134484.0,144246.0,144246,134484.0,134484,147441.0,147441.0,43000
114,KISR,KAKINADA INSTITUTE OF TECHNOLOGY SCIENCES,PVT,EAST GODAVARI,"RAMACHANDRAP
URAM",COED,JNTUK,CSE,61695.0,61695.0,141091.0,141091,129278.0,129278.0,146968.0,146968,138911.0,145007,61695.0,61695.0,138121.0,138121,61695.0,124510,150359.0,100429.0,43000
115,KISR,KAKINADA INSTITUTE OF TECHNOLOGY SCIENCES,PVT,EAST GODAVARI,"RAMACHANDRAP
URAM",COED,JNTUK,ECE,140189.0,140189.0,140189.0,140189,140189.0,140189.0,140189.0,140189,140189.0,140189,140189.0,140189.0,140189.0,140189,140189.0,140189,135032.0,135032.0,43000
116,KISR,KAKINADA INSTITUTE OF TECHNOLOGY SCIENCES,PVT,EAST GODAVARI,"RAMACHANDRAP
URAM",COED,JNTUK,MEC,108513.0,108513.0,108513.0,108513,108513.0,108513.0,108513.0,108513,108513.0,108513,108513.0,108513.0,108513.0,108513,108513.0,108513,999999.0,999999.0,43000
117,KISR,KAKINADA INSTITUTE OF TECHNOLOGY SCIENCES,PVT,EAST GODAVARI,"RAMACHANDRAP
URAM",COED,JNTUK,PHE,142983.0,142983.0,142983.0,142983,142983.0,142983.0,142983.0,142983,142983.0,142983,142983.0,142983.0,142983.0,142983,142983.0,142983,999999.0,999999.0,43000
118,KTSP,KAKINADA INSTITUTE OF TECHNOLOGY AND SCIENCE,PVT,EAST GODAVARI,DIVILI,COED,JNTUK,AGR,145160.0,145160.0,145160.0,151749,145160.0,145160.0,145160.0,145160,145160.0,145160,145160.0,145160.0,145160.0,145160,145160.0,145160,999999.0,999999.0,43000
119,KTSP,KAKINADA INSTITUTE OF TECHNOLOGY AND SCIENCE,PVT,EAST GODAVARI,DIVILI,COED,JNTUK,AID,114809.0,114809.0,142375.0,142375,139989.0,139989.0,114809.0,114809,114809.0,149263,114809.0,114809.0,114809.0,114809,150050.0,150050,144911.0,144911.0,43000
120,KTSP,KAKINADA INSTITUTE OF TECHNOLOGY AND SCIENCE,PVT,EAST GODAVARI,DIVILI,COED,JNTUK,CIV,150208.0,150208.0,151344.0,151344,150208.0,150208.0,150208.0,150208,150208.0,150208,150208.0,150208.0,150208.0,150208,150208.0,150208,999999.0,999999.0,43000
121,KTSP,KAKINADA INSTITUTE OF TECHNOLOGY AND SCIENCE,PVT,EAST GODAVARI,DIVILI,COED,JNTUK,CSE,103839.0,103839.0,143549.0,150221,123168.0,123168.0,148753.0,148753,137296.0,139192,103839.0,103839.0,123633.0,124602,143358.0,143358,149751.0,128806.0,43000
122,KTSP,KAKINADA INSTITUTE OF TECHNOLOGY AND SCIENCE,PVT,EAST GODAVARI,DIVILI,COED,JNTUK,ECE,135447.0,144348.0,135932.0,144348,135447.0,144348.0,135447.0,144348,149139.0,149139,135447.0,144348.0,150662.0,150662,135447.0,144348,114575.0,114575.0,43000
123,KTSP,KAKINADA INSTITUTE OF TECHNOLOGY AND SCIENCE,PVT,EAST GODAVARI,DIVILI,COED,JNTUK,MEC,141153.0,141153.0,141153.0,141153,141153.0,141153.0,141153.0,141153,141153.0,141153,141153.0,141153.0,141153.0,141153,141153.0,141153,999999.0,999999.0,43000
124,LENO,LENORA COLLEGE OF ENGINEERING,PVT,EAST GODAVARI,"RAMPACHODAVA
RAM",COED,JNTUK,CSE,118065.0,118065.0,151718.0,151718,133113.0,133113.0,133712.0,133712,118065.0,118065,118065.0,118065.0,149961.0,149961,118065.0,118065,131915.0,131915.0,43000
125,LENO,LENORA COLLEGE OF ENGINEERING,PVT,EAST GODAVARI,"RAMPACHODAVA
RAM",COED,JNTUK,ECE,116496.0,116496.0,116496.0,133314,116496.0,116496.0,116496.0,116496,116496.0,116496,116496.0,116496.0,116496.0,116496,116496.0,116496,144778.0,144778.0,43000
126,LENO,LENORA COLLEGE OF ENGINEERING,PVT,EAST GODAVARI,"RAMPACHODAVA
RAM",COED,JNTUK,EEE,137541.0,137541.0,137541.0,137541,137541.0,137541.0,137541.0,137541,137541.0,137541,137541.0,137541.0,137541.0,137541,137541.0,137541,999999.0,999999.0,43000
127,LENO,LENORA COLLEGE OF ENGINEERING,PVT,EAST GODAVARI,"RAMPACHODAVA
RAM",COED,JNTUK,MEC,55082.0,55082.0,55082.0,55082,55082.0,55082.0,55082.0,55082,55082.0,55082,55082.0,55082.0,55082.0,55082,55082.0,55082,999999.0,999999.0,43000
128,PRAG,PRAGATI ENGINEERING COLLEGE,PVT,EAST GODAVARI,PEDDAPURAM,COED,JNTUK,CAI,35197.0,35197.0,151515.0,151764,148156.0,148156.0,63764.0,64416,61980.0,62631,67848.0,67848.0,46140.0,47338,120754.0,149633,38432.0,38136.0,69300
129,PRAG,PRAGATI ENGINEERING COLLEGE,PVT,EAST GODAVARI,PEDDAPURAM,COED,JNTUK,CIV,93588.0,93588.0,138828.0,138828,117545.0,117545.0,125652.0,125652,135615.0,149600,93588.0,118540.0,115363.0,115363,136082.0,145023,127030.0,105602.0,69300
130,PRAG,PRAGATI ENGINEERING COLLEGE,PVT,EAST GODAVARI,PEDDAPURAM,COED,JNTUK,CSC,38089.0,38089.0,122312.0,122312,137699.0,145488.0,69746.0,82510,58475.0,58475,50613.0,50613.0,49085.0,50414,38089.0,87992,40605.0,40840.0,69300
131,PRAG,PRAGATI ENGINEERING COLLEGE,PVT,EAST GODAVARI,PEDDAPURAM,COED,JNTUK,CSD,31936.0,31936.0,138095.0,139541,137048.0,148441.0,53173.0,71973,55548.0,55548,42921.0,42921.0,80701.0,80701,99849.0,118036,36235.0,37208.0,69300
132,PRAG,PRAGATI ENGINEERING COLLEGE,PVT,EAST GODAVARI,PEDDAPURAM,COED,JNTUK,CSE,20450.0,20450.0,59269.0,59269,106744.0,110013.0,26645.0,26645,23841.0,24532,20450.0,70304.0,24996.0,27241,37851.0,37851,26823.0,18397.0,69300
133,PRAG,PRAGATI ENGINEERING COLLEGE,PVT,EAST GODAVARI,PEDDAPURAM,COED,JNTUK,CSM,23224.0,23561.0,115495.0,121225,125763.0,139712.0,42115.0,121743,40104.0,41207,92873.0,92873.0,35390.0,35390,97115.0,97115,29223.0,26861.0,69300
134,PRAG,PRAGATI ENGINEERING COLLEGE,PVT,EAST GODAVARI,PEDDAPURAM,COED,JNTUK,ECE,66238.0,86347.0,143746.0,149705,130068.0,149189.0,71597.0,89672,67628.0,86347,66238.0,86347.0,66238.0,86347,106581.0,106581,91986.0,45782.0,69300
135,PRAG,PRAGATI ENGINEERING COLLEGE,PVT,EAST GODAVARI,PEDDAPURAM,COED,JNTUK,EEE,60304.0,106460.0,151454.0,151454,64053.0,106460.0,116712.0,116712,86357.0,106460,60304.0,106460.0,71697.0,106460,60304.0,106460,67698.0,62115.0,69300
136,PRAG,PRAGATI ENGINEERING COLLEGE,PVT,EAST GODAVARI,PEDDAPURAM,COED,JNTUK,INF,31590.0,31590.0,109405.0,109405,113622.0,113622.0,44840.0,44840,50397.0,63387,31590.0,31590.0,45557.0,45557,85990.0,85990,32407.0,35375.0,69300
137,PRAG,PRAGATI ENGINEERING COLLEGE,PVT,EAST GODAVARI,PEDDAPURAM,COED,JNTUK,MEC,88513.0,132467.0,151485.0,151485,119304.0,132467.0,133252.0,133252,103816.0,132467,88513.0,132467.0,108270.0,132467,133932.0,133932,106567.0,143067.0,69300
138,PREC,DR PAUL RAJS ENGINEERING COLLEGE,PVT,EAST GODAVARI,YETAPAKA,COED,JNTUK,CIV,139946.0,139946.0,139946.0,139946,139946.0,139946.0,139946.0,139946,139946.0,139946,139946.0,139946.0,139946.0,139946,139946.0,139946,999999.0,999999.0,43000
139,PREC,DR PAUL RAJS ENGINEERING COLLEGE,PVT,EAST GODAVARI,YETAPAKA,COED,JNTUK,CSE,110215.0,110215.0,146248.0,149974,121073.0,121073.0,140962.0,147107,151252.0,151252,110215.0,110215.0,122842.0,122842,110215.0,110215,135414.0,135414.0,43000
140,PREC,DR PAUL RAJS ENGINEERING COLLEGE,PVT,EAST GODAVARI,YETAPAKA,COED,JNTUK,ECE,144747.0,144747.0,144747.0,144747,144747.0,144747.0,144747.0,144747,144747.0,144747,144747.0,144747.0,144747.0,144747,144747.0,144747,999999.0,999999.0,43000
141,PREC,DR PAUL RAJS ENGINEERING COLLEGE,PVT,EAST GODAVARI,YETAPAKA,COED,JNTUK,EEE,126667.0,126667.0,126667.0,126667,126667.0,126667.0,126667.0,126667,126667.0,126667,126667.0,126667.0,126667.0,126667,126667.0,126667,999999.0,999999.0,43000
142,PREC,DR PAUL RAJS ENGINEERING COLLEGE,PVT,EAST GODAVARI,YETAPAKA,COED,JNTUK,MEC,137885.0,137885.0,137885.0,137885,137885.0,137885.0,137885.0,137885,137885.0,137885,137885.0,137885.0,137885.0,137885,137885.0,137885,999999.0,999999.0,43000
143,PYDE,PYDAH COLL OF ENGINEERING,PVT,EAST GODAVARI,KAKINADA,COED,JNTUK,CAI,148387.0,148387.0,148387.0,148387,148387.0,148387.0,148387.0,148387,148387.0,148387,148387.0,149410.0,148387.0,148387,148387.0,148387,126116.0,122244.0,43000
144,PYDE,PYDAH COLL OF ENGINEERING,PVT,EAST GODAVARI,KAKINADA,COED,JNTUK,CSE,92395.0,92395.0,151464.0,151464,112214.0,112214.0,149866.0,149866,146487.0,146487,92395.0,92395.0,145611.0,145611,138462.0,146970,131436.0,109742.0,43000
145,PYDE,PYDAH COLL OF ENGINEERING,PVT,EAST GODAVARI,KAKINADA,COED,JNTUK,ECE,112537.0,124670.0,151095.0,151095,112537.0,124670.0,149863.0,149863,115853.0,148985,112537.0,124670.0,149803.0,150200,112537.0,124670,125696.0,149479.0,43000
146,PYDP,PYDAH COLLEGE OF PHARMACY,PVT,EAST GODAVARI,KAKINADA,COED,AU,PHM,123068.0,123068.0,123068.0,123068,123068.0,123068.0,123068.0,123068,123068.0,123068,123068.0,123068.0,123068.0,123068,123068.0,123068,999999.0,999999.0,38000
147,RGCP,RAJIV GANDHI COLLEGE OF PHARMACY,PVT,EAST GODAVARI,RAJAHMUNDRY,COED,AU,PHM,151745.0,151745.0,151758.0,151758,151766.0,151766.0,151745.0,151745,151775.0,151775,151745.0,151745.0,151745.0,151745,151745.0,151745,999999.0,999999.0,39700
148,RIET,RAJAMAHENDRI INST OF ENGG AND TECHNOLOGY,PVT,EAST GODAVARI,RAJAHMUNDRY,COED,JNTUK,CSD,127384.0,127384.0,127384.0,127384,127384.0,127384.0,127384.0,127384,127384.0,127384,127384.0,127384.0,137875.0,137875,127384.0,127384,129716.0,143458.0,43000
149,RIET,RAJAMAHENDRI INST OF ENGG AND TECHNOLOGY,PVT,EAST GODAVARI,RAJAHMUNDRY,COED,JNTUK,CSE,131451.0,131451.0,150454.0,150454,131451.0,131451.0,149556.0,149556,131451.0,146065,131451.0,136294.0,135369.0,146377,146620.0,146620,97034.0,106709.0,43000
150,RIET,RAJAMAHENDRI INST OF ENGG AND TECHNOLOGY,PVT,EAST GODAVARI,RAJAHMUNDRY,COED,JNTUK,CSM,113257.0,122076.0,137802.0,137802,113257.0,122076.0,139391.0,139391,136844.0,142661,113257.0,122076.0,119957.0,122076,113257.0,122076,129723.0,91813.0,43000
151,RIET,RAJAMAHENDRI INST OF ENGG AND TECHNOLOGY,PVT,EAST GODAVARI,RAJAHMUNDRY,COED,JNTUK,ECE,122184.0,122184.0,122184.0,130456,122184.0,122184.0,122184.0,122184,131567.0,131567,122184.0,122184.0,148288.0,148288,122184.0,122184,144416.0,144416.0,43000
152,SRIN,SRINIVASA INST OF ENGG AND TECHNOLOGY,PVT,EAST GODAVARI,CHEYYERU,COED,JNTUK,AIM,114604.0,114604.0,150809.0,150809,114604.0,114604.0,146652.0,146652,135569.0,147985,131158.0,131158.0,147548.0,149596,134052.0,140838,100543.0,96301.0,47300
153,SRIN,SRINIVASA INST OF ENGG AND TECHNOLOGY,PVT,EAST GODAVARI,CHEYYERU,COED,JNTUK,CIV,145724.0,145724.0,145724.0,146035,145724.0,145724.0,145724.0,145724,145724.0,145724,145724.0,145724.0,145724.0,145724,145724.0,145724,138234.0,138234.0,47300
154,SRIN,SRINIVASA INST OF ENGG AND TECHNOLOGY,PVT,EAST GODAVARI,CHEYYERU,COED,JNTUK,CSE,56852.0,56852.0,129431.0,129431,140100.0,140100.0,136236.0,136236,93441.0,93441,102289.0,102289.0,114618.0,114618,92075.0,120044,73907.0,72656.0,47300
155,SRIN,SRINIVASA INST OF ENGG AND TECHNOLOGY,PVT,EAST GODAVARI,CHEYYERU,COED,JNTUK,ECE,101154.0,103270.0,145582.0,151051,115172.0,115172.0,149702.0,149702,133447.0,145047,101154.0,148519.0,125006.0,125006,128030.0,135136,105586.0,95199.0,47300
156,SRIN,SRINIVASA INST OF ENGG AND TECHNOLOGY,PVT,EAST GODAVARI,CHEYYERU,COED,JNTUK,EEE,122279.0,122279.0,143541.0,143541,122279.0,122279.0,136700.0,136700,149101.0,149101,122279.0,122279.0,142488.0,146235,122279.0,147413,136329.0,129156.0,47300
157,VJCP,V JS COLLEGE OF PHARMACY,PVT,EAST GODAVARI,RAJAHMUNDRY,COED,AU,PHM,129359.0,129359.0,129359.0,129359,129359.0,129359.0,129359.0,129359,129359.0,129359,129359.0,129359.0,129359.0,129359,129359.0,129359,999999.0,999999.0,57500
158,VKSR,VIKAS INST. OF PHARM.SCI.,PVT,EAST GODAVARI,RAJAHMUNDRY,COED,AU,PHD,151745.0,151745.0,151758.0,151758,151766.0,151766.0,151745.0,151745,151775.0,151775,151745.0,151745.0,151745.0,151745,151745.0,151745,999999.0,999999.0,56400
159,VKSR,VIKAS INST. OF PHARM.SCI.,PVT,EAST GODAVARI,RAJAHMUNDRY,COED,AU,PHM,97046.0,130401.0,97046.0,130401,97046.0,130401.0,97046.0,130401,97046.0,130401,97046.0,130401.0,97046.0,130401,97046.0,130401,999999.0,999999.0,50100
160,VSMR,V.S.M COLLEGE OF ENGINEERING,PVT,EAST GODAVARI,"RAMACHANDRAP
URAM",COED,JNTUK,CIV,131725.0,137960.0,135811.0,137960,131725.0,137960.0,131725.0,137960,145601.0,145601,131725.0,137960.0,131725.0,137960,131725.0,137960,150080.0,150080.0,56100
161,VSMR,V.S.M COLLEGE OF ENGINEERING,PVT,EAST GODAVARI,"RAMACHANDRAP
URAM",COED,JNTUK,CSD,124587.0,127715.0,150790.0,150790,124587.0,150303.0,146810.0,146810,124587.0,127715,124587.0,127715.0,136539.0,136539,148541.0,148541,95012.0,103814.0,56100
162,VSMR,V.S.M COLLEGE OF ENGINEERING,PVT,EAST GODAVARI,"RAMACHANDRAP
URAM",COED,JNTUK,CSE,65255.0,96021.0,134487.0,149419,135461.0,135461.0,113170.0,113170,101532.0,101532,65255.0,108459.0,121696.0,121696,113825.0,129660,75390.0,77500.0,56100
163,VSMR,V.S.M COLLEGE OF ENGINEERING,PVT,EAST GODAVARI,"RAMACHANDRAP
URAM",COED,JNTUK,CSM,88364.0,88364.0,146335.0,149799,101800.0,101800.0,140497.0,140497,109553.0,114232,124692.0,124692.0,129395.0,129395,144639.0,144639,102560.0,84937.0,56100
164,VSMR,V.S.M COLLEGE OF ENGINEERING,PVT,EAST GODAVARI,"RAMACHANDRAP
URAM",COED,JNTUK,ECE,97334.0,119993.0,151447.0,151447,142170.0,142170.0,130452.0,142406,130596.0,150540,143437.0,143437.0,147083.0,147083,130391.0,130391,110810.0,124585.0,56100
165,VSMR,V.S.M COLLEGE OF ENGINEERING,PVT,EAST GODAVARI,"RAMACHANDRAP
URAM",COED,JNTUK,EEE,142329.0,142329.0,142817.0,147879,144787.0,148241.0,142329.0,146317,142329.0,142329,142329.0,142329.0,149447.0,149447,142329.0,142329,129544.0,132873.0,56100
166,VSMR,V.S.M COLLEGE OF ENGINEERING,PVT,EAST GODAVARI,"RAMACHANDRAP
URAM",COED,JNTUK,MEC,141957.0,141957.0,141957.0,141957,141957.0,141957.0,141957.0,141957,141957.0,141957,141957.0,141957.0,141957.0,141957,141957.0,141957,999999.0,999999.0,56100
167,AMRN,A.M.REDDY MEMORIAL COLL. OF ENGINEERING,PVT,GUNTUR,NARSARAOPET,COED,JNTUK,AGR,151745.0,151745.0,151758.0,151758,151766.0,151766.0,151745.0,151745,151775.0,151775,151745.0,151745.0,151745.0,151745,151745.0,151745,999999.0,999999.0,43000
168,AMRN,A.M.REDDY MEMORIAL COLL. OF ENGINEERING,PVT,GUNTUR,NARSARAOPET,COED,JNTUK,CIV,151380.0,151380.0,151380.0,151380,151380.0,151380.0,151380.0,151380,151380.0,151380,151380.0,151380.0,151380.0,151380,151380.0,151380,999999.0,999999.0,43000
169,AMRN,A.M.REDDY MEMORIAL COLL. OF ENGINEERING,PVT,GUNTUR,NARSARAOPET,COED,JNTUK,CS,131819.0,131819.0,139808.0,139808,131819.0,131819.0,131819.0,131819,144603.0,144603,131819.0,131819.0,131819.0,131819,131819.0,131819,999999.0,999999.0,43000
170,AMRN,A.M.REDDY MEMORIAL COLL. OF ENGINEERING,PVT,GUNTUR,NARSARAOPET,COED,JNTUK,CSE,115914.0,115914.0,137813.0,138064,140056.0,140056.0,137047.0,140163,144599.0,144599,119729.0,119729.0,150983.0,151566,151281.0,151281,144214.0,144506.0,43000
171,AMRN,A.M.REDDY MEMORIAL COLL. OF ENGINEERING,PVT,GUNTUR,NARSARAOPET,COED,JNTUK,ECE,112235.0,117032.0,148445.0,148445,112235.0,117032.0,112235.0,117032,124530.0,124530,112235.0,117032.0,141898.0,141898,130737.0,130737,147110.0,147110.0,43000
172,AMRN,A.M.REDDY MEMORIAL COLL. OF ENGINEERING,PVT,GUNTUR,NARSARAOPET,COED,JNTUK,EEE,149100.0,149100.0,149100.0,149100,149100.0,149100.0,149100.0,149100,149100.0,149100,149100.0,149100.0,149100.0,149100,149100.0,149100,999999.0,999999.0,43000
173,ANCUSF,DR.YSR COLLEGE OF ENGINEERING & TECHNOLOGY-SELF FINANCE,SF,GUNTUR,GUNTUR,COED,ANU,AIM,40190.0,46476.0,99116.0,99116,119290.0,141329.0,98378.0,120404,87638.0,98154,122424.0,122424.0,76265.0,76265,102327.0,102327,70762.0,73462.0,40000
174,ANCUSF,DR.YSR COLLEGE OF ENGINEERING & TECHNOLOGY-SELF FINANCE,SF,GUNTUR,GUNTUR,COED,ANU,CIV,125029.0,125029.0,138554.0,143456,127242.0,127242.0,125029.0,125029,125029.0,125029,125029.0,125029.0,145900.0,145900,125029.0,125029,999999.0,999999.0,40000
175,ANCUSF,DR.YSR COLLEGE OF ENGINEERING & TECHNOLOGY-SELF FINANCE,SF,GUNTUR,GUNTUR,COED,ANU,CS,56169.0,56169.0,106474.0,128727,105329.0,151294.0,113974.0,113974,116846.0,116846,56169.0,56169.0,86624.0,143896,74259.0,74259,81625.0,67925.0,40000
176,ANCUSF,DR.YSR COLLEGE OF ENGINEERING & TECHNOLOGY-SELF FINANCE,SF,GUNTUR,GUNTUR,COED,ANU,CSE,29160.0,32735.0,36520.0,62313,83992.0,83992.0,29160.0,76989,57766.0,57766,29160.0,91129.0,37861.0,37861,55433.0,55433,25830.0,38260.0,40000
177,ANCUSF,DR.YSR COLLEGE OF ENGINEERING & TECHNOLOGY-SELF FINANCE,SF,GUNTUR,GUNTUR,COED,ANU,DS,60174.0,60174.0,118867.0,138922,104749.0,104749.0,120804.0,120804,130751.0,130751,117138.0,117138.0,75092.0,95962,101306.0,122403,77426.0,72448.0,40000
178,ANCUSF,DR.YSR COLLEGE OF ENGINEERING & TECHNOLOGY-SELF FINANCE,SF,GUNTUR,GUNTUR,COED,ANU,ECE,41153.0,41153.0,82942.0,86866,113532.0,113532.0,78115.0,88899,79138.0,79138,98115.0,98115.0,57738.0,62426,116109.0,116109,50979.0,61799.0,40000
179,ANCUSF,DR.YSR COLLEGE OF ENGINEERING & TECHNOLOGY-SELF FINANCE,SF,GUNTUR,GUNTUR,COED,ANU,EEE,86937.0,86937.0,146303.0,146303,145110.0,145110.0,149038.0,149038,143328.0,143328,86937.0,86937.0,103797.0,133580,148367.0,148367,112651.0,112651.0,40000
180,ANCUSF,DR.YSR COLLEGE OF ENGINEERING & TECHNOLOGY-SELF FINANCE,SF,GUNTUR,GUNTUR,COED,ANU,MEC,127137.0,138069.0,150883.0,150883,128881.0,138069.0,127137.0,138069,144004.0,144004,127137.0,138069.0,147113.0,147113,127137.0,138069,999999.0,999999.0,40000
181,ANUPSF,ANU COLL OF PHARMACEUTICAL SCIENCES-SELF FINANCE,SF,GUNTUR,GUNTUR,COED,ANU,PHM,139222.0,139222.0,139222.0,139222,139222.0,139222.0,139222.0,139222,139222.0,139222,139222.0,139222.0,139222.0,139222,139222.0,139222,999999.0,999999.0,37500
182,ARMN,A M REDDY MEMORIAL COLL. OF PHARMACY,PVT,GUNTUR,NARSARAOPET,COED,ANU,PHM,151745.0,151745.0,151758.0,151758,151766.0,151766.0,151745.0,151745,151775.0,151775,151745.0,151745.0,151745.0,151745,151745.0,151745,999999.0,999999.0,46300
183,ASNT,A S N PHARMACY COLLEGE,PVT,GUNTUR,TENALI,COED,ANU,PHD,151745.0,151745.0,151758.0,151758,151766.0,151766.0,151745.0,151745,151775.0,151775,151745.0,151745.0,151745.0,151745,151745.0,151745,999999.0,999999.0,38000
184,BCOP,BAPATLA COLLEGE OF PHARMACY,PVT,GUNTUR,BAPATLA,COED,JNTUK,PHM,151745.0,151745.0,151758.0,151758,151766.0,151766.0,151745.0,151745,151775.0,151775,151745.0,151745.0,151745.0,151745,151745.0,151745,999999.0,999999.0,65600
185,BECB,BAPATLA ENGINEERING COLLEGE,PVT,GUNTUR,BAPATLA,COED,ANU,CIV,116231.0,116231.0,150470.0,150470,131654.0,151317.0,144007.0,144007,147906.0,150575,116231.0,116231.0,140751.0,150592,137565.0,137565,150818.0,143403.0,67100
186,BECB,BAPATLA ENGINEERING COLLEGE,PVT,GUNTUR,BAPATLA,COED,ANU,CS,66795.0,66795.0,134295.0,134295,133015.0,133015.0,77192.0,97404,74180.0,148127,66795.0,66795.0,66795.0,80602,95571.0,95571,47197.0,58514.0,67100
187,BECB,BAPATLA ENGINEERING COLLEGE,PVT,GUNTUR,BAPATLA,COED,ANU,CSE,56762.0,60935.0,59905.0,60935,112310.0,126784.0,56762.0,60935,56762.0,99091,56762.0,60935.0,59117.0,60935,56762.0,60935,28655.0,27475.0,67100
188,BECB,BAPATLA ENGINEERING COLLEGE,PVT,GUNTUR,BAPATLA,COED,ANU,CSM,34257.0,92691.0,95146.0,95146,135585.0,135585.0,62653.0,92691,58645.0,92691,62503.0,92691.0,44963.0,92691,80036.0,92691,35843.0,35694.0,67100
189,BECB,BAPATLA ENGINEERING COLLEGE,PVT,GUNTUR,BAPATLA,COED,ANU,DS,77750.0,77750.0,119457.0,120443,124020.0,124020.0,77750.0,118123,84343.0,146555,138877.0,138877.0,77750.0,77750,92445.0,92445,49916.0,49641.0,67100
190,BECB,BAPATLA ENGINEERING COLLEGE,PVT,GUNTUR,BAPATLA,COED,ANU,ECE,95519.0,95519.0,106300.0,143308,121644.0,136103.0,107257.0,117446,131005.0,131005,95519.0,95519.0,95519.0,115517,95519.0,95519,132422.0,55908.0,67100
191,BECB,BAPATLA ENGINEERING COLLEGE,PVT,GUNTUR,BAPATLA,COED,ANU,EEE,87751.0,106973.0,148283.0,151345,104568.0,106973.0,138204.0,149042,145024.0,145024,87751.0,106973.0,129411.0,150690,122508.0,147857,144786.0,145019.0,67100
192,BECB,BAPATLA ENGINEERING COLLEGE,PVT,GUNTUR,BAPATLA,COED,ANU,INF,43243.0,43243.0,108998.0,121659,129168.0,131571.0,76413.0,117064,70568.0,70568,126712.0,126712.0,49154.0,56343,98895.0,98895,47245.0,49472.0,67100
193,BECB,BAPATLA ENGINEERING COLLEGE,PVT,GUNTUR,BAPATLA,COED,ANU,MEC,106997.0,106997.0,150246.0,150246,136553.0,136553.0,127917.0,127917,144254.0,144254,106997.0,106997.0,142274.0,142274,118751.0,118751,147147.0,119519.0,67100
194,BWEC,BAPATLA WOMENS ENGG COLLEGE,PVT,GUNTUR,BAPATLA,GIRLS,ANU,AIM,83725.0,83725.0,137280.0,137280,83725.0,83725.0,110106.0,110106,117298.0,117298,999999.0,999999.0,113669.0,113669,148160.0,148160,92541.0,92541.0,43000
195,BWEC,BAPATLA WOMENS ENGG COLLEGE,PVT,GUNTUR,BAPATLA,GIRLS,ANU,CSE,72115.0,72115.0,118835.0,118835,140357.0,140357.0,134025.0,134025,148482.0,148482,72115.0,72115.0,78604.0,78604,127488.0,127488,70511.0,70511.0,43000
196,BWEC,BAPATLA WOMENS ENGG COLLEGE,PVT,GUNTUR,BAPATLA,GIRLS,ANU,ECE,127503.0,127503.0,142658.0,142658,142609.0,142609.0,146096.0,146096,138216.0,138216,999999.0,999999.0,137454.0,137454,132994.0,132994,145309.0,145309.0,43000
197,CIET,CHALAPATHI INST OF ENGG AND TECHNOLOGY,PVT,GUNTUR,GUNTUR,COED,ANU,CAI,74799.0,74799.0,150696.0,150696,120408.0,120408.0,143961.0,143961,128002.0,128002,74799.0,74799.0,88332.0,122449,91940.0,101811,84168.0,85038.0,43000
198,CIET,CHALAPATHI INST OF ENGG AND TECHNOLOGY,PVT,GUNTUR,GUNTUR,COED,ANU,CIT,99912.0,109953.0,149734.0,149734,99912.0,109953.0,141435.0,141435,128583.0,133841,100575.0,109953.0,146849.0,146849,117137.0,117137,91548.0,121097.0,43000
199,CIET,CHALAPATHI INST OF ENGG AND TECHNOLOGY,PVT,GUNTUR,GUNTUR,COED,ANU,CSC,97258.0,97258.0,139063.0,140874,149685.0,149685.0,97258.0,115469,140517.0,140584,97258.0,97258.0,124470.0,124470,124552.0,124552,90894.0,100038.0,43000
200,CIET,CHALAPATHI INST OF ENGG AND TECHNOLOGY,PVT,GUNTUR,GUNTUR,COED,ANU,CSD,66790.0,69120.0,129922.0,143440,130235.0,146136.0,126887.0,126887,136911.0,136911,66790.0,69120.0,94275.0,94275,90326.0,106236,74241.0,79863.0,43000
201,CIET,CHALAPATHI INST OF ENGG AND TECHNOLOGY,PVT,GUNTUR,GUNTUR,COED,ANU,CSE,58731.0,61411.0,131464.0,131464,139400.0,139400.0,144536.0,148385,150846.0,150846,58731.0,76393.0,74832.0,74832,116802.0,126915,72851.0,68591.0,43000
202,CIET,CHALAPATHI INST OF ENGG AND TECHNOLOGY,PVT,GUNTUR,GUNTUR,COED,ANU,CSM,67451.0,74742.0,137596.0,137596,95147.0,95147.0,126591.0,132616,137020.0,137631,67451.0,74742.0,87693.0,104939,94591.0,94591,70996.0,78174.0,43000
203,CIET,CHALAPATHI INST OF ENGG AND TECHNOLOGY,PVT,GUNTUR,GUNTUR,COED,ANU,ECE,91847.0,132196.0,150886.0,150886,150369.0,150369.0,148835.0,148835,147758.0,147758,125132.0,135867.0,148763.0,148763,140951.0,140951,108265.0,107611.0,43000
204,CIET,CHALAPATHI INST OF ENGG AND TECHNOLOGY,PVT,GUNTUR,GUNTUR,COED,ANU,EEE,133913.0,133913.0,144345.0,144345,149072.0,149072.0,133913.0,133913,146259.0,146259,133913.0,133913.0,149707.0,149707,133913.0,133913,999999.0,999999.0,43000
205,CIPS,CHEBROLU HANUMAIAH INST. OF PHARM SCIENCES,PVT,GUNTUR,GUNTUR,COED,ANU,PHM,151745.0,151745.0,151758.0,151758,151766.0,151766.0,151745.0,151745,151775.0,151775,151745.0,151745.0,151745.0,151745,151745.0,151745,999999.0,999999.0,59600
206,CITY,CHALAPATHI INST OF TECHNOLOGY,PVT,GUNTUR,GUNTUR,COED,JNTUK,AIM,93372.0,93372.0,151591.0,151591,93372.0,100484.0,128584.0,134984,147566.0,147566,142605.0,142605.0,110863.0,145947,139162.0,139162,98114.0,96634.0,43000
207,CITY,CHALAPATHI INST OF TECHNOLOGY,PVT,GUNTUR,GUNTUR,COED,JNTUK,CAI,128932.0,146982.0,135996.0,147373,131869.0,148041.0,137458.0,148483,144381.0,149698,128932.0,146982.0,143720.0,147530,146461.0,146982,130640.0,124639.0,43000
208,CITY,CHALAPATHI INST OF TECHNOLOGY,PVT,GUNTUR,GUNTUR,COED,JNTUK,CSC,119759.0,119759.0,149935.0,149935,133564.0,133564.0,140769.0,140769,133358.0,144447,119759.0,119759.0,148745.0,148745,140703.0,147156,136813.0,132307.0,43000
209,CITY,CHALAPATHI INST OF TECHNOLOGY,PVT,GUNTUR,GUNTUR,COED,JNTUK,CSD,140478.0,140478.0,148847.0,151772,140478.0,140478.0,148554.0,148554,149369.0,149369,140478.0,140478.0,140478.0,140478,140478.0,140478,117887.0,133228.0,43000
210,CITY,CHALAPATHI INST OF TECHNOLOGY,PVT,GUNTUR,GUNTUR,COED,JNTUK,CSE,67112.0,96559.0,139788.0,140268,145667.0,145667.0,124042.0,148589,146627.0,147316,114810.0,114810.0,109635.0,118960,115744.0,135406,83308.0,93962.0,43000
211,CITY,CHALAPATHI INST OF TECHNOLOGY,PVT,GUNTUR,GUNTUR,COED,JNTUK,ECE,134168.0,135333.0,142306.0,151457,148306.0,148306.0,145357.0,145357,148910.0,148910,134168.0,139555.0,148708.0,148708,143404.0,149775,134014.0,126976.0,43000
212,CLPT,CHALAPATHI INSTITUTE OF PHARMACEUTICAL SCI.,PVT,GUNTUR,GUNTUR,COED,ANU,PHD,23756.0,23756.0,23756.0,23756,23756.0,23756.0,23756.0,23756,23756.0,23756,23756.0,23756.0,23756.0,23756,23756.0,23756,999999.0,999999.0,65000
213,CLPT,CHALAPATHI INSTITUTE OF PHARMACEUTICAL SCI.,PVT,GUNTUR,GUNTUR,COED,ANU,PHM,110114.0,110114.0,110114.0,110114,110114.0,110114.0,110114.0,110114,110114.0,110114,110114.0,110114.0,110114.0,110114,110114.0,110114,999999.0,999999.0,77500
214,ESWR,ESWAR COLLEGE OF ENGINEERING,PVT,GUNTUR,NARSARAOPET,COED,JNTUK,AUT,106253.0,106253.0,106253.0,106253,106253.0,106253.0,106253.0,106253,106253.0,106253,106253.0,106253.0,106253.0,106253,106253.0,106253,999999.0,999999.0,43000
215,ESWR,ESWAR COLLEGE OF ENGINEERING,PVT,GUNTUR,NARSARAOPET,COED,JNTUK,CAI,129026.0,129026.0,151111.0,151111,146873.0,146873.0,129026.0,129026,129026.0,134597,129026.0,129026.0,136799.0,148272,129026.0,129026,151129.0,142875.0,43000
216,ESWR,ESWAR COLLEGE OF ENGINEERING,PVT,GUNTUR,NARSARAOPET,COED,JNTUK,CIV,137716.0,137716.0,137716.0,137716,137716.0,137716.0,137716.0,137716,137716.0,137716,137716.0,137716.0,137716.0,137716,137716.0,137716,999999.0,999999.0,43000
217,ESWR,ESWAR COLLEGE OF ENGINEERING,PVT,GUNTUR,NARSARAOPET,COED,JNTUK,CSE,119701.0,119701.0,141593.0,151746,128140.0,128140.0,150229.0,150229,143292.0,143292,145938.0,145938.0,148940.0,148940,119701.0,119701,150595.0,129969.0,43000
218,ESWR,ESWAR COLLEGE OF ENGINEERING,PVT,GUNTUR,NARSARAOPET,COED,JNTUK,CSG,142068.0,142068.0,142068.0,142068,142068.0,142068.0,142068.0,142068,142068.0,142068,142068.0,142068.0,142068.0,142068,142068.0,142068,999999.0,999999.0,43000
219,ESWR,ESWAR COLLEGE OF ENGINEERING,PVT,GUNTUR,NARSARAOPET,COED,JNTUK,CSM,146112.0,146112.0,146112.0,146112,149431.0,149431.0,146112.0,146112,146112.0,146112,146112.0,146112.0,146112.0,146112,146112.0,146112,141956.0,141956.0,43000
220,ESWR,ESWAR COLLEGE OF ENGINEERING,PVT,GUNTUR,NARSARAOPET,COED,JNTUK,ECE,144772.0,144772.0,144772.0,144772,144772.0,144772.0,144772.0,144772,144772.0,144772,144772.0,144772.0,144772.0,144772,144772.0,144772,999999.0,999999.0,43000
221,GECG,GUNTUR ENGINEERING COLLEGE,PVT,GUNTUR,GUNTUR,COED,JNTUK,CSD,76022.0,76022.0,137616.0,151208,150841.0,150841.0,140789.0,147453,130195.0,130195,147023.0,147023.0,94349.0,137934,117533.0,117533,90774.0,106835.0,43000
222,GECG,GUNTUR ENGINEERING COLLEGE,PVT,GUNTUR,GUNTUR,COED,JNTUK,CSE,102996.0,102996.0,128707.0,132609,134312.0,135432.0,146342.0,146342,143460.0,143460,102996.0,146554.0,106485.0,106485,111849.0,114140,89098.0,90835.0,43000
223,GECG,GUNTUR ENGINEERING COLLEGE,PVT,GUNTUR,GUNTUR,COED,JNTUK,CSM,62974.0,77555.0,146110.0,146110,90295.0,90295.0,128679.0,138827,136089.0,150258,62974.0,77555.0,150537.0,150537,141779.0,141779,91874.0,105444.0,43000
224,GECG,GUNTUR ENGINEERING COLLEGE,PVT,GUNTUR,GUNTUR,COED,JNTUK,ECE,103233.0,111884.0,125191.0,125191,113982.0,135665.0,120052.0,120052,148258.0,148258,103233.0,111884.0,135810.0,148563,123462.0,123462,112977.0,117260.0,43000
225,GVRS,G V R AND S COLLEGE OF ENGG. AND TECHNOLOGY,PVT,GUNTUR,GUNTUR,COED,JNTUK,AID,149115.0,149115.0,149115.0,149115,149115.0,149115.0,149115.0,149115,149115.0,149115,149115.0,149115.0,149115.0,149115,149115.0,149115,999999.0,999999.0,43000
226,GVRS,G V R AND S COLLEGE OF ENGG. AND TECHNOLOGY,PVT,GUNTUR,GUNTUR,COED,JNTUK,CSE,106815.0,110835.0,151608.0,151608,149965.0,149965.0,143400.0,143400,137910.0,147703,106815.0,110835.0,141106.0,141321,106815.0,110835,140815.0,119446.0,43000
227,GVRS,G V R AND S COLLEGE OF ENGG. AND TECHNOLOGY,PVT,GUNTUR,GUNTUR,COED,JNTUK,CSM,151745.0,151745.0,151745.0,151745,151766.0,151766.0,151745.0,151745,151745.0,151745,151745.0,151745.0,151745.0,151745,151745.0,151745,140572.0,140572.0,43000
228,GVRS,G V R AND S COLLEGE OF ENGG. AND TECHNOLOGY,PVT,GUNTUR,GUNTUR,COED,JNTUK,ECE,143379.0,143379.0,143379.0,143379,143379.0,143379.0,143379.0,143379,143379.0,143379,143379.0,143379.0,143379.0,143379,143379.0,143379,999999.0,999999.0,43000
229,HICP,HINDU COLLEGE OF PHARMACY,PVT,GUNTUR,GUNTUR,COED,ANU,PHD,140808.0,140808.0,140808.0,140808,140808.0,140808.0,140808.0,140808,140808.0,140808,140808.0,140808.0,140808.0,140808,140808.0,140808,999999.0,999999.0,65000
230,HICP,HINDU COLLEGE OF PHARMACY,PVT,GUNTUR,GUNTUR,COED,ANU,PHM,143903.0,143903.0,143903.0,143903,143903.0,143903.0,143903.0,143903,143903.0,143903,143903.0,143903.0,143903.0,143903,143903.0,143903,999999.0,999999.0,53500
231,HIND,HINDU COLLEGE OF ENGINEERING AND TECHNOLOGY,PVT,GUNTUR,GUNTUR,COED,JNTUK,AIM,126467.0,149124.0,142440.0,149124,126467.0,149124.0,126467.0,149124,126467.0,149124,126467.0,149124.0,126467.0,149124,126467.0,149124,123704.0,123704.0,43000
232,HIND,HINDU COLLEGE OF ENGINEERING AND TECHNOLOGY,PVT,GUNTUR,GUNTUR,COED,JNTUK,CSE,131235.0,131235.0,142437.0,144290,131235.0,131235.0,131235.0,131235,138423.0,138423,131235.0,131235.0,142221.0,142221,131235.0,131235,149919.0,126126.0,43000
233,HIND,HINDU COLLEGE OF ENGINEERING AND TECHNOLOGY,PVT,GUNTUR,GUNTUR,COED,JNTUK,ECE,131427.0,131427.0,131427.0,131427,131427.0,131427.0,131427.0,131427,131427.0,131427,131427.0,131427.0,131427.0,131427,131427.0,131427,999999.0,999999.0,43000
234,JNTN,JNTUK COLLEGE OF ENGINEERING NARSARAOPETA,UNIV,GUNTUR,NARSARAOPET,COED,JNTUK,CIV,60680.0,104550.0,128771.0,128771,139894.0,139894.0,134083.0,142881,60680.0,104550,60680.0,104550.0,132947.0,132947,134602.0,134602,136199.0,137220.0,10000
235,JNTN,JNTUK COLLEGE OF ENGINEERING NARSARAOPETA,UNIV,GUNTUR,NARSARAOPET,COED,JNTUK,CSE,18889.0,18889.0,40129.0,42722,37643.0,48543.0,38678.0,38678,29726.0,29726,18889.0,18889.0,26872.0,28664,29776.0,29776,22584.0,10895.0,10000
236,JNTN,JNTUK COLLEGE OF ENGINEERING NARSARAOPETA,UNIV,GUNTUR,NARSARAOPET,COED,JNTUK,ECE,28248.0,30297.0,86538.0,94270,59527.0,59527.0,36250.0,36250,34504.0,90000,45692.0,45692.0,45461.0,45800,33797.0,59056,39737.0,49680.0,10000
237,JNTN,JNTUK COLLEGE OF ENGINEERING NARSARAOPETA,UNIV,GUNTUR,NARSARAOPET,COED,JNTUK,EEE,49031.0,49031.0,151736.0,151736,92460.0,102648.0,137348.0,137348,114179.0,114179,104361.0,104361.0,93616.0,106902,144860.0,144860,123235.0,123235.0,10000
238,JNTN,JNTUK COLLEGE OF ENGINEERING NARSARAOPETA,UNIV,GUNTUR,NARSARAOPET,COED,JNTUK,MEC,84261.0,122460.0,139709.0,149678,112898.0,122460.0,98519.0,122460,131499.0,144965,84261.0,146451.0,141159.0,141159,120260.0,122460,99770.0,99770.0,10000
239,KECW,KRISHNAVENI ENGG COLLEGE FOR WOMEN,PVT,GUNTUR,NARSARAOPET,GIRLS,JNTUK,CSE,114726.0,114726.0,148419.0,148419,127197.0,127197.0,126760.0,126760,114726.0,114726,999999.0,999999.0,130431.0,130431,114726.0,114726,147728.0,147728.0,43000
240,KHIT,KALLAM HARANADH REDDY INST OF TECH,PVT,GUNTUR,GUNTUR,COED,JNTUK,CAD,72319.0,77849.0,144696.0,146914,143727.0,148935.0,126236.0,126236,129189.0,129189,120833.0,120833.0,142006.0,142006,87083.0,87083,84289.0,85792.0,47300
241,KHIT,KALLAM HARANADH REDDY INST OF TECH,PVT,GUNTUR,GUNTUR,COED,JNTUK,CIV,125133.0,125133.0,138245.0,138634,125133.0,142024.0,130641.0,136743,150226.0,150226,125133.0,125133.0,150635.0,150635,145451.0,145451,999999.0,999999.0,47300
242,KHIT,KALLAM HARANADH REDDY INST OF TECH,PVT,GUNTUR,GUNTUR,COED,JNTUK,CSD,60028.0,60028.0,130554.0,140149,133657.0,140201.0,120952.0,120952,102609.0,102609,60028.0,60028.0,85398.0,85398,86302.0,86302,70038.0,66973.0,47300
243,KHIT,KALLAM HARANADH REDDY INST OF TECH,PVT,GUNTUR,GUNTUR,COED,JNTUK,CSE,48020.0,77272.0,107893.0,113504,141830.0,141830.0,105218.0,112311,86454.0,91348,69613.0,77272.0,76491.0,77272,74329.0,78810,52178.0,53372.0,47300
244,KHIT,KALLAM HARANADH REDDY INST OF TECH,PVT,GUNTUR,GUNTUR,COED,JNTUK,CSM,58955.0,82325.0,133473.0,149846,132689.0,141584.0,107867.0,112737,113522.0,148340,115376.0,115376.0,100940.0,106734,97399.0,97399,73283.0,73991.0,47300
245,KHIT,KALLAM HARANADH REDDY INST OF TECH,PVT,GUNTUR,GUNTUR,COED,JNTUK,ECE,96190.0,96190.0,144152.0,144152,147828.0,149508.0,148613.0,148613,133795.0,141427,119035.0,119035.0,127644.0,127644,120843.0,120843,85538.0,90531.0,47300
246,KHIT,KALLAM HARANADH REDDY INST OF TECH,PVT,GUNTUR,GUNTUR,COED,JNTUK,EEE,121272.0,121272.0,150727.0,150727,121272.0,121272.0,143055.0,143055,121272.0,121272,121272.0,121272.0,121272.0,141982,121272.0,121272,133569.0,137836.0,47300
247,KHIT,KALLAM HARANADH REDDY INST OF TECH,PVT,GUNTUR,GUNTUR,COED,JNTUK,INF,60454.0,60454.0,118234.0,146707,60454.0,133829.0,122142.0,122142,119013.0,119013,60454.0,60454.0,95676.0,100046,105885.0,105885,68655.0,69332.0,47300
248,KHIT,KALLAM HARANADH REDDY INST OF TECH,PVT,GUNTUR,GUNTUR,COED,JNTUK,MEC,110088.0,110088.0,144978.0,147234,148212.0,148212.0,143607.0,143607,134389.0,144507,110088.0,110088.0,138567.0,138567,110088.0,110088,139410.0,139410.0,47300
249,KITS,KKR AND KSR INST OF TECHNOLOGY AND SCI,PVT,GUNTUR,GUNTUR,COED,JNTUK,CAI,30273.0,30273.0,95207.0,95207,131165.0,139934.0,52680.0,57102,56953.0,56953,30273.0,30273.0,51648.0,51956,53364.0,53364,33086.0,32833.0,43000
250,KITS,KKR AND KSR INST OF TECHNOLOGY AND SCI,PVT,GUNTUR,GUNTUR,COED,JNTUK,CSD,27815.0,28981.0,92858.0,93652,126556.0,126556.0,51239.0,55349,52345.0,53561,70306.0,70306.0,47962.0,47962,41616.0,48877,29871.0,29540.0,43000
251,KITS,KKR AND KSR INST OF TECHNOLOGY AND SCI,PVT,GUNTUR,GUNTUR,COED,JNTUK,CSE,24281.0,24281.0,62471.0,62471,102459.0,102459.0,43478.0,43478,38238.0,38238,34180.0,34180.0,39655.0,40509,28386.0,28386,25751.0,25722.0,43000
252,KITS,KKR AND KSR INST OF TECHNOLOGY AND SCI,PVT,GUNTUR,GUNTUR,COED,JNTUK,CSM,23266.0,23266.0,73642.0,85390,141272.0,149715.0,38768.0,50743,46321.0,46321,23266.0,23266.0,39286.0,39286,36219.0,44786,26454.0,26802.0,43000
253,KITS,KKR AND KSR INST OF TECHNOLOGY AND SCI,PVT,GUNTUR,GUNTUR,COED,JNTUK,ECE,39325.0,50361.0,95424.0,104649,147268.0,149691.0,71744.0,71744,65896.0,65896,65313.0,65313.0,59132.0,59132,59510.0,63453,42107.0,41389.0,43000
254,KITS,KKR AND KSR INST OF TECHNOLOGY AND SCI,PVT,GUNTUR,GUNTUR,COED,JNTUK,EEE,99161.0,104993.0,139865.0,140289,144674.0,144674.0,115232.0,128832,123177.0,137504,99161.0,104993.0,113589.0,140547,135766.0,135766,110828.0,118797.0,43000
255,KITS,KKR AND KSR INST OF TECHNOLOGY AND SCI,PVT,GUNTUR,GUNTUR,COED,JNTUK,INF,33640.0,33640.0,127135.0,127135,140308.0,140308.0,59272.0,60602,63163.0,63163,33781.0,51826.0,51047.0,53229,59266.0,59266,36756.0,37049.0,43000
256,LOYL,LOYOLA INSTITUTE OF TECHNOLOGY AND MGMT,PVT,GUNTUR,SATTENAPALLY,COED,JNTUK,CSD,146632.0,146632.0,150946.0,150946,146632.0,146632.0,146632.0,146632,146632.0,146632,146632.0,146632.0,146632.0,146632,146632.0,146632,116204.0,116204.0,43000
257,LOYL,LOYOLA INSTITUTE OF TECHNOLOGY AND MGMT,PVT,GUNTUR,SATTENAPALLY,COED,JNTUK,CSE,140307.0,140307.0,149550.0,149550,151319.0,151319.0,140307.0,144739,147133.0,149740,140307.0,140307.0,140307.0,140307,140307.0,140307,138523.0,129693.0,43000
258,LOYL,LOYOLA INSTITUTE OF TECHNOLOGY AND MGMT,PVT,GUNTUR,SATTENAPALLY,COED,JNTUK,CSM,107772.0,107772.0,142903.0,142903,137840.0,137840.0,148450.0,148450,107772.0,107772,107772.0,107772.0,107772.0,107772,107772.0,107772,999999.0,999999.0,43000
259,LOYL,LOYOLA INSTITUTE OF TECHNOLOGY AND MGMT,PVT,GUNTUR,SATTENAPALLY,COED,JNTUK,ECE,106396.0,106396.0,118696.0,118696,148158.0,148158.0,106396.0,106396,145635.0,145635,106396.0,106396.0,124485.0,124485,106396.0,106396,999999.0,999999.0,43000
260,MLEW,MALINENI LAKSHMAIAH WOMENS ENGG. COLLEGE,PVT,GUNTUR,GUNTUR,GIRLS,JNTUK,AID,85282.0,85282.0,141647.0,141647,88392.0,88392.0,142875.0,142875,143008.0,143008,999999.0,999999.0,117973.0,117973,125386.0,125386,86203.0,86203.0,43000
261,MLEW,MALINENI LAKSHMAIAH WOMENS ENGG. COLLEGE,PVT,GUNTUR,GUNTUR,GIRLS,JNTUK,CSD,82838.0,82838.0,136085.0,136085,98049.0,98049.0,124939.0,124939,146471.0,146471,119599.0,119599.0,105083.0,105083,121662.0,121662,98988.0,98988.0,43000
262,MLEW,MALINENI LAKSHMAIAH WOMENS ENGG. COLLEGE,PVT,GUNTUR,GUNTUR,GIRLS,JNTUK,CSE,58882.0,58882.0,132644.0,132644,137096.0,137096.0,102245.0,102245,119781.0,119781,74350.0,74350.0,76608.0,76608,84185.0,84185,64745.0,64745.0,43000
263,MLEW,MALINENI LAKSHMAIAH WOMENS ENGG. COLLEGE,PVT,GUNTUR,GUNTUR,GIRLS,JNTUK,CSM,69405.0,69405.0,140008.0,140008,69405.0,69405.0,95814.0,95814,144396.0,144396,93586.0,93586.0,98233.0,98233,99450.0,99450,76563.0,76563.0,43000
264,MLEW,MALINENI LAKSHMAIAH WOMENS ENGG. COLLEGE,PVT,GUNTUR,GUNTUR,GIRLS,JNTUK,ECE,103890.0,103890.0,150345.0,150345,122295.0,122295.0,144608.0,144608,149509.0,149509,999999.0,999999.0,130904.0,130904,150272.0,150272,113862.0,113862.0,43000
265,MLEW,MALINENI LAKSHMAIAH WOMENS ENGG. COLLEGE,PVT,GUNTUR,GUNTUR,GIRLS,JNTUK,INF,87090.0,87090.0,150583.0,150583,151189.0,151189.0,133905.0,133905,147175.0,147175,142191.0,142191.0,130420.0,130420,99356.0,99356,99680.0,99680.0,43000
266,MPLG,SRI MITTAPALLI COLLEGE OF ENGINEERING,PVT,GUNTUR,GUNTUR,COED,JNTUK,CAI,149328.0,149328.0,149328.0,149328,150556.0,150556.0,150676.0,150676,149644.0,150110,149328.0,149328.0,150321.0,150321,150112.0,150112,150400.0,143877.0,43000
267,MPLG,SRI MITTAPALLI COLLEGE OF ENGINEERING,PVT,GUNTUR,GUNTUR,COED,JNTUK,CSD,125618.0,125618.0,147313.0,151647,125618.0,125618.0,147618.0,147618,147291.0,147291,125618.0,125618.0,127122.0,146612,150830.0,150830,142899.0,142899.0,43000
268,MPLG,SRI MITTAPALLI COLLEGE OF ENGINEERING,PVT,GUNTUR,GUNTUR,COED,JNTUK,CSE,134137.0,134137.0,150746.0,151649,146042.0,146042.0,145886.0,148197,140519.0,145055,134137.0,134137.0,150853.0,150853,134137.0,146564,150014.0,134003.0,43000
269,MPLG,SRI MITTAPALLI COLLEGE OF ENGINEERING,PVT,GUNTUR,GUNTUR,COED,JNTUK,ECE,109937.0,109937.0,151062.0,151062,109937.0,109937.0,145714.0,145714,109937.0,109937,109937.0,109937.0,109937.0,109937,117609.0,117609,141224.0,141224.0,43000
270,MPLG,SRI MITTAPALLI COLLEGE OF ENGINEERING,PVT,GUNTUR,GUNTUR,COED,JNTUK,INF,139313.0,139313.0,139313.0,148827,139313.0,139313.0,150661.0,150661,139313.0,139313,139313.0,139313.0,139313.0,139313,139313.0,139313,142572.0,142572.0,43000
271,MPLW,SRI MITTAPALLI INST OF TECHNOLOGY FOR WOMEN,PVT,GUNTUR,GUNTUR,GIRLS,JNTUK,CSE,110657.0,110657.0,150064.0,150064,145921.0,145921.0,144791.0,144791,142737.0,142737,999999.0,999999.0,110657.0,110657,148968.0,148968,150105.0,150105.0,45760
272,NEWS,NEWTONS INST OF SCI AND TECH,PVT,GUNTUR,MACHERLA,COED,JNTUK,CSE,145246.0,147748.0,151644.0,151644,145246.0,147748.0,150269.0,150269,145246.0,147748,145246.0,150920.0,150422.0,150422,145246.0,147748,999999.0,999999.0,43000
273,NEWS,NEWTONS INST OF SCI AND TECH,PVT,GUNTUR,MACHERLA,COED,JNTUK,ECE,151045.0,151045.0,151581.0,151581,151045.0,151045.0,151045.0,151045,151045.0,151045,151045.0,151045.0,151045.0,151045,151045.0,151045,999999.0,999999.0,43000
274,NEWT,NEWTON INSTITUTE OF ENGINEERING,PVT,GUNTUR,MACHERLA,COED,JNTUK,CSE,138629.0,141240.0,151179.0,151179,147547.0,150411.0,148901.0,148901,150710.0,150710,139485.0,141240.0,151036.0,151036,149030.0,150322,148816.0,149683.0,43000
275,NEWT,NEWTON INSTITUTE OF ENGINEERING,PVT,GUNTUR,MACHERLA,COED,JNTUK,CSM,148694.0,148694.0,148694.0,148694,148694.0,148694.0,148694.0,148694,148694.0,148694,148694.0,148694.0,148694.0,148694,148694.0,148694,999999.0,999999.0,43000
276,NEWT,NEWTON INSTITUTE OF ENGINEERING,PVT,GUNTUR,MACHERLA,COED,JNTUK,ECE,136881.0,141360.0,148319.0,150833,150460.0,151613.0,147108.0,147108,147050.0,147147,136881.0,141360.0,139621.0,141360,148342.0,148342,999999.0,999999.0,43000
277,NEWT,NEWTON INSTITUTE OF ENGINEERING,PVT,GUNTUR,MACHERLA,COED,JNTUK,EEE,65694.0,65694.0,65694.0,65694,65694.0,65694.0,65694.0,65694,65694.0,65694,65694.0,65694.0,65694.0,65694,65694.0,65694,999999.0,999999.0,43000
278,NRIT,NRI INSTT OF TECHNOLOGY,PVT,GUNTUR,GUNTUR,COED,JNTUK,AIM,125057.0,125057.0,134618.0,135303,130434.0,130434.0,129529.0,129529,143996.0,143996,125057.0,125057.0,125057.0,129918,125057.0,125057,92738.0,127296.0,43000
279,NRIT,NRI INSTT OF TECHNOLOGY,PVT,GUNTUR,GUNTUR,COED,JNTUK,CIV,136654.0,136654.0,136654.0,136654,136654.0,136654.0,136654.0,136654,136654.0,136654,136654.0,136654.0,136654.0,136654,136654.0,136654,999999.0,999999.0,43000
280,NRIT,NRI INSTT OF TECHNOLOGY,PVT,GUNTUR,GUNTUR,COED,JNTUK,CSD,88573.0,88573.0,148843.0,148843,149693.0,149693.0,135028.0,150617,148059.0,149880,88573.0,88573.0,149203.0,149203,129099.0,146398,114223.0,101407.0,43000
281,NRIT,NRI INSTT OF TECHNOLOGY,PVT,GUNTUR,GUNTUR,COED,JNTUK,CSE,70850.0,70850.0,127402.0,134419,143610.0,143610.0,121322.0,121322,147795.0,147795,70850.0,88794.0,98328.0,109614,89276.0,93527,94484.0,119904.0,43000
282,NRIT,NRI INSTT OF TECHNOLOGY,PVT,GUNTUR,GUNTUR,COED,JNTUK,ECE,94899.0,94899.0,151524.0,151524,151686.0,151686.0,148329.0,148329,149208.0,149208,118917.0,118917.0,126076.0,148894,119907.0,136942,107963.0,126427.0,43000
283,NRIT,NRI INSTT OF TECHNOLOGY,PVT,GUNTUR,GUNTUR,COED,JNTUK,EVT,117519.0,140533.0,150932.0,150932,117519.0,143222.0,137650.0,141933,150994.0,150994,117519.0,140533.0,146523.0,146523,132127.0,140533,133862.0,148700.0,43000
284,NRIT,NRI INSTT OF TECHNOLOGY,PVT,GUNTUR,GUNTUR,COED,JNTUK,INF,80073.0,80073.0,146949.0,147222,149148.0,149148.0,137904.0,137904,150121.0,150121,112960.0,112960.0,108247.0,108247,123601.0,123601,94538.0,115537.0,43000
285,NRML,NIRMALA COLL. OF PHARM,PVT,GUNTUR,MANGALAGIRI,COED,ANU,PHD,151745.0,151745.0,151758.0,151758,151766.0,151766.0,151745.0,151745,151775.0,151775,151745.0,151745.0,151745.0,151745,151745.0,151745,999999.0,999999.0,56200
286,NRML,NIRMALA COLL. OF PHARM,PVT,GUNTUR,MANGALAGIRI,COED,ANU,PHM,151745.0,151745.0,151758.0,151758,151766.0,151766.0,151745.0,151745,151775.0,151775,151745.0,151745.0,151745.0,151745,151745.0,151745,999999.0,999999.0,51700
287,NSPE,NARSARAOPETA ENGINEERING COLLEGE,PVT,GUNTUR,NARSARAOPET,COED,JNTUK,AIM,61099.0,61099.0,125040.0,125040,136200.0,136200.0,102693.0,111048,104079.0,104079,61099.0,61099.0,66709.0,81856,78292.0,78292,74232.0,75058.0,66440
288,NSPE,NARSARAOPETA ENGINEERING COLLEGE,PVT,GUNTUR,NARSARAOPET,COED,JNTUK,CAI,64402.0,78962.0,133887.0,139722,137311.0,140148.0,105632.0,123854,126565.0,126565,102051.0,102051.0,120003.0,120003,88657.0,100286,75542.0,73743.0,66440
289,NSPE,NARSARAOPETA ENGINEERING COLLEGE,PVT,GUNTUR,NARSARAOPET,COED,JNTUK,CIV,143319.0,143319.0,143319.0,143319,145335.0,145335.0,148729.0,148729,143319.0,143319,143319.0,143319.0,143319.0,143319,143319.0,143319,999999.0,999999.0,66440
290,NSPE,NARSARAOPETA ENGINEERING COLLEGE,PVT,GUNTUR,NARSARAOPET,COED,JNTUK,CSC,82542.0,82542.0,136909.0,138331,135119.0,146433.0,117146.0,117146,111892.0,111892,82542.0,82542.0,97021.0,108606,87133.0,101475,77794.0,75679.0,66440
291,NSPE,NARSARAOPETA ENGINEERING COLLEGE,PVT,GUNTUR,NARSARAOPET,COED,JNTUK,CSD,50776.0,52952.0,113541.0,130296,116841.0,135808.0,95505.0,133789,132496.0,132496,50776.0,52952.0,120459.0,128898,76180.0,76180,58158.0,61858.0,66440
292,NSPE,NARSARAOPETA ENGINEERING COLLEGE,PVT,GUNTUR,NARSARAOPET,COED,JNTUK,CSE,39075.0,39075.0,105329.0,110006,134138.0,134286.0,92844.0,92844,104184.0,125786,41397.0,59789.0,79229.0,81224,57991.0,57991,94563.0,77791.0,66440
293,NSPE,NARSARAOPETA ENGINEERING COLLEGE,PVT,GUNTUR,NARSARAOPET,COED,JNTUK,CSM,60625.0,60625.0,135008.0,135388,137656.0,145810.0,123715.0,135375,112482.0,113137,69575.0,69575.0,110000.0,134219,68157.0,68157,67054.0,67323.0,66440
294,NSPE,NARSARAOPETA ENGINEERING COLLEGE,PVT,GUNTUR,NARSARAOPET,COED,JNTUK,ECE,76431.0,76431.0,151350.0,151484,150803.0,150803.0,128004.0,145258,149133.0,151170,78934.0,107508.0,125245.0,125245,102575.0,122783,94095.0,87189.0,66440
295,NSPE,NARSARAOPETA ENGINEERING COLLEGE,PVT,GUNTUR,NARSARAOPET,COED,JNTUK,EEE,137961.0,137961.0,150231.0,150231,137961.0,137961.0,150156.0,150156,148481.0,148481,137961.0,137961.0,137961.0,137961,144315.0,144315,148859.0,147587.0,66440
296,NSPE,NARSARAOPETA ENGINEERING COLLEGE,PVT,GUNTUR,NARSARAOPET,COED,JNTUK,INF,59221.0,61526.0,134685.0,142754,137035.0,148324.0,107379.0,144950,124790.0,135004,59221.0,61526.0,104811.0,148300,85102.0,95361,67686.0,70933.0,66440
297,NSPE,NARSARAOPETA ENGINEERING COLLEGE,PVT,GUNTUR,NARSARAOPET,COED,JNTUK,MEC,80731.0,80731.0,121975.0,121975,110969.0,110969.0,138305.0,138305,80731.0,80731,80731.0,80731.0,80731.0,80731,80731.0,80731,999999.0,999999.0,66440
298,NSPP,NARSARAOPET INSTT. OF PHARM.SCI.,PVT,GUNTUR,NARSARAOPET,COED,JNTUK,PHM,136077.0,136077.0,136077.0,136077,136077.0,136077.0,136077.0,136077,136077.0,136077,136077.0,136077.0,136077.0,136077,136077.0,136077,999999.0,999999.0,49400
299,NVRT,N.V.R.COLLEGE OF ENGG TECHNOLOGY,PVT,GUNTUR,TENALI,COED,JNTUK,CSE,117098.0,151353.0,150979.0,151353,144168.0,151353.0,137564.0,151353,141342.0,151353,117098.0,151353.0,148854.0,151353,117098.0,151353,148498.0,131336.0,43000
300,NVRT,N.V.R.COLLEGE OF ENGG TECHNOLOGY,PVT,GUNTUR,TENALI,COED,JNTUK,CSM,118085.0,118085.0,138985.0,138985,118085.0,121853.0,118085.0,140802,137221.0,137221,118085.0,118085.0,118085.0,118085,118085.0,118085,999999.0,999999.0,43000
301,NVRT,N.V.R.COLLEGE OF ENGG TECHNOLOGY,PVT,GUNTUR,TENALI,COED,JNTUK,ECE,127760.0,127760.0,127760.0,127760,127760.0,127760.0,127760.0,127760,127760.0,127760,127760.0,127760.0,127760.0,127760,127760.0,127760,999999.0,999999.0,43000
302,PIIT,PRIYADARSHINI INST OF TECH AND MGMT,PVT,GUNTUR,GUNTUR,COED,JNTUK,AID,150852.0,150852.0,150852.0,150852,150852.0,150852.0,150852.0,150852,150852.0,150852,150852.0,150852.0,150852.0,150852,150852.0,150852,999999.0,999999.0,43000
303,PIIT,PRIYADARSHINI INST OF TECH AND MGMT,PVT,GUNTUR,GUNTUR,COED,JNTUK,CSE,132372.0,133284.0,150169.0,150169,132372.0,133284.0,142700.0,142700,149178.0,149178,132372.0,133284.0,142187.0,142187,132372.0,133284,145566.0,145566.0,43000
304,PIIT,PRIYADARSHINI INST OF TECH AND MGMT,PVT,GUNTUR,GUNTUR,COED,JNTUK,ECE,132448.0,132820.0,132448.0,132820,132448.0,132820.0,132448.0,132820,132448.0,132820,132448.0,132820.0,132448.0,132820,132448.0,132820,999999.0,999999.0,43000
305,PIPR,PRIYADARSHINI INST OF PHARMACEUTICAL EDUCATION AND RESEARCH,PVT,GUNTUR,GUNTUR,COED,ANU,PHM,33609.0,33609.0,33609.0,33609,33609.0,33609.0,33609.0,33609,33609.0,33609,33609.0,33609.0,33609.0,33609,33609.0,33609,999999.0,999999.0,38000
306,PITT,PRIYADARSHINI INST. OF TECHNOLOGY AND SCIENCES,PVT,GUNTUR,TENALI,COED,JNTUK,AID,144966.0,144966.0,144966.0,144966,144966.0,144966.0,144966.0,144966,144966.0,144966,144966.0,144966.0,144966.0,144966,144966.0,144966,999999.0,999999.0,43000
307,PITT,PRIYADARSHINI INST. OF TECHNOLOGY AND SCIENCES,PVT,GUNTUR,TENALI,COED,JNTUK,CIV,92983.0,92983.0,92983.0,92983,92983.0,92983.0,92983.0,92983,92983.0,92983,92983.0,92983.0,92983.0,92983,92983.0,92983,999999.0,999999.0,43000
308,PITT,PRIYADARSHINI INST. OF TECHNOLOGY AND SCIENCES,PVT,GUNTUR,TENALI,COED,JNTUK,CSE,136179.0,136179.0,150850.0,151673,151602.0,151602.0,142192.0,142192,146877.0,146877,136179.0,136179.0,136179.0,136179,136179.0,136179,999999.0,999999.0,43000
309,PITT,PRIYADARSHINI INST. OF TECHNOLOGY AND SCIENCES,PVT,GUNTUR,TENALI,COED,JNTUK,ECE,130094.0,130094.0,130094.0,130094,130094.0,130094.0,130094.0,130094,130094.0,130094,130094.0,130094.0,130094.0,130094,130094.0,130094,999999.0,999999.0,43000
310,PITT,PRIYADARSHINI INST. OF TECHNOLOGY AND SCIENCES,PVT,GUNTUR,TENALI,COED,JNTUK,MEC,145944.0,145944.0,145944.0,145944,145944.0,145944.0,145944.0,145944,145944.0,145944,145944.0,145944.0,145944.0,145944,145944.0,145944,999999.0,999999.0,43000
311,PITW,PRIYADARSHINI INST. OF TECH AND SCIENCES FOR WOMEN,PVT,GUNTUR,TENALI,GIRLS,JNTUK,CSE,151532.0,151532.0,151532.0,151532,151532.0,151532.0,151532.0,151532,151532.0,151532,999999.0,999999.0,151532.0,151532,151532.0,151532,145625.0,145625.0,43000
312,PITW,PRIYADARSHINI INST. OF TECH AND SCIENCES FOR WOMEN,PVT,GUNTUR,TENALI,GIRLS,JNTUK,ECE,139947.0,139947.0,139947.0,139947,139947.0,139947.0,139947.0,139947,139947.0,139947,999999.0,999999.0,139947.0,139947,139947.0,139947,999999.0,999999.0,43000
313,RVIT,R V INSTITUTE OF TECHNOLOGY,PVT,GUNTUR,GUNTUR,COED,JNTUK,CSD,93899.0,93899.0,141362.0,141362,126508.0,140745.0,128658.0,150063,142871.0,142871,93899.0,93899.0,141000.0,141000,144234.0,144234,132282.0,150301.0,43000
314,RVIT,R V INSTITUTE OF TECHNOLOGY,PVT,GUNTUR,GUNTUR,COED,JNTUK,CSE,149064.0,149064.0,149064.0,149064,149064.0,149064.0,150300.0,150300,149064.0,149064,149064.0,149064.0,149064.0,149064,149064.0,149064,120599.0,136879.0,43000
315,RVIT,R V INSTITUTE OF TECHNOLOGY,PVT,GUNTUR,GUNTUR,COED,JNTUK,CSM,89074.0,89074.0,151251.0,151251,149761.0,149761.0,144579.0,144579,150037.0,150037,89074.0,89074.0,113468.0,143097,114843.0,114843,102119.0,123476.0,43000
316,RVIT,R V INSTITUTE OF TECHNOLOGY,PVT,GUNTUR,GUNTUR,COED,JNTUK,ECE,20301.0,122495.0,136771.0,146682,151543.0,151543.0,115444.0,142570,145364.0,148655,127221.0,127221.0,145987.0,148986,120725.0,122495,147621.0,146513.0,43000
317,RVIT,R V INSTITUTE OF TECHNOLOGY,PVT,GUNTUR,GUNTUR,COED,JNTUK,EVT,137465.0,137465.0,137465.0,137465,137465.0,137465.0,142255.0,142255,137465.0,137465,137465.0,137465.0,137465.0,137465,137465.0,137465,147770.0,147770.0,43000
318,RVJC,R V R AND J C COLLEGE OF ENGINEERING,PVT,GUNTUR,GUNTUR,COED,ANU,CHE,98942.0,98942.0,146475.0,146475,98942.0,98942.0,140837.0,140837,144574.0,144574,98942.0,98942.0,129682.0,129682,98942.0,98942,999999.0,999999.0,76340
319,RVJC,R V R AND J C COLLEGE OF ENGINEERING,PVT,GUNTUR,GUNTUR,COED,ANU,CIV,142296.0,142296.0,142296.0,142296,148007.0,148007.0,151621.0,151621,146485.0,150873,148746.0,148746.0,142296.0,142296,145857.0,145857,132243.0,149397.0,76340
320,RVJC,R V R AND J C COLLEGE OF ENGINEERING,PVT,GUNTUR,GUNTUR,COED,ANU,CSB,14708.0,49821.0,82822.0,82822,123850.0,142222.0,38129.0,49821,91098.0,91098,14708.0,77135.0,24386.0,49821,30879.0,49821,15587.0,16864.0,76340
321,RVJC,R V R AND J C COLLEGE OF ENGINEERING,PVT,GUNTUR,GUNTUR,COED,ANU,CSD,13940.0,40007.0,58238.0,60650,95964.0,118522.0,23987.0,40007,22214.0,40007,33278.0,40007.0,19411.0,40007,22112.0,40007,12905.0,14452.0,76340
322,RVJC,R V R AND J C COLLEGE OF ENGINEERING,PVT,GUNTUR,GUNTUR,COED,ANU,CSE,7716.0,7716.0,28748.0,28748,45936.0,45936.0,12250.0,13735,12384.0,12607,18080.0,28496.0,7928.0,12071,15000.0,15000,7919.0,8411.0,76340
323,RVJC,R V R AND J C COLLEGE OF ENGINEERING,PVT,GUNTUR,GUNTUR,COED,ANU,CSM,11284.0,11638.0,47393.0,47551,68861.0,96817.0,17082.0,22836,15821.0,16023,58884.0,58884.0,15419.0,15635,21445.0,21445,13025.0,12367.0,76340
324,RVJC,R V R AND J C COLLEGE OF ENGINEERING,PVT,GUNTUR,GUNTUR,COED,ANU,CSO,15962.0,79728.0,84364.0,84831,132155.0,143858.0,40204.0,79728,28130.0,79728,15962.0,79728.0,26195.0,79728,30348.0,79728,18325.0,17745.0,76340
325,RVJC,R V R AND J C COLLEGE OF ENGINEERING,PVT,GUNTUR,GUNTUR,COED,ANU,ECE,17516.0,78272.0,62647.0,131923,73228.0,78272.0,33584.0,78272,31309.0,78272,17516.0,78272.0,27142.0,78272,46165.0,78272,49991.0,20116.0,76340
326,RVJC,R V R AND J C COLLEGE OF ENGINEERING,PVT,GUNTUR,GUNTUR,COED,ANU,EEE,104422.0,141777.0,127602.0,145272,117024.0,151441.0,104422.0,141777,104422.0,141777,104422.0,141777.0,104422.0,141777,104422.0,141777,84863.0,80671.0,76340
327,RVJC,R V R AND J C COLLEGE OF ENGINEERING,PVT,GUNTUR,GUNTUR,COED,ANU,INF,13584.0,14322.0,61917.0,61917,75051.0,92212.0,84731.0,84731,27238.0,29387,67883.0,67883.0,21918.0,21918,25052.0,25052,123610.0,15165.0,76340
328,RVJC,R V R AND J C COLLEGE OF ENGINEERING,PVT,GUNTUR,GUNTUR,COED,ANU,MEC,88362.0,106832.0,148421.0,151520,151528.0,151528.0,150438.0,150438,135819.0,139461,88362.0,121288.0,119332.0,119332,149067.0,149067,145120.0,143279.0,76340
329,SIPN,SIDDHARTHA INST OF PHARM SCI,PVT,GUNTUR,NARSARAOPET,COED,ANU,PHM,141769.0,141769.0,141769.0,141769,141769.0,141769.0,141769.0,141769,141769.0,141769,141769.0,141769.0,141769.0,141769,141769.0,141769,999999.0,999999.0,38000
330,SIPS,NALANDA INST OF PHARM.SCI.,PVT,GUNTUR,SATTENAPALLY,COED,JNTUK,PHM,131685.0,131685.0,131685.0,131685,131685.0,131685.0,131685.0,131685,131685.0,131685,131685.0,131685.0,131685.0,131685,131685.0,131685,999999.0,999999.0,58100
331,STEN,SAI TIRUMALA N V R ENGINEERING COLLEGE,PVT,GUNTUR,NARSARAOPET,COED,JNTUK,CSE,128046.0,128046.0,151607.0,151607,136333.0,136333.0,151100.0,151100,150167.0,150167,128046.0,128046.0,142982.0,142982,128046.0,128046,124771.0,118465.0,43000
332,TMLN,TIRUMALA ENGINEERING COLLEGE,PVT,GUNTUR,NARSARAOPET,COED,JNTUK,CSE,44566.0,70768.0,99425.0,99425,146614.0,146614.0,78736.0,78736,94687.0,94687,112371.0,112371.0,81047.0,83185,72529.0,72529,52828.0,52927.0,55880
333,TMLN,TIRUMALA ENGINEERING COLLEGE,PVT,GUNTUR,NARSARAOPET,COED,JNTUK,CSM,59943.0,59943.0,135647.0,145401,137566.0,147387.0,134771.0,134771,137578.0,137578,59943.0,73479.0,114799.0,122660,103120.0,103120,78529.0,64513.0,55880
334,TMLN,TIRUMALA ENGINEERING COLLEGE,PVT,GUNTUR,NARSARAOPET,COED,JNTUK,ECE,85643.0,103163.0,137117.0,137117,107022.0,107022.0,143315.0,150481,148994.0,149885,131121.0,131121.0,141812.0,148710,137381.0,137381,98824.0,99683.0,55880
335,TMLN,TIRUMALA ENGINEERING COLLEGE,PVT,GUNTUR,NARSARAOPET,COED,JNTUK,EEE,141264.0,141264.0,141264.0,145726,141264.0,141264.0,141264.0,141264,141264.0,141264,141264.0,141264.0,141264.0,141264,141264.0,141264,999999.0,999999.0,55880
336,TMLN,TIRUMALA ENGINEERING COLLEGE,PVT,GUNTUR,NARSARAOPET,COED,JNTUK,INF,69043.0,69043.0,147935.0,147935,140155.0,148828.0,105570.0,105570,146981.0,146981,70548.0,70548.0,119200.0,119200,100349.0,111334,77225.0,75225.0,55880
337,UNIV,UNIVERSAL COLLEGE OF ENGG AND TECHNOLOGY,PVT,GUNTUR,GUNTUR,COED,JNTUK,AIM,128553.0,128553.0,151450.0,151450,145503.0,145503.0,128553.0,128553,128553.0,128553,128553.0,128553.0,147425.0,147425,149122.0,149122,132870.0,147312.0,43000
338,UNIV,UNIVERSAL COLLEGE OF ENGG AND TECHNOLOGY,PVT,GUNTUR,GUNTUR,COED,JNTUK,CSD,115854.0,115854.0,115854.0,115854,115854.0,115854.0,115854.0,115854,115854.0,115854,115854.0,115854.0,115854.0,115854,115854.0,115854,999999.0,999999.0,43000
339,UNIV,UNIVERSAL COLLEGE OF ENGG AND TECHNOLOGY,PVT,GUNTUR,GUNTUR,COED,JNTUK,CSE,100484.0,119426.0,149228.0,149228,146196.0,146196.0,138703.0,138703,146997.0,146997,100484.0,119426.0,139430.0,147454,148252.0,148252,133067.0,142943.0,43000
340,UNIV,UNIVERSAL COLLEGE OF ENGG AND TECHNOLOGY,PVT,GUNTUR,GUNTUR,COED,JNTUK,ECE,150898.0,150898.0,150898.0,150898,150898.0,150898.0,150898.0,150898,150898.0,150898,150898.0,150898.0,150898.0,150898,150898.0,150898,137825.0,137825.0,43000
341,VCPG,VAGDEVI COLLEGE OF PHARMACY,PVT,GUNTUR,GURAZALA,COED,ANU,PHM,134626.0,142823.0,134626.0,142823,134626.0,142823.0,134626.0,142823,134626.0,142823,134626.0,142823.0,134626.0,142823,134626.0,142823,999999.0,999999.0,38000
342,VLIT,VIGNANS LARA INST. OF TECHNOLOGY AND SCI,PVT,GUNTUR,VADLAMUDI,COED,JNTUK,AIM,25303.0,25303.0,70739.0,72326,119662.0,132710.0,42172.0,42172,49181.0,49181,25303.0,25303.0,41891.0,41891,49830.0,49830,25564.0,24096.0,43000
343,VLIT,VIGNANS LARA INST. OF TECHNOLOGY AND SCI,PVT,GUNTUR,VADLAMUDI,COED,JNTUK,CAI,24338.0,24338.0,79799.0,80453,110376.0,110376.0,43619.0,43619,48676.0,49582,24338.0,24338.0,38496.0,44320,40662.0,40662,26446.0,27411.0,43000
344,VLIT,VIGNANS LARA INST. OF TECHNOLOGY AND SCI,PVT,GUNTUR,VADLAMUDI,COED,JNTUK,CIV,105817.0,105817.0,134790.0,150717,132824.0,132824.0,146184.0,146184,105817.0,105817,105817.0,116028.0,142118.0,148179,145898.0,145898,128796.0,145839.0,43000
345,VLIT,VIGNANS LARA INST. OF TECHNOLOGY AND SCI,PVT,GUNTUR,VADLAMUDI,COED,JNTUK,CSD,22934.0,23864.0,73390.0,73390,66051.0,68577.0,34487.0,44212,50138.0,58058,103494.0,107677.0,36434.0,36434,36908.0,36908,25567.0,25382.0,43000
346,VLIT,VIGNANS LARA INST. OF TECHNOLOGY AND SCI,PVT,GUNTUR,VADLAMUDI,COED,JNTUK,CSE,110402.0,110402.0,110402.0,122306,110402.0,110402.0,110402.0,110402,110402.0,110402,110402.0,110402.0,110402.0,110402,110402.0,110402,22417.0,22198.0,43000
347,VLIT,VIGNANS LARA INST. OF TECHNOLOGY AND SCI,PVT,GUNTUR,VADLAMUDI,COED,JNTUK,CSM,19880.0,19880.0,71042.0,71042,121096.0,130627.0,50921.0,50921,37501.0,37501,83342.0,83342.0,38325.0,43271,19880.0,50058,117524.0,23157.0,43000
348,VLIT,VIGNANS LARA INST. OF TECHNOLOGY AND SCI,PVT,GUNTUR,VADLAMUDI,COED,JNTUK,ECE,28250.0,28250.0,84886.0,84886,127693.0,150639.0,68447.0,105548,55961.0,116898,120853.0,120853.0,44247.0,81609,45233.0,65799,33565.0,32799.0,43000
349,VLIT,VIGNANS LARA INST. OF TECHNOLOGY AND SCI,PVT,GUNTUR,VADLAMUDI,COED,JNTUK,EEE,80626.0,150254.0,124544.0,150254,130389.0,150254.0,120154.0,150254,120698.0,150254,80626.0,150254.0,103782.0,150254,94854.0,150254,144700.0,132787.0,43000
350,VLIT,VIGNANS LARA INST. OF TECHNOLOGY AND SCI,PVT,GUNTUR,VADLAMUDI,COED,JNTUK,INF,39533.0,39533.0,77642.0,77642,119077.0,119077.0,56009.0,57800,44103.0,45156,122629.0,122629.0,39533.0,41430,50983.0,50983,27208.0,27080.0,43000
351,VLIT,VIGNANS LARA INST. OF TECHNOLOGY AND SCI,PVT,GUNTUR,VADLAMUDI,COED,JNTUK,MEC,99256.0,125965.0,151489.0,151489,139088.0,139088.0,147371.0,147371,125509.0,125965,99256.0,125965.0,141430.0,141430,141391.0,141391,999999.0,999999.0,43000
352,VNIW,VIGNANS NIRULA INST OF TECH. AND SCI FOR WOMEN,PVT,GUNTUR,GUNTUR,GIRLS,JNTUK,CSD,36625.0,36625.0,125698.0,125698,136219.0,136219.0,81486.0,81486,65198.0,65198,999999.0,999999.0,54451.0,54451,65400.0,65400,37161.0,37161.0,43000
353,VNIW,VIGNANS NIRULA INST OF TECH. AND SCI FOR WOMEN,PVT,GUNTUR,GUNTUR,GIRLS,JNTUK,CSE,30963.0,30963.0,100372.0,100372,119042.0,119042.0,64422.0,64422,57986.0,57986,147173.0,147173.0,45420.0,45420,62034.0,62034,32920.0,32920.0,43000
354,VNIW,VIGNANS NIRULA INST OF TECH. AND SCI FOR WOMEN,PVT,GUNTUR,GUNTUR,GIRLS,JNTUK,CSM,85249.0,85249.0,124736.0,124736,127796.0,127796.0,85249.0,85249,85249.0,85249,999999.0,999999.0,85249.0,85249,85249.0,85249,36260.0,36260.0,43000
355,VNIW,VIGNANS NIRULA INST OF TECH. AND SCI FOR WOMEN,PVT,GUNTUR,GUNTUR,GIRLS,JNTUK,ECE,51118.0,51118.0,140054.0,140054,138731.0,138731.0,108147.0,108147,141787.0,141787,53860.0,53860.0,110522.0,110522,79296.0,79296,55261.0,55261.0,43000
356,VNIW,VIGNANS NIRULA INST OF TECH. AND SCI FOR WOMEN,PVT,GUNTUR,GUNTUR,GIRLS,JNTUK,EEE,131682.0,131682.0,131682.0,131682,131682.0,131682.0,131682.0,131682,131682.0,131682,999999.0,999999.0,131682.0,131682,131682.0,131682,999999.0,999999.0,43000
357,VNIW,VIGNANS NIRULA INST OF TECH. AND SCI FOR WOMEN,PVT,GUNTUR,GUNTUR,GIRLS,JNTUK,INF,43191.0,43191.0,148476.0,148476,137718.0,137718.0,129611.0,129611,88565.0,88565,70296.0,70296.0,75995.0,75995,70945.0,70945,49104.0,49104.0,43000
358,VNRC,VELAGA NAGESWARA RAO COLL OF ENGINEERING,PVT,GUNTUR,PONNUR,COED,JNTUK,CSD,88969.0,88969.0,88969.0,88969,88969.0,88969.0,88969.0,88969,88969.0,88969,88969.0,88969.0,88969.0,88969,88969.0,88969,999999.0,999999.0,43000
359,VNRC,VELAGA NAGESWARA RAO COLL OF ENGINEERING,PVT,GUNTUR,PONNUR,COED,JNTUK,CSE,63072.0,63072.0,63072.0,63072,63072.0,63072.0,63072.0,63072,63072.0,63072,63072.0,63072.0,63072.0,63072,63072.0,63072,999999.0,999999.0,43000
360,VNRC,VELAGA NAGESWARA RAO COLL OF ENGINEERING,PVT,GUNTUR,PONNUR,COED,JNTUK,CSM,151745.0,151745.0,151758.0,151758,151766.0,151766.0,151745.0,151745,151775.0,151775,151745.0,151745.0,151745.0,151745,151745.0,151745,999999.0,999999.0,43000
361,VPCV,VIGNAN PHARMACY COLLEGE,PVT,GUNTUR,VADLAMUDI,COED,JNTUK,PHD,129664.0,150931.0,129664.0,150931,129664.0,150931.0,129664.0,150931,129664.0,150931,129664.0,150931.0,129664.0,150931,129664.0,150931,999999.0,999999.0,65000
362,VPCV,VIGNAN PHARMACY COLLEGE,PVT,GUNTUR,VADLAMUDI,COED,JNTUK,PHM,151351.0,151351.0,151351.0,151351,151351.0,151351.0,151351.0,151351,151351.0,151351,151351.0,151351.0,151351.0,151351,151351.0,151351,999999.0,999999.0,72000
363,VRIT,VARAPRASAD REDDY INST OF TECHNOLOGY,PVT,GUNTUR,SATTENAPALLY,COED,JNTUK,AID,97835.0,97835.0,97835.0,97835,97835.0,97835.0,97835.0,97835,97835.0,97835,97835.0,97835.0,97835.0,97835,97835.0,97835,999999.0,999999.0,43000
364,VRIT,VARAPRASAD REDDY INST OF TECHNOLOGY,PVT,GUNTUR,SATTENAPALLY,COED,JNTUK,CSE,132423.0,132423.0,132423.0,132423,132423.0,132423.0,132423.0,132423,132423.0,132423,132423.0,132423.0,132423.0,132423,132423.0,132423,999999.0,999999.0,43000
365,VVIT,VASIREDDY VENKATADRI INST. OF TECHNOLOGY,PVT,GUNTUR,GUNTUR,COED,JNTUK,AID,50775.0,50775.0,68936.0,68936,139110.0,139110.0,50775.0,50775,50775.0,50775,50775.0,50775.0,50775.0,50775,50775.0,50775,19353.0,19326.0,60500
366,VVIT,VASIREDDY VENKATADRI INST. OF TECHNOLOGY,PVT,GUNTUR,GUNTUR,COED,JNTUK,AIM,53917.0,53917.0,73510.0,73510,134244.0,148571.0,53917.0,53917,53917.0,53917,101672.0,101672.0,64232.0,64232,53917.0,53917,20137.0,20188.0,60500
367,VVIT,VASIREDDY VENKATADRI INST. OF TECHNOLOGY,PVT,GUNTUR,GUNTUR,COED,JNTUK,CIC,22161.0,22161.0,91783.0,97657,137723.0,137723.0,51075.0,53200,37927.0,40941,22161.0,72647.0,32272.0,38518,40644.0,47344,24534.0,24487.0,60500
368,VVIT,VASIREDDY VENKATADRI INST. OF TECHNOLOGY,PVT,GUNTUR,GUNTUR,COED,JNTUK,CIV,115594.0,115594.0,149527.0,149527,115594.0,115594.0,115594.0,115594,115594.0,124424,115594.0,115594.0,146965.0,146965,115594.0,115594,141576.0,125933.0,60500
369,VVIT,VASIREDDY VENKATADRI INST. OF TECHNOLOGY,PVT,GUNTUR,GUNTUR,COED,JNTUK,CSE,14485.0,21291.0,39913.0,128535,65417.0,69662.0,16847.0,21291,18782.0,21291,20250.0,21291.0,16867.0,46949,19508.0,21291,12657.0,12494.0,60500
370,VVIT,VASIREDDY VENKATADRI INST. OF TECHNOLOGY,PVT,GUNTUR,GUNTUR,COED,JNTUK,CSM,14073.0,14073.0,64272.0,65089,94470.0,138525.0,27698.0,27698,22574.0,29858,38405.0,51574.0,57233.0,68561,26608.0,26608,14211.0,14159.0,60500
371,VVIT,VASIREDDY VENKATADRI INST. OF TECHNOLOGY,PVT,GUNTUR,GUNTUR,COED,JNTUK,CSO,67384.0,67384.0,77435.0,77435,141606.0,141606.0,67384.0,67384,67384.0,67384,67384.0,67384.0,67384.0,67384,67384.0,67384,24542.0,23764.0,60500
372,VVIT,VASIREDDY VENKATADRI INST. OF TECHNOLOGY,PVT,GUNTUR,GUNTUR,COED,JNTUK,ECE,23871.0,23871.0,72521.0,72862,121902.0,137069.0,46431.0,50880,44049.0,44049,35204.0,35204.0,104215.0,104215,39806.0,119737,25134.0,24993.0,60500
373,VVIT,VASIREDDY VENKATADRI INST. OF TECHNOLOGY,PVT,GUNTUR,GUNTUR,COED,JNTUK,EEE,91078.0,91078.0,151088.0,151088,150093.0,150093.0,130348.0,142532,137852.0,147744,97742.0,97742.0,107461.0,119570,118926.0,118926,110360.0,118343.0,60500
374,VVIT,VASIREDDY VENKATADRI INST. OF TECHNOLOGY,PVT,GUNTUR,GUNTUR,COED,JNTUK,INF,27506.0,27506.0,72297.0,72297,126756.0,126756.0,42467.0,49328,47441.0,47441,88749.0,88749.0,30745.0,31947,73472.0,73472,49787.0,21423.0,60500
375,VVIT,VASIREDDY VENKATADRI INST. OF TECHNOLOGY,PVT,GUNTUR,GUNTUR,COED,JNTUK,MEC,115611.0,118740.0,150002.0,150002,115611.0,118740.0,146995.0,146995,131050.0,131050,147763.0,147763.0,140575.0,146706,147554.0,147554,136214.0,136214.0,60500
376,ALIT,ANDHRA LOYOLA INSTT OF ENGG AND TECHNOLOGY,PVT,KRISHNA,VIJAYAWADA,COED,JNTUK,CIV,130419.0,146721.0,145445.0,146721,130419.0,146721.0,130419.0,146721,130419.0,146721,130419.0,146721.0,130419.0,146721,130419.0,146721,999999.0,999999.0,55220
377,ALIT,ANDHRA LOYOLA INSTT OF ENGG AND TECHNOLOGY,PVT,KRISHNA,VIJAYAWADA,COED,JNTUK,CSD,29032.0,43901.0,77695.0,102735,83737.0,112296.0,121134.0,121134,105787.0,105787,111316.0,111316.0,74600.0,74600,65736.0,65736,51572.0,54969.0,55220
378,ALIT,ANDHRA LOYOLA INSTT OF ENGG AND TECHNOLOGY,PVT,KRISHNA,VIJAYAWADA,COED,JNTUK,CSE,37478.0,67536.0,102714.0,102714,148688.0,148688.0,66865.0,67536,80132.0,80132,57874.0,67536.0,65390.0,67536,60415.0,67536,110937.0,48633.0,55220
379,ALIT,ANDHRA LOYOLA INSTT OF ENGG AND TECHNOLOGY,PVT,KRISHNA,VIJAYAWADA,COED,JNTUK,CSM,38128.0,38128.0,100493.0,118127,102545.0,104587.0,90019.0,90019,89944.0,125176,115521.0,115521.0,68897.0,68897,94481.0,94481,53366.0,50637.0,55220
380,ALIT,ANDHRA LOYOLA INSTT OF ENGG AND TECHNOLOGY,PVT,KRISHNA,VIJAYAWADA,COED,JNTUK,ECE,59790.0,61586.0,121404.0,122200,139572.0,139572.0,108082.0,108082,126882.0,134425,59790.0,61586.0,82785.0,82785,104823.0,120932,67734.0,68860.0,55220
381,ALIT,ANDHRA LOYOLA INSTT OF ENGG AND TECHNOLOGY,PVT,KRISHNA,VIJAYAWADA,COED,JNTUK,EEE,139909.0,140822.0,139954.0,140822,148537.0,148537.0,139909.0,140822,139909.0,140822,139909.0,140822.0,139909.0,140822,139909.0,140822,124661.0,124661.0,55220
382,ALIT,ANDHRA LOYOLA INSTT OF ENGG AND TECHNOLOGY,PVT,KRISHNA,VIJAYAWADA,COED,JNTUK,INF,50482.0,53462.0,107029.0,116336,109432.0,118726.0,82408.0,82408,107214.0,107214,91315.0,91315.0,83473.0,83473,69263.0,94898,61652.0,65389.0,55220
383,ALIT,ANDHRA LOYOLA INSTT OF ENGG AND TECHNOLOGY,PVT,KRISHNA,VIJAYAWADA,COED,JNTUK,MEC,109360.0,109360.0,109360.0,132360,145090.0,145090.0,109360.0,109360,148590.0,148590,109360.0,109360.0,109360.0,138732,109360.0,109360,150596.0,150596.0,55220
384,ASIP,AMRITA SAI INST. OF SCIENCE AND TECHNOLOGY,PVT,KRISHNA,PARITALA,COED,JNTUK,CBA,110131.0,110131.0,122285.0,127615,150863.0,150863.0,136643.0,136643,147044.0,147044,110131.0,110131.0,128126.0,128126,141168.0,149360,114532.0,121340.0,43000
385,ASIP,AMRITA SAI INST. OF SCIENCE AND TECHNOLOGY,PVT,KRISHNA,PARITALA,COED,JNTUK,CIC,99790.0,99790.0,133034.0,133034,112891.0,118435.0,127398.0,127398,130671.0,148231,132064.0,132064.0,146248.0,146248,124857.0,147356,112068.0,109561.0,43000
386,ASIP,AMRITA SAI INST. OF SCIENCE AND TECHNOLOGY,PVT,KRISHNA,PARITALA,COED,JNTUK,CIV,97143.0,97143.0,97143.0,97143,97143.0,97143.0,97143.0,97143,97143.0,97143,97143.0,97143.0,97143.0,97143,97143.0,97143,999999.0,999999.0,43000
387,ASIP,AMRITA SAI INST. OF SCIENCE AND TECHNOLOGY,PVT,KRISHNA,PARITALA,COED,JNTUK,CSD,80689.0,83998.0,148666.0,151288,140992.0,140992.0,117799.0,119450,127082.0,131078,98607.0,98607.0,124848.0,124848,105736.0,105736,95367.0,93259.0,43000
388,ASIP,AMRITA SAI INST. OF SCIENCE AND TECHNOLOGY,PVT,KRISHNA,PARITALA,COED,JNTUK,CSE,146602.0,146602.0,146602.0,146602,146602.0,146602.0,146602.0,146602,146602.0,146602,146602.0,146602.0,146602.0,146602,146602.0,146602,71532.0,115789.0,43000
389,ASIP,AMRITA SAI INST. OF SCIENCE AND TECHNOLOGY,PVT,KRISHNA,PARITALA,COED,JNTUK,CSM,70073.0,79207.0,150151.0,150151,76724.0,137903.0,111926.0,111926,123443.0,124127,70073.0,79207.0,117580.0,117580,143414.0,143414,87004.0,85003.0,43000
390,ASIP,AMRITA SAI INST. OF SCIENCE AND TECHNOLOGY,PVT,KRISHNA,PARITALA,COED,JNTUK,ECA,150637.0,150637.0,150637.0,150637,150637.0,150637.0,150637.0,150637,150637.0,150637,150637.0,150637.0,150637.0,150637,150637.0,150637,999999.0,999999.0,43000
391,ASIP,AMRITA SAI INST. OF SCIENCE AND TECHNOLOGY,PVT,KRISHNA,PARITALA,COED,JNTUK,ECE,146888.0,146888.0,151620.0,151620,151267.0,151267.0,146888.0,146888,146888.0,148908,146888.0,146888.0,150004.0,150004,146888.0,149321,131151.0,136133.0,43000
392,ASIP,AMRITA SAI INST. OF SCIENCE AND TECHNOLOGY,PVT,KRISHNA,PARITALA,COED,JNTUK,EEE,138794.0,138794.0,138794.0,138794,138794.0,138794.0,138794.0,138794,138794.0,138794,138794.0,138794.0,138794.0,138794,138794.0,138794,999999.0,999999.0,43000
393,ASIP,AMRITA SAI INST. OF SCIENCE AND TECHNOLOGY,PVT,KRISHNA,PARITALA,COED,JNTUK,EVT,146760.0,146760.0,146760.0,146760,149086.0,149086.0,149366.0,149366,146760.0,146760,146760.0,146760.0,146760.0,146760,146760.0,146760,140982.0,140982.0,43000
394,ASIP,AMRITA SAI INST. OF SCIENCE AND TECHNOLOGY,PVT,KRISHNA,PARITALA,COED,JNTUK,MEC,151745.0,151745.0,151745.0,151745,151766.0,151767.0,151745.0,151745,151775.0,151775,999999.0,999999.0,151745.0,151745,151745.0,151745,999999.0,999999.0,43000
395,DHAN,DHANEKULA INST OF ENGG TECHNOLOGY,PVT,KRISHNA,VIJAYAWADA,COED,JNTUK,CIV,142967.0,142967.0,142967.0,142967,142967.0,142967.0,142967.0,142967,142967.0,142967,142967.0,142967.0,142967.0,142967,142967.0,142967,999999.0,999999.0,66880
396,DHAN,DHANEKULA INST OF ENGG TECHNOLOGY,PVT,KRISHNA,VIJAYAWADA,COED,JNTUK,CSE,33264.0,34439.0,98164.0,98411,148536.0,151536.0,67555.0,67555,59149.0,59149,84013.0,84013.0,51147.0,52264,68038.0,68038,42118.0,44592.0,66880
397,DHAN,DHANEKULA INST OF ENGG TECHNOLOGY,PVT,KRISHNA,VIJAYAWADA,COED,JNTUK,CSM,47515.0,47515.0,125357.0,125357,129743.0,132181.0,89404.0,91476,84686.0,86669,95397.0,95397.0,71109.0,71109,82992.0,86053,55668.0,60303.0,66880
398,DHAN,DHANEKULA INST OF ENGG TECHNOLOGY,PVT,KRISHNA,VIJAYAWADA,COED,JNTUK,ECE,67675.0,67675.0,134314.0,139871,135981.0,139036.0,100148.0,117333,108394.0,108394,67675.0,84792.0,92086.0,95076,120944.0,120944,77485.0,76266.0,66880
399,DHAN,DHANEKULA INST OF ENGG TECHNOLOGY,PVT,KRISHNA,VIJAYAWADA,COED,JNTUK,EEE,108579.0,126781.0,139280.0,141714,142265.0,147456.0,108579.0,126781,134960.0,134960,108579.0,126781.0,132518.0,132518,150836.0,150836,121935.0,137677.0,66880
400,DHAN,DHANEKULA INST OF ENGG TECHNOLOGY,PVT,KRISHNA,VIJAYAWADA,COED,JNTUK,EII,146432.0,146432.0,146432.0,146432,146432.0,146432.0,146432.0,147293,146432.0,146432,146432.0,146432.0,146432.0,146432,146432.0,146432,92165.0,86603.0,66880
401,DHAN,DHANEKULA INST OF ENGG TECHNOLOGY,PVT,KRISHNA,VIJAYAWADA,COED,JNTUK,INF,58239.0,58239.0,118906.0,119154,129199.0,135398.0,120546.0,120546,96649.0,96649,58239.0,58239.0,77960.0,81002,87071.0,99406,68998.0,71879.0,66880
402,DJRC,SRI CHAITANYA -DJR COLL OF ENGG AND TECH,PVT,KRISHNA,VIJAYAWADA,COED,JNTUK,CSE,141921.0,141921.0,141921.0,141921,141921.0,141921.0,141921.0,141921,141921.0,141921,141921.0,141921.0,149929.0,149929,141921.0,141921,107469.0,107469.0,43000
403,GDLV,SESHADRI RAO GUDLAVALLERU ENGINEERING COLLEGE,PVT,KRISHNA,GUDLAVALLERU,COED,JNTUK,AID,27402.0,27402.0,89261.0,90903,138795.0,138795.0,66801.0,66801,42723.0,42723,66643.0,66643.0,42292.0,47194,55181.0,55181,31087.0,30652.0,71500
404,GDLV,SESHADRI RAO GUDLAVALLERU ENGINEERING COLLEGE,PVT,KRISHNA,GUDLAVALLERU,COED,JNTUK,CIV,88071.0,105534.0,127267.0,136789,137224.0,139556.0,141678.0,147573,133839.0,144471,141514.0,141514.0,142814.0,142814,148230.0,148230,136766.0,143653.0,71500
405,GDLV,SESHADRI RAO GUDLAVALLERU ENGINEERING COLLEGE,PVT,KRISHNA,GUDLAVALLERU,COED,JNTUK,CSE,36128.0,36128.0,54418.0,54418,103015.0,103015.0,36128.0,36128,37787.0,37787,39838.0,39838.0,36128.0,36128,56222.0,56222,20193.0,20363.0,71500
406,GDLV,SESHADRI RAO GUDLAVALLERU ENGINEERING COLLEGE,PVT,KRISHNA,GUDLAVALLERU,COED,JNTUK,CSM,23231.0,23231.0,77039.0,77039,118720.0,118720.0,44602.0,49124,46885.0,47715,68610.0,68610.0,35858.0,38075,34951.0,43152,32957.0,24694.0,71500
407,GDLV,SESHADRI RAO GUDLAVALLERU ENGINEERING COLLEGE,PVT,KRISHNA,GUDLAVALLERU,COED,JNTUK,ECE,49459.0,71131.0,97901.0,129658,143335.0,151721.0,63167.0,71131,55743.0,71131,71748.0,71748.0,49459.0,71131,69643.0,88329,44436.0,39714.0,71500
408,GDLV,SESHADRI RAO GUDLAVALLERU ENGINEERING COLLEGE,PVT,KRISHNA,GUDLAVALLERU,COED,JNTUK,EEE,90184.0,90184.0,130587.0,139810,139897.0,151708.0,119473.0,119473,114974.0,126752,140463.0,140463.0,142878.0,145607,122477.0,130670,114220.0,110042.0,71500
409,GDLV,SESHADRI RAO GUDLAVALLERU ENGINEERING COLLEGE,PVT,KRISHNA,GUDLAVALLERU,COED,JNTUK,INF,42526.0,42526.0,95291.0,107006,135222.0,135222.0,59268.0,59268,103313.0,103313,73043.0,73043.0,104428.0,104428,71753.0,71753,37343.0,37338.0,71500
410,GDLV,SESHADRI RAO GUDLAVALLERU ENGINEERING COLLEGE,PVT,KRISHNA,GUDLAVALLERU,COED,JNTUK,IOT,41819.0,41819.0,115738.0,119644,143162.0,143162.0,130789.0,130789,69085.0,73013,41819.0,89071.0,111484.0,111484,91721.0,91721,47969.0,45066.0,71500
411,GDLV,SESHADRI RAO GUDLAVALLERU ENGINEERING COLLEGE,PVT,KRISHNA,GUDLAVALLERU,COED,JNTUK,MEC,101317.0,137800.0,139388.0,144158,150764.0,150764.0,126374.0,137800,130077.0,137800,119384.0,137800.0,122767.0,137800,130492.0,137800,123138.0,129360.0,71500
412,KRUESF,KRISHNA UNIVERSITY COLLEGE OF ENGG AND TECHNOLOGY-SELF FINAN,SF,KRISHNA,MACHILIPATNAM,COED,KSUM,CSE,75629.0,87834.0,148108.0,149405,148813.0,150356.0,147336.0,147336,140793.0,150894,120513.0,120513.0,125482.0,135401,137885.0,138355,113637.0,122056.0,40500
413,KRUESF,KRISHNA UNIVERSITY COLLEGE OF ENGG AND TECHNOLOGY-SELF FINAN,SF,KRISHNA,MACHILIPATNAM,COED,KSUM,ECE,82101.0,83964.0,147242.0,147242,140036.0,140036.0,128557.0,133408,134857.0,150039,82101.0,121894.0,142139.0,142139,143476.0,143476,130886.0,129064.0,40500
414,LBCE,LAKIREDDY BALIREDDY COLLEGE OF ENGINEERING,PVT,KRISHNA,MYLAVARAM,COED,JNTUK,AID,21949.0,21949.0,77967.0,83235,151328.0,151328.0,44183.0,44183,37576.0,38443,85453.0,85453.0,33938.0,37521,36426.0,85791,24736.0,24019.0,76670
415,LBCE,LAKIREDDY BALIREDDY COLLEGE OF ENGINEERING,PVT,KRISHNA,MYLAVARAM,COED,JNTUK,ASE,104344.0,151540.0,117498.0,151540,104344.0,151540.0,104344.0,151540,124831.0,151540,105436.0,151540.0,104344.0,151540,104344.0,151540,55370.0,48644.0,76670
416,LBCE,LAKIREDDY BALIREDDY COLLEGE OF ENGINEERING,PVT,KRISHNA,MYLAVARAM,COED,JNTUK,CIV,92483.0,95357.0,150300.0,150300,150810.0,150810.0,143954.0,148950,148919.0,150516,92483.0,95357.0,142539.0,142539,92483.0,95357,121382.0,133277.0,76670
417,LBCE,LAKIREDDY BALIREDDY COLLEGE OF ENGINEERING,PVT,KRISHNA,MYLAVARAM,COED,JNTUK,CSE,18137.0,18137.0,67124.0,67124,96088.0,96088.0,31459.0,35276,31710.0,31710,18137.0,18137.0,27605.0,28294,33212.0,33212,19020.0,19239.0,76670
418,LBCE,LAKIREDDY BALIREDDY COLLEGE OF ENGINEERING,PVT,KRISHNA,MYLAVARAM,COED,JNTUK,CSM,19738.0,23186.0,76504.0,82210,151274.0,151274.0,33209.0,33941,31926.0,32786,19738.0,23186.0,30561.0,30561,36600.0,37364,23907.0,21934.0,76670
419,LBCE,LAKIREDDY BALIREDDY COLLEGE OF ENGINEERING,PVT,KRISHNA,MYLAVARAM,COED,JNTUK,ECE,53716.0,53716.0,88321.0,88321,122721.0,122721.0,53716.0,53716,53716.0,53716,56831.0,56831.0,53716.0,53716,53716.0,61763,107342.0,32989.0,76670
420,LBCE,LAKIREDDY BALIREDDY COLLEGE OF ENGINEERING,PVT,KRISHNA,MYLAVARAM,COED,JNTUK,EEE,90722.0,104404.0,138551.0,138551,131360.0,151547.0,142725.0,142725,108198.0,108198,90722.0,122209.0,98943.0,104404,122001.0,122001,89610.0,99373.0,76670
421,LBCE,LAKIREDDY BALIREDDY COLLEGE OF ENGINEERING,PVT,KRISHNA,MYLAVARAM,COED,JNTUK,INF,29956.0,48045.0,82124.0,82124,137443.0,151539.0,50547.0,54194,39469.0,48045,83389.0,83389.0,36083.0,48045,39428.0,48045,27765.0,27812.0,76670
422,LBCE,LAKIREDDY BALIREDDY COLLEGE OF ENGINEERING,PVT,KRISHNA,MYLAVARAM,COED,JNTUK,MEC,100828.0,137418.0,151714.0,151714,125959.0,137418.0,150812.0,150812,149340.0,149340,100828.0,137418.0,146100.0,146100,108045.0,137418,141845.0,128917.0,76670
423,LIMT,LINGAYAS INST OF MGMT AND TECHNOLOGY,PVT,KRISHNA,VIJAYAWADA,COED,JNTUK,AID,99923.0,99923.0,151571.0,151571,142217.0,142217.0,140942.0,140942,147045.0,147045,99923.0,99923.0,121419.0,141285,150743.0,150743,113999.0,110795.0,43000
424,LIMT,LINGAYAS INST OF MGMT AND TECHNOLOGY,PVT,KRISHNA,VIJAYAWADA,COED,JNTUK,AIM,113475.0,113475.0,142952.0,142952,131197.0,131197.0,128602.0,142680,148561.0,148561,140749.0,140749.0,137438.0,144484,120953.0,120953,127921.0,143357.0,43000
425,LIMT,LINGAYAS INST OF MGMT AND TECHNOLOGY,PVT,KRISHNA,VIJAYAWADA,COED,JNTUK,CIV,134455.0,134455.0,134455.0,134455,134455.0,134455.0,134455.0,134455,134455.0,134455,134455.0,134455.0,134455.0,134455,134455.0,134455,999999.0,999999.0,43000
426,LIMT,LINGAYAS INST OF MGMT AND TECHNOLOGY,PVT,KRISHNA,VIJAYAWADA,COED,JNTUK,CSE,121905.0,132717.0,151731.0,151731,145225.0,150174.0,129408.0,140582,145408.0,145408,121905.0,148559.0,121905.0,132717,131591.0,149099,106332.0,112186.0,43000
427,LIMT,LINGAYAS INST OF MGMT AND TECHNOLOGY,PVT,KRISHNA,VIJAYAWADA,COED,JNTUK,ECE,106572.0,106572.0,147982.0,147982,149648.0,149648.0,145076.0,150623,148899.0,148899,106572.0,106572.0,142718.0,146265,127282.0,129397,145829.0,144176.0,43000
428,MICT,DVR AND DR.HS MIC COLLEGE OF TECHNOLOGY,PVT,KRISHNA,"KANCHIKACHERL
A",COED,JNTUK,AID,57993.0,57993.0,125632.0,125632,123812.0,143774.0,93352.0,109775,95144.0,100478,79960.0,79960.0,71350.0,87664,95642.0,95642,70321.0,68509.0,43000
429,MICT,DVR AND DR.HS MIC COLLEGE OF TECHNOLOGY,PVT,KRISHNA,"KANCHIKACHERL
A",COED,JNTUK,AIM,61095.0,69774.0,138984.0,138984,137468.0,138367.0,115392.0,115392,104565.0,108394,61095.0,89384.0,77676.0,82824,108181.0,126903,72148.0,71898.0,43000
430,MICT,DVR AND DR.HS MIC COLLEGE OF TECHNOLOGY,PVT,KRISHNA,"KANCHIKACHERL
A",COED,JNTUK,CSE,38118.0,38118.0,88712.0,129179,123202.0,123202.0,67885.0,82299,74150.0,74150,49580.0,49580.0,56225.0,56225,76839.0,76839,43688.0,45136.0,43000
431,MICT,DVR AND DR.HS MIC COLLEGE OF TECHNOLOGY,PVT,KRISHNA,"KANCHIKACHERL
A",COED,JNTUK,ECE,67951.0,67951.0,138893.0,140270,148749.0,148749.0,103694.0,132374,122145.0,122145,88587.0,88587.0,91571.0,99734,115605.0,115605,86402.0,89186.0,43000
432,MICT,DVR AND DR.HS MIC COLLEGE OF TECHNOLOGY,PVT,KRISHNA,"KANCHIKACHERL
A",COED,JNTUK,EEE,88931.0,113819.0,118613.0,149459,118652.0,118652.0,146741.0,146741,139209.0,139209,88931.0,113819.0,125418.0,129901,151201.0,151201,137493.0,137493.0,43000
433,MICT,DVR AND DR.HS MIC COLLEGE OF TECHNOLOGY,PVT,KRISHNA,"KANCHIKACHERL
A",COED,JNTUK,INF,59378.0,59378.0,135746.0,135746,137855.0,144941.0,92969.0,104927,101167.0,101167,75532.0,75532.0,82271.0,83341,101758.0,106862,75171.0,77688.0,43000
434,MICT,DVR AND DR.HS MIC COLLEGE OF TECHNOLOGY,PVT,KRISHNA,"KANCHIKACHERL
A",COED,JNTUK,MEC,137747.0,137747.0,137747.0,137747,137747.0,137747.0,137747.0,137747,137747.0,137747,137747.0,137747.0,137747.0,137747,137747.0,137747,133852.0,133852.0,43000
435,MIET,MANDAVA INSTITUTE OF ENGG AND TECHNOLOGY,PVT,KRISHNA,JAGGAIAHPETA,COED,JNTUK,CIV,151745.0,151745.0,151745.0,151745,151745.0,151745.0,151745.0,151745,151745.0,151745,151745.0,151745.0,151745.0,151745,151745.0,151745,999999.0,999999.0,43000
436,MIET,MANDAVA INSTITUTE OF ENGG AND TECHNOLOGY,PVT,KRISHNA,JAGGAIAHPETA,COED,JNTUK,CSE,75513.0,75513.0,125934.0,151759,75513.0,148303.0,132758.0,146586,144782.0,144782,75513.0,75513.0,151313.0,151313,75513.0,75513,132365.0,132365.0,43000
437,MIET,MANDAVA INSTITUTE OF ENGG AND TECHNOLOGY,PVT,KRISHNA,JAGGAIAHPETA,COED,JNTUK,CSM,136141.0,136141.0,136141.0,136141,136141.0,136141.0,136141.0,136141,136141.0,136141,136141.0,136141.0,136141.0,136141,136141.0,136141,999999.0,999999.0,43000
438,MIET,MANDAVA INSTITUTE OF ENGG AND TECHNOLOGY,PVT,KRISHNA,JAGGAIAHPETA,COED,JNTUK,ECE,113575.0,113575.0,149593.0,149593,117330.0,139082.0,113575.0,113575,113575.0,113575,113575.0,113575.0,126856.0,126856,113575.0,113575,999999.0,999999.0,43000
439,MVRS,M.V.R.COLL OF ENGINEERING AND TECHNOLOGY,PVT,KRISHNA,PARITALA,COED,JNTUK,AID,84665.0,84665.0,151713.0,151713,149986.0,149986.0,136825.0,150334,133801.0,146236,84665.0,114214.0,108416.0,147464,114451.0,114451,119560.0,135549.0,43000
440,MVRS,M.V.R.COLL OF ENGINEERING AND TECHNOLOGY,PVT,KRISHNA,PARITALA,COED,JNTUK,CAI,97395.0,97395.0,147762.0,147762,134906.0,147585.0,114668.0,125082,149307.0,149307,119398.0,119398.0,131956.0,134100,138365.0,149441,114556.0,124788.0,43000
441,MVRS,M.V.R.COLL OF ENGINEERING AND TECHNOLOGY,PVT,KRISHNA,PARITALA,COED,JNTUK,CIV,110264.0,110264.0,151509.0,151509,145875.0,145875.0,148203.0,148203,112535.0,145663,110264.0,110264.0,142652.0,145991,110264.0,110264,999999.0,999999.0,43000
442,MVRS,M.V.R.COLL OF ENGINEERING AND TECHNOLOGY,PVT,KRISHNA,PARITALA,COED,JNTUK,CSE,79808.0,80889.0,151490.0,151490,138957.0,151756.0,131959.0,131959,136291.0,142586,87035.0,87035.0,125992.0,134610,142210.0,147157,109050.0,113366.0,43000
443,MVRS,M.V.R.COLL OF ENGINEERING AND TECHNOLOGY,PVT,KRISHNA,PARITALA,COED,JNTUK,ECE,94867.0,150122.0,151652.0,151672,140072.0,150122.0,124132.0,150122,147915.0,150122,94867.0,150122.0,136598.0,150824,149379.0,150122,126429.0,129554.0,43000
444,MVRS,M.V.R.COLL OF ENGINEERING AND TECHNOLOGY,PVT,KRISHNA,PARITALA,COED,JNTUK,MEC,148192.0,150236.0,148192.0,150236,148192.0,150236.0,148192.0,150236,148192.0,150236,148192.0,150236.0,148192.0,150236,148192.0,150236,999999.0,999999.0,43000
445,NRIA,NRI INSTITUTE OF TECHNOLOGY,PVT,KRISHNA,AGIRIPALLY,COED,JNTUK,AIM,54694.0,54694.0,142785.0,146616,138464.0,140245.0,86138.0,86138,101276.0,101276,54694.0,110640.0,69449.0,72575,90822.0,90822,67944.0,67396.0,46750
446,NRIA,NRI INSTITUTE OF TECHNOLOGY,PVT,KRISHNA,AGIRIPALLY,COED,JNTUK,CIV,150974.0,150974.0,150974.0,150974,150974.0,150974.0,150974.0,150974,150974.0,150974,150974.0,150974.0,150974.0,150974,150974.0,150974,999999.0,999999.0,46750
447,NRIA,NRI INSTITUTE OF TECHNOLOGY,PVT,KRISHNA,AGIRIPALLY,COED,JNTUK,CSD,53310.0,53310.0,129672.0,140363,148906.0,149843.0,106257.0,106257,97102.0,97102,70735.0,70735.0,70892.0,70892,121167.0,121167,68645.0,68068.0,46750
448,NRIA,NRI INSTITUTE OF TECHNOLOGY,PVT,KRISHNA,AGIRIPALLY,COED,JNTUK,CSE,28156.0,28156.0,86667.0,86667,133620.0,134575.0,57785.0,57785,54246.0,54246,63498.0,68908.0,41776.0,45331,74205.0,74205,36116.0,33772.0,46750
449,NRIA,NRI INSTITUTE OF TECHNOLOGY,PVT,KRISHNA,AGIRIPALLY,COED,JNTUK,CSER,87129.0,87129.0,151699.0,151699,150193.0,150193.0,139164.0,139164,109836.0,131631,87129.0,87129.0,107895.0,107895,149434.0,149434,114772.0,102600.0,46750
450,NRIA,NRI INSTITUTE OF TECHNOLOGY,PVT,KRISHNA,AGIRIPALLY,COED,JNTUK,CSM,108502.0,108502.0,118512.0,118512,132319.0,133429.0,108502.0,108502,108502.0,108502,108502.0,108502.0,108502.0,108502,112087.0,112087,58899.0,61057.0,46750
451,NRIA,NRI INSTITUTE OF TECHNOLOGY,PVT,KRISHNA,AGIRIPALLY,COED,JNTUK,ECE,56487.0,56487.0,129993.0,137057,139818.0,139818.0,102897.0,128996,98474.0,98474,120636.0,120636.0,72878.0,72878,106565.0,106565,73232.0,74809.0,46750
452,NRIA,NRI INSTITUTE OF TECHNOLOGY,PVT,KRISHNA,AGIRIPALLY,COED,JNTUK,EEE,139720.0,139720.0,150545.0,150545,139720.0,139720.0,139720.0,139720,148839.0,148839,139720.0,139720.0,139720.0,139720,139720.0,139720,134491.0,134162.0,46750
453,NRIA,NRI INSTITUTE OF TECHNOLOGY,PVT,KRISHNA,AGIRIPALLY,COED,JNTUK,INF,52103.0,52103.0,126447.0,126447,136707.0,136707.0,122346.0,122346,95872.0,95872,52103.0,52103.0,69945.0,75354,79302.0,102292,66244.0,56752.0,46750
454,NRIA,NRI INSTITUTE OF TECHNOLOGY,PVT,KRISHNA,AGIRIPALLY,COED,JNTUK,MEC,136156.0,144871.0,136156.0,144871,136156.0,144871.0,136156.0,144871,136156.0,144871,136156.0,144871.0,136156.0,144871,136156.0,144871,126638.0,126638.0,46750
455,NRIP,N R I COLLEGE OF PHARMACY,PVT,KRISHNA,AGIRIPALLY,COED,JNTUK,PHM,127071.0,127071.0,127071.0,127071,127071.0,127071.0,127071.0,127071,127071.0,127071,127071.0,127071.0,127071.0,127071,127071.0,127071,999999.0,999999.0,48300
456,PPDV,PALADUGU PARVATHI DEVI COLLEGE OF ENGG AND TECH,PVT,KRISHNA,VIJAYAWADA,COED,JNTUK,CSD,149078.0,149078.0,149078.0,149078,149078.0,149078.0,149078.0,149078,149078.0,149078,149078.0,149078.0,149078.0,149078,149078.0,149078,999999.0,999999.0,43000
457,PPDV,PALADUGU PARVATHI DEVI COLLEGE OF ENGG AND TECH,PVT,KRISHNA,VIJAYAWADA,COED,JNTUK,CSE,133849.0,133849.0,133849.0,133849,133849.0,133849.0,146833.0,146833,133849.0,133849,133849.0,133849.0,142349.0,142349,133849.0,133849,999999.0,999999.0,43000
458,PPDV,PALADUGU PARVATHI DEVI COLLEGE OF ENGG AND TECH,PVT,KRISHNA,VIJAYAWADA,COED,JNTUK,ECE,126533.0,126533.0,126533.0,126533,126533.0,126533.0,126533.0,126533,126533.0,126533,126533.0,126533.0,126533.0,126533,126533.0,126533,999999.0,999999.0,43000
459,PPSV,PRASAD V POTLURI SIDDHARTHA INSTT OF TECHNOLOGY,PVT,KRISHNA,VIJAYAWADA,COED,JNTUK,CIV,96169.0,115125.0,139589.0,141868,139288.0,148459.0,147164.0,147164,148912.0,148912,96169.0,135729.0,133229.0,133229,136887.0,143206,146305.0,120868.0,77000
460,PPSV,PRASAD V POTLURI SIDDHARTHA INSTT OF TECHNOLOGY,PVT,KRISHNA,VIJAYAWADA,COED,JNTUK,CSD,11995.0,12793.0,53119.0,53119,113880.0,131938.0,17382.0,20381,20875.0,22095,11995.0,12793.0,17316.0,86373,23030.0,27279,13229.0,14853.0,77000
461,PPSV,PRASAD V POTLURI SIDDHARTHA INSTT OF TECHNOLOGY,PVT,KRISHNA,VIJAYAWADA,COED,JNTUK,CSE,15207.0,15207.0,41089.0,43155,86799.0,93524.0,17214.0,18653,18565.0,24442,38532.0,38532.0,15207.0,15207,18684.0,18684,18516.0,11567.0,77000
462,PPSV,PRASAD V POTLURI SIDDHARTHA INSTT OF TECHNOLOGY,PVT,KRISHNA,VIJAYAWADA,COED,JNTUK,CSM,11261.0,11261.0,44567.0,45359,127958.0,127958.0,21478.0,21478,17546.0,17546,57824.0,57824.0,14881.0,14881,20135.0,26481,12349.0,14001.0,77000
463,PPSV,PRASAD V POTLURI SIDDHARTHA INSTT OF TECHNOLOGY,PVT,KRISHNA,VIJAYAWADA,COED,JNTUK,ECE,21064.0,21064.0,79610.0,79610,131533.0,147850.0,74278.0,74278,33328.0,33328,21064.0,50382.0,26457.0,27460,38337.0,40579,22525.0,21919.0,77000
464,PPSV,PRASAD V POTLURI SIDDHARTHA INSTT OF TECHNOLOGY,PVT,KRISHNA,VIJAYAWADA,COED,JNTUK,EEE,59788.0,69417.0,111291.0,139601,123575.0,149283.0,143350.0,143350,94423.0,94423,59788.0,69417.0,66644.0,83427,134467.0,134467,72976.0,78274.0,77000
465,PPSV,PRASAD V POTLURI SIDDHARTHA INSTT OF TECHNOLOGY,PVT,KRISHNA,VIJAYAWADA,COED,JNTUK,INF,17383.0,17383.0,63848.0,63848,135185.0,138189.0,26431.0,40382,24861.0,26111,85285.0,85285.0,21983.0,21983,28805.0,28805,19037.0,19049.0,77000
466,PPSV,PRASAD V POTLURI SIDDHARTHA INSTT OF TECHNOLOGY,PVT,KRISHNA,VIJAYAWADA,COED,JNTUK,MEC,78381.0,127551.0,139851.0,147883,140084.0,140084.0,150053.0,150053,150284.0,150284,78381.0,127551.0,107980.0,127551,146379.0,146379,127176.0,128570.0,77000
467,PSCV,POTTI SRIRAMULU COLLEGE OF ENGG AND TECHNOLOGY,PVT,KRISHNA,VIJAYAWADA,COED,JNTUK,CAI,69519.0,69519.0,127754.0,127754,140078.0,140276.0,89596.0,96349,106475.0,117662,69519.0,69519.0,82156.0,92095,93915.0,110995,75645.0,76205.0,45650
468,PSCV,POTTI SRIRAMULU COLLEGE OF ENGG AND TECHNOLOGY,PVT,KRISHNA,VIJAYAWADA,COED,JNTUK,CIC,120105.0,120105.0,136973.0,150280,139275.0,139275.0,120105.0,133047,137890.0,145292,120105.0,120105.0,120105.0,120105,120105.0,129362,84186.0,89854.0,45650
469,PSCV,POTTI SRIRAMULU COLLEGE OF ENGG AND TECHNOLOGY,PVT,KRISHNA,VIJAYAWADA,COED,JNTUK,CSD,60991.0,60991.0,137891.0,137891,140220.0,145484.0,95324.0,105546,107703.0,108655,60991.0,60991.0,86244.0,102803,60991.0,60991,64414.0,75422.0,45650
470,PSCV,POTTI SRIRAMULU COLLEGE OF ENGG AND TECHNOLOGY,PVT,KRISHNA,VIJAYAWADA,COED,JNTUK,CSE,51317.0,91399.0,118582.0,118582,145152.0,145152.0,91545.0,91545,120780.0,120780,112312.0,112312.0,71546.0,91399,83151.0,91399,81255.0,74159.0,45650
471,PSCV,POTTI SRIRAMULU COLLEGE OF ENGG AND TECHNOLOGY,PVT,KRISHNA,VIJAYAWADA,COED,JNTUK,CSM,50023.0,50023.0,136150.0,139424,134999.0,134999.0,79265.0,79265,99996.0,99996,91862.0,91862.0,67699.0,67699,54987.0,112426,70269.0,62177.0,45650
472,PSCV,POTTI SRIRAMULU COLLEGE OF ENGG AND TECHNOLOGY,PVT,KRISHNA,VIJAYAWADA,COED,JNTUK,CSO,93402.0,98704.0,150954.0,150954,97516.0,98704.0,131174.0,133146,130672.0,148560,93402.0,98704.0,108450.0,115193,122856.0,122856,90992.0,90135.0,45650
473,PSCV,POTTI SRIRAMULU COLLEGE OF ENGG AND TECHNOLOGY,PVT,KRISHNA,VIJAYAWADA,COED,JNTUK,ECE,147001.0,147001.0,149490.0,151716,147001.0,147001.0,148992.0,148992,147001.0,147001,147001.0,147001.0,147001.0,147001,147001.0,147001,105643.0,109476.0,45650
474,PSCV,POTTI SRIRAMULU COLLEGE OF ENGG AND TECHNOLOGY,PVT,KRISHNA,VIJAYAWADA,COED,JNTUK,EEE,130556.0,130556.0,150716.0,150716,136683.0,136683.0,141624.0,141624,142944.0,142944,130556.0,130556.0,147815.0,147815,130556.0,140581,999999.0,999999.0,45650
475,RKCE,R.K.COLLEGE OF ENGINEERING,PVT,KRISHNA,IBRAHIMPATNAM,COED,JNTUK,AIM,88724.0,88724.0,135195.0,144123,136627.0,136627.0,142758.0,142758,140988.0,140988,88724.0,137131.0,125736.0,125736,123256.0,145708,122228.0,142993.0,43000
476,RKCE,R.K.COLLEGE OF ENGINEERING,PVT,KRISHNA,IBRAHIMPATNAM,COED,JNTUK,CIV,151422.0,151422.0,151422.0,151422,151422.0,151422.0,151422.0,151422,151422.0,151422,151422.0,151422.0,151422.0,151422,151422.0,151422,999999.0,999999.0,43000
477,RKCE,R.K.COLLEGE OF ENGINEERING,PVT,KRISHNA,IBRAHIMPATNAM,COED,JNTUK,CSD,122979.0,127192.0,150201.0,150201,145978.0,145978.0,137274.0,137274,138704.0,141950,122979.0,146271.0,150141.0,150141,122979.0,144591,126044.0,134948.0,43000
478,RKCE,R.K.COLLEGE OF ENGINEERING,PVT,KRISHNA,IBRAHIMPATNAM,COED,JNTUK,CSE,149888.0,149888.0,149950.0,150966,149888.0,149888.0,149888.0,149888,151061.0,151061,149888.0,149888.0,149888.0,149888,149888.0,149888,121430.0,113562.0,43000
479,RKCE,R.K.COLLEGE OF ENGINEERING,PVT,KRISHNA,IBRAHIMPATNAM,COED,JNTUK,ECE,114471.0,114471.0,149808.0,150416,139101.0,145841.0,150440.0,150440,144931.0,149498,141069.0,141069.0,149289.0,149289,145126.0,147280,137702.0,147866.0,43000
480,RKCE,R.K.COLLEGE OF ENGINEERING,PVT,KRISHNA,IBRAHIMPATNAM,COED,JNTUK,EEE,151745.0,151745.0,151745.0,151745,151766.0,151767.0,151745.0,151745,151775.0,151775,999999.0,999999.0,151745.0,151745,151745.0,151745,999999.0,999999.0,43000
481,RKCE,R.K.COLLEGE OF ENGINEERING,PVT,KRISHNA,IBRAHIMPATNAM,COED,JNTUK,MEC,109370.0,109370.0,109370.0,109370,109370.0,109370.0,109370.0,109370,109370.0,109370,109370.0,109370.0,134873.0,134873,109370.0,109370,999999.0,999999.0,43000
482,SIEN,SRI SARATHI INSTITUTE OF ENGG. AND TECHNOLOGY,PVT,KRISHNA,NUZVID,COED,JNTUK,AID,107828.0,117723.0,139563.0,139563,107828.0,117723.0,107828.0,117723,107828.0,144955,107828.0,117723.0,107828.0,117723,107828.0,117723,147620.0,147620.0,43000
483,SIEN,SRI SARATHI INSTITUTE OF ENGG. AND TECHNOLOGY,PVT,KRISHNA,NUZVID,COED,JNTUK,CSE,124450.0,124450.0,150383.0,151573,150206.0,150206.0,131324.0,140778,148013.0,148013,124450.0,124450.0,137886.0,143493,124450.0,124450,146179.0,146179.0,43000
484,SIEN,SRI SARATHI INSTITUTE OF ENGG. AND TECHNOLOGY,PVT,KRISHNA,NUZVID,COED,JNTUK,ECE,141102.0,141102.0,141102.0,141102,141102.0,141102.0,141102.0,141102,141102.0,141102,141102.0,141102.0,141102.0,141102,141102.0,141102,999999.0,999999.0,43000
485,SRKI,S R K INST. OF TECHNOLOGY,PVT,KRISHNA,VIJAYAWADA,COED,JNTUK,CIV,148194.0,148194.0,148194.0,149369,148194.0,148194.0,148194.0,148194,148194.0,148194,148194.0,148194.0,148194.0,148194,148194.0,148194,145243.0,145243.0,43000
486,SRKI,S R K INST. OF TECHNOLOGY,PVT,KRISHNA,VIJAYAWADA,COED,JNTUK,CSD,61642.0,61642.0,128182.0,128182,101835.0,133968.0,109314.0,113173,112905.0,117937,61642.0,61642.0,84909.0,84909,103671.0,103671,69890.0,79260.0,43000
487,SRKI,S R K INST. OF TECHNOLOGY,PVT,KRISHNA,VIJAYAWADA,COED,JNTUK,CSE,39287.0,39287.0,119799.0,119799,112749.0,139039.0,61482.0,61482,90532.0,90532,93018.0,93018.0,57407.0,60707,61929.0,61929,45395.0,50121.0,43000
488,SRKI,S R K INST. OF TECHNOLOGY,PVT,KRISHNA,VIJAYAWADA,COED,JNTUK,CSM,63217.0,63217.0,135748.0,135748,137437.0,147486.0,88029.0,124149,109132.0,114197,78343.0,78343.0,81228.0,81313,91956.0,91956,73280.0,79913.0,43000
489,SRKI,S R K INST. OF TECHNOLOGY,PVT,KRISHNA,VIJAYAWADA,COED,JNTUK,ECE,87122.0,87122.0,136387.0,139866,137265.0,137931.0,110561.0,110561,125598.0,135152,87122.0,87122.0,87122.0,92870,129308.0,141088,86162.0,88742.0,43000
490,SRKI,S R K INST. OF TECHNOLOGY,PVT,KRISHNA,VIJAYAWADA,COED,JNTUK,EEE,114708.0,114708.0,149311.0,149311,114708.0,114708.0,148505.0,148505,114708.0,114708,114708.0,114708.0,146758.0,146758,114708.0,114708,141111.0,141111.0,43000
491,SRKI,S R K INST. OF TECHNOLOGY,PVT,KRISHNA,VIJAYAWADA,COED,JNTUK,EVT,119041.0,119041.0,146511.0,146511,119041.0,148374.0,142802.0,142802,142911.0,142911,119041.0,119041.0,132076.0,132076,142779.0,142779,146728.0,126609.0,43000
492,SRKI,S R K INST. OF TECHNOLOGY,PVT,KRISHNA,VIJAYAWADA,COED,JNTUK,INF,56576.0,56576.0,128708.0,128708,127090.0,127090.0,112127.0,133093,115185.0,115185,56576.0,56576.0,80837.0,85495,101591.0,101591,80386.0,77820.0,43000
493,SRKI,S R K INST. OF TECHNOLOGY,PVT,KRISHNA,VIJAYAWADA,COED,JNTUK,MEC,151736.0,151736.0,151736.0,151736,151736.0,151736.0,151736.0,151736,151736.0,151736,151736.0,151736.0,151736.0,151736,151736.0,151736,999999.0,999999.0,43000
494,SUNL,SRI SUNFLOWER COLLEGE OF ENGG AND TECHNOLOGY,PVT,KRISHNA,LANKAPALLI,COED,JNTUK,CSE,140523.0,140523.0,140523.0,140523,140523.0,140523.0,140523.0,140523,140523.0,140523,140523.0,140523.0,140523.0,140523,140523.0,140523,999999.0,999999.0,43000
495,SVET,SRI VASAVI INSTT OF ENGINEERING AND TECHNOLOGY,PVT,KRISHNA,PEDANA,COED,JNTUK,CIV,147350.0,147350.0,147350.0,147350,147350.0,147350.0,147350.0,147350,147350.0,147350,147350.0,147350.0,147350.0,147350,147350.0,147350,999999.0,999999.0,43000
496,SVET,SRI VASAVI INSTT OF ENGINEERING AND TECHNOLOGY,PVT,KRISHNA,PEDANA,COED,JNTUK,CSE,119417.0,119417.0,150896.0,150896,139434.0,151301.0,133071.0,133071,119417.0,119417,138097.0,138097.0,122126.0,129038,119417.0,134396,125223.0,87407.0,43000
497,SVET,SRI VASAVI INSTT OF ENGINEERING AND TECHNOLOGY,PVT,KRISHNA,PEDANA,COED,JNTUK,CSM,68893.0,90185.0,90659.0,92834,78534.0,90185.0,147589.0,147589,111476.0,127309,86345.0,135191.0,134781.0,134781,127701.0,127844,92030.0,77211.0,43000
498,SVET,SRI VASAVI INSTT OF ENGINEERING AND TECHNOLOGY,PVT,KRISHNA,PEDANA,COED,JNTUK,ECE,101294.0,101294.0,132718.0,132718,107243.0,114724.0,139238.0,149205,132177.0,132177,101294.0,150750.0,133073.0,133073,137486.0,137486,121331.0,115236.0,43000
499,SVET,SRI VASAVI INSTT OF ENGINEERING AND TECHNOLOGY,PVT,KRISHNA,PEDANA,COED,JNTUK,MEC,142287.0,142287.0,142287.0,142287,142287.0,142287.0,142287.0,142287,142287.0,142287,142287.0,142287.0,142287.0,142287,142287.0,142287,999999.0,999999.0,43000
500,SVHE,D M S S V H COLLEGE OF ENGINEERING,PVT,KRISHNA,MACHILIPATNAM,COED,JNTUK,CSE,135436.0,135436.0,149056.0,149056,135436.0,135436.0,135436.0,135436,135436.0,135436,135436.0,135436.0,135436.0,135436,135436.0,148062,999999.0,999999.0,43000
501,URCE,USHA RAMA COLL OF ENGG AND TECHNOLOGY,PVT,KRISHNA,TELAPROLU,COED,JNTUK,AID,63476.0,63476.0,123002.0,126831,138508.0,138508.0,111342.0,111342,117906.0,118936,63476.0,63476.0,81576.0,82363,120888.0,120888,70746.0,83950.0,43000
502,URCE,USHA RAMA COLL OF ENGG AND TECHNOLOGY,PVT,KRISHNA,TELAPROLU,COED,JNTUK,AIM,98120.0,98120.0,129593.0,129593,132420.0,133744.0,123521.0,146264,117710.0,123677,98120.0,98120.0,98120.0,98120,107840.0,144737,74379.0,89290.0,43000
503,URCE,USHA RAMA COLL OF ENGG AND TECHNOLOGY,PVT,KRISHNA,TELAPROLU,COED,JNTUK,CSE,54133.0,54133.0,117163.0,127155,121656.0,133906.0,84252.0,94525,102819.0,115731,54133.0,81678.0,72599.0,75913,107812.0,107812,63201.0,64693.0,43000
504,URCE,USHA RAMA COLL OF ENGG AND TECHNOLOGY,PVT,KRISHNA,TELAPROLU,COED,JNTUK,ECE,84028.0,84743.0,151748.0,151748,149436.0,149436.0,150953.0,150953,133238.0,135844,84028.0,95437.0,97881.0,135568,136664.0,148955,98881.0,101171.0,43000
505,URCE,USHA RAMA COLL OF ENGG AND TECHNOLOGY,PVT,KRISHNA,TELAPROLU,COED,JNTUK,EEE,130630.0,130630.0,151578.0,151578,130630.0,149238.0,147794.0,150558,149289.0,149289,130630.0,130630.0,142508.0,145821,147353.0,147353,143121.0,124000.0,43000
506,URCE,USHA RAMA COLL OF ENGG AND TECHNOLOGY,PVT,KRISHNA,TELAPROLU,COED,JNTUK,INF,74939.0,127050.0,143524.0,143524,135429.0,135429.0,120347.0,127050,104720.0,127050,74939.0,127050.0,87769.0,127050,111856.0,143649,81262.0,84197.0,43000
507,URCE,USHA RAMA COLL OF ENGG AND TECHNOLOGY,PVT,KRISHNA,TELAPROLU,COED,JNTUK,MEC,144617.0,144617.0,144617.0,150576,144617.0,144617.0,144617.0,144617,144617.0,144617,144617.0,144617.0,144617.0,144617,144617.0,144617,999999.0,999999.0,43000
508,VCTN,VIKAS COLLEGE OF ENGINEERING AND TECHNOLOGY,PVT,KRISHNA,VIJAYAWADA,COED,JNTUK,AGR,123498.0,128897.0,123498.0,128897,123498.0,128897.0,123498.0,128897,123498.0,128897,123498.0,128897.0,123498.0,128897,123498.0,128897,999999.0,999999.0,43000
509,VCTN,VIKAS COLLEGE OF ENGINEERING AND TECHNOLOGY,PVT,KRISHNA,VIJAYAWADA,COED,JNTUK,CIV,151745.0,151745.0,151745.0,151745,151766.0,151766.0,151745.0,151745,151775.0,151775,151745.0,151745.0,151745.0,151745,151745.0,151745,999999.0,999999.0,43000
510,VCTN,VIKAS COLLEGE OF ENGINEERING AND TECHNOLOGY,PVT,KRISHNA,VIJAYAWADA,COED,JNTUK,CSD,127187.0,127187.0,127187.0,144465,127187.0,127187.0,147415.0,147415,148617.0,148617,127187.0,127187.0,143144.0,143144,127187.0,149457,999999.0,999999.0,43000
511,VCTN,VIKAS COLLEGE OF ENGINEERING AND TECHNOLOGY,PVT,KRISHNA,VIJAYAWADA,COED,JNTUK,CSE,145268.0,145268.0,151279.0,151279,148760.0,148760.0,147676.0,147676,150778.0,150778,145268.0,145268.0,145268.0,145268,145268.0,150402,132436.0,127208.0,43000
512,VCTN,VIKAS COLLEGE OF ENGINEERING AND TECHNOLOGY,PVT,KRISHNA,VIJAYAWADA,COED,JNTUK,CSM,86792.0,86792.0,148423.0,148423,137683.0,137683.0,143251.0,143251,146626.0,146626,86792.0,86792.0,145588.0,147882,119408.0,128621,145478.0,145478.0,43000
513,VCTN,VIKAS COLLEGE OF ENGINEERING AND TECHNOLOGY,PVT,KRISHNA,VIJAYAWADA,COED,JNTUK,ECE,121405.0,121405.0,151250.0,151250,129851.0,143378.0,143568.0,143568,121405.0,121405,121405.0,121405.0,130804.0,130804,121405.0,121405,999999.0,999999.0,43000
514,VCTN,VIKAS COLLEGE OF ENGINEERING AND TECHNOLOGY,PVT,KRISHNA,VIJAYAWADA,COED,JNTUK,EEE,76716.0,76716.0,136124.0,136124,76716.0,76716.0,76716.0,76716,76716.0,76716,76716.0,76716.0,76716.0,76716,76716.0,76716,999999.0,999999.0,43000
515,VCTN,VIKAS COLLEGE OF ENGINEERING AND TECHNOLOGY,PVT,KRISHNA,VIJAYAWADA,COED,JNTUK,MEC,126079.0,126079.0,126079.0,126079,126079.0,126079.0,126079.0,126079,126079.0,126079,126079.0,126079.0,126079.0,126079,126079.0,126079,999999.0,999999.0,43000
516,VGTN,VIKAS GROUP OF INSTITUTIONS,PVT,KRISHNA,"VIJAYAWADA
RURAL",COED,JNTUK,CSD,118484.0,118484.0,118484.0,118484,118484.0,118484.0,118484.0,118484,118484.0,118484,118484.0,118484.0,118484.0,118484,118484.0,118484,999999.0,999999.0,43000
517,VGTN,VIKAS GROUP OF INSTITUTIONS,PVT,KRISHNA,"VIJAYAWADA
RURAL",COED,JNTUK,CSE,132244.0,132244.0,151374.0,151374,138676.0,138720.0,141501.0,141501,142964.0,142964,132244.0,132244.0,149210.0,149210,132244.0,149502,147886.0,149279.0,43000
518,VGTN,VIKAS GROUP OF INSTITUTIONS,PVT,KRISHNA,"VIJAYAWADA
RURAL",COED,JNTUK,CSM,143771.0,143771.0,143771.0,143771,143771.0,143771.0,143771.0,143771,143771.0,143771,143771.0,143771.0,143771.0,143771,143771.0,143771,999999.0,999999.0,43000
519,VGTN,VIKAS GROUP OF INSTITUTIONS,PVT,KRISHNA,"VIJAYAWADA
RURAL",COED,JNTUK,ECE,135579.0,135579.0,145866.0,145866,135579.0,135579.0,135579.0,135579,142971.0,142971,135579.0,135579.0,135579.0,135579,135579.0,135579,999999.0,999999.0,43000
520,VGTN,VIKAS GROUP OF INSTITUTIONS,PVT,KRISHNA,"VIJAYAWADA
RURAL",COED,JNTUK,EEE,119816.0,119816.0,119816.0,119816,119816.0,119816.0,119816.0,119816,119816.0,119816,119816.0,119816.0,119816.0,119816,119816.0,119816,999999.0,999999.0,43000
521,VHNI,SREE VAHINI INSTT OF SCIENCE AND TECHNOLOGY,PVT,KRISHNA,TIRUVURU,COED,JNTUK,AIM,94416.0,94416.0,138028.0,150486,137700.0,137741.0,123756.0,123756,130046.0,150992,94416.0,94416.0,146869.0,146869,148256.0,148256,127814.0,110479.0,43000
522,VHNI,SREE VAHINI INSTT OF SCIENCE AND TECHNOLOGY,PVT,KRISHNA,TIRUVURU,COED,JNTUK,CIV,139675.0,139675.0,139675.0,139675,139675.0,139675.0,139675.0,139675,139675.0,139675,139675.0,139675.0,139675.0,139675,139675.0,139675,999999.0,999999.0,43000
523,VHNI,SREE VAHINI INSTT OF SCIENCE AND TECHNOLOGY,PVT,KRISHNA,TIRUVURU,COED,JNTUK,CSD,134715.0,134715.0,140126.0,140126,138855.0,138855.0,148354.0,151092,142027.0,142027,134715.0,134715.0,137524.0,137524,142780.0,148240,121068.0,119790.0,43000
524,VHNI,SREE VAHINI INSTT OF SCIENCE AND TECHNOLOGY,PVT,KRISHNA,TIRUVURU,COED,JNTUK,CSE,85855.0,85855.0,115843.0,127507,137290.0,137290.0,120717.0,120717,114414.0,114414,99787.0,99787.0,124133.0,124133,125155.0,125155,111004.0,117506.0,43000
525,VHNI,SREE VAHINI INSTT OF SCIENCE AND TECHNOLOGY,PVT,KRISHNA,TIRUVURU,COED,JNTUK,ECE,151600.0,151600.0,151600.0,151600,151600.0,151600.0,151600.0,151600,151600.0,151600,151600.0,151600.0,151600.0,151600,151600.0,151600,150029.0,124577.0,43000
526,VHNI,SREE VAHINI INSTT OF SCIENCE AND TECHNOLOGY,PVT,KRISHNA,TIRUVURU,COED,JNTUK,EEE,128138.0,151403.0,128138.0,151403,138209.0,151403.0,128138.0,151403,128138.0,151403,128138.0,151403.0,128138.0,151403,128138.0,151403,999999.0,999999.0,43000
527,VIPW,VIJAYA INST OF PHARM SCI FOR WOMEN,PVT,KRISHNA,VIJAYAWADA,GIRLS,JNTUK,PHM,139077.0,139077.0,139077.0,139077,139077.0,139077.0,139077.0,139077,139077.0,139077,999999.0,999999.0,139077.0,139077,139077.0,139077,999999.0,999999.0,44300
528,VITW,VIJAYA INST. OF TECHNOLOGY FOR WOMEN,PVT,KRISHNA,VIJAYAWADA,GIRLS,JNTUK,AIM,142211.0,142211.0,144809.0,144809,142211.0,142211.0,142211.0,142211,150877.0,150877,142211.0,142211.0,142211.0,142211,142211.0,142211,133751.0,133751.0,43000
529,VITW,VIJAYA INST. OF TECHNOLOGY FOR WOMEN,PVT,KRISHNA,VIJAYAWADA,GIRLS,JNTUK,CSD,129708.0,129708.0,146750.0,146750,137459.0,137459.0,144115.0,144115,143192.0,143192,999999.0,999999.0,142827.0,142827,129708.0,129708,122895.0,122895.0,43000
530,VITW,VIJAYA INST. OF TECHNOLOGY FOR WOMEN,PVT,KRISHNA,VIJAYAWADA,GIRLS,JNTUK,CSE,110548.0,110548.0,138616.0,138616,151153.0,151153.0,110548.0,110548,151710.0,151710,110548.0,110548.0,120697.0,120697,110548.0,110548,98851.0,98851.0,43000
531,VITW,VIJAYA INST. OF TECHNOLOGY FOR WOMEN,PVT,KRISHNA,VIJAYAWADA,GIRLS,JNTUK,ECE,122857.0,122857.0,148396.0,148396,122857.0,122857.0,140916.0,140916,142606.0,142606,999999.0,999999.0,148366.0,148366,122857.0,122857,141521.0,141521.0,43000
532,VITW,VIJAYA INST. OF TECHNOLOGY FOR WOMEN,PVT,KRISHNA,VIJAYAWADA,GIRLS,JNTUK,INF,150265.0,150265.0,150265.0,150265,150265.0,150265.0,150265.0,150265,150265.0,150265,999999.0,999999.0,150551.0,150551,150265.0,150265,148171.0,148171.0,43000
533,VRSE,V R SIDDHARTHA ENGINEERING COLLEGE,PVT,KRISHNA,VIJAYAWADA,COED,JNTUK,AID,8214.0,8214.0,37514.0,37514,88611.0,100784.0,11879.0,16154,13034.0,13902,17778.0,17778.0,9646.0,10122,13355.0,13355,9128.0,7397.0,72820
534,VRSE,V R SIDDHARTHA ENGINEERING COLLEGE,PVT,KRISHNA,VIJAYAWADA,COED,JNTUK,CIV,146909.0,146909.0,146909.0,146909,146909.0,146909.0,146909.0,146909,146909.0,146909,146909.0,146909.0,146909.0,146909,146909.0,146909,143804.0,142025.0,72820
535,VRSE,V R SIDDHARTHA ENGINEERING COLLEGE,PVT,KRISHNA,VIJAYAWADA,COED,JNTUK,CSE,6307.0,6307.0,18636.0,18636,40466.0,40466.0,7585.0,9472,8360.0,8360,15899.0,16592.0,7042.0,7042,11786.0,11786,6663.0,5067.0,72820
536,VRSE,V R SIDDHARTHA ENGINEERING COLLEGE,PVT,KRISHNA,VIJAYAWADA,COED,JNTUK,CSM,10991.0,10991.0,19013.0,19699,45351.0,45351.0,10991.0,10991,10991.0,10991,10991.0,10991.0,10991.0,10991,10991.0,10991,7441.0,5311.0,72820
537,VRSE,V R SIDDHARTHA ENGINEERING COLLEGE,PVT,KRISHNA,VIJAYAWADA,COED,JNTUK,ECE,12368.0,140532.0,47336.0,140532,91322.0,140532.0,18896.0,140532,24734.0,140532,20989.0,140532.0,14359.0,140532,24292.0,140532,16126.0,15498.0,72820
538,VRSE,V R SIDDHARTHA ENGINEERING COLLEGE,PVT,KRISHNA,VIJAYAWADA,COED,JNTUK,EEE,36696.0,36696.0,105277.0,105277,128424.0,132143.0,74602.0,78754,60279.0,69102,57975.0,57975.0,50108.0,50108,106074.0,111103,52834.0,54690.0,72820
539,VRSE,V R SIDDHARTHA ENGINEERING COLLEGE,PVT,KRISHNA,VIJAYAWADA,COED,JNTUK,EIE,70724.0,70724.0,138742.0,146075,137884.0,139492.0,116793.0,116793,102408.0,102408,70724.0,70724.0,83497.0,111362,84499.0,84499,91780.0,88848.0,72820
540,VRSE,V R SIDDHARTHA ENGINEERING COLLEGE,PVT,KRISHNA,VIJAYAWADA,COED,JNTUK,INF,9789.0,26538.0,101099.0,101099,97595.0,103066.0,17060.0,26538,16535.0,26538,9789.0,51140.0,13392.0,42196,17535.0,26538,21488.0,11231.0,72820
541,VRSE,V R SIDDHARTHA ENGINEERING COLLEGE,PVT,KRISHNA,VIJAYAWADA,COED,JNTUK,MEC,65123.0,121270.0,111405.0,145676,138592.0,138592.0,121394.0,121394,130281.0,130281,65123.0,121270.0,84668.0,150402,65123.0,121270,141035.0,98484.0,72820
542,VRSP,K V S R SIDDHARTHA COLLEGE OF PHARMACEUTICAL SCI.S,PVT,KRISHNA,VIJAYAWADA,COED,KSUM,PHD,67000.0,67000.0,67000.0,67000,67000.0,67000.0,67000.0,67000,67000.0,67000,67000.0,67000.0,67000.0,67000,67000.0,67000,999999.0,999999.0,65000
543,VRSP,K V S R SIDDHARTHA COLLEGE OF PHARMACEUTICAL SCI.S,PVT,KRISHNA,VIJAYAWADA,COED,KSUM,PHM,151745.0,151745.0,151758.0,151758,151766.0,151766.0,151745.0,151745,151775.0,151775,151745.0,151745.0,151745.0,151745,151745.0,151745,999999.0,999999.0,80000
544,VVGV,VKR VNB AND AGK ENGINEERING COLLEGE,PVT,KRISHNA,GUDIVADA,COED,JNTUK,AID,151597.0,151597.0,151597.0,151597,151597.0,151597.0,151597.0,151597,151597.0,151597,151597.0,151597.0,151597.0,151597,151597.0,151597,116710.0,116710.0,43000
545,VVGV,VKR VNB AND AGK ENGINEERING COLLEGE,PVT,KRISHNA,GUDIVADA,COED,JNTUK,CSE,118144.0,146017.0,147000.0,147000,127971.0,146017.0,144635.0,146017,150348.0,150348,118144.0,146017.0,144300.0,146017,118144.0,146017,125830.0,150194.0,43000
546,VVGV,VKR VNB AND AGK ENGINEERING COLLEGE,PVT,KRISHNA,GUDIVADA,COED,JNTUK,CSM,83118.0,83118.0,83118.0,83118,83118.0,83118.0,83118.0,83118,83118.0,83118,83118.0,83118.0,83118.0,83118,83118.0,83118,999999.0,999999.0,43000
547,VVGV,VKR VNB AND AGK ENGINEERING COLLEGE,PVT,KRISHNA,GUDIVADA,COED,JNTUK,ECE,131907.0,131907.0,131907.0,131907,131907.0,131907.0,131907.0,131907,136326.0,136326,131907.0,131907.0,131907.0,131907,131907.0,131907,999999.0,999999.0,43000
548,VVGV,VKR VNB AND AGK ENGINEERING COLLEGE,PVT,KRISHNA,GUDIVADA,COED,JNTUK,MEC,123117.0,123117.0,123117.0,123117,123117.0,123117.0,123117.0,123117,123117.0,123117,123117.0,123117.0,123117.0,123117,123117.0,123117,999999.0,999999.0,43000
549,ABRK,ABR COLLEGE OF ENGG AND TECHNOLOGY,PVT,PRAKASAM,KANIGIRI,COED,JNTUK,CAI,151483.0,151483.0,151483.0,151483,151483.0,151483.0,151483.0,151483,151483.0,151483,151483.0,151483.0,151483.0,151483,151483.0,151483,999999.0,999999.0,43000
550,ABRK,ABR COLLEGE OF ENGG AND TECHNOLOGY,PVT,PRAKASAM,KANIGIRI,COED,JNTUK,CIV,145579.0,145579.0,145579.0,145579,145579.0,145579.0,145579.0,145579,145579.0,145579,145579.0,145579.0,145579.0,145579,145579.0,145579,999999.0,999999.0,43000
551,ABRK,ABR COLLEGE OF ENGG AND TECHNOLOGY,PVT,PRAKASAM,KANIGIRI,COED,JNTUK,CSD,149080.0,149080.0,149080.0,149080,149080.0,149080.0,149080.0,149080,149080.0,149080,149080.0,149080.0,149080.0,149080,149080.0,149080,999999.0,999999.0,43000
552,ABRK,ABR COLLEGE OF ENGG AND TECHNOLOGY,PVT,PRAKASAM,KANIGIRI,COED,JNTUK,CSE,143296.0,143296.0,143296.0,146576,143296.0,143296.0,143296.0,143296,143296.0,143296,143296.0,143296.0,143296.0,143296,143296.0,143296,999999.0,999999.0,43000
553,ABRK,ABR COLLEGE OF ENGG AND TECHNOLOGY,PVT,PRAKASAM,KANIGIRI,COED,JNTUK,ECE,142778.0,142778.0,142778.0,142778,142778.0,142778.0,142778.0,142778,142778.0,142778,142778.0,142778.0,147668.0,147668,142778.0,142778,999999.0,999999.0,43000
554,ABRK,ABR COLLEGE OF ENGG AND TECHNOLOGY,PVT,PRAKASAM,KANIGIRI,COED,JNTUK,EEE,114505.0,114505.0,114505.0,114505,114505.0,114505.0,114505.0,114505,114505.0,114505,114505.0,114505.0,114505.0,114505,114505.0,114505,999999.0,999999.0,43000
555,ABRK,ABR COLLEGE OF ENGG AND TECHNOLOGY,PVT,PRAKASAM,KANIGIRI,COED,JNTUK,MEC,142553.0,142553.0,142553.0,142553,142553.0,142553.0,142553.0,142553,142553.0,142553,142553.0,142553.0,142553.0,142553,142553.0,142553,999999.0,999999.0,43000
556,ABRK,ABR COLLEGE OF ENGG AND TECHNOLOGY,PVT,PRAKASAM,KANIGIRI,COED,JNTUK,MIN,137522.0,137522.0,137522.0,137522,137522.0,137522.0,137522.0,137522,137522.0,137522,137522.0,137522.0,137522.0,137522,137522.0,137522,999999.0,999999.0,43000
557,ANSN,ST. ANNS COLLEGE OF ENGG. AND TECHNOLOGY,PVT,PRAKASAM,CHIRALA,COED,JNTUK,CIV,124931.0,140091.0,151334.0,151334,149873.0,149873.0,144855.0,144855,150096.0,150096,124931.0,140091.0,130372.0,140091,137247.0,140091,137985.0,137985.0,52470
558,ANSN,ST. ANNS COLLEGE OF ENGG. AND TECHNOLOGY,PVT,PRAKASAM,CHIRALA,COED,JNTUK,CSC,83624.0,83624.0,140012.0,140012,139751.0,139751.0,128730.0,128730,116300.0,143676,83624.0,108092.0,113814.0,143957,127793.0,131313,103157.0,106320.0,52470
559,ANSN,ST. ANNS COLLEGE OF ENGG. AND TECHNOLOGY,PVT,PRAKASAM,CHIRALA,COED,JNTUK,CSD,62682.0,62682.0,129511.0,129511,120728.0,133189.0,137863.0,137863,94497.0,114949,62682.0,62682.0,89818.0,89818,125868.0,125868,80942.0,79309.0,52470
560,ANSN,ST. ANNS COLLEGE OF ENGG. AND TECHNOLOGY,PVT,PRAKASAM,CHIRALA,COED,JNTUK,CSE,47388.0,47388.0,108591.0,109015,109117.0,136545.0,79605.0,79605,67727.0,74317,112860.0,112860.0,74694.0,74694,90548.0,99763,65910.0,85805.0,52470
561,ANSN,ST. ANNS COLLEGE OF ENGG. AND TECHNOLOGY,PVT,PRAKASAM,CHIRALA,COED,JNTUK,CSM,48735.0,48735.0,116925.0,119307,124571.0,124571.0,88354.0,114658,81298.0,81298,48735.0,48735.0,92761.0,111518,85255.0,85255,69845.0,77537.0,52470
562,ANSN,ST. ANNS COLLEGE OF ENGG. AND TECHNOLOGY,PVT,PRAKASAM,CHIRALA,COED,JNTUK,CSO,86933.0,86933.0,134924.0,140082,136270.0,140300.0,148180.0,148180,135581.0,135581,126210.0,126210.0,122391.0,122391,126793.0,126793,111100.0,108575.0,52470
563,ANSN,ST. ANNS COLLEGE OF ENGG. AND TECHNOLOGY,PVT,PRAKASAM,CHIRALA,COED,JNTUK,ECE,78353.0,78353.0,148868.0,148868,137200.0,137200.0,110993.0,145632,113602.0,116020,112453.0,142330.0,125853.0,125853,111980.0,126922,103663.0,112190.0,52470
564,ANSN,ST. ANNS COLLEGE OF ENGG. AND TECHNOLOGY,PVT,PRAKASAM,CHIRALA,COED,JNTUK,EEE,90737.0,90737.0,150627.0,150627,151419.0,151419.0,149358.0,149358,145681.0,146195,90737.0,90737.0,139062.0,139062,112859.0,148887,131344.0,110087.0,52470
565,ANSN,ST. ANNS COLLEGE OF ENGG. AND TECHNOLOGY,PVT,PRAKASAM,CHIRALA,COED,JNTUK,MEC,112467.0,114463.0,148031.0,148133,112467.0,114463.0,150082.0,151141,146838.0,146838,112467.0,114463.0,149092.0,149092,135354.0,135354,150108.0,150108.0,52470
566,BVSR,BVSR ENGINEERING COLLEGE,PVT,PRAKASAM,CHIMAKURTHY,COED,JNTUK,CSD,142954.0,142954.0,151183.0,151183,142954.0,142954.0,142954.0,142954,142954.0,142954,142954.0,142954.0,150740.0,150740,142954.0,142954,999999.0,999999.0,43000
567,BVSR,BVSR ENGINEERING COLLEGE,PVT,PRAKASAM,CHIMAKURTHY,COED,JNTUK,CSE,92054.0,92054.0,151690.0,151690,101632.0,143623.0,147347.0,147347,133279.0,133279,92054.0,92054.0,112197.0,148808,142769.0,142769,116000.0,107907.0,43000
568,BVSR,BVSR ENGINEERING COLLEGE,PVT,PRAKASAM,CHIMAKURTHY,COED,JNTUK,ECE,132311.0,132311.0,151732.0,151732,132311.0,132311.0,132311.0,132311,132311.0,132311,132311.0,132311.0,132311.0,132311,132311.0,146748,146493.0,135166.0,43000
569,CECC,CHIRALA ENGINEERING COLLEGE,PVT,PRAKASAM,CHIRALA,COED,JNTUK,CSD,130719.0,130719.0,130719.0,130719,130719.0,130719.0,130719.0,130719,130719.0,130719,130719.0,130719.0,130719.0,130719,130719.0,130719,999999.0,999999.0,49500
570,CECC,CHIRALA ENGINEERING COLLEGE,PVT,PRAKASAM,CHIRALA,COED,JNTUK,CSE,115716.0,147077.0,150978.0,151638,139724.0,147077.0,148069.0,148069,129081.0,147077,115716.0,147077.0,129852.0,150211,150570.0,150570,134666.0,133996.0,49500
571,CECC,CHIRALA ENGINEERING COLLEGE,PVT,PRAKASAM,CHIRALA,COED,JNTUK,ECE,139279.0,139279.0,150674.0,150674,139279.0,139279.0,143219.0,143219,139279.0,139279,139279.0,139279.0,139279.0,139279,139279.0,139279,999999.0,999999.0,49500
572,IITM,INDIRA INST OF TECHNOLOGY SCI,PVT,PRAKASAM,MARKAPUR,COED,JNTUK,CAI,151745.0,151745.0,151758.0,151758,151766.0,151766.0,151745.0,151745,151775.0,151775,151745.0,151745.0,151745.0,151745,151745.0,151745,999999.0,999999.0,43000
573,IITM,INDIRA INST OF TECHNOLOGY SCI,PVT,PRAKASAM,MARKAPUR,COED,JNTUK,CSC,134559.0,134559.0,134559.0,134559,134559.0,134559.0,134559.0,134559,134559.0,134559,134559.0,134559.0,134559.0,134559,134559.0,134559,999999.0,999999.0,43000
574,IITM,INDIRA INST OF TECHNOLOGY SCI,PVT,PRAKASAM,MARKAPUR,COED,JNTUK,CSE,127136.0,147196.0,151583.0,151603,147403.0,147403.0,150139.0,150139,129831.0,148042,127136.0,147196.0,127136.0,147196,127136.0,147196,999999.0,999999.0,43000
575,IITM,INDIRA INST OF TECHNOLOGY SCI,PVT,PRAKASAM,MARKAPUR,COED,JNTUK,ECE,150814.0,150814.0,150814.0,150814,150814.0,150814.0,150814.0,150814,150814.0,150814,150814.0,150814.0,150814.0,150814,150814.0,150814,999999.0,999999.0,43000
576,IITM,INDIRA INST OF TECHNOLOGY SCI,PVT,PRAKASAM,MARKAPUR,COED,JNTUK,EEE,143445.0,143445.0,143445.0,143445,143445.0,143445.0,143445.0,143445,143445.0,143445,143445.0,143445.0,143445.0,143445,143445.0,143445,999999.0,999999.0,43000
577,KCIT,KRISHNA CHAITANYA INST OF TECHNOLOGY AND SCIENCES,PVT,PRAKASAM,MARKAPUR,COED,JNTUK,AIM,103591.0,103591.0,139321.0,139321,103591.0,105052.0,103591.0,103591,142883.0,142883,103591.0,103591.0,103591.0,103591,118480.0,118480,140835.0,126101.0,43000
578,KCIT,KRISHNA CHAITANYA INST OF TECHNOLOGY AND SCIENCES,PVT,PRAKASAM,MARKAPUR,COED,JNTUK,CAI,118414.0,118414.0,137816.0,137816,118414.0,118414.0,149682.0,149682,120916.0,120916,118414.0,118414.0,144913.0,144913,118414.0,118414,150078.0,150078.0,43000
579,KCIT,KRISHNA CHAITANYA INST OF TECHNOLOGY AND SCIENCES,PVT,PRAKASAM,MARKAPUR,COED,JNTUK,CSE,99353.0,99353.0,150344.0,150344,125499.0,125499.0,141142.0,141142,147546.0,147546,99353.0,99353.0,136070.0,136070,150219.0,150219,131897.0,120693.0,43000
580,KCIT,KRISHNA CHAITANYA INST OF TECHNOLOGY AND SCIENCES,PVT,PRAKASAM,MARKAPUR,COED,JNTUK,ECE,122858.0,122858.0,131951.0,131951,139729.0,139729.0,122858.0,122858,122858.0,122858,122858.0,122858.0,144332.0,144332,122858.0,122858,145043.0,145043.0,43000
581,MSEW,MALINENI SUSEELAMMA WOMENS ENGG COLLEGE,PVT,PRAKASAM,"SINGARAYAKOND
A",GIRLS,JNTUK,CSE,147950.0,147950.0,150947.0,150947,147950.0,147950.0,149625.0,149625,147950.0,147950,999999.0,999999.0,147950.0,147950,147950.0,147950,150418.0,150418.0,43000
582,PACE,PACE INSTITUTE OF TECHNOLOGY AND SCIENCES,PVT,PRAKASAM,ONGOLE,COED,JNTUK,AID,60185.0,60185.0,113866.0,113866,116185.0,125863.0,109915.0,109915,118654.0,118654,88363.0,88363.0,84952.0,84952,86597.0,91273,75163.0,78560.0,44440
583,PACE,PACE INSTITUTE OF TECHNOLOGY AND SCIENCES,PVT,PRAKASAM,ONGOLE,COED,JNTUK,AIM,67088.0,67088.0,119521.0,119521,124742.0,124742.0,119447.0,119447,135660.0,135660,67088.0,116765.0,100548.0,100548,111436.0,111436,78879.0,80143.0,44440
584,PACE,PACE INSTITUTE OF TECHNOLOGY AND SCIENCES,PVT,PRAKASAM,ONGOLE,COED,JNTUK,CIC,87779.0,87779.0,131296.0,132428,131736.0,134004.0,129224.0,135537,138365.0,145475,130543.0,130543.0,142214.0,142214,125454.0,143980,99449.0,105887.0,44440
585,PACE,PACE INSTITUTE OF TECHNOLOGY AND SCIENCES,PVT,PRAKASAM,ONGOLE,COED,JNTUK,CIT,78761.0,78761.0,101204.0,101204,124888.0,124888.0,124987.0,124987,145653.0,145653,78761.0,78761.0,116899.0,116899,118284.0,118284,91955.0,91540.0,44440
586,PACE,PACE INSTITUTE OF TECHNOLOGY AND SCIENCES,PVT,PRAKASAM,ONGOLE,COED,JNTUK,CIV,121654.0,125591.0,141749.0,147908,143351.0,151500.0,146967.0,146967,148093.0,148093,139789.0,139789.0,140061.0,143930,121654.0,150489,127273.0,147396.0,44440
587,PACE,PACE INSTITUTE OF TECHNOLOGY AND SCIENCES,PVT,PRAKASAM,ONGOLE,COED,JNTUK,CSE,39892.0,39892.0,81193.0,81193,139309.0,147101.0,70237.0,70237,64275.0,64275,39892.0,100035.0,78397.0,78397,68135.0,68135,52860.0,51423.0,44440
588,PACE,PACE INSTITUTE OF TECHNOLOGY AND SCIENCES,PVT,PRAKASAM,ONGOLE,COED,JNTUK,CSER,115299.0,118586.0,147580.0,149972,138882.0,151465.0,115299.0,142801,148222.0,148222,134213.0,134213.0,142843.0,144014,143249.0,143249,141515.0,144867.0,44440
589,PACE,PACE INSTITUTE OF TECHNOLOGY AND SCIENCES,PVT,PRAKASAM,ONGOLE,COED,JNTUK,ECE,83324.0,83324.0,119642.0,130228,133114.0,133114.0,123174.0,123174,148898.0,148898,123766.0,123766.0,142231.0,142231,114688.0,120420,100937.0,104940.0,44440
590,PACE,PACE INSTITUTE OF TECHNOLOGY AND SCIENCES,PVT,PRAKASAM,ONGOLE,COED,JNTUK,EEE,109333.0,113089.0,132452.0,144840,109333.0,139435.0,148990.0,148990,143134.0,147561,147514.0,147514.0,144446.0,144446,118632.0,146473,130558.0,131103.0,44440
591,PACE,PACE INSTITUTE OF TECHNOLOGY AND SCIENCES,PVT,PRAKASAM,ONGOLE,COED,JNTUK,EVT,96654.0,103224.0,135252.0,136470,130073.0,133381.0,143986.0,143986,146177.0,148772,96654.0,103224.0,147959.0,147959,96654.0,105137,110719.0,115993.0,44440
592,PACE,PACE INSTITUTE OF TECHNOLOGY AND SCIENCES,PVT,PRAKASAM,ONGOLE,COED,JNTUK,INF,77985.0,77985.0,128710.0,129919,130467.0,130515.0,119220.0,126287,112484.0,149475,77985.0,77985.0,90365.0,112128,124686.0,149306,87215.0,88717.0,44440
593,PACE,PACE INSTITUTE OF TECHNOLOGY AND SCIENCES,PVT,PRAKASAM,ONGOLE,COED,JNTUK,MEC,134332.0,134332.0,149062.0,150294,146685.0,146685.0,148515.0,148515,150971.0,150971,134332.0,134332.0,151415.0,151415,151438.0,151438,144992.0,144992.0,44440
594,PKSK,PRAKASAM ENGINEERING COLLEGE,PVT,PRAKASAM,KANDKUR,COED,JNTUK,CAI,137912.0,137912.0,151605.0,151605,137912.0,137912.0,151110.0,151110,147846.0,147846,151545.0,151545.0,148221.0,148221,137912.0,151631,146350.0,146401.0,43000
595,PKSK,PRAKASAM ENGINEERING COLLEGE,PVT,PRAKASAM,KANDKUR,COED,JNTUK,CIV,88683.0,107454.0,128234.0,128234,139888.0,139888.0,88683.0,107454,108346.0,108346,88683.0,107454.0,88683.0,107454,88683.0,107454,143765.0,143765.0,43000
596,PKSK,PRAKASAM ENGINEERING COLLEGE,PVT,PRAKASAM,KANDKUR,COED,JNTUK,CSC,137728.0,146428.0,151594.0,151594,144669.0,146428.0,147068.0,150948,137728.0,146428,137728.0,146428.0,137728.0,146428,137728.0,146428,144314.0,122628.0,43000
597,PKSK,PRAKASAM ENGINEERING COLLEGE,PVT,PRAKASAM,KANDKUR,COED,JNTUK,CSE,104906.0,104906.0,144016.0,150267,151400.0,151400.0,135654.0,146896,149713.0,149713,104906.0,129463.0,146653.0,146653,137245.0,137245,124786.0,124666.0,43000
598,PKSK,PRAKASAM ENGINEERING COLLEGE,PVT,PRAKASAM,KANDKUR,COED,JNTUK,ECE,150708.0,150708.0,150708.0,150708,150708.0,150708.0,150708.0,150708,150708.0,150708,150708.0,150708.0,150708.0,150708,150708.0,150708,145368.0,144744.0,43000
599,PKSK,PRAKASAM ENGINEERING COLLEGE,PVT,PRAKASAM,KANDKUR,COED,JNTUK,EEE,138679.0,138679.0,150695.0,150695,138679.0,138679.0,138679.0,138679,138679.0,138679,138679.0,138679.0,138679.0,138679,138679.0,138679,999999.0,999999.0,43000
600,PKSK,PRAKASAM ENGINEERING COLLEGE,PVT,PRAKASAM,KANDKUR,COED,JNTUK,MEC,139542.0,139542.0,139542.0,139542,139542.0,139542.0,139542.0,146962,139542.0,139542,139542.0,139542.0,139542.0,139542,139542.0,139542,999999.0,999999.0,43000
601,QISE,QIS COLLEGE OF ENGG. AND TECHNOLOGY,PVT,PRAKASAM,ONGOLE,COED,JNTUK,AI,78373.0,78373.0,150469.0,151134,132317.0,132317.0,134444.0,147920,132641.0,132641,108378.0,108378.0,80772.0,94740,125166.0,144108,81378.0,86485.0,43000
602,QISE,QIS COLLEGE OF ENGG. AND TECHNOLOGY,PVT,PRAKASAM,ONGOLE,COED,JNTUK,AID,101764.0,101764.0,151013.0,151013,151428.0,151428.0,133451.0,141274,140728.0,146188,118974.0,118974.0,150213.0,150213,138992.0,145871,112964.0,128667.0,43000
603,QISE,QIS COLLEGE OF ENGG. AND TECHNOLOGY,PVT,PRAKASAM,ONGOLE,COED,JNTUK,CIC,121842.0,147611.0,150293.0,150293,121842.0,151353.0,143088.0,149598,137256.0,147611,121842.0,147611.0,144540.0,147611,148141.0,148141,140940.0,148620.0,43000
604,QISE,QIS COLLEGE OF ENGG. AND TECHNOLOGY,PVT,PRAKASAM,ONGOLE,COED,JNTUK,CIT,97814.0,150424.0,151533.0,151533,131040.0,150424.0,111022.0,150424,135685.0,150424,97814.0,150424.0,149957.0,150424,136754.0,150424,124210.0,105097.0,43000
605,QISE,QIS COLLEGE OF ENGG. AND TECHNOLOGY,PVT,PRAKASAM,ONGOLE,COED,JNTUK,CIV,151326.0,151326.0,151326.0,151326,151326.0,151326.0,151326.0,151326,151326.0,151326,151326.0,151326.0,151326.0,151326,151326.0,151326,999999.0,999999.0,43000
606,QISE,QIS COLLEGE OF ENGG. AND TECHNOLOGY,PVT,PRAKASAM,ONGOLE,COED,JNTUK,CSD,86708.0,86708.0,142717.0,151348,151347.0,151347.0,141716.0,143409,150378.0,150378,111753.0,111753.0,134649.0,134649,129273.0,129273,104747.0,102875.0,43000
607,QISE,QIS COLLEGE OF ENGG. AND TECHNOLOGY,PVT,PRAKASAM,ONGOLE,COED,JNTUK,CSE,58998.0,58998.0,131625.0,134026,137541.0,140883.0,104508.0,109912,127276.0,127276,100005.0,100005.0,130263.0,130263,93908.0,109955,71922.0,72052.0,43000
608,QISE,QIS COLLEGE OF ENGG. AND TECHNOLOGY,PVT,PRAKASAM,ONGOLE,COED,JNTUK,CSEB,148821.0,148821.0,148821.0,148821,148821.0,148821.0,148821.0,148821,148821.0,148821,148821.0,148821.0,149928.0,149928,148821.0,148821,135258.0,107730.0,43000
609,QISE,QIS COLLEGE OF ENGG. AND TECHNOLOGY,PVT,PRAKASAM,ONGOLE,COED,JNTUK,CSM,66702.0,66702.0,149199.0,149199,125213.0,139683.0,127687.0,144460,125827.0,127526,66702.0,66702.0,120077.0,120077,81699.0,81699,75158.0,76073.0,43000
610,QISE,QIS COLLEGE OF ENGG. AND TECHNOLOGY,PVT,PRAKASAM,ONGOLE,COED,JNTUK,ECE,107787.0,118151.0,147235.0,151227,151695.0,151695.0,150367.0,151165,151166.0,151166,143262.0,143262.0,148165.0,148218,137175.0,137736,126089.0,144873.0,43000
611,QISE,QIS COLLEGE OF ENGG. AND TECHNOLOGY,PVT,PRAKASAM,ONGOLE,COED,JNTUK,EEE,148812.0,148812.0,148812.0,148812,148812.0,148812.0,148812.0,148812,148812.0,148812,148812.0,148812.0,148812.0,148812,148812.0,148812,999999.0,999999.0,43000
612,QISE,QIS COLLEGE OF ENGG. AND TECHNOLOGY,PVT,PRAKASAM,ONGOLE,COED,JNTUK,EVT,151745.0,151745.0,151745.0,151745,151766.0,151767.0,151745.0,151745,151775.0,151775,999999.0,999999.0,151745.0,151745,151745.0,151745,999999.0,999999.0,43000
613,QISE,QIS COLLEGE OF ENGG. AND TECHNOLOGY,PVT,PRAKASAM,ONGOLE,COED,JNTUK,INF,100208.0,147629.0,151626.0,151626,126494.0,147629.0,147262.0,147629,141940.0,147629,100208.0,147629.0,148883.0,148883,147463.0,147629,119428.0,147202.0,43000
614,QISE,QIS COLLEGE OF ENGG. AND TECHNOLOGY,PVT,PRAKASAM,ONGOLE,COED,JNTUK,MEC,142008.0,142519.0,142008.0,142519,142008.0,142519.0,143936.0,143936,144330.0,144330,142008.0,142519.0,142008.0,142519,142008.0,142519,999999.0,999999.0,43000
615,QISP,QIS COLLEGE OF PHARMACY,PVT,PRAKASAM,ONGOLE,COED,JNTUK,PHM,151745.0,151745.0,151758.0,151758,151766.0,151766.0,151745.0,151745,151775.0,151775,151745.0,151745.0,151745.0,151745,151745.0,151745,999999.0,999999.0,80000
616,RGAN,RISE KRISHNA SAI GANDHI GROUP OF INSTITUTIONS,PVT,PRAKASAM,ONGOLE,COED,JNTUK,CSD,103729.0,103729.0,149855.0,149855,114371.0,142771.0,145061.0,149277,144670.0,144670,103729.0,103729.0,130590.0,130590,143835.0,146288,121059.0,121832.0,46200
617,RGAN,RISE KRISHNA SAI GANDHI GROUP OF INSTITUTIONS,PVT,PRAKASAM,ONGOLE,COED,JNTUK,CSE,108035.0,108035.0,150026.0,150026,148189.0,149730.0,126625.0,135390,148143.0,148610,108035.0,130265.0,129700.0,148788,114900.0,134251,111296.0,111699.0,46200
618,RGAN,RISE KRISHNA SAI GANDHI GROUP OF INSTITUTIONS,PVT,PRAKASAM,ONGOLE,COED,JNTUK,ECE,121333.0,121333.0,151422.0,151422,147014.0,147014.0,132927.0,132927,138932.0,138932,144075.0,144075.0,131000.0,131000,121333.0,121333,148885.0,123245.0,46200
619,RPRA,RISE KRISHNA SAI PRAKASAM GROUP OF INSTITUTIONS,PVT,PRAKASAM,ONGOLE,COED,JNTUK,CIV,128362.0,128362.0,149894.0,149894,128362.0,128362.0,149865.0,150527,151053.0,151053,128362.0,128362.0,138681.0,145153,128362.0,150028,129638.0,119309.0,43000
620,RPRA,RISE KRISHNA SAI PRAKASAM GROUP OF INSTITUTIONS,PVT,PRAKASAM,ONGOLE,COED,JNTUK,CSD,53466.0,53466.0,129976.0,129976,132093.0,137321.0,99855.0,99855,139605.0,139605,53466.0,53466.0,92745.0,95679,95969.0,95969,71925.0,60285.0,43000
621,RPRA,RISE KRISHNA SAI PRAKASAM GROUP OF INSTITUTIONS,PVT,PRAKASAM,ONGOLE,COED,JNTUK,CSE,58853.0,58853.0,118704.0,118704,107364.0,131260.0,93374.0,93374,131038.0,131038,58853.0,58853.0,90504.0,90504,88897.0,88897,67046.0,70141.0,43000
622,RPRA,RISE KRISHNA SAI PRAKASAM GROUP OF INSTITUTIONS,PVT,PRAKASAM,ONGOLE,COED,JNTUK,CSM,46592.0,66589.0,112699.0,112699,130954.0,130954.0,54212.0,111870,95375.0,95375,91346.0,91346.0,78884.0,78884,89966.0,96291,61894.0,54586.0,43000
623,RPRA,RISE KRISHNA SAI PRAKASAM GROUP OF INSTITUTIONS,PVT,PRAKASAM,ONGOLE,COED,JNTUK,ECE,77438.0,77438.0,135609.0,138380,119014.0,139545.0,106528.0,106528,142916.0,142916,77438.0,119665.0,111694.0,122115,136892.0,136892,91059.0,86161.0,43000
624,RPRA,RISE KRISHNA SAI PRAKASAM GROUP OF INSTITUTIONS,PVT,PRAKASAM,ONGOLE,COED,JNTUK,EEE,132382.0,132382.0,149844.0,149844,139056.0,150415.0,144034.0,144034,150038.0,150038,132382.0,132382.0,145057.0,145057,135208.0,135208,121238.0,144116.0,43000
625,RPRA,RISE KRISHNA SAI PRAKASAM GROUP OF INSTITUTIONS,PVT,PRAKASAM,ONGOLE,COED,JNTUK,MEC,145195.0,145195.0,149364.0,149364,145195.0,145195.0,145195.0,145195,145195.0,145195,145195.0,145195.0,145195.0,145195,145195.0,145195,146258.0,146258.0,43000
626,SGIT,DR SAMUEL GEORGE INSTITUTE OF ENGG. AND TECHNOLOGY,PVT,PRAKASAM,MARKAPUR,COED,JNTUK,AIM,151706.0,151706.0,151706.0,151706,151706.0,151706.0,151706.0,151706,151706.0,151706,151706.0,151706.0,151706.0,151706,151706.0,151706,999999.0,999999.0,59400
627,SGIT,DR SAMUEL GEORGE INSTITUTE OF ENGG. AND TECHNOLOGY,PVT,PRAKASAM,MARKAPUR,COED,JNTUK,CIV,149400.0,149400.0,149400.0,149400,149400.0,149400.0,149400.0,149400,149400.0,149400,149400.0,149400.0,149400.0,149400,149400.0,149400,999999.0,999999.0,59400
628,SGIT,DR SAMUEL GEORGE INSTITUTE OF ENGG. AND TECHNOLOGY,PVT,PRAKASAM,MARKAPUR,COED,JNTUK,CSE,150365.0,150365.0,151531.0,151531,150365.0,150365.0,150365.0,150365,150365.0,150365,150365.0,150365.0,150365.0,150365,150605.0,150605,120466.0,148538.0,59400
629,SGIT,DR SAMUEL GEORGE INSTITUTE OF ENGG. AND TECHNOLOGY,PVT,PRAKASAM,MARKAPUR,COED,JNTUK,ECE,145336.0,149903.0,149522.0,149903,146278.0,149903.0,145336.0,149903,145336.0,149903,145336.0,149903.0,145336.0,149903,145336.0,149903,999999.0,999999.0,59400
630,VEDA,VEDA COLLEGE OF PHARMACY,PVT,PRAKASAM,"ADDANKI
POLAVARAM",COED,AKUO,PHM,105843.0,105843.0,105843.0,105843,105843.0,105843.0,105843.0,105843,105843.0,105843,105843.0,105843.0,105843.0,105843,105843.0,105843,999999.0,999999.0,38000
631,ADIT,ADITYA INSTITUTE OF TECHNOLOGY AND MGMT,PVT,SRIKAKULAM,TEKKALI,COED,JNTUV,CIV,120397.0,128762.0,142382.0,142382,120397.0,128762.0,120397.0,128762,149211.0,149211,120397.0,128762.0,133953.0,133953,120397.0,128762,999999.0,999999.0,67320
632,ADIT,ADITYA INSTITUTE OF TECHNOLOGY AND MGMT,PVT,SRIKAKULAM,TEKKALI,COED,JNTUV,CSD,151745.0,151745.0,151745.0,151745,151745.0,151745.0,151745.0,151745,151745.0,151745,151745.0,151745.0,151745.0,151745,151745.0,151745,62772.0,64290.0,67320
633,ADIT,ADITYA INSTITUTE OF TECHNOLOGY AND MGMT,PVT,SRIKAKULAM,TEKKALI,COED,JNTUV,CSE,52291.0,52291.0,141799.0,141799,126473.0,151231.0,52291.0,52291,95875.0,95875,52291.0,52291.0,52291.0,52291,107242.0,125367,143291.0,60796.0,67320
634,ADIT,ADITYA INSTITUTE OF TECHNOLOGY AND MGMT,PVT,SRIKAKULAM,TEKKALI,COED,JNTUV,CSM,59352.0,59352.0,151636.0,151636,140577.0,140577.0,59352.0,61843,66503.0,76527,59352.0,59352.0,59352.0,140950,59352.0,60447,55880.0,62761.0,67320
635,ADIT,ADITYA INSTITUTE OF TECHNOLOGY AND MGMT,PVT,SRIKAKULAM,TEKKALI,COED,JNTUV,ECE,33762.0,33762.0,151639.0,151639,151446.0,151446.0,64491.0,64491,73828.0,73828,40780.0,40780.0,41733.0,42369,61664.0,61800,83016.0,90091.0,67320
636,ADIT,ADITYA INSTITUTE OF TECHNOLOGY AND MGMT,PVT,SRIKAKULAM,TEKKALI,COED,JNTUV,EEE,86466.0,86466.0,134232.0,134232,86466.0,86466.0,86466.0,86466,103445.0,110333,86466.0,86466.0,86466.0,86466,86466.0,98963,110704.0,141570.0,67320
637,ADIT,ADITYA INSTITUTE OF TECHNOLOGY AND MGMT,PVT,SRIKAKULAM,TEKKALI,COED,JNTUV,INF,65269.0,87901.0,151538.0,151538,65269.0,87901.0,65269.0,87901,121808.0,121808,65269.0,87901.0,65269.0,87901,92214.0,92214,72412.0,76136.0,67320
638,ADIT,ADITYA INSTITUTE OF TECHNOLOGY AND MGMT,PVT,SRIKAKULAM,TEKKALI,COED,JNTUV,MEC,121881.0,133132.0,151149.0,151149,121881.0,133132.0,121881.0,133132,143709.0,143818,121881.0,133132.0,149002.0,149002,121881.0,133132,141632.0,141632.0,67320
639,BRAUSF,COLLEGE OF ENGINEERING BR AMBEDKAR UNIV SELF FINANCE,SF,SRIKAKULAM,SRIKAKULAM,COED,BRAU,CIV,148420.0,148420.0,151733.0,151733,148420.0,148420.0,148420.0,148420,148420.0,148420,148420.0,148420.0,148420.0,148420,148420.0,148420,999999.0,999999.0,48500
640,BRAUSF,COLLEGE OF ENGINEERING BR AMBEDKAR UNIV SELF FINANCE,SF,SRIKAKULAM,SRIKAKULAM,COED,BRAU,CSE,51362.0,51362.0,137532.0,137532,135295.0,135295.0,87146.0,87146,108766.0,109463,51362.0,69567.0,64850.0,64850,127776.0,127776,146406.0,115443.0,48500
641,BRAUSF,COLLEGE OF ENGINEERING BR AMBEDKAR UNIV SELF FINANCE,SF,SRIKAKULAM,SRIKAKULAM,COED,BRAU,ECE,151745.0,151745.0,151745.0,151745,151745.0,151745.0,151745.0,151745,151745.0,151745,151745.0,151745.0,151745.0,151745,151745.0,151745,999999.0,999999.0,48500
642,BRAUSF,COLLEGE OF ENGINEERING BR AMBEDKAR UNIV SELF FINANCE,SF,SRIKAKULAM,SRIKAKULAM,COED,BRAU,EEE,130611.0,130611.0,130611.0,145521,148942.0,148942.0,146062.0,146062,130611.0,130611,130611.0,130611.0,144270.0,145313,130611.0,130611,999999.0,999999.0,48500
643,BRAUSF,COLLEGE OF ENGINEERING BR AMBEDKAR UNIV SELF FINANCE,SF,SRIKAKULAM,SRIKAKULAM,COED,BRAU,MEC,126823.0,126823.0,149546.0,149546,150663.0,150663.0,126823.0,126823,128467.0,128467,126823.0,126823.0,126823.0,126823,126823.0,126823,999999.0,999999.0,48500
644,GMRI,G M R INSTITUTE OF TECHNOLOGY,PVT,SRIKAKULAM,RAJAM,COED,JNTUV,CAD,12434.0,12434.0,72764.0,131081,84348.0,114418.0,22553.0,29981,22564.0,31470,80620.0,80620.0,15927.0,16182,12434.0,12434,16698.0,25671.0,72600
645,GMRI,G M R INSTITUTE OF TECHNOLOGY,PVT,SRIKAKULAM,RAJAM,COED,JNTUV,CIV,53290.0,53290.0,150055.0,150055,146726.0,149938.0,104445.0,126964,103042.0,103042,56486.0,56486.0,65215.0,66553,94424.0,94424,148595.0,140703.0,72600
646,GMRI,G M R INSTITUTE OF TECHNOLOGY,PVT,SRIKAKULAM,RAJAM,COED,JNTUV,CSE,9712.0,11955.0,58335.0,58335,80458.0,88726.0,16883.0,16883,19318.0,19318,9712.0,31874.0,10708.0,12964,55906.0,55906,13976.0,17643.0,72600
647,GMRI,G M R INSTITUTE OF TECHNOLOGY,PVT,SRIKAKULAM,RAJAM,COED,JNTUV,CSM,12535.0,12535.0,82146.0,82146,121844.0,148117.0,24569.0,27968,21021.0,31076,62336.0,62336.0,15624.0,15672,47396.0,75804,16128.0,21411.0,72600
648,GMRI,G M R INSTITUTE OF TECHNOLOGY,PVT,SRIKAKULAM,RAJAM,COED,JNTUV,ECE,16669.0,16669.0,104845.0,104845,139822.0,139822.0,29246.0,39496,30420.0,30420,83976.0,83976.0,23127.0,23127,118162.0,118162,24517.0,33769.0,72600
649,GMRI,G M R INSTITUTE OF TECHNOLOGY,PVT,SRIKAKULAM,RAJAM,COED,JNTUV,EEE,32176.0,32176.0,145719.0,145719,139976.0,139976.0,74491.0,74491,67099.0,67099,32176.0,32176.0,36917.0,40211,66080.0,77818,69086.0,69711.0,72600
650,GMRI,G M R INSTITUTE OF TECHNOLOGY,PVT,SRIKAKULAM,RAJAM,COED,JNTUV,INF,15632.0,15632.0,109940.0,109940,139197.0,139197.0,26602.0,32436,27528.0,33733,23680.0,23680.0,23903.0,23903,96306.0,148039,20811.0,28633.0,72600
651,GMRI,G M R INSTITUTE OF TECHNOLOGY,PVT,SRIKAKULAM,RAJAM,COED,JNTUV,MEC,51467.0,67348.0,151341.0,151341,148293.0,151631.0,87466.0,98228,102889.0,123156,57840.0,67348.0,69678.0,74959,100554.0,102900,111148.0,117798.0,72600
652,SSCE,SRI SIVANI COLLEGE OF ENGINEERING,PVT,SRIKAKULAM,SRIKAKULAM,COED,JNTUV,AIM,110422.0,110422.0,149267.0,149267,110422.0,110422.0,138607.0,141685,146252.0,146252,110422.0,110422.0,140958.0,140958,136456.0,136456,147097.0,141292.0,43000
653,SSCE,SRI SIVANI COLLEGE OF ENGINEERING,PVT,SRIKAKULAM,SRIKAKULAM,COED,JNTUV,CIV,7814.0,107090.0,7814.0,107090,7814.0,123314.0,133099.0,133099,151270.0,151270,7814.0,107090.0,134803.0,134803,7814.0,107090,999999.0,999999.0,43000
654,SSCE,SRI SIVANI COLLEGE OF ENGINEERING,PVT,SRIKAKULAM,SRIKAKULAM,COED,JNTUV,CSE,69595.0,69595.0,149028.0,149028,110615.0,133203.0,130351.0,130351,148752.0,148752,94633.0,94633.0,100819.0,100819,81551.0,81551,102363.0,102363.0,43000
655,SSCE,SRI SIVANI COLLEGE OF ENGINEERING,PVT,SRIKAKULAM,SRIKAKULAM,COED,JNTUV,ECE,94857.0,135653.0,128217.0,143756,131058.0,135653.0,135791.0,135791,125638.0,136397,94857.0,135653.0,112271.0,135653,112813.0,135653,999999.0,999999.0,43000
656,SSCE,SRI SIVANI COLLEGE OF ENGINEERING,PVT,SRIKAKULAM,SRIKAKULAM,COED,JNTUV,EEE,151745.0,151745.0,151758.0,151758,151745.0,151745.0,151745.0,151745,151745.0,151745,151745.0,151745.0,151745.0,151745,151745.0,151745,999999.0,999999.0,43000
657,SSCE,SRI SIVANI COLLEGE OF ENGINEERING,PVT,SRIKAKULAM,SRIKAKULAM,COED,JNTUV,MEC,134516.0,134516.0,150119.0,150119,135998.0,135998.0,134516.0,134516,134516.0,134516,134516.0,134516.0,134516.0,134516,134516.0,134516,999999.0,999999.0,43000
658,SSCP,SRI SIVANI COLLEGE OF PHARMACY,PVT,SRIKAKULAM,SRIKAKULAM,COED,JNTUV,PHM,111253.0,111253.0,111253.0,111253,111253.0,111253.0,111253.0,111253,111253.0,111253,111253.0,111253.0,111253.0,111253,111253.0,111253,999999.0,999999.0,38000
659,VETS,SR VENKATESWARA COLL OF ENGINEERING,PVT,SRIKAKULAM,SRIKAKULAM,COED,JNTUV,AIM,140755.0,142935.0,140755.0,142935,140755.0,142935.0,140755.0,142935,140755.0,142935,140755.0,142935.0,145467.0,145467,140755.0,142935,999999.0,999999.0,43000
660,VETS,SR VENKATESWARA COLL OF ENGINEERING,PVT,SRIKAKULAM,SRIKAKULAM,COED,JNTUV,CIV,141574.0,141574.0,148301.0,148301,141574.0,141574.0,141574.0,141574,141574.0,141574,141574.0,141574.0,141574.0,141574,141574.0,141574,999999.0,999999.0,43000
661,VETS,SR VENKATESWARA COLL OF ENGINEERING,PVT,SRIKAKULAM,SRIKAKULAM,COED,JNTUV,CSE,105772.0,105772.0,150143.0,150143,124477.0,151722.0,128607.0,128607,119646.0,135435,105772.0,105772.0,108968.0,108968,123540.0,123540,141616.0,137164.0,43000
662,VETS,SR VENKATESWARA COLL OF ENGINEERING,PVT,SRIKAKULAM,SRIKAKULAM,COED,JNTUV,CSM,151745.0,151745.0,151745.0,151745,151766.0,151766.0,151745.0,151745,151745.0,151745,151745.0,151745.0,151745.0,151745,151745.0,151745,999999.0,999999.0,43000
663,VETS,SR VENKATESWARA COLL OF ENGINEERING,PVT,SRIKAKULAM,SRIKAKULAM,COED,JNTUV,ECE,103032.0,142946.0,141878.0,150901,123680.0,144693.0,146575.0,146575,118527.0,142946,103032.0,142946.0,125637.0,142946,117896.0,142946,999999.0,999999.0,43000
664,VETS,SR VENKATESWARA COLL OF ENGINEERING,PVT,SRIKAKULAM,SRIKAKULAM,COED,JNTUV,EEE,103034.0,135719.0,133427.0,135719,123194.0,142859.0,143879.0,143879,103034.0,149103,103034.0,135719.0,119985.0,135719,103034.0,135719,999999.0,999999.0,43000
665,VETS,SR VENKATESWARA COLL OF ENGINEERING,PVT,SRIKAKULAM,SRIKAKULAM,COED,JNTUV,MEC,130781.0,130781.0,130781.0,130781,130781.0,130781.0,130781.0,130781,130781.0,130781,130781.0,130781.0,130781.0,130781,130781.0,130781,999999.0,999999.0,43000
666,VNKS,SRI VENKATESWARA COLLEGE OF PHARMACY,PVT,SRIKAKULAM,SRIKAKULAM,COED,AU,PHD,151745.0,151745.0,151758.0,151758,151766.0,151766.0,151745.0,151745,151775.0,151775,151745.0,151745.0,151745.0,151745,151745.0,151745,999999.0,999999.0,38000
667,VNKS,SRI VENKATESWARA COLLEGE OF PHARMACY,PVT,SRIKAKULAM,SRIKAKULAM,COED,AU,PHM,131284.0,131284.0,131284.0,131284,131284.0,131284.0,131284.0,131284,131284.0,131284,131284.0,131284.0,131284.0,131284,131284.0,131284,999999.0,999999.0,44900
668,ANIL,ANIL NEERUKONDA INSTITUTE OF TECHNOLOGY AND SCI,PVT,VISAKHAPATNAM,"BHEEMUNIPATNA
M",COED,AU,CHE,141350.0,141350.0,151593.0,151593,141350.0,141350.0,141350.0,143433,141350.0,141350,141350.0,141350.0,141350.0,141350,141350.0,141350,104982.0,104982.0,59950
669,ANIL,ANIL NEERUKONDA INSTITUTE OF TECHNOLOGY AND SCI,PVT,VISAKHAPATNAM,"BHEEMUNIPATNA
M",COED,AU,CIV,65638.0,73582.0,139023.0,151642,145214.0,145214.0,99248.0,105296,149768.0,149768,65638.0,73582.0,75363.0,96522,92478.0,139124,141284.0,143186.0,59950
670,ANIL,ANIL NEERUKONDA INSTITUTE OF TECHNOLOGY AND SCI,PVT,VISAKHAPATNAM,"BHEEMUNIPATNA
M",COED,AU,CSD,13632.0,29125.0,139462.0,139462,139901.0,143424.0,76532.0,76532,70547.0,70547,13632.0,117474.0,58253.0,58253,68772.0,68772,74574.0,75613.0,59950
671,ANIL,ANIL NEERUKONDA INSTITUTE OF TECHNOLOGY AND SCI,PVT,VISAKHAPATNAM,"BHEEMUNIPATNA
M",COED,AU,CSE,7838.0,7838.0,72032.0,72032,71405.0,105145.0,9180.0,9180,12629.0,12629,28703.0,28703.0,8599.0,8933,60042.0,60042,9949.0,10029.0,59950
672,ANIL,ANIL NEERUKONDA INSTITUTE OF TECHNOLOGY AND SCI,PVT,VISAKHAPATNAM,"BHEEMUNIPATNA
M",COED,AU,CSM,38211.0,38211.0,75428.0,84799,140562.0,145137.0,81910.0,81910,77667.0,77667,38211.0,48882.0,44506.0,44506,47483.0,76574,50929.0,53658.0,59950
673,ANIL,ANIL NEERUKONDA INSTITUTE OF TECHNOLOGY AND SCI,PVT,VISAKHAPATNAM,"BHEEMUNIPATNA
M",COED,AU,ECE,43994.0,47674.0,100477.0,109612,136508.0,145460.0,64736.0,64736,87333.0,87333,81164.0,81164.0,43994.0,47674,69994.0,92350,107221.0,22124.0,59950
674,ANIL,ANIL NEERUKONDA INSTITUTE OF TECHNOLOGY AND SCI,PVT,VISAKHAPATNAM,"BHEEMUNIPATNA
M",COED,AU,EEE,98403.0,127685.0,151121.0,151121,98403.0,127685.0,98403.0,141804,98403.0,127685,98403.0,127685.0,129930.0,137236,107049.0,127685,79940.0,90793.0,59950
675,ANIL,ANIL NEERUKONDA INSTITUTE OF TECHNOLOGY AND SCI,PVT,VISAKHAPATNAM,"BHEEMUNIPATNA
M",COED,AU,INF,45189.0,70124.0,131210.0,131210,139358.0,139358.0,112041.0,112041,88298.0,88298,124535.0,124535.0,59030.0,70124,79880.0,79880,54492.0,99872.0,59950
676,ANIL,ANIL NEERUKONDA INSTITUTE OF TECHNOLOGY AND SCI,PVT,VISAKHAPATNAM,"BHEEMUNIPATNA
M",COED,AU,MEC,129213.0,136579.0,150261.0,151303,129213.0,146834.0,129213.0,136579,140384.0,140384,129213.0,136579.0,129213.0,136579,141774.0,141774,147139.0,147727.0,59950
677,AUCE,A U COLLEGE OF ENGG. VISAKHAPATNAM,UNIV,VISAKHAPATNAM,VISAKHAPATNAM,COED,AU,BIO,25997.0,25997.0,99509.0,99509,114912.0,114912.0,25997.0,25997,25997.0,98981,25997.0,25997.0,39618.0,39618,48241.0,48241,49551.0,49551.0,44500
678,AUCE,A U COLLEGE OF ENGG. VISAKHAPATNAM,UNIV,VISAKHAPATNAM,VISAKHAPATNAM,COED,AU,CHE,27740.0,27740.0,72664.0,84514,74878.0,84138.0,36776.0,36776,48568.0,95894,31474.0,31474.0,32648.0,32648,68648.0,68648,42728.0,57460.0,44500
679,AUCE,A U COLLEGE OF ENGG. VISAKHAPATNAM,UNIV,VISAKHAPATNAM,VISAKHAPATNAM,COED,AU,CIV,22691.0,22691.0,47732.0,47957,27322.0,34390.0,31058.0,31058,28039.0,81003,31864.0,31864.0,30702.0,30702,83614.0,83614,38335.0,50912.0,44500
680,AUCE,A U COLLEGE OF ENGG. VISAKHAPATNAM,UNIV,VISAKHAPATNAM,VISAKHAPATNAM,COED,AU,CSE,2902.0,3682.0,6010.0,6010,5932.0,5932.0,2965.0,4313,2902.0,3682,2902.0,3682.0,2902.0,3682,3428.0,3682,2917.0,2242.0,44500
681,AUCE,A U COLLEGE OF ENGG. VISAKHAPATNAM,UNIV,VISAKHAPATNAM,VISAKHAPATNAM,COED,AU,ECE,4478.0,5894.0,11415.0,11415,17028.0,17028.0,6000.0,7142,4478.0,5894,4478.0,5894.0,4759.0,6978,9724.0,9724,4874.0,8152.0,44500
682,AUCE,A U COLLEGE OF ENGG. VISAKHAPATNAM,UNIV,VISAKHAPATNAM,VISAKHAPATNAM,COED,AU,EEE,13337.0,13337.0,21773.0,25040,30666.0,35752.0,13337.0,13337,16335.0,16335,19834.0,19834.0,15183.0,15183,36763.0,51207,13628.0,10533.0,44500
683,AUCE,A U COLLEGE OF ENGG. VISAKHAPATNAM,UNIV,VISAKHAPATNAM,VISAKHAPATNAM,COED,AU,GIN,38907.0,38907.0,87838.0,89639,98733.0,98733.0,47375.0,73950,79631.0,126720,75384.0,75384.0,60337.0,74101,70393.0,70393,65855.0,47719.0,44500
684,AUCE,A U COLLEGE OF ENGG. VISAKHAPATNAM,UNIV,VISAKHAPATNAM,VISAKHAPATNAM,COED,AU,IST,13455.0,18705.0,27639.0,73355,13455.0,58113.0,15595.0,30201,21720.0,40300,13455.0,40940.0,22321.0,22321,38623.0,38623,36384.0,32686.0,44500
685,AUCE,A U COLLEGE OF ENGG. VISAKHAPATNAM,UNIV,VISAKHAPATNAM,VISAKHAPATNAM,COED,AU,MEC,16809.0,16866.0,33435.0,82829,16809.0,22550.0,16809.0,53959,22159.0,52386,16809.0,16866.0,20328.0,26352,44260.0,65809,17922.0,20108.0,44500
686,AUCE,A U COLLEGE OF ENGG. VISAKHAPATNAM,UNIV,VISAKHAPATNAM,VISAKHAPATNAM,COED,AU,MET,31304.0,31304.0,72214.0,79970,120863.0,137821.0,79567.0,79567,118946.0,118946,118395.0,118395.0,54601.0,57794,97471.0,97471,59208.0,84316.0,44500
687,AUCE,A U COLLEGE OF ENGG. VISAKHAPATNAM,UNIV,VISAKHAPATNAM,VISAKHAPATNAM,COED,AU,NAM,23783.0,27236.0,61046.0,61046,104020.0,106189.0,41915.0,41915,65498.0,65498,130496.0,130496.0,34542.0,41362,23783.0,87196,40045.0,105438.0,44500
688,AUCESF,A U COLLEGE OF ENGG-SELF FINANCE VISAKHAPATNAM,SF,VISAKHAPATNAM,VISAKHAPATNAM,COED,AU,INF,9505.0,12227.0,46169.0,48836,73591.0,88844.0,28210.0,28210,11218.0,18663,9505.0,12227.0,9505.0,15040,9505.0,24052,10885.0,16458.0,62000
689,AUCP,AU COLLEGE OF ENGG. SCHOOL OF PHARMACY,UNIV,VISAKHAPATNAM,VISAKHAPATNAM,COED,AU,PHM,50920.0,90020.0,147207.0,147207,50920.0,90020.0,50920.0,141959,134526.0,134526,50920.0,90020.0,98159.0,98159,50920.0,90020,102538.0,102538.0,29900
690,AUCPSF,AU COLLEGE OF ENGG.SCHOOL OF PHARMACY-SELF FINANCE,SF,VISAKHAPATNAM,VISAKHAPATNAM,COED,AU,PHD,93546.0,149033.0,93546.0,149033,93546.0,149033.0,93546.0,149033,93546.0,149033,93546.0,149033.0,93546.0,149033,93546.0,149033,999999.0,999999.0,68000
691,AUEWSF,A U COLLEGE OF ENGG FOR WOMEN- SELF FINANCE,SF,VISAKHAPATNAM,VISAKHAPATNAM,GIRLS,AU,CIV,89127.0,89127.0,134727.0,134727,140356.0,140356.0,102222.0,102222,147737.0,147737,150468.0,150468.0,126094.0,126094,121620.0,121620,147391.0,147391.0,62000
692,AUEWSF,A U COLLEGE OF ENGG FOR WOMEN- SELF FINANCE,SF,VISAKHAPATNAM,VISAKHAPATNAM,GIRLS,AU,CSE,10776.0,10776.0,34857.0,34857,74606.0,74606.0,25325.0,25325,24714.0,24714,999999.0,999999.0,18200.0,18200,32139.0,32139,23154.0,23154.0,62000
693,AUEWSF,A U COLLEGE OF ENGG FOR WOMEN- SELF FINANCE,SF,VISAKHAPATNAM,VISAKHAPATNAM,GIRLS,AU,ECE,21608.0,21608.0,65249.0,65249,87989.0,87989.0,38379.0,38379,56545.0,56545,999999.0,999999.0,33557.0,33557,112451.0,112451,43043.0,43043.0,62000
694,AUEWSF,A U COLLEGE OF ENGG FOR WOMEN- SELF FINANCE,SF,VISAKHAPATNAM,VISAKHAPATNAM,GIRLS,AU,EEE,46837.0,46837.0,151247.0,151247,138613.0,138613.0,87067.0,87067,127469.0,127469,82360.0,82360.0,70469.0,70469,89584.0,89584,100726.0,100726.0,62000
695,AUEWSF,A U COLLEGE OF ENGG FOR WOMEN- SELF FINANCE,SF,VISAKHAPATNAM,VISAKHAPATNAM,GIRLS,AU,INF,26599.0,26599.0,87926.0,87926,94008.0,94008.0,68427.0,68427,80916.0,80916,27883.0,27883.0,41738.0,41738,75769.0,75769,43361.0,43361.0,62000
696,AUEWSF,A U COLLEGE OF ENGG FOR WOMEN- SELF FINANCE,SF,VISAKHAPATNAM,VISAKHAPATNAM,GIRLS,AU,MEC,107028.0,107028.0,150555.0,150555,107028.0,107028.0,121353.0,121353,107028.0,107028,999999.0,999999.0,144930.0,144930,107028.0,107028,113103.0,113103.0,62000
697,AVEN,AVANTHI INSTITUTE OF ENGG. AND TECHNOLOGY,PVT,VISAKHAPATNAM,NARSIPATNAM,COED,JNTUV,CSD,65052.0,65052.0,139855.0,139855,104961.0,104961.0,124858.0,124858,95345.0,95345,65052.0,80817.0,96055.0,96055,83146.0,83146,112931.0,101910.0,54340
698,AVEN,AVANTHI INSTITUTE OF ENGG. AND TECHNOLOGY,PVT,VISAKHAPATNAM,NARSIPATNAM,COED,JNTUV,CSE,141149.0,142004.0,150936.0,150936,149368.0,149368.0,141149.0,142004,141149.0,142004,141149.0,149574.0,141149.0,142004,141149.0,142004,108485.0,97276.0,54340
699,AVEN,AVANTHI INSTITUTE OF ENGG. AND TECHNOLOGY,PVT,VISAKHAPATNAM,NARSIPATNAM,COED,JNTUV,CSM,55418.0,55418.0,146531.0,146531,134133.0,134133.0,141809.0,144428,135224.0,141394,70491.0,88923.0,89010.0,91890,55418.0,146261,120296.0,69433.0,54340
700,AVEN,AVANTHI INSTITUTE OF ENGG. AND TECHNOLOGY,PVT,VISAKHAPATNAM,NARSIPATNAM,COED,JNTUV,ECE,111411.0,141128.0,151611.0,151611,111411.0,141128.0,140477.0,141128,129439.0,143447,111411.0,141128.0,111411.0,141128,113394.0,141128,119086.0,128453.0,54340
701,AVEN,AVANTHI INSTITUTE OF ENGG. AND TECHNOLOGY,PVT,VISAKHAPATNAM,NARSIPATNAM,COED,JNTUV,EEE,151745.0,151745.0,151745.0,151745,151745.0,151745.0,151745.0,151745,151745.0,151745,999999.0,999999.0,151745.0,151745,151745.0,151745,146544.0,149613.0,54340
702,AVEN,AVANTHI INSTITUTE OF ENGG. AND TECHNOLOGY,PVT,VISAKHAPATNAM,NARSIPATNAM,COED,JNTUV,MEC,151745.0,151745.0,151745.0,151745,151745.0,151745.0,151745.0,151745,151745.0,151745,999999.0,999999.0,151745.0,151745,151745.0,151745,115887.0,115887.0,54340
703,BABA,BABA INST OF TECH AND SCIENCES,PVT,VISAKHAPATNAM,VISAKHAPATNAM,COED,JNTUV,CIV,143539.0,145739.0,143698.0,145739,143539.0,149477.0,145167.0,145739,143539.0,145739,143539.0,145739.0,144662.0,145739,143539.0,145739,147451.0,147451.0,43000
704,BABA,BABA INST OF TECH AND SCIENCES,PVT,VISAKHAPATNAM,VISAKHAPATNAM,COED,JNTUV,CSE,128892.0,128892.0,148289.0,148289,128892.0,128892.0,128892.0,128892,128892.0,128892,128892.0,128892.0,128892.0,128892,128892.0,128892,116569.0,144356.0,43000
705,BABA,BABA INST OF TECH AND SCIENCES,PVT,VISAKHAPATNAM,VISAKHAPATNAM,COED,JNTUV,ECE,125311.0,125311.0,125311.0,125311,149638.0,149638.0,143221.0,149660,140683.0,146457,125311.0,125311.0,125311.0,125311,145666.0,145666,134277.0,141479.0,43000
706,BABA,BABA INST OF TECH AND SCIENCES,PVT,VISAKHAPATNAM,VISAKHAPATNAM,COED,JNTUV,EEE,111824.0,111824.0,111824.0,111824,139825.0,139825.0,111824.0,111824,141547.0,141547,111824.0,111824.0,141529.0,141529,111824.0,111824,999999.0,999999.0,43000
707,BABA,BABA INST OF TECH AND SCIENCES,PVT,VISAKHAPATNAM,VISAKHAPATNAM,COED,JNTUV,MEC,121828.0,121828.0,151653.0,151653,136498.0,136498.0,137518.0,149529,148207.0,148207,121828.0,121828.0,121828.0,121828,121828.0,121828,999999.0,999999.0,43000
708,CEVP,CHAITANYA ENGINEERING COLLEGE,PVT,VISAKHAPATNAM,VISAKHAPATNAM,COED,JNTUV,AID,90440.0,90440.0,143142.0,143142,126314.0,150019.0,101972.0,143796,144706.0,144706,90440.0,90440.0,118373.0,118373,137810.0,137810,127259.0,93192.0,43000
709,CEVP,CHAITANYA ENGINEERING COLLEGE,PVT,VISAKHAPATNAM,VISAKHAPATNAM,COED,JNTUV,AIM,86148.0,90714.0,151473.0,151628,133879.0,133879.0,106599.0,149724,139292.0,139292,86148.0,90714.0,121007.0,121007,120355.0,120355,121175.0,134013.0,43000
710,CEVP,CHAITANYA ENGINEERING COLLEGE,PVT,VISAKHAPATNAM,VISAKHAPATNAM,COED,JNTUV,CIV,141700.0,141700.0,141700.0,141700,145249.0,145249.0,141700.0,141700,141700.0,141700,141700.0,141700.0,146382.0,146382,141700.0,141700,999999.0,999999.0,43000
711,CEVP,CHAITANYA ENGINEERING COLLEGE,PVT,VISAKHAPATNAM,VISAKHAPATNAM,COED,JNTUV,CSE,58176.0,58176.0,125292.0,132473,106330.0,111430.0,118488.0,118488,97797.0,112082,76518.0,76518.0,78189.0,83806,113565.0,113565,148317.0,141058.0,43000
712,CEVP,CHAITANYA ENGINEERING COLLEGE,PVT,VISAKHAPATNAM,VISAKHAPATNAM,COED,JNTUV,ECE,87043.0,87043.0,138931.0,151646,148637.0,148637.0,135352.0,148957,147432.0,147432,87043.0,104000.0,113832.0,113832,146719.0,146719,117379.0,134053.0,43000
713,CEVP,CHAITANYA ENGINEERING COLLEGE,PVT,VISAKHAPATNAM,VISAKHAPATNAM,COED,JNTUV,EEE,124141.0,124141.0,145187.0,145187,148890.0,148890.0,142783.0,142783,145953.0,149506,124141.0,124141.0,141827.0,146282,124141.0,124141,999999.0,999999.0,43000
714,CEVP,CHAITANYA ENGINEERING COLLEGE,PVT,VISAKHAPATNAM,VISAKHAPATNAM,COED,JNTUV,MEC,151745.0,151745.0,151745.0,151745,151745.0,151745.0,151745.0,151745,151775.0,151775,151745.0,151745.0,151745.0,151745,151745.0,151745,999999.0,999999.0,43000
715,DIET,DADI INSTT. OF ENGINEERING AND TECHNOLOGY,PVT,VISAKHAPATNAM,ANAKAPALLE,COED,JNTUV,CIV,149718.0,149718.0,149718.0,149718,149718.0,149718.0,149718.0,149718,149718.0,149718,149718.0,149718.0,149718.0,149718,149718.0,149718,999999.0,999999.0,43000
716,DIET,DADI INSTT. OF ENGINEERING AND TECHNOLOGY,PVT,VISAKHAPATNAM,ANAKAPALLE,COED,JNTUV,CSD,82939.0,82939.0,146669.0,146669,112742.0,112742.0,117570.0,117570,147143.0,147143,82939.0,82939.0,105481.0,148073,106218.0,147649,124521.0,100928.0,43000
717,DIET,DADI INSTT. OF ENGINEERING AND TECHNOLOGY,PVT,VISAKHAPATNAM,ANAKAPALLE,COED,JNTUV,CSE,82076.0,82076.0,151114.0,151114,151309.0,151309.0,101483.0,110709,125303.0,137276,82076.0,82076.0,82076.0,82076,147993.0,147993,122994.0,117599.0,43000
718,DIET,DADI INSTT. OF ENGINEERING AND TECHNOLOGY,PVT,VISAKHAPATNAM,ANAKAPALLE,COED,JNTUV,CSM,90059.0,90059.0,124222.0,141562,125290.0,142772.0,145558.0,145558,143110.0,143110,98990.0,98990.0,119227.0,146350,106660.0,111085,143728.0,143728.0,43000
719,DIET,DADI INSTT. OF ENGINEERING AND TECHNOLOGY,PVT,VISAKHAPATNAM,ANAKAPALLE,COED,JNTUV,ECE,89231.0,128479.0,150704.0,150704,129958.0,129958.0,141706.0,142159,150509.0,150509,108152.0,128479.0,123508.0,128890,119929.0,128479,141320.0,131202.0,43000
720,DIET,DADI INSTT. OF ENGINEERING AND TECHNOLOGY,PVT,VISAKHAPATNAM,ANAKAPALLE,COED,JNTUV,EEE,145595.0,145595.0,145595.0,145595,145595.0,145595.0,148991.0,148991,149978.0,149978,145595.0,145595.0,145595.0,145595,145595.0,145595,999999.0,999999.0,43000
721,DLBC,DR L BULLAYYA COLL EGE OF ENGINEERING,PVT,VISAKHAPATNAM,VISAKHAPATNAM,COED,AU,CIV,126886.0,126886.0,126886.0,132229,141016.0,141016.0,126886.0,126886,126886.0,143417,126886.0,126886.0,143050.0,146132,126886.0,126886,999999.0,999999.0,43000
722,DLBC,DR L BULLAYYA COLL EGE OF ENGINEERING,PVT,VISAKHAPATNAM,VISAKHAPATNAM,COED,AU,CSE,40008.0,111496.0,123516.0,132766,139987.0,139987.0,72726.0,111496,94393.0,111496,71031.0,111496.0,50004.0,111496,129497.0,129497,60204.0,63689.0,43000
723,DLBC,DR L BULLAYYA COLL EGE OF ENGINEERING,PVT,VISAKHAPATNAM,VISAKHAPATNAM,COED,AU,ECE,58087.0,129702.0,148768.0,148768,69253.0,129702.0,107890.0,129702,107870.0,140428,59465.0,129702.0,91881.0,129702,88927.0,129702,89250.0,82808.0,43000
724,DLBC,DR L BULLAYYA COLL EGE OF ENGINEERING,PVT,VISAKHAPATNAM,VISAKHAPATNAM,COED,AU,EEE,109676.0,142348.0,148568.0,148568,119606.0,142348.0,120604.0,146311,148885.0,148885,127061.0,142348.0,120335.0,149906,145017.0,145017,142899.0,142899.0,43000
725,GITS,GONNA INST OF INFO TECHNOLOGY SCIENCES,PVT,VISAKHAPATNAM,VISAKHAPATNAM,COED,JNTUV,CIV,140373.0,150679.0,140373.0,150679,140373.0,150679.0,140373.0,150679,140373.0,150679,140373.0,150679.0,140373.0,150679,140373.0,150679,999999.0,999999.0,43230
726,GITS,GONNA INST OF INFO TECHNOLOGY SCIENCES,PVT,VISAKHAPATNAM,VISAKHAPATNAM,COED,JNTUV,CSE,86835.0,86835.0,128284.0,128284,120790.0,147088.0,108048.0,108048,145098.0,145098,97168.0,97168.0,123492.0,126268,86835.0,116909,98257.0,98866.0,43230
727,GITS,GONNA INST OF INFO TECHNOLOGY SCIENCES,PVT,VISAKHAPATNAM,VISAKHAPATNAM,COED,JNTUV,ECE,82575.0,82575.0,151681.0,151681,143494.0,151555.0,148772.0,148772,107477.0,107477,82575.0,82575.0,143798.0,143798,135650.0,135650,999999.0,999999.0,43230
728,GITS,GONNA INST OF INFO TECHNOLOGY SCIENCES,PVT,VISAKHAPATNAM,VISAKHAPATNAM,COED,JNTUV,EEE,78637.0,78637.0,78637.0,78637,78637.0,78637.0,78637.0,78637,78637.0,78637,78637.0,78637.0,78637.0,78637,78637.0,78637,999999.0,999999.0,43230
729,GITS,GONNA INST OF INFO TECHNOLOGY SCIENCES,PVT,VISAKHAPATNAM,VISAKHAPATNAM,COED,JNTUV,MEC,146958.0,146958.0,146958.0,146958,146958.0,146958.0,146958.0,146958,146958.0,146958,146958.0,146958.0,146958.0,146958,146958.0,146958,999999.0,999999.0,43230
730,GVPE,GAYATHRI VIDYA PARISHAD COLL. OF ENGINEERING,PVT,VISAKHAPATNAM,VISAKHAPATNAM,COED,AU,CHE,52882.0,52882.0,133725.0,133725,52882.0,78964.0,92024.0,128026,123424.0,123597,89210.0,89210.0,85169.0,86842,105132.0,105132,141410.0,128831.0,75900
731,GVPE,GAYATHRI VIDYA PARISHAD COLL. OF ENGINEERING,PVT,VISAKHAPATNAM,VISAKHAPATNAM,COED,AU,CIV,98661.0,98661.0,147076.0,147076,141112.0,144373.0,98661.0,98661,129431.0,129431,98661.0,98661.0,98661.0,98661,124518.0,124518,133006.0,149825.0,75900
732,GVPE,GAYATHRI VIDYA PARISHAD COLL. OF ENGINEERING,PVT,VISAKHAPATNAM,VISAKHAPATNAM,COED,AU,CSD,19140.0,19140.0,24822.0,41133,42561.0,42561.0,19140.0,19140,19140.0,19140,19140.0,19140.0,19140.0,28521,19140.0,19140,5778.0,6216.0,75900
733,GVPE,GAYATHRI VIDYA PARISHAD COLL. OF ENGINEERING,PVT,VISAKHAPATNAM,VISAKHAPATNAM,COED,AU,CSE,4606.0,4606.0,100471.0,100471,36363.0,36363.0,5101.0,5101,4758.0,4942,9139.0,9139.0,4878.0,4878,11945.0,14216,4825.0,7469.0,75900
734,GVPE,GAYATHRI VIDYA PARISHAD COLL. OF ENGINEERING,PVT,VISAKHAPATNAM,VISAKHAPATNAM,COED,AU,CSM,4381.0,6130.0,11961.0,26998,38796.0,38796.0,5571.0,6164,4647.0,6353,4381.0,6130.0,4897.0,8990,4381.0,6130,3879.0,5982.0,75900
735,GVPE,GAYATHRI VIDYA PARISHAD COLL. OF ENGINEERING,PVT,VISAKHAPATNAM,VISAKHAPATNAM,COED,AU,ECE,9143.0,12486.0,125335.0,125335,69031.0,93166.0,11433.0,15358,13943.0,15309,9143.0,15190.0,9556.0,12486,30503.0,73887,57451.0,79252.0,75900
736,GVPE,GAYATHRI VIDYA PARISHAD COLL. OF ENGINEERING,PVT,VISAKHAPATNAM,VISAKHAPATNAM,COED,AU,EEE,72941.0,121695.0,139982.0,139982,139596.0,139596.0,72941.0,121695,92031.0,121695,72941.0,121695.0,88791.0,135958,127415.0,127415,79473.0,77989.0,75900
737,GVPE,GAYATHRI VIDYA PARISHAD COLL. OF ENGINEERING,PVT,VISAKHAPATNAM,VISAKHAPATNAM,COED,AU,INF,25096.0,25096.0,34298.0,62276,66144.0,66144.0,25096.0,25096,84203.0,84203,25096.0,25096.0,25096.0,41766,38239.0,38239,6534.0,11659.0,75900
738,GVPE,GAYATHRI VIDYA PARISHAD COLL. OF ENGINEERING,PVT,VISAKHAPATNAM,VISAKHAPATNAM,COED,AU,MEC,116888.0,116888.0,130826.0,150342,116888.0,139719.0,116888.0,116888,145847.0,145847,116888.0,116888.0,116888.0,116888,116888.0,116888,81843.0,80631.0,75900
739,GVPE,GAYATHRI VIDYA PARISHAD COLL. OF ENGINEERING,PVT,VISAKHAPATNAM,VISAKHAPATNAM,COED,AU,MRB,118913.0,132864.0,150915.0,150915,118913.0,132864.0,127605.0,132864,118913.0,147901,118913.0,132864.0,118913.0,132864,121930.0,136921,79026.0,102044.0,75900
740,GVPT,G V P COLLEGE FOR DEGREE AND PG COURSES,PVT,VISAKHAPATNAM,VISAKHAPATNAM,COED,AU,CIV,88803.0,88803.0,120021.0,150728,123287.0,123287.0,145365.0,145365,129218.0,129218,112166.0,112166.0,128099.0,128099,148982.0,149785,999999.0,999999.0,69300
741,GVPT,G V P COLLEGE FOR DEGREE AND PG COURSES,PVT,VISAKHAPATNAM,VISAKHAPATNAM,COED,AU,CSE,54037.0,67741.0,95891.0,148316,100744.0,139952.0,82837.0,82837,143423.0,143423,54037.0,130513.0,115643.0,115643,116958.0,116958,53624.0,106527.0,69300
742,GVPT,G V P COLLEGE FOR DEGREE AND PG COURSES,PVT,VISAKHAPATNAM,VISAKHAPATNAM,COED,AU,CSM,24279.0,24279.0,137193.0,137193,132670.0,149463.0,51040.0,73958,84856.0,84856,103265.0,103265.0,111138.0,111138,24279.0,75305,59417.0,49826.0,69300
743,GVPT,G V P COLLEGE FOR DEGREE AND PG COURSES,PVT,VISAKHAPATNAM,VISAKHAPATNAM,COED,AU,ECE,35496.0,118554.0,125903.0,150879,139776.0,139776.0,61970.0,118554,90552.0,118554,47637.0,118554.0,50203.0,118554,56645.0,118554,68248.0,73309.0,69300
744,GVPT,G V P COLLEGE FOR DEGREE AND PG COURSES,PVT,VISAKHAPATNAM,VISAKHAPATNAM,COED,AU,MEC,127998.0,127998.0,127998.0,127998,127998.0,127998.0,127998.0,136568,127998.0,127998,127998.0,127998.0,127998.0,127998,129886.0,129886,111225.0,111225.0,69300
745,GVPW,GAYATHRI VIDYA PARISHAD COLL OF ENGG FOR WOMEN,PVT,VISAKHAPATNAM,VISAKHAPATNAM,GIRLS,AU,CSE,25213.0,25213.0,124507.0,124507,108822.0,108822.0,44734.0,44734,85724.0,85724,78763.0,78763.0,27691.0,27691,102494.0,102494,28342.0,28342.0,66220
746,GVPW,GAYATHRI VIDYA PARISHAD COLL OF ENGG FOR WOMEN,PVT,VISAKHAPATNAM,VISAKHAPATNAM,GIRLS,AU,CSM,54005.0,54005.0,139844.0,139844,150390.0,150390.0,57976.0,57976,58938.0,58938,76564.0,76564.0,54005.0,54005,86687.0,86687,85330.0,85330.0,66220
747,GVPW,GAYATHRI VIDYA PARISHAD COLL OF ENGG FOR WOMEN,PVT,VISAKHAPATNAM,VISAKHAPATNAM,GIRLS,AU,ECE,50391.0,50391.0,141984.0,141984,136264.0,136264.0,66491.0,66491,115710.0,115710,82269.0,82269.0,65694.0,65694,55763.0,55763,64302.0,64302.0,66220
748,GVPW,GAYATHRI VIDYA PARISHAD COLL OF ENGG FOR WOMEN,PVT,VISAKHAPATNAM,VISAKHAPATNAM,GIRLS,AU,EEE,58030.0,58030.0,69997.0,69997,70198.0,70198.0,109907.0,109907,100151.0,100151,999999.0,999999.0,65699.0,65699,104411.0,104411,92302.0,92302.0,66220
749,GVPW,GAYATHRI VIDYA PARISHAD COLL OF ENGG FOR WOMEN,PVT,VISAKHAPATNAM,VISAKHAPATNAM,GIRLS,AU,INF,81728.0,81728.0,151125.0,151125,150102.0,150102.0,104376.0,104376,86916.0,86916,999999.0,999999.0,81728.0,81728,144127.0,144127,42880.0,42880.0,66220
750,NSRE,N S RAJU INSTITUTE OF ENGG AND TECHNOLOGY,PVT,VISAKHAPATNAM,"DAKAMARRI
VILLAGE",COED,JNTUV,CSE,59667.0,59667.0,126803.0,126803,90026.0,90026.0,142142.0,142142,141244.0,141244,59667.0,85205.0,77941.0,85328,137837.0,144815,90488.0,105706.0,43000
751,NSRE,N S RAJU INSTITUTE OF ENGG AND TECHNOLOGY,PVT,VISAKHAPATNAM,"DAKAMARRI
VILLAGE",COED,JNTUV,CSM,83514.0,83514.0,113061.0,129562,120820.0,120820.0,124613.0,144110,112043.0,112894,83514.0,83514.0,93074.0,93074,109701.0,109701,133977.0,141860.0,43000
752,NSRE,N S RAJU INSTITUTE OF ENGG AND TECHNOLOGY,PVT,VISAKHAPATNAM,"DAKAMARRI
VILLAGE",COED,JNTUV,ECE,151745.0,151745.0,151745.0,151745,151745.0,151745.0,151745.0,151745,151745.0,151745,151745.0,151745.0,151745.0,151745,151745.0,151745,101537.0,101537.0,43000
753,NSRE,N S RAJU INSTITUTE OF ENGG AND TECHNOLOGY,PVT,VISAKHAPATNAM,"DAKAMARRI
VILLAGE",COED,JNTUV,EEE,151745.0,151745.0,151758.0,151772,151766.0,151767.0,151745.0,151745,151775.0,151775,999999.0,999999.0,151745.0,151745,151745.0,151745,999999.0,999999.0,43000
754,NSRE,N S RAJU INSTITUTE OF ENGG AND TECHNOLOGY,PVT,VISAKHAPATNAM,"DAKAMARRI
VILLAGE",COED,JNTUV,MEC,151745.0,151745.0,151745.0,151745,151766.0,151767.0,151745.0,151745,151775.0,151775,999999.0,999999.0,151745.0,151745,151745.0,151745,999999.0,999999.0,43000
755,NSRT,NADIMPALLI SATYANARAYANA RAJU INSTITUTE OF TECHNOLOGY,PVT,VISAKHAPATNAM,VISAKHAPATNAM,COED,JNTUV,CIV,109591.0,109591.0,123560.0,123560,115606.0,137629.0,109591.0,109591,133985.0,133985,109591.0,109591.0,133594.0,133594,118781.0,118781,999999.0,999999.0,43000
756,NSRT,NADIMPALLI SATYANARAYANA RAJU INSTITUTE OF TECHNOLOGY,PVT,VISAKHAPATNAM,VISAKHAPATNAM,COED,JNTUV,CSD,37910.0,37910.0,124146.0,124146,51958.0,52665.0,68468.0,69995,82364.0,87266,49694.0,49694.0,50083.0,52025,37910.0,37910,52568.0,59488.0,43000
757,NSRT,NADIMPALLI SATYANARAYANA RAJU INSTITUTE OF TECHNOLOGY,PVT,VISAKHAPATNAM,VISAKHAPATNAM,COED,JNTUV,CSE,53587.0,60584.0,128495.0,149937,139634.0,150766.0,60169.0,67558,79699.0,79699,53587.0,60584.0,53587.0,60584,141409.0,143528,49244.0,54202.0,43000
758,NSRT,NADIMPALLI SATYANARAYANA RAJU INSTITUTE OF TECHNOLOGY,PVT,VISAKHAPATNAM,VISAKHAPATNAM,COED,JNTUV,CSM,151745.0,151745.0,151745.0,151745,151745.0,151745.0,151745.0,151745,151745.0,151745,151745.0,151745.0,151745.0,151745,151745.0,151745,53460.0,59235.0,43000
759,NSRT,NADIMPALLI SATYANARAYANA RAJU INSTITUTE OF TECHNOLOGY,PVT,VISAKHAPATNAM,VISAKHAPATNAM,COED,JNTUV,ECE,55086.0,74804.0,151206.0,151206,57328.0,74804.0,81826.0,86255,102046.0,103047,55086.0,74804.0,55086.0,74804,82747.0,90887,65953.0,74275.0,43000
760,NSRT,NADIMPALLI SATYANARAYANA RAJU INSTITUTE OF TECHNOLOGY,PVT,VISAKHAPATNAM,VISAKHAPATNAM,COED,JNTUV,EEE,70633.0,117544.0,86731.0,117544,81671.0,117544.0,134266.0,137198,142797.0,142797,70633.0,117544.0,76158.0,117544,126714.0,126714,999999.0,999999.0,43000
761,NSRT,NADIMPALLI SATYANARAYANA RAJU INSTITUTE OF TECHNOLOGY,PVT,VISAKHAPATNAM,VISAKHAPATNAM,COED,JNTUV,EVT,99159.0,99159.0,99159.0,140420,99159.0,99159.0,109570.0,143740,148857.0,148857,99159.0,99159.0,123328.0,126584,99159.0,99159,145910.0,122331.0,43000
762,NSRT,NADIMPALLI SATYANARAYANA RAJU INSTITUTE OF TECHNOLOGY,PVT,VISAKHAPATNAM,VISAKHAPATNAM,COED,JNTUV,MEC,113685.0,119772.0,135367.0,141280,130651.0,130651.0,145893.0,146011,143083.0,143083,113685.0,119772.0,134504.0,141951,137152.0,137152,125503.0,125503.0,43000
763,RAGU,RAGHU ENGINEERING COLLEGE,PVT,VISAKHAPATNAM,"BHEEMUNIPATNA
M",COED,JNTUV,CIV,138290.0,138290.0,138290.0,138290,138290.0,138290.0,138290.0,138290,138290.0,138290,138290.0,138290.0,138290.0,138290,138290.0,138290,149118.0,131275.0,76670
764,RAGU,RAGHU ENGINEERING COLLEGE,PVT,VISAKHAPATNAM,"BHEEMUNIPATNA
M",COED,JNTUV,CSC,62858.0,62858.0,139825.0,139968,140193.0,140193.0,62858.0,62858,95044.0,95044,62858.0,62858.0,63590.0,63590,62858.0,62858,33247.0,38786.0,76670
765,RAGU,RAGHU ENGINEERING COLLEGE,PVT,VISAKHAPATNAM,"BHEEMUNIPATNA
M",COED,JNTUV,CSD,34984.0,42586.0,139398.0,140326,151352.0,151352.0,41441.0,58512,62693.0,66669,96735.0,96735.0,59343.0,59343,131503.0,131503,34175.0,113308.0,76670
766,RAGU,RAGHU ENGINEERING COLLEGE,PVT,VISAKHAPATNAM,"BHEEMUNIPATNA
M",COED,JNTUV,CSE,28293.0,28293.0,121674.0,121674,113634.0,131399.0,30998.0,67687,92189.0,92189,114447.0,114447.0,28293.0,28293,73015.0,125821,63286.0,67294.0,76670
767,RAGU,RAGHU ENGINEERING COLLEGE,PVT,VISAKHAPATNAM,"BHEEMUNIPATNA
M",COED,JNTUV,CSM,23947.0,59599.0,109290.0,140935,119505.0,151648.0,39633.0,59599,58462.0,62561,29279.0,59599.0,33792.0,59599,90726.0,91778,134732.0,29519.0,76670
768,RAGU,RAGHU ENGINEERING COLLEGE,PVT,VISAKHAPATNAM,"BHEEMUNIPATNA
M",COED,JNTUV,CSO,59756.0,59756.0,151192.0,151192,110754.0,110754.0,59756.0,68743,74693.0,74693,59756.0,59756.0,59756.0,59756,59756.0,59756,40886.0,43341.0,76670
769,RAGU,RAGHU ENGINEERING COLLEGE,PVT,VISAKHAPATNAM,"BHEEMUNIPATNA
M",COED,JNTUV,ECE,27316.0,27316.0,126047.0,137894,148643.0,151420.0,49587.0,58077,66373.0,83192,33725.0,33852.0,39162.0,39646,122248.0,145801,145790.0,148779.0,76670
770,RAGU,RAGHU ENGINEERING COLLEGE,PVT,VISAKHAPATNAM,"BHEEMUNIPATNA
M",COED,JNTUV,EEE,115497.0,115497.0,139404.0,139404,144837.0,144837.0,115497.0,115497,115497.0,115497,115497.0,115497.0,115497.0,142985,115497.0,115497,74123.0,93221.0,76670
771,RAGU,RAGHU ENGINEERING COLLEGE,PVT,VISAKHAPATNAM,"BHEEMUNIPATNA
M",COED,JNTUV,MEC,148504.0,148706.0,150611.0,150611,151437.0,151437.0,148504.0,148706,148504.0,149154,148504.0,148706.0,148504.0,148706,148504.0,148706,150196.0,150052.0,76670
772,RCPV,RAGHU COLLEGE OF PHARMACY,PVT,VISAKHAPATNAM,"BHIMUNIPATNA
M",COED,AU,PHM,151745.0,151745.0,151758.0,151758,151766.0,151766.0,151745.0,151745,151775.0,151775,151745.0,151745.0,151745.0,151745,151745.0,151745,999999.0,999999.0,64500
773,SAVE,SANKETHIKA VIDYA PARISHAD ENGINEERING COLLEGE,PVT,VISAKHAPATNAM,VISAKHAPATNAM,COED,AU,CIV,135305.0,135305.0,135305.0,135305,135305.0,135305.0,135305.0,135305,135305.0,135305,135305.0,135305.0,144326.0,144326,135305.0,135305,999999.0,999999.0,43000
774,SAVE,SANKETHIKA VIDYA PARISHAD ENGINEERING COLLEGE,PVT,VISAKHAPATNAM,VISAKHAPATNAM,COED,AU,CSE,118296.0,118296.0,142959.0,151432,118296.0,118296.0,144233.0,144233,147324.0,147324,118296.0,118296.0,118296.0,124368,143839.0,143839,141958.0,146948.0,43000
775,SAVE,SANKETHIKA VIDYA PARISHAD ENGINEERING COLLEGE,PVT,VISAKHAPATNAM,VISAKHAPATNAM,COED,AU,ECE,99637.0,99637.0,139561.0,148142,143145.0,143145.0,145761.0,147020,124688.0,141891,99637.0,99637.0,148129.0,149265,126032.0,132680,148773.0,147534.0,43000
776,SAVE,SANKETHIKA VIDYA PARISHAD ENGINEERING COLLEGE,PVT,VISAKHAPATNAM,VISAKHAPATNAM,COED,AU,EEE,93248.0,93248.0,93248.0,93248,93248.0,93248.0,93248.0,93248,93248.0,93248,93248.0,93248.0,93248.0,93248,93248.0,93248,999999.0,999999.0,43000
777,SAVE,SANKETHIKA VIDYA PARISHAD ENGINEERING COLLEGE,PVT,VISAKHAPATNAM,VISAKHAPATNAM,COED,AU,MEC,149218.0,149218.0,149218.0,149218,149218.0,149218.0,149218.0,149218,149218.0,149218,149218.0,149218.0,149218.0,149218,149218.0,149218,999999.0,999999.0,43000
778,SGEC,SAI GANAPATHI ENGINEERING COLLEGE,PVT,VISAKHAPATNAM,VISAKHAPATNAM,COED,JNTUV,CSE,122958.0,122958.0,143566.0,143566,150241.0,150241.0,127964.0,127964,140993.0,141880,122958.0,122958.0,132623.0,136554,122958.0,147472,101042.0,101042.0,43000
779,SGEC,SAI GANAPATHI ENGINEERING COLLEGE,PVT,VISAKHAPATNAM,VISAKHAPATNAM,COED,JNTUV,ECE,102193.0,102193.0,121672.0,121672,117601.0,117601.0,129372.0,129372,102193.0,135693,102193.0,102193.0,146571.0,146571,142849.0,142849,999999.0,999999.0,43000
780,SGEC,SAI GANAPATHI ENGINEERING COLLEGE,PVT,VISAKHAPATNAM,VISAKHAPATNAM,COED,JNTUV,EEE,145099.0,145099.0,145099.0,145099,145099.0,145099.0,145099.0,145099,145099.0,145099,145099.0,145099.0,145099.0,145099,145099.0,145099,999999.0,999999.0,43000
781,SIMH,SIMHADRI EDNL SOC GRP OF INSTNS,PVT,VISAKHAPATNAM,SABBAVARAM,COED,JNTUV,CSE,111299.0,111299.0,111299.0,111299,119142.0,119142.0,111299.0,130293,150631.0,150631,111299.0,111299.0,134503.0,134503,111299.0,111299,999999.0,999999.0,43000
782,SRPV,SRINIVASARAO COLLEGE OF PHARMACY,PVT,VISAKHAPATNAM,VISAKHAPATNAM,COED,AU,PHM,151745.0,151745.0,151758.0,151758,151766.0,151766.0,151745.0,151745,151775.0,151775,151745.0,151745.0,151745.0,151745,151745.0,151745,999999.0,999999.0,38000
783,VIEW,VIGNANS INSTT OF ENGINEERING FOR WOMEN,PVT,VISAKHAPATNAM,VISAKHAPATNAM,GIRLS,JNTUV,CAI,52370.0,52370.0,151386.0,151386,52370.0,52370.0,76396.0,76396,70126.0,70126,999999.0,999999.0,52370.0,52370,69440.0,69440,52320.0,52320.0,45760
784,VIEW,VIGNANS INSTT OF ENGINEERING FOR WOMEN,PVT,VISAKHAPATNAM,VISAKHAPATNAM,GIRLS,JNTUV,CSC,50712.0,50712.0,150386.0,150386,50712.0,50712.0,73974.0,73974,84630.0,84630,999999.0,999999.0,50712.0,50712,86663.0,86663,74825.0,74825.0,45760
785,VIEW,VIGNANS INSTT OF ENGINEERING FOR WOMEN,PVT,VISAKHAPATNAM,VISAKHAPATNAM,GIRLS,JNTUV,CSD,32087.0,32087.0,139191.0,139191,40690.0,40690.0,64966.0,64966,77015.0,77015,999999.0,999999.0,40833.0,40833,59249.0,59249,48863.0,48863.0,45760
786,VIEW,VIGNANS INSTT OF ENGINEERING FOR WOMEN,PVT,VISAKHAPATNAM,VISAKHAPATNAM,GIRLS,JNTUV,CSE,26749.0,26749.0,92674.0,92674,140172.0,140172.0,45626.0,45626,46242.0,46242,51301.0,51301.0,30405.0,30405,107371.0,107371,37037.0,37037.0,45760
787,VIEW,VIGNANS INSTT OF ENGINEERING FOR WOMEN,PVT,VISAKHAPATNAM,VISAKHAPATNAM,GIRLS,JNTUV,CSM,25757.0,25757.0,126717.0,126717,32165.0,32165.0,65164.0,65164,66686.0,66686,34190.0,34190.0,52790.0,52790,58468.0,58468,48482.0,48482.0,45760
788,VIEW,VIGNANS INSTT OF ENGINEERING FOR WOMEN,PVT,VISAKHAPATNAM,VISAKHAPATNAM,GIRLS,JNTUV,ECE,60399.0,60399.0,144163.0,144163,136781.0,136781.0,74286.0,74286,88559.0,88559,999999.0,999999.0,62193.0,62193,87389.0,87389,96761.0,96761.0,45760
789,VIEW,VIGNANS INSTT OF ENGINEERING FOR WOMEN,PVT,VISAKHAPATNAM,VISAKHAPATNAM,GIRLS,JNTUV,EEE,120858.0,120858.0,120858.0,120858,120858.0,120858.0,137605.0,137605,120858.0,120858,120858.0,120858.0,120858.0,120858,120858.0,120858,144854.0,144854.0,45760
790,VIEW,VIGNANS INSTT OF ENGINEERING FOR WOMEN,PVT,VISAKHAPATNAM,VISAKHAPATNAM,GIRLS,JNTUV,INF,55784.0,55784.0,147953.0,147953,55784.0,55784.0,71591.0,71591,82150.0,82150,999999.0,999999.0,55784.0,55784,73075.0,73075,54808.0,54808.0,45760
791,VIEW,VIGNANS INSTT OF ENGINEERING FOR WOMEN,PVT,VISAKHAPATNAM,VISAKHAPATNAM,GIRLS,JNTUV,MEC,118989.0,118989.0,118989.0,118989,118989.0,118989.0,118989.0,118989,126875.0,126875,999999.0,999999.0,149699.0,149699,118989.0,118989,999999.0,999999.0,45760
792,VIPV,VIGNAN INST.OF PHARM.,PVT,VISAKHAPATNAM,VISAKHAPATNAM,COED,JNTUV,PHM,103881.0,103881.0,103881.0,103881,103881.0,103881.0,103881.0,103881,103881.0,103881,103881.0,103881.0,103881.0,103881,103881.0,103881,999999.0,999999.0,80000
793,VIVP,VIGNANS INSTITUTE OF INFORMATION TECHNOLOGY,PVT,VISAKHAPATNAM,VISAKHAPATNAM,COED,JNTUV,AID,16117.0,16117.0,101983.0,110482,122679.0,147433.0,35139.0,38578,35860.0,37494,76014.0,76014.0,22990.0,22990,54626.0,68180,25058.0,25003.0,57200
794,VIVP,VIGNANS INSTITUTE OF INFORMATION TECHNOLOGY,PVT,VISAKHAPATNAM,VISAKHAPATNAM,COED,JNTUV,CAI,15261.0,17056.0,96688.0,97575,146413.0,146413.0,29523.0,37789,34945.0,34945,129766.0,129766.0,21140.0,21970,54087.0,77092,21547.0,23552.0,57200
795,VIVP,VIGNANS INSTITUTE OF INFORMATION TECHNOLOGY,PVT,VISAKHAPATNAM,VISAKHAPATNAM,COED,JNTUV,CIV,131176.0,131176.0,135659.0,149181,131176.0,145350.0,131176.0,131176,141584.0,147438,131176.0,131176.0,131176.0,131176,131176.0,131291,999999.0,999999.0,57200
796,VIVP,VIGNANS INSTITUTE OF INFORMATION TECHNOLOGY,PVT,VISAKHAPATNAM,VISAKHAPATNAM,COED,JNTUV,CSC,18292.0,19249.0,106166.0,123225,139880.0,141644.0,33521.0,42780,55054.0,55054,119326.0,119326.0,25739.0,25739,67824.0,67824,25724.0,28767.0,57200
797,VIVP,VIGNANS INSTITUTE OF INFORMATION TECHNOLOGY,PVT,VISAKHAPATNAM,VISAKHAPATNAM,COED,JNTUV,CSD,10222.0,11921.0,81401.0,81401,118014.0,118014.0,27562.0,32914,26773.0,26773,10222.0,11921.0,18834.0,19099,48778.0,48778,20626.0,18230.0,57200
798,VIVP,VIGNANS INSTITUTE OF INFORMATION TECHNOLOGY,PVT,VISAKHAPATNAM,VISAKHAPATNAM,COED,JNTUV,CSE,10284.0,10284.0,57358.0,57358,95975.0,95975.0,19479.0,20070,16547.0,16547,33524.0,33524.0,12279.0,13096,37784.0,53317,15093.0,142091.0,57200
799,VIVP,VIGNANS INSTITUTE OF INFORMATION TECHNOLOGY,PVT,VISAKHAPATNAM,VISAKHAPATNAM,COED,JNTUV,ECE,37172.0,37172.0,110766.0,119977,139517.0,139517.0,37172.0,37172,43377.0,43377,37172.0,95586.0,37172.0,37172,76337.0,76337,56321.0,30959.0,57200
800,VIVP,VIGNANS INSTITUTE OF INFORMATION TECHNOLOGY,PVT,VISAKHAPATNAM,VISAKHAPATNAM,COED,JNTUV,ECM,29902.0,29902.0,132426.0,150413,139658.0,139658.0,51102.0,53556,57015.0,57015,29902.0,29902.0,37952.0,37952,121327.0,121327,35875.0,41190.0,57200
801,VIVP,VIGNANS INSTITUTE OF INFORMATION TECHNOLOGY,PVT,VISAKHAPATNAM,VISAKHAPATNAM,COED,JNTUV,EEE,46474.0,46474.0,147927.0,150179,147285.0,147285.0,65992.0,119328,97846.0,106958,117119.0,117119.0,56208.0,59739,143585.0,143585,81212.0,92565.0,57200
802,VIVP,VIGNANS INSTITUTE OF INFORMATION TECHNOLOGY,PVT,VISAKHAPATNAM,VISAKHAPATNAM,COED,JNTUV,INF,46503.0,46503.0,115842.0,128808,116295.0,130124.0,46503.0,46503,57059.0,63584,46503.0,46503.0,46503.0,48952,87343.0,115827,31815.0,33288.0,57200
803,VIVP,VIGNANS INSTITUTE OF INFORMATION TECHNOLOGY,PVT,VISAKHAPATNAM,VISAKHAPATNAM,COED,JNTUV,MEC,71293.0,99508.0,149524.0,149524,151320.0,151320.0,121546.0,121546,128409.0,141676,71293.0,99508.0,92461.0,145100,135751.0,135751,142474.0,148640.0,57200
804,VSPT,VISAKHA INST OF ENGG AND TECHNOLOGY,PVT,VISAKHAPATNAM,VISAKHAPATNAM,COED,JNTUV,AUT,102549.0,102549.0,102549.0,102549,102549.0,102549.0,102549.0,102549,102549.0,102549,102549.0,102549.0,102549.0,102549,102549.0,102549,999999.0,999999.0,43000
805,VSPT,VISAKHA INST OF ENGG AND TECHNOLOGY,PVT,VISAKHAPATNAM,VISAKHAPATNAM,COED,JNTUV,CIV,149106.0,149106.0,149106.0,149106,149106.0,149106.0,149106.0,149106,149106.0,149106,149106.0,149106.0,149106.0,149106,149106.0,149106,999999.0,999999.0,43000
806,VSPT,VISAKHA INST OF ENGG AND TECHNOLOGY,PVT,VISAKHAPATNAM,VISAKHAPATNAM,COED,JNTUV,CSC,71387.0,71387.0,144632.0,144632,129609.0,129609.0,144299.0,144299,130873.0,130873,71387.0,71387.0,144222.0,144222,71387.0,71387,143743.0,143743.0,43000
807,VSPT,VISAKHA INST OF ENGG AND TECHNOLOGY,PVT,VISAKHAPATNAM,VISAKHAPATNAM,COED,JNTUV,CSD,111273.0,111273.0,150341.0,150341,111273.0,111273.0,111273.0,138547,147308.0,147308,111273.0,111273.0,135434.0,144618,111273.0,111273,143832.0,143832.0,43000
808,VSPT,VISAKHA INST OF ENGG AND TECHNOLOGY,PVT,VISAKHAPATNAM,VISAKHAPATNAM,COED,JNTUV,CSE,146043.0,146043.0,146647.0,146647,146043.0,146526.0,149952.0,149952,150347.0,150347,146043.0,146043.0,146043.0,146936,146043.0,146043,145674.0,111302.0,43000
809,VSPT,VISAKHA INST OF ENGG AND TECHNOLOGY,PVT,VISAKHAPATNAM,VISAKHAPATNAM,COED,JNTUV,CSM,35294.0,35294.0,141209.0,141209,35294.0,35294.0,141446.0,141446,118921.0,118921,35294.0,35294.0,141935.0,141935,35294.0,143415,134675.0,134957.0,43000
810,VSPT,VISAKHA INST OF ENGG AND TECHNOLOGY,PVT,VISAKHAPATNAM,VISAKHAPATNAM,COED,JNTUV,ECE,126857.0,126857.0,126857.0,126857,126857.0,126857.0,133605.0,139250,147402.0,147402,126857.0,126857.0,150289.0,150289,126857.0,126857,144114.0,144114.0,43000
811,VSPT,VISAKHA INST OF ENGG AND TECHNOLOGY,PVT,VISAKHAPATNAM,VISAKHAPATNAM,COED,JNTUV,MEC,141354.0,141354.0,141354.0,141354,141354.0,141354.0,141354.0,141354,141354.0,141354,141354.0,141354.0,141354.0,141354,141354.0,141354,999999.0,999999.0,43000
812,WSTM,WELLFARE INST OF SCIENCE TECH AND MGMT,PVT,VISAKHAPATNAM,PINAGADI,COED,AU,CIV,149540.0,149540.0,149540.0,149540,149540.0,149540.0,149540.0,149540,149540.0,149540,149540.0,149540.0,149540.0,149540,149540.0,149540,999999.0,999999.0,43000
813,WSTM,WELLFARE INST OF SCIENCE TECH AND MGMT,PVT,VISAKHAPATNAM,PINAGADI,COED,AU,CSE,82218.0,82218.0,144076.0,144076,102155.0,108838.0,123074.0,123074,148657.0,148657,97307.0,97307.0,92744.0,97864,142997.0,142997,145774.0,135538.0,43000
814,WSTM,WELLFARE INST OF SCIENCE TECH AND MGMT,PVT,VISAKHAPATNAM,PINAGADI,COED,AU,ECE,83303.0,83303.0,150958.0,150958,83303.0,147322.0,132059.0,148565,125332.0,146374,127914.0,127914.0,113277.0,143631,83303.0,147803,124103.0,124103.0,43000
815,WSTM,WELLFARE INST OF SCIENCE TECH AND MGMT,PVT,VISAKHAPATNAM,PINAGADI,COED,AU,EEE,147587.0,147587.0,147587.0,147587,147587.0,147587.0,147587.0,147587,147587.0,147587,147587.0,147587.0,147587.0,147587,147587.0,147587,999999.0,999999.0,43000
816,WSTM,WELLFARE INST OF SCIENCE TECH AND MGMT,PVT,VISAKHAPATNAM,PINAGADI,COED,AU,MEC,148980.0,148980.0,148980.0,148980,148980.0,148980.0,148980.0,148980,148980.0,148980,148980.0,148980.0,148980.0,148980,148980.0,148980,999999.0,999999.0,43000
817,ARTB,AVANTHIS RESEARCH AND TECHNOLOGICAL ACADEMY,PVT,VIZIANAGARAM,BHOGAPURAM,COED,JNTUV,CSC,106359.0,106359.0,145439.0,146895,142507.0,142507.0,149870.0,149870,149147.0,149147,106359.0,106359.0,149219.0,149219,106359.0,106359,135859.0,135859.0,43230
818,ARTB,AVANTHIS RESEARCH AND TECHNOLOGICAL ACADEMY,PVT,VIZIANAGARAM,BHOGAPURAM,COED,JNTUV,CSE,81192.0,120991.0,128825.0,142237,151560.0,151560.0,104909.0,120991,136819.0,136819,81192.0,120991.0,87278.0,120991,145656.0,145656,71510.0,99073.0,43230
819,ARTB,AVANTHIS RESEARCH AND TECHNOLOGICAL ACADEMY,PVT,VIZIANAGARAM,BHOGAPURAM,COED,JNTUV,CSM,126221.0,126221.0,133387.0,145700,141426.0,141426.0,142812.0,144935,147797.0,147797,126221.0,126221.0,126970.0,136406,126221.0,132215,147939.0,147939.0,43230
820,ARTB,AVANTHIS RESEARCH AND TECHNOLOGICAL ACADEMY,PVT,VIZIANAGARAM,BHOGAPURAM,COED,JNTUV,ECE,133504.0,133504.0,133504.0,133504,133504.0,133504.0,148553.0,148553,150377.0,150377,133504.0,133504.0,144896.0,144896,137085.0,146145,121827.0,121827.0,43230
821,ARTB,AVANTHIS RESEARCH AND TECHNOLOGICAL ACADEMY,PVT,VIZIANAGARAM,BHOGAPURAM,COED,JNTUV,MEC,151745.0,151745.0,151745.0,151745,151766.0,151767.0,151745.0,151745,151775.0,151775,999999.0,999999.0,151745.0,151745,151745.0,151745,999999.0,999999.0,43230
822,ASTC,AVANTHIS ST THERESSA INSTITUTE OF ENGG AND TECHNOLOGY,PVT,VIZIANAGARAM,CHEEPURUPALLI,COED,JNTUK,CSE,87098.0,126849.0,133363.0,145781,126486.0,126849.0,140729.0,143346,131114.0,131114,87098.0,126849.0,123513.0,126849,150298.0,150298,144068.0,147902.0,45100
823,ASTC,AVANTHIS ST THERESSA INSTITUTE OF ENGG AND TECHNOLOGY,PVT,VIZIANAGARAM,CHEEPURUPALLI,COED,JNTUK,CSM,131294.0,131294.0,131294.0,131294,131294.0,131294.0,146180.0,146180,147237.0,147237,131294.0,131294.0,148310.0,148310,147296.0,147296,999999.0,999999.0,45100
824,ASTC,AVANTHIS ST THERESSA INSTITUTE OF ENGG AND TECHNOLOGY,PVT,VIZIANAGARAM,CHEEPURUPALLI,COED,JNTUK,ECE,130849.0,140377.0,146103.0,146103,130849.0,140377.0,130849.0,140377,130849.0,140377,130849.0,140377.0,150645.0,150645,130849.0,140377,999999.0,999999.0,45100
825,ASTC,AVANTHIS ST THERESSA INSTITUTE OF ENGG AND TECHNOLOGY,PVT,VIZIANAGARAM,CHEEPURUPALLI,COED,JNTUK,EEE,124998.0,124998.0,124998.0,124998,124998.0,124998.0,124998.0,124998,124998.0,124998,124998.0,124998.0,124998.0,124998,124998.0,124998,999999.0,999999.0,45100
826,ASTC,AVANTHIS ST THERESSA INSTITUTE OF ENGG AND TECHNOLOGY,PVT,VIZIANAGARAM,CHEEPURUPALLI,COED,JNTUK,MEC,105315.0,105315.0,136885.0,136885,105315.0,105315.0,105315.0,105315,105315.0,105315,105315.0,105315.0,105315.0,105315,105315.0,105315,999999.0,999999.0,45100
827,AVEV,AVANTHI INST. OF ENGINEERING AND TECHNOLOGY,PVT,VIZIANAGARAM,BHOGAPURAM,COED,JNTUV,CSD,107276.0,107276.0,107276.0,107276,107276.0,107276.0,148634.0,148634,126024.0,126024,107276.0,107276.0,107276.0,107276,112359.0,112359,98852.0,132556.0,45650
828,AVEV,AVANTHI INST. OF ENGINEERING AND TECHNOLOGY,PVT,VIZIANAGARAM,BHOGAPURAM,COED,JNTUV,CSE,68351.0,113557.0,147735.0,147793,68351.0,113557.0,87912.0,113557,93660.0,116709,68351.0,113557.0,68351.0,113557,149227.0,149227,83982.0,74917.0,45650
829,AVEV,AVANTHI INST. OF ENGINEERING AND TECHNOLOGY,PVT,VIZIANAGARAM,BHOGAPURAM,COED,JNTUV,CSM,95264.0,95264.0,149296.0,149296,136136.0,136136.0,125721.0,125721,113077.0,141174,95264.0,95264.0,95264.0,95264,118708.0,118708,143580.0,122202.0,45650
830,AVEV,AVANTHI INST. OF ENGINEERING AND TECHNOLOGY,PVT,VIZIANAGARAM,BHOGAPURAM,COED,JNTUV,ECE,110143.0,110143.0,151507.0,151507,139898.0,139898.0,120317.0,128625,113551.0,135893,110143.0,110143.0,110143.0,120712,110143.0,129755,147872.0,132757.0,45650
831,AVEV,AVANTHI INST. OF ENGINEERING AND TECHNOLOGY,PVT,VIZIANAGARAM,BHOGAPURAM,COED,JNTUV,EEE,117955.0,117955.0,148845.0,148845,117955.0,120062.0,131494.0,131494,147595.0,147595,117955.0,117955.0,126923.0,135809,148404.0,148404,999999.0,999999.0,45650
832,AVEV,AVANTHI INST. OF ENGINEERING AND TECHNOLOGY,PVT,VIZIANAGARAM,BHOGAPURAM,COED,JNTUV,MEC,132141.0,133491.0,142358.0,145510,143558.0,143558.0,148999.0,148999,143195.0,149766,132141.0,133491.0,148377.0,148377,134509.0,134509,999999.0,999999.0,45650
833,BIPB,BHASKARA INST. OF PHARMACY,PVT,VIZIANAGARAM,BOBBILI,COED,AU,PHM,151745.0,151745.0,151758.0,151758,151766.0,151766.0,151745.0,151745,151775.0,151775,151745.0,151745.0,151745.0,151745,151745.0,151745,999999.0,999999.0,38000
834,GGIB,GOKUL GROUP OF INSTITUTIONS,PVT,VIZIANAGARAM,BOBBILI,COED,JNTUV,CSE,150805.0,150805.0,150805.0,150805,150805.0,150805.0,150805.0,150805,150805.0,150805,150805.0,150805.0,150805.0,150805,150805.0,150805,999999.0,999999.0,43000
835,JNTV,JNTUK COLLEGE OF ENGINEERING VIZIANAGARAM,UNIV,VIZIANAGARAM,VIZIANAGARAM,COED,JNTUV,CIV,151745.0,151745.0,151745.0,151745,151745.0,151745.0,151745.0,151745,151745.0,151745,151745.0,151745.0,151745.0,151745,151745.0,151745,64785.0,81021.0,10000
836,JNTV,JNTUK COLLEGE OF ENGINEERING VIZIANAGARAM,UNIV,VIZIANAGARAM,VIZIANAGARAM,COED,JNTUV,CSE,10419.0,10419.0,18601.0,24537,17100.0,19997.0,11689.0,11689,10419.0,11948,10419.0,10419.0,10901.0,10901,32616.0,32616,13498.0,11668.0,10000
837,JNTV,JNTUK COLLEGE OF ENGINEERING VIZIANAGARAM,UNIV,VIZIANAGARAM,VIZIANAGARAM,COED,JNTUV,ECE,14699.0,14699.0,24283.0,36157,47297.0,47297.0,17623.0,18012,18912.0,18912,14699.0,14699.0,16648.0,16648,16587.0,112263,16541.0,15176.0,10000
838,JNTV,JNTUK COLLEGE OF ENGINEERING VIZIANAGARAM,UNIV,VIZIANAGARAM,VIZIANAGARAM,COED,JNTUV,EEE,24470.0,24470.0,90113.0,90113,47506.0,54311.0,36935.0,36935,47066.0,88238,24470.0,101691.0,38754.0,45348,117563.0,129952,39773.0,64186.0,10000
839,JNTV,JNTUK COLLEGE OF ENGINEERING VIZIANAGARAM,UNIV,VIZIANAGARAM,VIZIANAGARAM,COED,JNTUV,INF,16834.0,16834.0,52892.0,65043,71136.0,71136.0,23942.0,23942,23335.0,36838,29002.0,29002.0,23232.0,24908,26336.0,95615,23895.0,24053.0,10000
840,JNTV,JNTUK COLLEGE OF ENGINEERING VIZIANAGARAM,UNIV,VIZIANAGARAM,VIZIANAGARAM,COED,JNTUV,MEC,37691.0,37691.0,126721.0,137246,69324.0,77058.0,85283.0,85283,51719.0,91715,72381.0,72381.0,53138.0,56332,116634.0,116634,76853.0,89614.0,10000
841,JNTV,JNTUK COLLEGE OF ENGINEERING VIZIANAGARAM,UNIV,VIZIANAGARAM,VIZIANAGARAM,COED,JNTUV,MET,151745.0,151745.0,151745.0,151745,151745.0,151745.0,151745.0,151745,151745.0,151745,151745.0,151745.0,151745.0,151745,151745.0,151745,98861.0,98861.0,10000
842,LIET,LENDI INST OF ENGG AND TECHNOLOGY,PVT,VIZIANAGARAM,VIZIANAGARAM,COED,JNTUV,CIT,151745.0,151745.0,151745.0,151745,151745.0,151745.0,151745.0,151745,151745.0,151745,999999.0,999999.0,151745.0,151745,151745.0,151745,47485.0,44839.0,43000
843,LIET,LENDI INST OF ENGG AND TECHNOLOGY,PVT,VIZIANAGARAM,VIZIANAGARAM,COED,JNTUV,CSE,19510.0,19510.0,106721.0,106721,147603.0,147603.0,42230.0,42230,50840.0,50840,27376.0,27376.0,28437.0,29945,119944.0,121977,38948.0,40821.0,43000
844,LIET,LENDI INST OF ENGG AND TECHNOLOGY,PVT,VIZIANAGARAM,VIZIANAGARAM,COED,JNTUV,CSM,19110.0,21885.0,140224.0,140224,29397.0,66707.0,43664.0,59675,56152.0,56152,32844.0,32844.0,34123.0,34123,150559.0,150559,40093.0,43154.0,43000
845,LIET,LENDI INST OF ENGG AND TECHNOLOGY,PVT,VIZIANAGARAM,VIZIANAGARAM,COED,JNTUV,CSS,31075.0,31075.0,137469.0,137469,44044.0,44044.0,74771.0,74771,70647.0,71998,31075.0,31075.0,42888.0,42888,69005.0,69005,44546.0,51876.0,43000
846,LIET,LENDI INST OF ENGG AND TECHNOLOGY,PVT,VIZIANAGARAM,VIZIANAGARAM,COED,JNTUV,ECE,43953.0,46011.0,148851.0,148851,151191.0,151658.0,63005.0,69233,69839.0,73177,141425.0,141425.0,43953.0,46011,150725.0,150725,51833.0,51409.0,43000
847,LIET,LENDI INST OF ENGG AND TECHNOLOGY,PVT,VIZIANAGARAM,VIZIANAGARAM,COED,JNTUV,EEE,107271.0,107271.0,132943.0,132943,107271.0,107271.0,107271.0,107271,145698.0,145698,107271.0,107271.0,107271.0,107271,107271.0,149907,93040.0,94767.0,43000
848,LIET,LENDI INST OF ENGG AND TECHNOLOGY,PVT,VIZIANAGARAM,VIZIANAGARAM,COED,JNTUV,MEC,115082.0,115082.0,118857.0,122194,149460.0,149460.0,132207.0,132383,147032.0,147227,115082.0,115082.0,141036.0,141156,132147.0,132779,142872.0,144971.0,43000
849,MHRJ,MAHARAJAHS COLLEGE PHARMACY,PVT,VIZIANAGARAM,VIZIANAGARAM,COED,AU,PHM,127318.0,127318.0,127318.0,127318,127318.0,127318.0,127318.0,127318,127318.0,127318,127318.0,127318.0,127318.0,127318,127318.0,127318,999999.0,999999.0,63600
850,MRCL,MIRACLE EDNL SOC GROUP OF INSTNS,PVT,VIZIANAGARAM,BHOGAPURAM,COED,JNTUV,AID,93190.0,93190.0,151133.0,151133,124927.0,124927.0,136702.0,146735,123428.0,123428,143929.0,143929.0,130956.0,130956,125183.0,129719,146161.0,146829.0,43000
851,MRCL,MIRACLE EDNL SOC GROUP OF INSTNS,PVT,VIZIANAGARAM,BHOGAPURAM,COED,JNTUV,CSE,83597.0,83597.0,134875.0,134875,114820.0,137949.0,137610.0,137610,141470.0,141470,83597.0,83597.0,86939.0,100912,134422.0,143118,127363.0,116677.0,43000
852,MRCL,MIRACLE EDNL SOC GROUP OF INSTNS,PVT,VIZIANAGARAM,BHOGAPURAM,COED,JNTUV,ECE,147836.0,147836.0,147836.0,148803,147836.0,147836.0,147836.0,147836,147836.0,147836,147836.0,147836.0,147836.0,147836,147836.0,147836,143639.0,143639.0,43000
853,MRCL,MIRACLE EDNL SOC GROUP OF INSTNS,PVT,VIZIANAGARAM,BHOGAPURAM,COED,JNTUV,EEE,151745.0,151745.0,151758.0,151772,151766.0,151767.0,151745.0,151745,151775.0,151775,999999.0,999999.0,151745.0,151745,151745.0,151745,999999.0,999999.0,43000
854,MRCL,MIRACLE EDNL SOC GROUP OF INSTNS,PVT,VIZIANAGARAM,BHOGAPURAM,COED,JNTUV,MEC,151745.0,151745.0,151758.0,151772,151766.0,151767.0,151745.0,151745,151775.0,151775,999999.0,999999.0,151745.0,151745,151745.0,151745,999999.0,999999.0,43000
855,MVRG,M V G R COLLEGE OF ENGINEERNG,PVT,VIZIANAGARAM,VIZIANAGARAM,COED,JNTUV,CHE,76598.0,107387.0,94000.0,107387,86702.0,109392.0,112098.0,135024,145835.0,145835,76598.0,107387.0,92648.0,107387,149232.0,149232,149079.0,95701.0,74470
856,MVRG,M V G R COLLEGE OF ENGINEERNG,PVT,VIZIANAGARAM,VIZIANAGARAM,COED,JNTUV,CIC,26878.0,26878.0,123365.0,144257,140699.0,145334.0,40445.0,59945,40113.0,71501,26878.0,26878.0,29859.0,29859,27286.0,27286,37434.0,37248.0,74470
857,MVRG,M V G R COLLEGE OF ENGINEERNG,PVT,VIZIANAGARAM,VIZIANAGARAM,COED,JNTUV,CIT,23267.0,24003.0,132634.0,132634,121592.0,121592.0,41666.0,44731,44476.0,58922,23267.0,24003.0,28286.0,28286,73401.0,110191,38311.0,39433.0,74470
858,MVRG,M V G R COLLEGE OF ENGINEERNG,PVT,VIZIANAGARAM,VIZIANAGARAM,COED,JNTUV,CIV,117332.0,132501.0,139487.0,140027,117332.0,132501.0,117332.0,132501,130057.0,142702,117332.0,132501.0,117332.0,132501,117332.0,142216,135430.0,143518.0,74470
859,MVRG,M V G R COLLEGE OF ENGINEERNG,PVT,VIZIANAGARAM,VIZIANAGARAM,COED,JNTUV,CSD,9553.0,9553.0,101471.0,101471,91381.0,91381.0,31581.0,31581,27471.0,34814,93373.0,93373.0,22207.0,22207,45611.0,45611,28942.0,22267.0,74470
860,MVRG,M V G R COLLEGE OF ENGINEERNG,PVT,VIZIANAGARAM,VIZIANAGARAM,COED,JNTUV,CSE,10936.0,10936.0,57010.0,63483,78491.0,78491.0,22125.0,24873,21470.0,21470,38412.0,38412.0,13785.0,14726,36660.0,54415,19890.0,21374.0,74470
861,MVRG,M V G R COLLEGE OF ENGINEERNG,PVT,VIZIANAGARAM,VIZIANAGARAM,COED,JNTUV,CSM,12522.0,12522.0,72535.0,100474,127060.0,127060.0,28831.0,34610,23549.0,23549,16039.0,16039.0,16515.0,18756,12522.0,131278,21922.0,21591.0,74470
862,MVRG,M V G R COLLEGE OF ENGINEERNG,PVT,VIZIANAGARAM,VIZIANAGARAM,COED,JNTUV,ECE,17647.0,17647.0,102016.0,114001,139072.0,139072.0,33518.0,36714,41485.0,42291,103912.0,103912.0,26360.0,26360,93228.0,131330,34114.0,34685.0,74470
863,MVRG,M V G R COLLEGE OF ENGINEERNG,PVT,VIZIANAGARAM,VIZIANAGARAM,COED,JNTUV,EEE,36931.0,36931.0,145184.0,145184,126586.0,145980.0,42650.0,83698,77318.0,86050,36931.0,36931.0,45859.0,47669,62233.0,62233,71061.0,56789.0,74470
864,MVRG,M V G R COLLEGE OF ENGINEERNG,PVT,VIZIANAGARAM,VIZIANAGARAM,COED,JNTUV,INF,13861.0,17853.0,115745.0,132677,124711.0,124711.0,44562.0,44562,43757.0,52288,118811.0,118811.0,27029.0,27029,96057.0,105779,34024.0,34371.0,74470
865,MVRG,M V G R COLLEGE OF ENGINEERNG,PVT,VIZIANAGARAM,VIZIANAGARAM,COED,JNTUV,MEC,76602.0,84481.0,142625.0,142625,149181.0,149181.0,100167.0,140723,104959.0,136056,76602.0,84481.0,78535.0,99965,100334.0,103817,111985.0,131045.0,74470
866,SGVP,SATYA INST OF TECHNOLOGY AND MGMT,PVT,VIZIANAGARAM,VIZIANAGARAM,COED,JNTUV,AID,139969.0,139969.0,139969.0,139969,139969.0,139969.0,142895.0,142895,139969.0,139969,139969.0,139969.0,139969.0,139969,139969.0,139969,91968.0,92142.0,50160
867,SGVP,SATYA INST OF TECHNOLOGY AND MGMT,PVT,VIZIANAGARAM,VIZIANAGARAM,COED,JNTUV,CIV,149145.0,149145.0,149145.0,149145,149145.0,149145.0,149145.0,149145,149145.0,149145,149145.0,149145.0,149145.0,149145,149145.0,149145,133853.0,133853.0,50160
868,SGVP,SATYA INST OF TECHNOLOGY AND MGMT,PVT,VIZIANAGARAM,VIZIANAGARAM,COED,JNTUV,CSE,61117.0,61117.0,144605.0,144605,124198.0,131876.0,81330.0,108094,115823.0,132651,61117.0,61117.0,100965.0,100965,87535.0,87535,64761.0,63714.0,50160
869,SGVP,SATYA INST OF TECHNOLOGY AND MGMT,PVT,VIZIANAGARAM,VIZIANAGARAM,COED,JNTUV,ECE,151745.0,151745.0,151745.0,151745,151745.0,151745.0,151745.0,151745,151745.0,151745,151745.0,151745.0,151745.0,151745,151745.0,151745,103334.0,101127.0,50160
870,SGVP,SATYA INST OF TECHNOLOGY AND MGMT,PVT,VIZIANAGARAM,VIZIANAGARAM,COED,JNTUV,EEE,138155.0,138155.0,140891.0,140891,140914.0,140914.0,138155.0,138155,138397.0,148978,138155.0,138155.0,138155.0,144793,138155.0,138155,150130.0,150130.0,50160
871,SGVP,SATYA INST OF TECHNOLOGY AND MGMT,PVT,VIZIANAGARAM,VIZIANAGARAM,COED,JNTUV,MEC,132684.0,132684.0,132684.0,132684,132684.0,132684.0,144166.0,148136,142505.0,146570,132684.0,132684.0,132684.0,132684,145343.0,148009,999999.0,999999.0,50160
872,BVRM,BHIMAVARAM INST. OF ENGG. AND TECHNOLOGY,PVT,WEST GODAVARI,BHIMAVARAM,COED,JNTUK,CSE,127589.0,127589.0,149614.0,149614,151397.0,151397.0,149356.0,149356,144795.0,144795,127589.0,127589.0,138859.0,138859,150880.0,150880,119370.0,127200.0,43000
873,BVRM,BHIMAVARAM INST. OF ENGG. AND TECHNOLOGY,PVT,WEST GODAVARI,BHIMAVARAM,COED,JNTUK,CSM,106186.0,137035.0,151024.0,151024,106186.0,137035.0,106186.0,147905,146153.0,146153,106186.0,137035.0,143674.0,143674,145838.0,145838,120386.0,128367.0,43000
874,BVRM,BHIMAVARAM INST. OF ENGG. AND TECHNOLOGY,PVT,WEST GODAVARI,BHIMAVARAM,COED,JNTUK,ECE,151745.0,151745.0,151758.0,151758,151766.0,151766.0,151745.0,151745,151775.0,151775,151745.0,151745.0,151745.0,151745,151745.0,151745,134558.0,134558.0,43000
875,CRRE,SIR C R R COLLEGE OF ENGINEERING,PVT,WEST GODAVARI,ELURU,COED,JNTUK,CAD,44095.0,44095.0,119204.0,120090,126361.0,139061.0,82852.0,122069,95293.0,95293,44095.0,44095.0,52995.0,52995,149910.0,149910,59048.0,55442.0,56320
876,CRRE,SIR C R R COLLEGE OF ENGINEERING,PVT,WEST GODAVARI,ELURU,COED,JNTUK,CIV,110620.0,110620.0,110620.0,110620,110620.0,110620.0,110620.0,110620,140832.0,140832,110620.0,110620.0,125355.0,125355,110620.0,110620,137743.0,137743.0,56320
877,CRRE,SIR C R R COLLEGE OF ENGINEERING,PVT,WEST GODAVARI,ELURU,COED,JNTUK,CSC,51875.0,51875.0,139338.0,139338,140186.0,140186.0,110968.0,117311,80492.0,100918,51875.0,51875.0,59456.0,63207,51875.0,117313,61137.0,70713.0,56320
878,CRRE,SIR C R R COLLEGE OF ENGINEERING,PVT,WEST GODAVARI,ELURU,COED,JNTUK,CSE,30102.0,30102.0,99217.0,110534,129437.0,129437.0,59957.0,82359,58970.0,58970,30102.0,35596.0,45323.0,45323,96395.0,96395,40131.0,41080.0,56320
879,CRRE,SIR C R R COLLEGE OF ENGINEERING,PVT,WEST GODAVARI,ELURU,COED,JNTUK,CSM,40489.0,40489.0,134217.0,134217,139618.0,139937.0,86125.0,92508,77588.0,77588,40489.0,105372.0,44953.0,45674,69105.0,97456,50076.0,53145.0,56320
880,CRRE,SIR C R R COLLEGE OF ENGINEERING,PVT,WEST GODAVARI,ELURU,COED,JNTUK,ECE,49117.0,54740.0,127692.0,130301,132816.0,139750.0,118799.0,118799,106205.0,108633,123693.0,123693.0,67237.0,67237,114814.0,146960,115807.0,75852.0,56320
881,CRRE,SIR C R R COLLEGE OF ENGINEERING,PVT,WEST GODAVARI,ELURU,COED,JNTUK,EEE,84282.0,135827.0,151537.0,151537,124205.0,135827.0,140383.0,140383,136066.0,141368,84282.0,135827.0,143303.0,143303,132009.0,135827,117513.0,127436.0,56320
882,CRRE,SIR C R R COLLEGE OF ENGINEERING,PVT,WEST GODAVARI,ELURU,COED,JNTUK,INF,57525.0,57525.0,151216.0,151216,151157.0,151157.0,110750.0,110750,98601.0,100193,82060.0,82060.0,71204.0,71204,111839.0,117993,67903.0,65586.0,56320
883,CRRE,SIR C R R COLLEGE OF ENGINEERING,PVT,WEST GODAVARI,ELURU,COED,JNTUK,MEC,117584.0,117584.0,117584.0,117584,117584.0,117584.0,117584.0,117584,117584.0,117584,117584.0,117584.0,144557.0,144557,138445.0,138445,147826.0,147826.0,56320
884,CRRP,SIR C.R.REDDY COLLEGE OF PHARMACY,PVT,WEST GODAVARI,ELURU,COED,AU,PHD,89006.0,89006.0,89006.0,89006,89006.0,89006.0,89006.0,89006,89006.0,89006,89006.0,89006.0,89006.0,89006,89006.0,89006,999999.0,999999.0,42800
885,CRRP,SIR C.R.REDDY COLLEGE OF PHARMACY,PVT,WEST GODAVARI,ELURU,COED,AU,PHM,146843.0,146843.0,146843.0,146843,146843.0,146843.0,146843.0,146843,146843.0,146843,146843.0,146843.0,146843.0,146843,146843.0,146843,999999.0,999999.0,48300
886,DNRE,DNR COLLEGE OF ENGG AND TECH,PVT,WEST GODAVARI,BHIMAVARAM,COED,JNTUK,AID,141390.0,141390.0,151395.0,151395,141390.0,141390.0,149109.0,149109,147610.0,147610,141390.0,141390.0,141390.0,141390,141390.0,141390,116144.0,109524.0,43000
887,DNRE,DNR COLLEGE OF ENGG AND TECH,PVT,WEST GODAVARI,BHIMAVARAM,COED,JNTUK,CIV,134478.0,134478.0,148307.0,148307,134478.0,134478.0,134478.0,134478,134478.0,134478,134478.0,134478.0,142498.0,142498,134478.0,134478,138264.0,138264.0,43000
888,DNRE,DNR COLLEGE OF ENGG AND TECH,PVT,WEST GODAVARI,BHIMAVARAM,COED,JNTUK,CSE,145421.0,145421.0,145421.0,145421,145421.0,151190.0,145421.0,145421,145421.0,145421,145421.0,145421.0,145421.0,145421,145421.0,145421,86679.0,94608.0,43000
889,DNRE,DNR COLLEGE OF ENGG AND TECH,PVT,WEST GODAVARI,BHIMAVARAM,COED,JNTUK,CSM,102674.0,106504.0,151177.0,151177,144019.0,144019.0,147150.0,147150,147810.0,147810,102674.0,108940.0,148065.0,148065,136544.0,136544,117275.0,111766.0,43000
890,DNRE,DNR COLLEGE OF ENGG AND TECH,PVT,WEST GODAVARI,BHIMAVARAM,COED,JNTUK,ECE,105646.0,107219.0,137138.0,149299,144723.0,149842.0,150984.0,150984,135123.0,136239,105646.0,107219.0,137919.0,137919,145053.0,147122,128841.0,144024.0,43000
891,DNRE,DNR COLLEGE OF ENGG AND TECH,PVT,WEST GODAVARI,BHIMAVARAM,COED,JNTUK,EEE,116943.0,119191.0,116943.0,119191,116943.0,119191.0,134292.0,134292,116943.0,119191,149469.0,149469.0,116943.0,123000,116943.0,119191,999999.0,999999.0,43000
892,DNRE,DNR COLLEGE OF ENGG AND TECH,PVT,WEST GODAVARI,BHIMAVARAM,COED,JNTUK,MEC,148517.0,148517.0,148517.0,148517,148517.0,148517.0,148517.0,148517,148517.0,148517,148517.0,148517.0,148517.0,148517,148517.0,148517,999999.0,999999.0,43000
893,ELRU,ELURU COLLEGE OF ENGG AND TECHNOLOGY,PVT,WEST GODAVARI,ELURU,COED,JNTUK,AID,144245.0,144245.0,144245.0,145883,151506.0,151506.0,144245.0,144245,144245.0,144245,144245.0,144245.0,144245.0,144245,149615.0,149615,110421.0,113657.0,43000
894,ELRU,ELURU COLLEGE OF ENGG AND TECHNOLOGY,PVT,WEST GODAVARI,ELURU,COED,JNTUK,CSD,151745.0,151745.0,151745.0,151745,151745.0,151745.0,151745.0,151745,151745.0,151745,151745.0,151745.0,151745.0,151745,151745.0,151745,129924.0,120119.0,43000
895,ELRU,ELURU COLLEGE OF ENGG AND TECHNOLOGY,PVT,WEST GODAVARI,ELURU,COED,JNTUK,CSE,88994.0,88994.0,139000.0,150565,148869.0,151698.0,121286.0,141343,115284.0,149759,150281.0,150281.0,88994.0,89362,127365.0,135347,131814.0,95763.0,43000
896,ELRU,ELURU COLLEGE OF ENGG AND TECHNOLOGY,PVT,WEST GODAVARI,ELURU,COED,JNTUK,ECE,121527.0,121527.0,151243.0,151243,121527.0,121527.0,137797.0,137797,145230.0,145230,121527.0,121527.0,130945.0,145541,121527.0,121527,145287.0,148951.0,43000
897,ELRU,ELURU COLLEGE OF ENGG AND TECHNOLOGY,PVT,WEST GODAVARI,ELURU,COED,JNTUK,EEE,97175.0,97175.0,124002.0,139460,97175.0,97175.0,97175.0,97175,97175.0,97175,97175.0,97175.0,97175.0,97175,97175.0,97175,999999.0,999999.0,43000
898,HITE,HELAPURI INST OF TECH AND SCIENCE,PVT,WEST GODAVARI,ELURU,COED,JNTUK,CIV,144219.0,151361.0,144219.0,151361,144219.0,151361.0,144219.0,151361,144219.0,151361,144219.0,151361.0,144219.0,151361,144219.0,151361,999999.0,999999.0,43000
899,HITE,HELAPURI INST OF TECH AND SCIENCE,PVT,WEST GODAVARI,ELURU,COED,JNTUK,CSE,151744.0,151744.0,151744.0,151744,151744.0,151744.0,151744.0,151744,151744.0,151744,151744.0,151744.0,151744.0,151744,151744.0,151744,137764.0,137764.0,43000
900,HITE,HELAPURI INST OF TECH AND SCIENCE,PVT,WEST GODAVARI,ELURU,COED,JNTUK,CSM,110776.0,110776.0,110776.0,110776,110776.0,131129.0,110776.0,110776,110776.0,110776,110776.0,110776.0,110776.0,110776,110776.0,110776,999999.0,999999.0,43000
901,HITE,HELAPURI INST OF TECH AND SCIENCE,PVT,WEST GODAVARI,ELURU,COED,JNTUK,ECE,149837.0,149837.0,149837.0,149837,149837.0,149837.0,149837.0,149837,149837.0,149837,149837.0,149837.0,149837.0,149837,149837.0,149837,999999.0,999999.0,43000
902,HITE,HELAPURI INST OF TECH AND SCIENCE,PVT,WEST GODAVARI,ELURU,COED,JNTUK,EEE,138400.0,150276.0,138400.0,150276,138400.0,150276.0,138400.0,150276,138400.0,150276,138400.0,150276.0,138400.0,150276,138400.0,150276,999999.0,999999.0,43000
903,HITE,HELAPURI INST OF TECH AND SCIENCE,PVT,WEST GODAVARI,ELURU,COED,JNTUK,MEC,130176.0,130176.0,130176.0,130176,130176.0,130176.0,130176.0,130176,130176.0,130176,130176.0,130176.0,130176.0,130176,130176.0,130176,999999.0,999999.0,43000
904,NOVA,NOVA COLLEGE OF ENGG. AND TECHNOLOGY,PVT,WEST GODAVARI,"JANGAREDDYGU
DEM",COED,JNTUK,AI,131841.0,131841.0,131841.0,131841,131841.0,131841.0,131841.0,131841,131841.0,131841,131841.0,131841.0,131841.0,131841,131841.0,131841,999999.0,999999.0,43000
905,RCEE,RAMACHANDRA COLLEGE OF ENGINEERING,PVT,WEST GODAVARI,ELURU,COED,JNTUK,AID,45499.0,45499.0,103998.0,126267,125229.0,125229.0,120138.0,120138,63745.0,64294,45499.0,77538.0,56962.0,61351,108629.0,108629,82367.0,64939.0,50490
906,RCEE,RAMACHANDRA COLLEGE OF ENGINEERING,PVT,WEST GODAVARI,ELURU,COED,JNTUK,CIV,151745.0,151745.0,151745.0,151745,151745.0,151745.0,151745.0,151745,151745.0,151745,999999.0,999999.0,151745.0,151745,151745.0,151745,106441.0,108432.0,50490
907,RCEE,RAMACHANDRA COLLEGE OF ENGINEERING,PVT,WEST GODAVARI,ELURU,COED,JNTUK,CSC,49383.0,49383.0,121132.0,126569,121814.0,128791.0,135602.0,135602,81162.0,81162,49383.0,49383.0,69015.0,69015,65330.0,79129,61609.0,90952.0,50490
908,RCEE,RAMACHANDRA COLLEGE OF ENGINEERING,PVT,WEST GODAVARI,ELURU,COED,JNTUK,CSE,33910.0,34632.0,88544.0,88544,94924.0,94924.0,78579.0,122595,49574.0,50618,74424.0,74424.0,89677.0,89677,73586.0,73586,61631.0,64571.0,50490
909,RCEE,RAMACHANDRA COLLEGE OF ENGINEERING,PVT,WEST GODAVARI,ELURU,COED,JNTUK,CSM,47471.0,47471.0,118317.0,119997,120775.0,121153.0,111956.0,124853,76530.0,80209,47471.0,63181.0,66147.0,66147,99626.0,99626,58276.0,68918.0,50490
910,RCEE,RAMACHANDRA COLLEGE OF ENGINEERING,PVT,WEST GODAVARI,ELURU,COED,JNTUK,CSO,60986.0,83138.0,129020.0,130167,133179.0,133179.0,96990.0,96990,89005.0,89005,60986.0,134927.0,73616.0,83138,148576.0,148576,65985.0,69148.0,50490
911,RCEE,RAMACHANDRA COLLEGE OF ENGINEERING,PVT,WEST GODAVARI,ELURU,COED,JNTUK,ECE,80312.0,80312.0,135047.0,138146,137947.0,138990.0,115795.0,125798,119579.0,119579,80312.0,80312.0,80312.0,80312,101225.0,118675,76842.0,77850.0,50490
912,RCEE,RAMACHANDRA COLLEGE OF ENGINEERING,PVT,WEST GODAVARI,ELURU,COED,JNTUK,EEE,137405.0,137405.0,146497.0,151396,148718.0,151508.0,137405.0,137405,137405.0,137405,137405.0,137405.0,137405.0,137405,137405.0,137405,88358.0,89844.0,50490
913,RCEE,RAMACHANDRA COLLEGE OF ENGINEERING,PVT,WEST GODAVARI,ELURU,COED,JNTUK,MEC,123036.0,123036.0,148439.0,151008,123036.0,123036.0,123780.0,132149,142735.0,142735,123036.0,123036.0,123036.0,123036,136857.0,136857,130160.0,128716.0,50490
914,SASI,SASI INSTITUTE OF TECHNOLOGY AND ENGINEERING,PVT,WEST GODAVARI,"TADEPALLIGUDE
M",COED,JNTUK,AIM,40142.0,40142.0,132047.0,133471,136979.0,136979.0,84535.0,84535,71684.0,71684,85076.0,85076.0,45161.0,51305,81955.0,122256,43662.0,44005.0,50270
915,SASI,SASI INSTITUTE OF TECHNOLOGY AND ENGINEERING,PVT,WEST GODAVARI,"TADEPALLIGUDE
M",COED,JNTUK,CIC,58746.0,58746.0,63947.0,63947,65889.0,65889.0,104824.0,114546,82241.0,99371,58746.0,58746.0,68915.0,69605,113719.0,113719,61699.0,62465.0,50270
916,SASI,SASI INSTITUTE OF TECHNOLOGY AND ENGINEERING,PVT,WEST GODAVARI,"TADEPALLIGUDE
M",COED,JNTUK,CIV,88710.0,105332.0,125149.0,125149,88710.0,115666.0,88710.0,105332,137575.0,137575,88710.0,105332.0,116318.0,116318,88710.0,125035,121590.0,108958.0,50270
917,SASI,SASI INSTITUTE OF TECHNOLOGY AND ENGINEERING,PVT,WEST GODAVARI,"TADEPALLIGUDE
M",COED,JNTUK,CSD,42187.0,42187.0,146373.0,146373,129814.0,129814.0,76767.0,111466,114138.0,114138,42187.0,42187.0,76966.0,76966,107007.0,147382,51748.0,48413.0,50270
918,SASI,SASI INSTITUTE OF TECHNOLOGY AND ENGINEERING,PVT,WEST GODAVARI,"TADEPALLIGUDE
M",COED,JNTUK,CSE,26643.0,26643.0,90708.0,97450,118682.0,118682.0,68214.0,68214,45904.0,45904,26643.0,119562.0,45363.0,45363,77981.0,77981,30015.0,30027.0,50270
919,SASI,SASI INSTITUTE OF TECHNOLOGY AND ENGINEERING,PVT,WEST GODAVARI,"TADEPALLIGUDE
M",COED,JNTUK,CSM,98251.0,98251.0,150244.0,150244,98251.0,98251.0,106226.0,128354,98251.0,98251,98251.0,98251.0,98251.0,98251,134069.0,134847,47111.0,48399.0,50270
920,SASI,SASI INSTITUTE OF TECHNOLOGY AND ENGINEERING,PVT,WEST GODAVARI,"TADEPALLIGUDE
M",COED,JNTUK,CST,43601.0,43601.0,140038.0,140038,50607.0,50607.0,87249.0,88836,69336.0,69336,43601.0,43601.0,52545.0,52545,123097.0,123097,46953.0,48018.0,50270
921,SASI,SASI INSTITUTE OF TECHNOLOGY AND ENGINEERING,PVT,WEST GODAVARI,"TADEPALLIGUDE
M",COED,JNTUK,ECE,49040.0,60069.0,128318.0,139758,135648.0,145259.0,109271.0,109271,81429.0,89917,50177.0,60069.0,69347.0,69347,82541.0,113269,58157.0,55481.0,50270
922,SASI,SASI INSTITUTE OF TECHNOLOGY AND ENGINEERING,PVT,WEST GODAVARI,"TADEPALLIGUDE
M",COED,JNTUK,ECT,66508.0,66508.0,140297.0,140297,70963.0,70963.0,115463.0,115463,91363.0,95465,66508.0,66508.0,73076.0,73076,105352.0,105352,68549.0,67624.0,50270
923,SASI,SASI INSTITUTE OF TECHNOLOGY AND ENGINEERING,PVT,WEST GODAVARI,"TADEPALLIGUDE
M",COED,JNTUK,EEE,97116.0,97116.0,123259.0,123259,97116.0,97116.0,127306.0,145950,115228.0,115570,97116.0,97116.0,146205.0,146205,128744.0,135235,81529.0,76410.0,50270
924,SASI,SASI INSTITUTE OF TECHNOLOGY AND ENGINEERING,PVT,WEST GODAVARI,"TADEPALLIGUDE
M",COED,JNTUK,INF,53036.0,53036.0,149357.0,151645,53036.0,124936.0,79137.0,92066,76834.0,80396,53036.0,53036.0,54916.0,56468,93759.0,93759,50342.0,50663.0,50270
925,SASI,SASI INSTITUTE OF TECHNOLOGY AND ENGINEERING,PVT,WEST GODAVARI,"TADEPALLIGUDE
M",COED,JNTUK,MEC,148383.0,148383.0,148383.0,148383,148383.0,148383.0,148383.0,148383,148383.0,148383,148383.0,148383.0,148383.0,148383,148383.0,148383,125436.0,126247.0,50270
926,SCPB,SRI VISHNU COLLEGE OF PHARMACY,PVT,WEST GODAVARI,BHIMAVARAM,COED,AU,PHM,144453.0,144453.0,144453.0,144453,144453.0,144453.0,144453.0,144453,144453.0,144453,144453.0,144453.0,144453.0,144453,144453.0,144453,999999.0,999999.0,80000
927,SRKR,S R K R ENGINEERING COLLEGE,PVT,WEST GODAVARI,BHIMAVARAM,COED,JNTUK,AID,11227.0,11384.0,68922.0,68922,140264.0,140264.0,20061.0,20167,19473.0,21103,21525.0,21525.0,16974.0,18165,35886.0,35886,13158.0,12927.0,77000
928,SRKR,S R K R ENGINEERING COLLEGE,PVT,WEST GODAVARI,BHIMAVARAM,COED,JNTUK,AIM,21051.0,21051.0,72505.0,72505,110378.0,110378.0,21051.0,98253,21051.0,21051,21051.0,43450.0,21051.0,21051,33426.0,44735,13284.0,13122.0,77000
929,SRKR,S R K R ENGINEERING COLLEGE,PVT,WEST GODAVARI,BHIMAVARAM,COED,JNTUK,CIC,16825.0,18144.0,102286.0,102522,139612.0,139612.0,40673.0,40673,31471.0,31471,16825.0,18144.0,23768.0,23768,64075.0,116360,35767.0,19945.0,77000
930,SRKR,S R K R ENGINEERING COLLEGE,PVT,WEST GODAVARI,BHIMAVARAM,COED,JNTUK,CIT,16186.0,16186.0,95310.0,95310,105996.0,105996.0,31764.0,37968,31897.0,124789,53865.0,53865.0,21289.0,25930,40252.0,68074,18264.0,18680.0,77000
931,SRKR,S R K R ENGINEERING COLLEGE,PVT,WEST GODAVARI,BHIMAVARAM,COED,JNTUK,CIV,80138.0,80138.0,139928.0,151105,148440.0,148875.0,114331.0,114331,121654.0,121654,87738.0,145554.0,95398.0,97789,145483.0,145483,104345.0,97669.0,77000
932,SRKR,S R K R ENGINEERING COLLEGE,PVT,WEST GODAVARI,BHIMAVARAM,COED,JNTUK,CSB,19557.0,19557.0,83211.0,97096,79739.0,87367.0,21706.0,21706,32175.0,33119,35648.0,35648.0,24656.0,28459,39833.0,111195,19641.0,20466.0,77000
933,SRKR,S R K R ENGINEERING COLLEGE,PVT,WEST GODAVARI,BHIMAVARAM,COED,JNTUK,CSE,11285.0,11285.0,28924.0,31124,77219.0,77219.0,13983.0,13983,11285.0,84007,11586.0,11586.0,11285.0,12958,19599.0,19599,8268.0,8401.0,77000
934,SRKR,S R K R ENGINEERING COLLEGE,PVT,WEST GODAVARI,BHIMAVARAM,COED,JNTUK,CSG,17769.0,17769.0,97072.0,97072,82832.0,88694.0,41873.0,48024,31758.0,32731,17769.0,17769.0,26620.0,29156,42322.0,42322,19575.0,20601.0,77000
935,SRKR,S R K R ENGINEERING COLLEGE,PVT,WEST GODAVARI,BHIMAVARAM,COED,JNTUK,ECE,31310.0,37044.0,72804.0,72804,113802.0,140218.0,32626.0,38952,31310.0,37044,31310.0,59271.0,31310.0,37044,68579.0,88680,18610.0,19290.0,77000
936,SRKR,S R K R ENGINEERING COLLEGE,PVT,WEST GODAVARI,BHIMAVARAM,COED,JNTUK,EEE,54134.0,54134.0,116052.0,122427,120139.0,127027.0,67357.0,67357,121937.0,121937,60273.0,60273.0,106416.0,106416,135001.0,135001,44753.0,44202.0,77000
937,SRKR,S R K R ENGINEERING COLLEGE,PVT,WEST GODAVARI,BHIMAVARAM,COED,JNTUK,INF,13860.0,32942.0,74409.0,74409,138359.0,138359.0,21713.0,32942,21943.0,32942,29098.0,32942.0,19721.0,32942,67086.0,67086,14780.0,15860.0,77000
938,SRKR,S R K R ENGINEERING COLLEGE,PVT,WEST GODAVARI,BHIMAVARAM,COED,JNTUK,MEC,85284.0,130812.0,147253.0,147253,138903.0,148728.0,117553.0,138549,110842.0,133196,85284.0,130812.0,102716.0,130812,124795.0,130812,95674.0,125543.0,77000
939,SWRN,SWARNANDHRA COLL. OF ENGG AND TECHNOLOGY,PVT,WEST GODAVARI,NARSAPURAM,COED,JNTUK,AID,74549.0,74549.0,140251.0,140251,74549.0,75066.0,147506.0,147506,96695.0,97330,74549.0,123515.0,88678.0,88678,123613.0,123613,75726.0,79291.0,43000
940,SWRN,SWARNANDHRA COLL. OF ENGG AND TECHNOLOGY,PVT,WEST GODAVARI,NARSAPURAM,COED,JNTUK,AIM,68587.0,103099.0,139915.0,142920,72455.0,103099.0,137706.0,137706,95916.0,103099,68587.0,105392.0,100835.0,104844,146007.0,146007,73735.0,73270.0,43000
941,SWRN,SWARNANDHRA COLL. OF ENGG AND TECHNOLOGY,PVT,WEST GODAVARI,NARSAPURAM,COED,JNTUK,CIV,136543.0,136561.0,137778.0,140404,136543.0,136561.0,145383.0,145502,148619.0,148619,136543.0,136561.0,149602.0,149602,138822.0,138822,135041.0,132219.0,43000
942,SWRN,SWARNANDHRA COLL. OF ENGG AND TECHNOLOGY,PVT,WEST GODAVARI,NARSAPURAM,COED,JNTUK,CSC,77338.0,77338.0,151605.0,151605,83035.0,83035.0,80489.0,138179,103995.0,116577,131299.0,131299.0,104484.0,119091,150922.0,150922,82719.0,81510.0,43000
943,SWRN,SWARNANDHRA COLL. OF ENGG AND TECHNOLOGY,PVT,WEST GODAVARI,NARSAPURAM,COED,JNTUK,CSD,78955.0,78955.0,140133.0,143775,84783.0,86484.0,147987.0,147987,111117.0,111117,80842.0,80842.0,106839.0,124900,98421.0,98421,141496.0,84712.0,43000
944,SWRN,SWARNANDHRA COLL. OF ENGG AND TECHNOLOGY,PVT,WEST GODAVARI,NARSAPURAM,COED,JNTUK,CSE,54489.0,54489.0,128780.0,128780,131175.0,132258.0,90865.0,118030,67840.0,67840,108955.0,108955.0,73756.0,75535,96343.0,127098,53911.0,52914.0,43000
945,SWRN,SWARNANDHRA COLL. OF ENGG AND TECHNOLOGY,PVT,WEST GODAVARI,NARSAPURAM,COED,JNTUK,CSEB,95830.0,99314.0,98956.0,139570,138036.0,138036.0,146689.0,146689,133677.0,145992,95830.0,99314.0,118820.0,118820,95830.0,124304,88020.0,90543.0,43000
946,SWRN,SWARNANDHRA COLL. OF ENGG AND TECHNOLOGY,PVT,WEST GODAVARI,NARSAPURAM,COED,JNTUK,ECE,92415.0,92415.0,147149.0,149104,96025.0,96602.0,147639.0,147639,105635.0,105635,92415.0,150217.0,148939.0,148939,138239.0,138239,88805.0,89360.0,43000
947,SWRN,SWARNANDHRA COLL. OF ENGG AND TECHNOLOGY,PVT,WEST GODAVARI,NARSAPURAM,COED,JNTUK,EEE,111097.0,111097.0,122650.0,131517,117841.0,117841.0,143426.0,143426,141889.0,141889,111097.0,111097.0,119589.0,121790,111097.0,111097,107443.0,102112.0,43000
948,SWRN,SWARNANDHRA COLL. OF ENGG AND TECHNOLOGY,PVT,WEST GODAVARI,NARSAPURAM,COED,JNTUK,INF,58704.0,114766.0,132327.0,132327,138053.0,139145.0,148648.0,148648,81267.0,114766,58704.0,114766.0,93780.0,114766,137299.0,145929,126961.0,63454.0,43000
949,SWRN,SWARNANDHRA COLL. OF ENGG AND TECHNOLOGY,PVT,WEST GODAVARI,NARSAPURAM,COED,JNTUK,MEC,120958.0,144779.0,151412.0,151412,128935.0,144779.0,131564.0,144779,131999.0,149804,120958.0,144779.0,137080.0,144779,136067.0,144779,121406.0,145540.0,43000
950,SWRN,SWARNANDHRA COLL. OF ENGG AND TECHNOLOGY,PVT,WEST GODAVARI,NARSAPURAM,COED,JNTUK,RBT,105295.0,127300.0,116861.0,144946,125524.0,127300.0,139403.0,139403,146496.0,146496,105295.0,127300.0,119464.0,138778,105295.0,131417,124619.0,100609.0,43000
951,VISW,SHRI VISHNU ENGG. COLLEGE FOR WOMEN,PVT,WEST GODAVARI,BHIMAVARAM,GIRLS,JNTUK,CAD,9429.0,9429.0,55173.0,55173,68178.0,68178.0,19681.0,19681,14278.0,14278,26095.0,26095.0,12596.0,12596,41604.0,41604,9734.0,9734.0,77000
952,VISW,SHRI VISHNU ENGG. COLLEGE FOR WOMEN,PVT,WEST GODAVARI,BHIMAVARAM,GIRLS,JNTUK,CIV,67697.0,67697.0,139486.0,139486,101351.0,101351.0,88761.0,88761,117190.0,117190,999999.0,999999.0,103938.0,103938,67697.0,67697,86867.0,86867.0,77000
953,VISW,SHRI VISHNU ENGG. COLLEGE FOR WOMEN,PVT,WEST GODAVARI,BHIMAVARAM,GIRLS,JNTUK,CSC,13646.0,13646.0,70122.0,70122,136271.0,136271.0,19826.0,19826,18285.0,18285,30219.0,30219.0,16833.0,16833,77270.0,77270,12047.0,12047.0,77000
954,VISW,SHRI VISHNU ENGG. COLLEGE FOR WOMEN,PVT,WEST GODAVARI,BHIMAVARAM,GIRLS,JNTUK,CSE,5956.0,5956.0,28284.0,28284,86450.0,86450.0,11683.0,11683,8603.0,8603,17229.0,17229.0,6830.0,6830,21526.0,21526,6614.0,6614.0,77000
955,VISW,SHRI VISHNU ENGG. COLLEGE FOR WOMEN,PVT,WEST GODAVARI,BHIMAVARAM,GIRLS,JNTUK,CSM,9737.0,9737.0,44216.0,44216,98768.0,98768.0,19308.0,19308,13370.0,13370,999999.0,999999.0,12305.0,12305,18864.0,18864,8589.0,8589.0,77000
956,VISW,SHRI VISHNU ENGG. COLLEGE FOR WOMEN,PVT,WEST GODAVARI,BHIMAVARAM,GIRLS,JNTUK,ECE,13208.0,13208.0,71785.0,71785,139529.0,139529.0,24143.0,24143,23994.0,23994,32764.0,32764.0,18077.0,18077,62829.0,62829,15134.0,15134.0,77000
957,VISW,SHRI VISHNU ENGG. COLLEGE FOR WOMEN,PVT,WEST GODAVARI,BHIMAVARAM,GIRLS,JNTUK,EEE,31760.0,31760.0,119001.0,119001,125234.0,125234.0,60859.0,60859,55799.0,55799,999999.0,999999.0,45623.0,45623,90212.0,90212,26827.0,26827.0,77000
958,VISW,SHRI VISHNU ENGG. COLLEGE FOR WOMEN,PVT,WEST GODAVARI,BHIMAVARAM,GIRLS,JNTUK,INF,12135.0,12135.0,85537.0,85537,99967.0,99967.0,24818.0,24818,21830.0,21830,29615.0,29615.0,16221.0,16221,41252.0,41252,12960.0,12960.0,77000
959,VISW,SHRI VISHNU ENGG. COLLEGE FOR WOMEN,PVT,WEST GODAVARI,BHIMAVARAM,GIRLS,JNTUK,MEC,49736.0,49736.0,61944.0,61944,64965.0,64965.0,83460.0,83460,83229.0,83229,65038.0,65038.0,120760.0,120760,54061.0,54061,63750.0,63750.0,77000
960,VITB,VISHNU GRP OF INSTNS - VISHNU INST OF TECHNOLOGY,PVT,WEST GODAVARI,BHIMAVARAM,COED,JNTUK,CAD,10031.0,13317.0,54665.0,64675,65272.0,65272.0,17832.0,25142,17219.0,17526,12518.0,13317.0,14217.0,14217,24827.0,46978,11657.0,11355.0,66000
961,VITB,VISHNU GRP OF INSTNS - VISHNU INST OF TECHNOLOGY,PVT,WEST GODAVARI,BHIMAVARAM,COED,JNTUK,CIV,92012.0,92012.0,127622.0,127622,112334.0,149684.0,100620.0,108066,113788.0,113788,92012.0,92012.0,105910.0,114872,109170.0,112419,84057.0,86109.0,66000
962,VITB,VISHNU GRP OF INSTNS - VISHNU INST OF TECHNOLOGY,PVT,WEST GODAVARI,BHIMAVARAM,COED,JNTUK,CSB,14189.0,18191.0,84368.0,97198,115742.0,115742.0,26236.0,29526,26311.0,26311,83373.0,83373.0,23009.0,23326,56497.0,108006,18043.0,16923.0,66000
963,VITB,VISHNU GRP OF INSTNS - VISHNU INST OF TECHNOLOGY,PVT,WEST GODAVARI,BHIMAVARAM,COED,JNTUK,CSE,8131.0,8265.0,32663.0,36036,81452.0,81452.0,11765.0,21294,10446.0,11423,11301.0,11301.0,9849.0,10723,16432.0,25100,8631.0,8977.0,66000
964,VITB,VISHNU GRP OF INSTNS - VISHNU INST OF TECHNOLOGY,PVT,WEST GODAVARI,BHIMAVARAM,COED,JNTUK,CSM,9850.0,10877.0,43514.0,53510,97551.0,137740.0,14340.0,21607,13642.0,18399,9850.0,22886.0,12567.0,13726,25516.0,25516,10994.0,11645.0,66000
965,VITB,VISHNU GRP OF INSTNS - VISHNU INST OF TECHNOLOGY,PVT,WEST GODAVARI,BHIMAVARAM,COED,JNTUK,ECE,17563.0,17563.0,73532.0,82608,144863.0,144863.0,32823.0,36536,27450.0,30838,54769.0,54769.0,24871.0,29559,44236.0,46370,18829.0,18934.0,66000
966,VITB,VISHNU GRP OF INSTNS - VISHNU INST OF TECHNOLOGY,PVT,WEST GODAVARI,BHIMAVARAM,COED,JNTUK,EEE,32979.0,32979.0,117231.0,129149,96629.0,96629.0,70602.0,70602,56847.0,56847,32979.0,32979.0,42763.0,42763,32979.0,91753,36348.0,33343.0,66000
967,VITB,VISHNU GRP OF INSTNS - VISHNU INST OF TECHNOLOGY,PVT,WEST GODAVARI,BHIMAVARAM,COED,JNTUK,INF,15122.0,15122.0,89366.0,89607,137544.0,137544.0,34287.0,34287,25019.0,25763,43728.0,50808.0,21824.0,22802,59233.0,59233,16906.0,17081.0,66000
968,VITB,VISHNU GRP OF INSTNS - VISHNU INST OF TECHNOLOGY,PVT,WEST GODAVARI,BHIMAVARAM,COED,JNTUK,MEC,66153.0,72516.0,119401.0,136888,127690.0,128066.0,69040.0,107240,101024.0,101024,66153.0,72516.0,71194.0,121614,134229.0,134229,77893.0,79481.0,66000
969,VSVP,SRI VASAVI INST. OF PHARM. SCI.,PVT,WEST GODAVARI,"TADEPALLIGUDE
M",COED,AU,PHM,141815.0,141815.0,141815.0,141815,141815.0,141815.0,141815.0,141815,141815.0,141815,141815.0,141815.0,141815.0,141815,141815.0,141815,999999.0,999999.0,52100
970,VSVT,SRI VASAVI ENGINEERING COLLEGE,PVT,WEST GODAVARI,"TADEPALLIGUDE
M",COED,JNTUK,AIM,24877.0,24877.0,108117.0,108117,139274.0,139274.0,55271.0,55271,40091.0,40091,54561.0,54561.0,34352.0,34352,91952.0,108441,28306.0,29747.0,69300
971,VSVT,SRI VASAVI ENGINEERING COLLEGE,PVT,WEST GODAVARI,"TADEPALLIGUDE
M",COED,JNTUK,CAI,29754.0,29754.0,119931.0,124185,121537.0,125414.0,56675.0,58394,44420.0,44420,95563.0,134401.0,46082.0,46082,92592.0,120956,31582.0,31495.0,69300
972,VSVT,SRI VASAVI ENGINEERING COLLEGE,PVT,WEST GODAVARI,"TADEPALLIGUDE
M",COED,JNTUK,CIV,89635.0,134403.0,151197.0,151197,89635.0,134403.0,149426.0,149426,131986.0,134403,89635.0,134403.0,134463.0,134463,149735.0,149735,101138.0,100686.0,69300
973,VSVT,SRI VASAVI ENGINEERING COLLEGE,PVT,WEST GODAVARI,"TADEPALLIGUDE
M",COED,JNTUK,CSE,19644.0,22127.0,60529.0,60529,140328.0,140328.0,42680.0,42680,31649.0,31649,64514.0,69183.0,25078.0,27671,68040.0,74767,19067.0,23509.0,69300
974,VSVT,SRI VASAVI ENGINEERING COLLEGE,PVT,WEST GODAVARI,"TADEPALLIGUDE
M",COED,JNTUK,CST,22788.0,22788.0,105579.0,105579,112769.0,112769.0,44165.0,44165,36890.0,36890,22788.0,22788.0,28328.0,28493,97098.0,97098,24658.0,22825.0,69300
975,VSVT,SRI VASAVI ENGINEERING COLLEGE,PVT,WEST GODAVARI,"TADEPALLIGUDE
M",COED,JNTUK,ECE,31502.0,31502.0,98867.0,105163,133610.0,133610.0,62402.0,66162,50064.0,50064,110642.0,110642.0,42704.0,42704,128214.0,128214,34377.0,33706.0,69300
976,VSVT,SRI VASAVI ENGINEERING COLLEGE,PVT,WEST GODAVARI,"TADEPALLIGUDE
M",COED,JNTUK,ECT,38157.0,38157.0,128260.0,139150,90883.0,139549.0,79672.0,99608,61746.0,61746,38157.0,38157.0,52136.0,52136,149514.0,149514,42405.0,41006.0,69300
977,VSVT,SRI VASAVI ENGINEERING COLLEGE,PVT,WEST GODAVARI,"TADEPALLIGUDE
M",COED,JNTUK,EEE,59950.0,59950.0,138483.0,149470,62280.0,69811.0,128728.0,132586,92375.0,117026,61195.0,61195.0,78217.0,96626,130951.0,130951,68300.0,67032.0,69300
978,VSVT,SRI VASAVI ENGINEERING COLLEGE,PVT,WEST GODAVARI,"TADEPALLIGUDE
M",COED,JNTUK,MEC,131416.0,131416.0,136581.0,136581,138859.0,138859.0,142857.0,142857,131416.0,148409,131416.0,131416.0,137638.0,137638,131416.0,143416,115800.0,135764.0,69300
979,WISE,WEST GODAVARI INSTT OF SCIENCE AND ENGINEERING,PVT,WEST GODAVARI,NALLAJERLA,COED,JNTUK,AID,128813.0,128813.0,141652.0,141652,128813.0,128813.0,149883.0,149883,131939.0,131939,128813.0,128813.0,150420.0,150420,128813.0,128813,143739.0,148394.0,43000
980,WISE,WEST GODAVARI INSTT OF SCIENCE AND ENGINEERING,PVT,WEST GODAVARI,NALLAJERLA,COED,JNTUK,CSE,136170.0,136170.0,148741.0,148741,151656.0,151656.0,144185.0,146745,136170.0,139818,136170.0,136170.0,149253.0,149554,138618.0,139205,110337.0,133912.0,43000
981,WISE,WEST GODAVARI INSTT OF SCIENCE AND ENGINEERING,PVT,WEST GODAVARI,NALLAJERLA,COED,JNTUK,ECE,121886.0,121886.0,146325.0,146325,148971.0,148971.0,121886.0,121886,131884.0,131884,121886.0,121886.0,121886.0,123689,121886.0,121886,142399.0,142399.0,43000
982,WISE,WEST GODAVARI INSTT OF SCIENCE AND ENGINEERING,PVT,WEST GODAVARI,NALLAJERLA,COED,JNTUK,MEC,129599.0,129599.0,129599.0,129599,129599.0,129599.0,129599.0,129599,129599.0,129599,129599.0,129599.0,129599.0,129599,129599.0,129599,999999.0,999999.0,43000
983,ALTS,ANANTHA LAKSHMI INST OF TECHNOLOGY AND SCI,PVT,ANANTAPUR,ANANTAPURAMU,COED,JNTUA,CIV,133188.0,133188.0,150364.0,150364,133188.0,133188.0,133188.0,133188,133188.0,133188,133188.0,133188.0,133188.0,133188,133188.0,133188,999999.0,999999.0,43000
984,ALTS,ANANTHA LAKSHMI INST OF TECHNOLOGY AND SCI,PVT,ANANTAPUR,ANANTAPURAMU,COED,JNTUA,CSD,68232.0,68232.0,139949.0,151755,141166.0,141166.0,104440.0,110235,102300.0,102300,68232.0,68232.0,141440.0,141440,73130.0,128155,83891.0,82378.0,43000
985,ALTS,ANANTHA LAKSHMI INST OF TECHNOLOGY AND SCI,PVT,ANANTAPUR,ANANTAPURAMU,COED,JNTUA,CSE,58984.0,58984.0,124721.0,124721,145530.0,150197.0,74577.0,74577,75026.0,148107,58984.0,79277.0,103285.0,103285,63345.0,63345,148052.0,64006.0,43000
986,ALTS,ANANTHA LAKSHMI INST OF TECHNOLOGY AND SCI,PVT,ANANTAPUR,ANANTAPURAMU,COED,JNTUA,CSM,67498.0,87138.0,150681.0,150681,78001.0,87138.0,96050.0,108106,104596.0,104596,67498.0,87138.0,148600.0,148600,94187.0,94187,82192.0,84866.0,43000
987,ALTS,ANANTHA LAKSHMI INST OF TECHNOLOGY AND SCI,PVT,ANANTAPUR,ANANTAPURAMU,COED,JNTUA,ECE,78524.0,108989.0,147900.0,147900,151675.0,151675.0,111365.0,111517,138317.0,138317,149733.0,149733.0,139165.0,139165,109179.0,136097,117018.0,116353.0,43000
988,ALTS,ANANTHA LAKSHMI INST OF TECHNOLOGY AND SCI,PVT,ANANTAPUR,ANANTAPURAMU,COED,JNTUA,EEE,106246.0,120055.0,150892.0,150892,106246.0,141255.0,141789.0,146135,130802.0,143752,106246.0,120055.0,106246.0,120055,145222.0,145222,144044.0,144044.0,43000
989,ALTS,ANANTHA LAKSHMI INST OF TECHNOLOGY AND SCI,PVT,ANANTAPUR,ANANTAPURAMU,COED,JNTUA,EVT,126144.0,126144.0,149805.0,149805,133234.0,133234.0,147298.0,147298,147341.0,147341,126144.0,126144.0,132240.0,132240,147670.0,147670,136737.0,141826.0,43000
990,ALTS,ANANTHA LAKSHMI INST OF TECHNOLOGY AND SCI,PVT,ANANTAPUR,ANANTAPURAMU,COED,JNTUA,MEC,151745.0,151745.0,151745.0,151745,151766.0,151767.0,151745.0,151745,151775.0,151775,999999.0,999999.0,151745.0,151745,151745.0,151745,999999.0,999999.0,43000
991,BALA,BALAJI COLLEGE OF PHARMACY,PVT,ANANTAPUR,ANANTAPURAMU,COED,JNTUA,PHD,143758.0,143758.0,143758.0,143758,143758.0,143758.0,143758.0,143758,143758.0,143758,143758.0,143758.0,143758.0,143758,143758.0,143758,999999.0,999999.0,38000
992,BALA,BALAJI COLLEGE OF PHARMACY,PVT,ANANTAPUR,ANANTAPURAMU,COED,JNTUA,PHM,126635.0,126635.0,126635.0,126635,126635.0,126635.0,126635.0,126635,126635.0,126635,126635.0,126635.0,126635.0,126635,126635.0,126635,999999.0,999999.0,50700
993,CRIT,CHIRANJIVI REDDY INST OF ENGG AND TECHNOLOGY,PVT,ANANTAPUR,ANANTAPURAMU,COED,JNTUA,CSE,151248.0,151248.0,151248.0,151248,151248.0,151248.0,151248.0,151248,151248.0,151248,151248.0,151248.0,151248.0,151248,151248.0,151248,999999.0,999999.0,43000
994,CRIT,CHIRANJIVI REDDY INST OF ENGG AND TECHNOLOGY,PVT,ANANTAPUR,ANANTAPURAMU,COED,JNTUA,ECE,140742.0,150133.0,140742.0,150133,140742.0,150133.0,140742.0,150133,140742.0,150133,140742.0,150133.0,140742.0,150133,140742.0,150133,999999.0,999999.0,43000
995,CVRT,SIR C.V RAMAN INST OF TECHNOLOGY SCIENCES,PVT,ANANTAPUR,TADIPATRI,COED,JNTUA,AIM,141111.0,141111.0,151044.0,151044,141111.0,141111.0,145289.0,145289,148112.0,150182,141111.0,141111.0,149673.0,149673,141111.0,141111,134576.0,121133.0,43000
996,CVRT,SIR C.V RAMAN INST OF TECHNOLOGY SCIENCES,PVT,ANANTAPUR,TADIPATRI,COED,JNTUA,CSE,97208.0,97208.0,139433.0,144646,148362.0,148362.0,137932.0,137932,138428.0,138428,139580.0,139580.0,149453.0,149453,142995.0,144015,148029.0,108156.0,43000
997,CVRT,SIR C.V RAMAN INST OF TECHNOLOGY SCIENCES,PVT,ANANTAPUR,TADIPATRI,COED,JNTUA,ECE,144037.0,144037.0,144962.0,144962,144037.0,148232.0,144667.0,144667,147673.0,147673,144037.0,144037.0,144037.0,144037,144037.0,144037,134344.0,134344.0,43000
998,CVRT,SIR C.V RAMAN INST OF TECHNOLOGY SCIENCES,PVT,ANANTAPUR,TADIPATRI,COED,JNTUA,EEE,151745.0,151745.0,151758.0,151758,151766.0,151766.0,151745.0,151745,151775.0,151775,151745.0,151745.0,151745.0,151745,151745.0,151745,999999.0,999999.0,43000
999,GATE,GATES INSTITUTE OF TECHNOLOGY,PVT,ANANTAPUR,GOOTY,COED,JNTUA,CAI,77136.0,77136.0,115377.0,146623,139461.0,139461.0,105538.0,107422,113414.0,117970,118311.0,118311.0,146476.0,147460,104814.0,104814,106837.0,113022.0,45100
1000,GATE,GATES INSTITUTE OF TECHNOLOGY,PVT,ANANTAPUR,GOOTY,COED,JNTUA,CIV,107029.0,107029.0,140355.0,140355,107029.0,107029.0,107029.0,107029,107029.0,150018,107029.0,107029.0,107029.0,107029,107029.0,137701,999999.0,999999.0,45100
1001,GATE,GATES INSTITUTE OF TECHNOLOGY,PVT,ANANTAPUR,GOOTY,COED,JNTUA,CSC,103415.0,103415.0,150647.0,150647,147840.0,147840.0,124362.0,124362,130465.0,137781,103415.0,105175.0,135014.0,135014,109498.0,115555,116952.0,125514.0,45100
1002,GATE,GATES INSTITUTE OF TECHNOLOGY,PVT,ANANTAPUR,GOOTY,COED,JNTUA,CSD,78440.0,78440.0,148239.0,150471,78440.0,98934.0,111516.0,111516,128783.0,129418,78440.0,99288.0,146894.0,146894,99437.0,99437,99038.0,83917.0,45100
1003,GATE,GATES INSTITUTE OF TECHNOLOGY,PVT,ANANTAPUR,GOOTY,COED,JNTUA,CSE,47035.0,47035.0,119076.0,119354,123330.0,123330.0,65611.0,65611,81776.0,81776,47035.0,47035.0,104925.0,104925,70694.0,70694,71663.0,72061.0,45100
1004,GATE,GATES INSTITUTE OF TECHNOLOGY,PVT,ANANTAPUR,GOOTY,COED,JNTUA,ECE,89243.0,89243.0,151365.0,151365,135328.0,144698.0,129510.0,129510,121748.0,130910,135037.0,135037.0,146697.0,146697,108072.0,111903,121565.0,118310.0,45100
1005,GATE,GATES INSTITUTE OF TECHNOLOGY,PVT,ANANTAPUR,GOOTY,COED,JNTUA,EEE,119967.0,119967.0,150693.0,150693,142615.0,142615.0,142452.0,142452,148742.0,148742,119967.0,119967.0,149087.0,151150,125389.0,125389,148931.0,142089.0,45100
1006,GATE,GATES INSTITUTE OF TECHNOLOGY,PVT,ANANTAPUR,GOOTY,COED,JNTUA,MEC,147279.0,147279.0,147279.0,147279,147279.0,148720.0,148781.0,148781,150245.0,150245,147279.0,147279.0,147279.0,147279,147279.0,147279,999999.0,999999.0,45100
1007,JNTA,JNTUA COLLEGE OF ENGG. ANANTAPURAMU,UNIV,ANANTAPUR,ANANTAPURAMU,COED,JNTUA,CHE,82194.0,82194.0,136550.0,147593,135406.0,149687.0,112422.0,141175,150333.0,150333,82194.0,82194.0,145809.0,145809,127452.0,127452,132519.0,126999.0,10000
1008,JNTA,JNTUA COLLEGE OF ENGG. ANANTAPURAMU,UNIV,ANANTAPUR,ANANTAPURAMU,COED,JNTUA,CIV,49704.0,49704.0,81382.0,81382,81181.0,81181.0,73067.0,73067,105663.0,109851,96387.0,96387.0,78234.0,99478,105259.0,105259,133139.0,89014.0,10000
1009,JNTA,JNTUA COLLEGE OF ENGG. ANANTAPURAMU,UNIV,ANANTAPUR,ANANTAPURAMU,COED,JNTUA,CSE,9187.0,9365.0,12709.0,15487,14505.0,27125.0,10531.0,11266,9187.0,9365,90668.0,90668.0,11521.0,11521,9187.0,9365,10041.0,10195.0,10000
1010,JNTA,JNTUA COLLEGE OF ENGG. ANANTAPURAMU,UNIV,ANANTAPUR,ANANTAPURAMU,COED,JNTUA,ECE,10955.0,10955.0,21936.0,21936,41423.0,41423.0,12443.0,12443,12435.0,12435,10955.0,30180.0,13505.0,13505,13633.0,26231,11611.0,9462.0,10000
1011,JNTA,JNTUA COLLEGE OF ENGG. ANANTAPURAMU,UNIV,ANANTAPUR,ANANTAPURAMU,COED,JNTUA,EEE,21035.0,21035.0,57677.0,57677,45689.0,45689.0,47877.0,63658,35699.0,35983,21035.0,21035.0,31653.0,32349,22309.0,40238,38923.0,39032.0,10000
1012,JNTA,JNTUA COLLEGE OF ENGG. ANANTAPURAMU,UNIV,ANANTAPUR,ANANTAPURAMU,COED,JNTUA,MEC,64569.0,72646.0,94668.0,125464,101868.0,144113.0,74019.0,83043,86853.0,86853,64569.0,72646.0,146389.0,146389,101448.0,138878,84104.0,149955.0,10000
1013,PVKK,P.V.K.K. INSTITUTE OF TECHNOLOGY,PVT,ANANTAPUR,ANANTAPURAMU,COED,JNTUA,CIV,133492.0,150101.0,133492.0,150101,149473.0,150101.0,133492.0,150101,133492.0,150101,133492.0,150101.0,149121.0,150101,133492.0,150101,145624.0,145624.0,43000
1014,PVKK,P.V.K.K. INSTITUTE OF TECHNOLOGY,PVT,ANANTAPUR,ANANTAPURAMU,COED,JNTUA,CSE,75448.0,75448.0,139446.0,145054,145499.0,145499.0,114255.0,118892,127816.0,127816,143764.0,143764.0,119279.0,148605,104607.0,104607,111169.0,108382.0,43000
1015,PVKK,P.V.K.K. INSTITUTE OF TECHNOLOGY,PVT,ANANTAPUR,ANANTAPURAMU,COED,JNTUA,CSG,109650.0,109650.0,140262.0,151595,125988.0,125988.0,136530.0,143326,145748.0,145748,109650.0,147187.0,143390.0,143390,113502.0,148544,127471.0,134902.0,43000
1016,PVKK,P.V.K.K. INSTITUTE OF TECHNOLOGY,PVT,ANANTAPUR,ANANTAPURAMU,COED,JNTUA,ECE,112516.0,120461.0,150538.0,150538,134365.0,143220.0,129432.0,129800,135773.0,147378,145081.0,145081.0,149621.0,149621,144415.0,144415,142489.0,130092.0,43000
1017,PVKK,P.V.K.K. INSTITUTE OF TECHNOLOGY,PVT,ANANTAPUR,ANANTAPURAMU,COED,JNTUA,EEE,132344.0,132344.0,132344.0,132344,132344.0,151702.0,144394.0,146302,147112.0,147112,132344.0,132344.0,132344.0,132344,142581.0,142581,999999.0,999999.0,43000
1018,PVKK,P.V.K.K. INSTITUTE OF TECHNOLOGY,PVT,ANANTAPUR,ANANTAPURAMU,COED,JNTUA,MEC,148275.0,148275.0,148275.0,148275,148275.0,148275.0,148275.0,148275,148275.0,148275,148275.0,148275.0,148275.0,148275,148275.0,148275,999999.0,999999.0,43000
1019,RIPA,RAGHAVENDRA INST. OF PHARM. EDUCATION,PVT,ANANTAPUR,ANANTAPURAMU,COED,JNTUA,PHD,139858.0,139858.0,139858.0,139858,139858.0,139858.0,139858.0,139858,139858.0,139858,139858.0,139858.0,139858.0,139858,139858.0,139858,999999.0,999999.0,65000
1020,SKUASF,SRI KRISHNADEVARAYA UNIV.COLL.OF ENG.- SELF FINANCE,SF,ANANTAPUR,ANANTAPURAMU,COED,SKU,CIV,129357.0,134750.0,151737.0,151737,141504.0,141504.0,146720.0,146720,143059.0,143059,129357.0,134750.0,129357.0,134750,150792.0,150792,999999.0,999999.0,70000
1021,SKUASF,SRI KRISHNADEVARAYA UNIV.COLL.OF ENG.- SELF FINANCE,SF,ANANTAPUR,ANANTAPURAMU,COED,SKU,CSE,44388.0,44388.0,97721.0,97721,97929.0,121556.0,58386.0,58386,73259.0,89858,44388.0,112465.0,104943.0,104943,148523.0,148523,58737.0,52304.0,70000
1022,SKUASF,SRI KRISHNADEVARAYA UNIV.COLL.OF ENG.- SELF FINANCE,SF,ANANTAPUR,ANANTAPURAMU,COED,SKU,ECE,55550.0,55550.0,101400.0,101400,115249.0,115249.0,75991.0,86239,117592.0,128484,116949.0,116949.0,118711.0,118711,81066.0,112092,98916.0,90796.0,70000
1023,SKUASF,SRI KRISHNADEVARAYA UNIV.COLL.OF ENG.- SELF FINANCE,SF,ANANTAPUR,ANANTAPURAMU,COED,SKU,EEE,132701.0,132701.0,147482.0,149839,151553.0,151553.0,151739.0,151739,132701.0,132701,132701.0,132701.0,145685.0,145685,132701.0,132701,135420.0,148026.0,70000
1024,SKUASF,SRI KRISHNADEVARAYA UNIV.COLL.OF ENG.- SELF FINANCE,SF,ANANTAPUR,ANANTAPURAMU,COED,SKU,MEC,139009.0,139009.0,151727.0,151727,139009.0,139009.0,139009.0,139009,139009.0,139009,139009.0,139009.0,139009.0,139009,139009.0,139009,999999.0,999999.0,70000
1025,SKUPSF,SKU COLL OF PHARMCEUTICAL SCIENCE-SELF FINANCE,SF,ANANTAPUR,ANANTAPURAMU,COED,SKU,PHM,144097.0,144097.0,144097.0,144097,144097.0,144097.0,144097.0,144097,144097.0,144097,144097.0,144097.0,144097.0,144097,144097.0,144097,999999.0,999999.0,50000
1026,SRIT,SRINIVASA RAMANUJAN INST OF TECHNOLOGY,PVT,ANANTAPUR,ANANTAPURAMU,COED,JNTUA,CIV,144405.0,144405.0,144405.0,151414,144405.0,144405.0,150601.0,150601,150204.0,150204,144405.0,144405.0,149918.0,149918,144405.0,144405,133406.0,133406.0,55220
1027,SRIT,SRINIVASA RAMANUJAN INST OF TECHNOLOGY,PVT,ANANTAPUR,ANANTAPURAMU,COED,JNTUA,CSE,25712.0,59854.0,99654.0,99654,132211.0,132211.0,42303.0,59854,111324.0,111324,25712.0,103768.0,73473.0,73473,30629.0,59854,31168.0,31650.0,55220
1028,SRIT,SRINIVASA RAMANUJAN INST OF TECHNOLOGY,PVT,ANANTAPUR,ANANTAPURAMU,COED,JNTUA,CSM,34044.0,34044.0,137864.0,137864,135959.0,141776.0,77244.0,77244,55646.0,55646,84627.0,84627.0,81540.0,81540,46053.0,46053,42031.0,43700.0,55220
1029,SRIT,SRINIVASA RAMANUJAN INST OF TECHNOLOGY,PVT,ANANTAPUR,ANANTAPURAMU,COED,JNTUA,ECE,35242.0,35242.0,128855.0,128855,130162.0,130162.0,100262.0,100262,54564.0,54564,35242.0,69700.0,88662.0,90458,54598.0,129795,49862.0,49701.0,55220
1030,SRIT,SRINIVASA RAMANUJAN INST OF TECHNOLOGY,PVT,ANANTAPUR,ANANTAPURAMU,COED,JNTUA,EEE,94491.0,140079.0,151353.0,151353,133151.0,151561.0,120409.0,140079,125668.0,141406,94491.0,140079.0,142994.0,144892,148623.0,148623,129911.0,129917.0,55220
1031,SRIT,SRINIVASA RAMANUJAN INST OF TECHNOLOGY,PVT,ANANTAPUR,ANANTAPURAMU,COED,JNTUA,MEC,122566.0,122566.0,150302.0,150302,130656.0,133065.0,147765.0,147765,122566.0,122566,122566.0,122566.0,147211.0,147211,133414.0,133414,121520.0,121520.0,55220
1032,SSSE,SANSKRITHI SCHOOL OF ENGINEERING,PVT,ANANTAPUR,PUTAPARTHI,COED,JNTUA,CIV,151745.0,151745.0,151758.0,151758,151766.0,151766.0,151745.0,151745,151775.0,151775,151745.0,151745.0,151745.0,151745,151745.0,151745,999999.0,999999.0,43000
1033,SSSE,SANSKRITHI SCHOOL OF ENGINEERING,PVT,ANANTAPUR,PUTAPARTHI,COED,JNTUA,CSE,66362.0,66362.0,136255.0,136255,151766.0,151766.0,97453.0,97453,97949.0,97949,66362.0,117124.0,108517.0,108517,91544.0,91544,92928.0,77470.0,43000
1034,SSSE,SANSKRITHI SCHOOL OF ENGINEERING,PVT,ANANTAPUR,PUTAPARTHI,COED,JNTUA,ECE,84269.0,84269.0,151461.0,151461,84663.0,102861.0,118645.0,121121,107749.0,107749,84269.0,84269.0,130133.0,142114,127574.0,127574,106661.0,105349.0,43000
1035,SSSE,SANSKRITHI SCHOOL OF ENGINEERING,PVT,ANANTAPUR,PUTAPARTHI,COED,JNTUA,EEE,123889.0,123889.0,139131.0,139131,145173.0,145173.0,137067.0,137067,147664.0,147664,123889.0,123889.0,144425.0,144425,137386.0,146700,132239.0,136412.0,43000
1036,SSSE,SANSKRITHI SCHOOL OF ENGINEERING,PVT,ANANTAPUR,PUTAPARTHI,COED,JNTUA,MEC,135944.0,145251.0,135944.0,145251,135944.0,145251.0,135944.0,145251,135944.0,145251,135944.0,145251.0,149571.0,149571,135944.0,145251,999999.0,999999.0,43000
1037,SVIT,SRI VENKATESWARA INST OF TECHNOLOGY,PVT,ANANTAPUR,ANANTAPURAMU,COED,JNTUA,CIV,95274.0,95274.0,95274.0,95274,95274.0,95274.0,95274.0,95274,95274.0,95274,95274.0,95274.0,95274.0,95274,95274.0,95274,999999.0,999999.0,43000
1038,SVIT,SRI VENKATESWARA INST OF TECHNOLOGY,PVT,ANANTAPUR,ANANTAPURAMU,COED,JNTUA,CSD,119601.0,131411.0,151687.0,151687,149786.0,149786.0,147367.0,147367,150850.0,150850,126689.0,131411.0,143874.0,143874,150973.0,150973,133510.0,133510.0,43000
1039,SVIT,SRI VENKATESWARA INST OF TECHNOLOGY,PVT,ANANTAPUR,ANANTAPURAMU,COED,JNTUA,CSE,84431.0,88335.0,146925.0,146925,148089.0,148089.0,121549.0,129621,144752.0,144752,84431.0,104657.0,145645.0,148726,109478.0,135464,130221.0,145158.0,43000
1040,SVIT,SRI VENKATESWARA INST OF TECHNOLOGY,PVT,ANANTAPUR,ANANTAPURAMU,COED,JNTUA,CSM,116556.0,116556.0,149351.0,149351,145930.0,145930.0,145492.0,147266,149124.0,149811,116556.0,116556.0,148804.0,148804,149256.0,149256,149325.0,144894.0,43000
1041,SVIT,SRI VENKATESWARA INST OF TECHNOLOGY,PVT,ANANTAPUR,ANANTAPURAMU,COED,JNTUA,ECE,126734.0,126734.0,145030.0,145030,126734.0,143166.0,140985.0,144480,150157.0,150157,126734.0,126734.0,135160.0,135160,149446.0,149446,145327.0,145327.0,43000
1042,SVIT,SRI VENKATESWARA INST OF TECHNOLOGY,PVT,ANANTAPUR,ANANTAPURAMU,COED,JNTUA,EEE,134977.0,134977.0,134977.0,134977,150162.0,150162.0,134977.0,134977,134977.0,134977,134977.0,134977.0,134977.0,134977,134977.0,134977,999999.0,999999.0,43000
1043,TECH,TADIPATRI ENGG COLLEGE,PVT,ANANTAPUR,TADIPATRI,COED,JNTUA,CSD,130964.0,130964.0,151198.0,151198,130964.0,130964.0,130964.0,130964,130964.0,144046,130964.0,130964.0,130964.0,130964,130964.0,130964,146975.0,146975.0,43000
1044,TECH,TADIPATRI ENGG COLLEGE,PVT,ANANTAPUR,TADIPATRI,COED,JNTUA,CSE,116402.0,116402.0,151575.0,151575,151567.0,151763.0,151705.0,151705,151775.0,151775,145590.0,145590.0,145164.0,151685,117582.0,141123,147012.0,145014.0,43000
1045,TECH,TADIPATRI ENGG COLLEGE,PVT,ANANTAPUR,TADIPATRI,COED,JNTUA,ECE,112896.0,112896.0,150666.0,150666,143301.0,143301.0,137330.0,137330,148976.0,148976,112896.0,112896.0,140872.0,148608,149462.0,149462,150134.0,149994.0,43000
1046,TECH,TADIPATRI ENGG COLLEGE,PVT,ANANTAPUR,TADIPATRI,COED,JNTUA,EEE,125740.0,125740.0,151494.0,151494,125740.0,125740.0,125740.0,125740,125740.0,125740,125740.0,125740.0,125740.0,125740,125740.0,125740,999999.0,999999.0,43000
1047,ACEM,ADITYA COLLEGE OF ENGINEERING,PVT,CHITTOOR,MADANAPALLE,COED,JNTUA,AID,73640.0,73640.0,89708.0,89708,91115.0,91115.0,92801.0,115426,136742.0,136742,73640.0,73640.0,148846.0,148846,120036.0,120036,89713.0,85886.0,43000
1048,ACEM,ADITYA COLLEGE OF ENGINEERING,PVT,CHITTOOR,MADANAPALLE,COED,JNTUA,CAI,70570.0,70570.0,139416.0,139416,85237.0,85237.0,100820.0,105378,94348.0,128078,97859.0,97859.0,114806.0,130906,128567.0,128567,91648.0,78983.0,43000
1049,ACEM,ADITYA COLLEGE OF ENGINEERING,PVT,CHITTOOR,MADANAPALLE,COED,JNTUA,CSE,50694.0,61972.0,139979.0,150372,65886.0,126596.0,89849.0,89849,101604.0,134205,100365.0,100365.0,124219.0,124219,86202.0,86202,75878.0,64578.0,43000
1050,ACEM,ADITYA COLLEGE OF ENGINEERING,PVT,CHITTOOR,MADANAPALLE,COED,JNTUA,ECE,96836.0,96836.0,111604.0,115506,116173.0,116652.0,127293.0,128082,143587.0,147759,96836.0,96836.0,146817.0,147504,123390.0,123390,105882.0,122435.0,43000
1051,ACEM,ADITYA COLLEGE OF ENGINEERING,PVT,CHITTOOR,MADANAPALLE,COED,JNTUA,EEE,123881.0,123881.0,133450.0,135134,147467.0,147467.0,146565.0,146565,149548.0,149548,123881.0,123881.0,123881.0,123881,141947.0,145174,125474.0,146675.0,43000
1052,AITT,ANNAMACHARYA INST OF TECHNOLOGYAND SCIENCES,PVT,CHITTOOR,TIRUPATHI,COED,JNTUA,AID,54338.0,59135.0,150553.0,150553,151021.0,151021.0,79495.0,79495,91795.0,91795,54338.0,59135.0,98714.0,128541,114389.0,114389,58300.0,67129.0,43670
1053,AITT,ANNAMACHARYA INST OF TECHNOLOGYAND SCIENCES,PVT,CHITTOOR,TIRUPATHI,COED,JNTUA,AIM,63272.0,94814.0,138477.0,148172,66653.0,94814.0,110062.0,110062,96854.0,96854,91407.0,94814.0,147822.0,147822,92036.0,122533,64201.0,65348.0,43670
1054,AITT,ANNAMACHARYA INST OF TECHNOLOGYAND SCIENCES,PVT,CHITTOOR,TIRUPATHI,COED,JNTUA,CIC,66421.0,66421.0,149668.0,149668,66421.0,67561.0,90879.0,90879,124869.0,124869,66421.0,66421.0,136782.0,136782,99780.0,99780,68663.0,74144.0,43670
1055,AITT,ANNAMACHARYA INST OF TECHNOLOGYAND SCIENCES,PVT,CHITTOOR,TIRUPATHI,COED,JNTUA,CIV,115023.0,115023.0,133141.0,145434,115023.0,115023.0,115023.0,115023,115023.0,115023,115023.0,115023.0,115023.0,115023,115023.0,115023,999999.0,999999.0,43670
1056,AITT,ANNAMACHARYA INST OF TECHNOLOGYAND SCIENCES,PVT,CHITTOOR,TIRUPATHI,COED,JNTUA,CSD,50052.0,50052.0,132174.0,139999,129983.0,136988.0,60998.0,61224,69627.0,73726,50052.0,50052.0,81031.0,81031,50052.0,62995,53103.0,52113.0,43670
1057,AITT,ANNAMACHARYA INST OF TECHNOLOGYAND SCIENCES,PVT,CHITTOOR,TIRUPATHI,COED,JNTUA,CSE,92922.0,92922.0,115031.0,126035,151505.0,151505.0,92922.0,92922,92922.0,92922,92922.0,92922.0,147749.0,147749,92922.0,92922,46226.0,46665.0,43670
1058,AITT,ANNAMACHARYA INST OF TECHNOLOGYAND SCIENCES,PVT,CHITTOOR,TIRUPATHI,COED,JNTUA,ECE,54804.0,120926.0,150671.0,151244,150581.0,150581.0,77811.0,120926,98931.0,120926,54804.0,120926.0,125216.0,125216,114545.0,121426,74460.0,61585.0,43670
1059,AITT,ANNAMACHARYA INST OF TECHNOLOGYAND SCIENCES,PVT,CHITTOOR,TIRUPATHI,COED,JNTUA,EEE,133896.0,142065.0,144310.0,150024,146283.0,146283.0,138720.0,142065,133896.0,142065,133896.0,151070.0,149037.0,149037,133896.0,142065,149418.0,149418.0,43670
1060,AITT,ANNAMACHARYA INST OF TECHNOLOGYAND SCIENCES,PVT,CHITTOOR,TIRUPATHI,COED,JNTUA,MEC,147748.0,147748.0,147748.0,147748,147748.0,147748.0,147748.0,147748,147748.0,147748,147748.0,147748.0,147748.0,147748,147748.0,147748,999999.0,999999.0,43670
1061,CHDL,CHADALAWADA RAMANAMMA ENGG. COLLEGE,PVT,CHITTOOR,TIRUPATHI,COED,JNTUA,CAI,92198.0,92198.0,122196.0,123842,95389.0,112886.0,146307.0,146307,124886.0,124886,136168.0,136168.0,145862.0,145862,135346.0,135346,109750.0,118362.0,57750
1062,CHDL,CHADALAWADA RAMANAMMA ENGG. COLLEGE,PVT,CHITTOOR,TIRUPATHI,COED,JNTUA,CSE,67912.0,67912.0,145635.0,149297,131334.0,150505.0,90634.0,100931,120721.0,135115,67912.0,67912.0,114284.0,131009,98709.0,98709,82805.0,96243.0,57750
1063,CHDL,CHADALAWADA RAMANAMMA ENGG. COLLEGE,PVT,CHITTOOR,TIRUPATHI,COED,JNTUA,CSM,102364.0,102364.0,144613.0,145447,147619.0,147619.0,149049.0,149049,151195.0,151195,102364.0,102364.0,149946.0,150458,140561.0,146059,134594.0,135626.0,57750
1064,CHDL,CHADALAWADA RAMANAMMA ENGG. COLLEGE,PVT,CHITTOOR,TIRUPATHI,COED,JNTUA,ECE,148155.0,148155.0,148155.0,148334,148155.0,148486.0,148155.0,149127,148155.0,150417,148155.0,148155.0,149763.0,149763,148155.0,148155,143486.0,145523.0,57750
1065,CHDL,CHADALAWADA RAMANAMMA ENGG. COLLEGE,PVT,CHITTOOR,TIRUPATHI,COED,JNTUA,EEE,145420.0,145420.0,145420.0,145420,145420.0,145420.0,145420.0,145420,145420.0,145420,145420.0,145420.0,145420.0,145420,145420.0,145420,999999.0,999999.0,57750
1066,GVIC,GOLDEN VALLEY INTEGRATED CAMPUS,PVT,CHITTOOR,MADANAPALLE,COED,JNTUA,CSE,131637.0,131637.0,131637.0,133327,132183.0,132183.0,144532.0,144532,149690.0,149690,131637.0,131637.0,146666.0,146666,131637.0,143857,137432.0,137432.0,43000
1067,GVIC,GOLDEN VALLEY INTEGRATED CAMPUS,PVT,CHITTOOR,MADANAPALLE,COED,JNTUA,ECE,143886.0,143886.0,143886.0,143886,143886.0,143886.0,143886.0,143886,143886.0,143886,143886.0,143886.0,143886.0,143886,143886.0,143886,999999.0,999999.0,43000
1068,JNTC,JNTUA COLLEGE OF ENGINEERING. KALIKIRI,UNIV,CHITTOOR,KALIKIRI,COED,JNTUA,CIV,88991.0,88991.0,139075.0,139075,151582.0,151582.0,131753.0,131753,136556.0,150160,133734.0,133734.0,150027.0,150027,151167.0,151167,124236.0,132521.0,10000
1069,JNTC,JNTUA COLLEGE OF ENGINEERING. KALIKIRI,UNIV,CHITTOOR,KALIKIRI,COED,JNTUA,CSE,14884.0,14884.0,40956.0,44531,29102.0,66480.0,24308.0,24308,26165.0,26165,14884.0,14884.0,17721.0,20773,25427.0,25427,17393.0,15719.0,10000
1070,JNTC,JNTUA COLLEGE OF ENGINEERING. KALIKIRI,UNIV,CHITTOOR,KALIKIRI,COED,JNTUA,ECE,24111.0,24111.0,47408.0,68796,90662.0,90662.0,34644.0,35286,35877.0,46399,88918.0,88918.0,38528.0,38528,36337.0,36337,21895.0,20370.0,10000
1071,JNTC,JNTUA COLLEGE OF ENGINEERING. KALIKIRI,UNIV,CHITTOOR,KALIKIRI,COED,JNTUA,EEE,38552.0,50546.0,109101.0,130901,119112.0,119112.0,112431.0,112431,135786.0,135786,38552.0,50546.0,113080.0,132160,132901.0,132901,103547.0,150212.0,10000
1072,JNTC,JNTUA COLLEGE OF ENGINEERING. KALIKIRI,UNIV,CHITTOOR,KALIKIRI,COED,JNTUA,FDT,127307.0,127307.0,127307.0,143799,127307.0,127307.0,127307.0,127307,127307.0,147656,127307.0,127307.0,127307.0,127307,127307.0,127307,148004.0,148004.0,10000
1073,JNTC,JNTUA COLLEGE OF ENGINEERING. KALIKIRI,UNIV,CHITTOOR,KALIKIRI,COED,JNTUA,MEC,96718.0,110093.0,126385.0,141422,149536.0,151767.0,108083.0,148312,149057.0,149569,96718.0,110093.0,150702.0,150702,96718.0,133155,131652.0,131652.0,10000
1074,KMMT,KMM INST OF TECHNOLOGY AND SCIENCE,PVT,CHITTOOR,TIRUPATHI,COED,JNTUA,CAI,135826.0,135826.0,143577.0,143577,135826.0,135826.0,135826.0,135826,135826.0,135826,135826.0,135826.0,135826.0,135826,135826.0,135826,90046.0,90046.0,43000
1075,KMMT,KMM INST OF TECHNOLOGY AND SCIENCE,PVT,CHITTOOR,TIRUPATHI,COED,JNTUA,CSD,150314.0,150314.0,150314.0,150314,150314.0,150314.0,150314.0,150314,150314.0,150314,150314.0,150314.0,150314.0,150314,150314.0,150314,999999.0,999999.0,43000
1076,KMMT,KMM INST OF TECHNOLOGY AND SCIENCE,PVT,CHITTOOR,TIRUPATHI,COED,JNTUA,CSE,113267.0,113267.0,151290.0,151290,149446.0,149446.0,128927.0,148792,150781.0,150781,145012.0,145012.0,143129.0,143797,149389.0,149389,135860.0,127868.0,43000
1077,KMMT,KMM INST OF TECHNOLOGY AND SCIENCE,PVT,CHITTOOR,TIRUPATHI,COED,JNTUA,ECE,132976.0,132976.0,132976.0,132976,132976.0,132976.0,151076.0,151076,132976.0,147491,132976.0,132976.0,132976.0,150225,132976.0,132976,125510.0,120384.0,43000
1078,KTPT,KRISHNA TEJA PHARMACY COLLEGE,PVT,CHITTOOR,TIRUPATHI,COED,JNTUA,PHD,151745.0,151745.0,151758.0,151758,151766.0,151766.0,151745.0,151745,151775.0,151775,151745.0,151745.0,151745.0,151745,151745.0,151745,999999.0,999999.0,65000
1079,KUPM,KUPPAM ENGINEERING COLLEGE,PVT,CHITTOOR,KUPPAM,COED,JNTUA,CIV,151745.0,151745.0,151758.0,151758,151766.0,151766.0,151745.0,151745,151775.0,151775,151745.0,151745.0,151745.0,151745,151745.0,151745,999999.0,999999.0,49940
1080,KUPM,KUPPAM ENGINEERING COLLEGE,PVT,CHITTOOR,KUPPAM,COED,JNTUA,CSD,105830.0,145027.0,105830.0,145027,150124.0,150124.0,136649.0,146384,144263.0,149413,105830.0,145027.0,150828.0,150828,105830.0,145027,149969.0,136956.0,49940
1081,KUPM,KUPPAM ENGINEERING COLLEGE,PVT,CHITTOOR,KUPPAM,COED,JNTUA,CSE,74734.0,74734.0,151476.0,151476,131127.0,135494.0,124693.0,124693,110389.0,126560,74734.0,100230.0,113169.0,114118,136024.0,136024,101203.0,144021.0,49940
1082,KUPM,KUPPAM ENGINEERING COLLEGE,PVT,CHITTOOR,KUPPAM,COED,JNTUA,CSM,114650.0,114650.0,139356.0,149155,146226.0,150526.0,132783.0,142868,145925.0,150791,114650.0,114650.0,149474.0,149474,117602.0,117602,147303.0,132958.0,49940
1083,KUPM,KUPPAM ENGINEERING COLLEGE,PVT,CHITTOOR,KUPPAM,COED,JNTUA,ECE,106312.0,106312.0,140555.0,147570,106312.0,134439.0,143974.0,146909,135464.0,149128,106312.0,106312.0,149363.0,149363,106312.0,106312,126377.0,125021.0,49940
1084,KUPM,KUPPAM ENGINEERING COLLEGE,PVT,CHITTOOR,KUPPAM,COED,JNTUA,EEE,151745.0,151745.0,151758.0,151758,151766.0,151766.0,151745.0,151745,151775.0,151775,151745.0,151745.0,151745.0,151745,151745.0,151745,999999.0,999999.0,49940
1085,KUPM,KUPPAM ENGINEERING COLLEGE,PVT,CHITTOOR,KUPPAM,COED,JNTUA,MEC,143704.0,143704.0,143704.0,143704,143704.0,143704.0,143704.0,143704,143704.0,143704,143704.0,143704.0,143704.0,143704,143704.0,143704,999999.0,999999.0,49940
1086,MITS,MADANAPALLY INSTITUTE OF TECHNOLOGY AND SCI,PVT,CHITTOOR,MADANAPALLE,COED,JNTUA,CAI,21862.0,21862.0,103375.0,103375,133032.0,133032.0,34121.0,34121,30849.0,33519,51693.0,87593.0,39191.0,39191,41942.0,52922,27581.0,27807.0,76780
1087,MITS,MADANAPALLY INSTITUTE OF TECHNOLOGY AND SCI,PVT,CHITTOOR,MADANAPALLE,COED,JNTUA,CIV,107682.0,125121.0,150907.0,150907,135039.0,142177.0,136104.0,145876,144211.0,144211,107682.0,125121.0,131217.0,146561,146009.0,146009,147861.0,101330.0,76780
1088,MITS,MADANAPALLY INSTITUTE OF TECHNOLOGY AND SCI,PVT,CHITTOOR,MADANAPALLE,COED,JNTUA,CSC,27597.0,27597.0,120125.0,134522,144769.0,144769.0,43230.0,45584,43686.0,43686,47535.0,47535.0,46322.0,53347,48649.0,61347,29328.0,30836.0,76780
1089,MITS,MADANAPALLY INSTITUTE OF TECHNOLOGY AND SCI,PVT,CHITTOOR,MADANAPALLE,COED,JNTUA,CSD,23350.0,151069.0,125964.0,151069,148592.0,151069.0,37600.0,151069,40034.0,151069,40060.0,151069.0,40362.0,151069,42601.0,151069,26403.0,26366.0,76780
1090,MITS,MADANAPALLY INSTITUTE OF TECHNOLOGY AND SCI,PVT,CHITTOOR,MADANAPALLE,COED,JNTUA,CSE,16961.0,16961.0,59518.0,62405,93123.0,100185.0,25605.0,25605,22652.0,23054,34370.0,34370.0,24168.0,24168,44058.0,44058,18983.0,20002.0,76780
1091,MITS,MADANAPALLY INSTITUTE OF TECHNOLOGY AND SCI,PVT,CHITTOOR,MADANAPALLE,COED,JNTUA,CSM,16452.0,18040.0,57857.0,102464,16452.0,111723.0,21514.0,30106,26323.0,38351,16452.0,18040.0,30241.0,31367,36588.0,36588,19086.0,23838.0,76780
1092,MITS,MADANAPALLY INSTITUTE OF TECHNOLOGY AND SCI,PVT,CHITTOOR,MADANAPALLE,COED,JNTUA,CSN,37168.0,37168.0,136468.0,136468,37893.0,37893.0,51564.0,51564,58338.0,68265,37168.0,37168.0,63249.0,63249,37168.0,57398,39960.0,40068.0,76780
1093,MITS,MADANAPALLY INSTITUTE OF TECHNOLOGY AND SCI,PVT,CHITTOOR,MADANAPALLE,COED,JNTUA,CST,36407.0,36407.0,144138.0,150793,146736.0,146736.0,55595.0,55595,57073.0,59713,36407.0,136785.0,69357.0,69357,54652.0,54652,38767.0,39165.0,76780
1094,MITS,MADANAPALLY INSTITUTE OF TECHNOLOGY AND SCI,PVT,CHITTOOR,MADANAPALLE,COED,JNTUA,ECE,31604.0,33430.0,109297.0,114888,139194.0,151155.0,45316.0,55688,55298.0,55607,52076.0,52076.0,52247.0,78454,62949.0,62949,40789.0,42045.0,76780
1095,MITS,MADANAPALLY INSTITUTE OF TECHNOLOGY AND SCI,PVT,CHITTOOR,MADANAPALLE,COED,JNTUA,EEE,53392.0,54157.0,134923.0,134923,139253.0,139253.0,99833.0,111925,103025.0,105292,53392.0,54157.0,137346.0,137346,87433.0,87433,68758.0,66727.0,76780
1096,MITS,MADANAPALLY INSTITUTE OF TECHNOLOGY AND SCI,PVT,CHITTOOR,MADANAPALLE,COED,JNTUA,MEC,96948.0,122510.0,135010.0,145831,150625.0,150625.0,146902.0,146902,137244.0,137244,96948.0,145495.0,150527.0,150527,148432.0,148432,142338.0,126587.0,76780
1097,MJRT,MJR COLLEGE OF ENGG AND TECHNOLOGY,PVT,CHITTOOR,PILER,COED,JNTUA,CAI,107163.0,107163.0,142654.0,145236,128962.0,151093.0,146935.0,147947,148871.0,148871,107163.0,107163.0,125203.0,138727,146687.0,147681,123749.0,142291.0,43000
1098,MJRT,MJR COLLEGE OF ENGG AND TECHNOLOGY,PVT,CHITTOOR,PILER,COED,JNTUA,CIV,125761.0,125761.0,132120.0,132120,138073.0,138073.0,125761.0,149624,125761.0,125761,125761.0,125761.0,139569.0,139569,125761.0,125761,999999.0,999999.0,43000
1099,MJRT,MJR COLLEGE OF ENGG AND TECHNOLOGY,PVT,CHITTOOR,PILER,COED,JNTUA,CSC,129564.0,129564.0,151499.0,151499,129564.0,137820.0,146253.0,146751,145901.0,145901,129564.0,129564.0,142787.0,142787,129564.0,129564,129883.0,146881.0,43000
1100,MJRT,MJR COLLEGE OF ENGG AND TECHNOLOGY,PVT,CHITTOOR,PILER,COED,JNTUA,CSE,95023.0,95023.0,148789.0,148789,149927.0,149927.0,131734.0,131734,137440.0,137440,95023.0,95023.0,148469.0,148469,123239.0,123239,125212.0,124930.0,43000
1101,MJRT,MJR COLLEGE OF ENGG AND TECHNOLOGY,PVT,CHITTOOR,PILER,COED,JNTUA,ECE,116977.0,116977.0,149383.0,149383,148415.0,151322.0,148446.0,148446,151332.0,151332,116977.0,116977.0,120766.0,120766,116977.0,137533,145132.0,150599.0,43000
1102,MJRT,MJR COLLEGE OF ENGG AND TECHNOLOGY,PVT,CHITTOOR,PILER,COED,JNTUA,EEE,123413.0,123413.0,139754.0,139754,123413.0,129949.0,147475.0,147475,142673.0,142673,123413.0,123413.0,127422.0,127422,123413.0,123413,999999.0,999999.0,43000
1103,MJRT,MJR COLLEGE OF ENGG AND TECHNOLOGY,PVT,CHITTOOR,PILER,COED,JNTUA,MEC,131849.0,131849.0,131849.0,131849,131849.0,131849.0,131849.0,131849,131849.0,131849,131849.0,131849.0,131849.0,131849,140166.0,140166,999999.0,999999.0,43000
1104,MTIE,MOTHER THERESA INST OF ENGG AND TECH,PVT,CHITTOOR,PALAMNER,COED,JNTUA,AID,66629.0,66629.0,128146.0,128146,124713.0,136175.0,84304.0,101688,149427.0,149427,66629.0,132192.0,112832.0,112832,79226.0,79226,75338.0,76485.0,43000
1105,MTIE,MOTHER THERESA INST OF ENGG AND TECH,PVT,CHITTOOR,PALAMNER,COED,JNTUA,CIV,80618.0,112942.0,80618.0,112942,80618.0,112942.0,80618.0,112942,80618.0,112942,80618.0,112942.0,80618.0,112942,80618.0,112942,999999.0,999999.0,43000
1106,MTIE,MOTHER THERESA INST OF ENGG AND TECH,PVT,CHITTOOR,PALAMNER,COED,JNTUA,CSD,81571.0,94217.0,135956.0,135956,139215.0,139268.0,108451.0,118244,131731.0,142246,81571.0,94217.0,147725.0,147725,85794.0,94217,90628.0,94394.0,43000
1107,MTIE,MOTHER THERESA INST OF ENGG AND TECH,PVT,CHITTOOR,PALAMNER,COED,JNTUA,CSE,55967.0,55967.0,111056.0,151536,128627.0,128627.0,79735.0,82162,98855.0,98855,89289.0,89289.0,83042.0,111635,80896.0,80896,63255.0,69491.0,43000
1108,MTIE,MOTHER THERESA INST OF ENGG AND TECH,PVT,CHITTOOR,PALAMNER,COED,JNTUA,ECE,95940.0,101462.0,148499.0,150776,135839.0,135839.0,129848.0,134514,146031.0,146031,121495.0,121495.0,125610.0,125610,112616.0,143556,109633.0,117286.0,43000
1109,MTIE,MOTHER THERESA INST OF ENGG AND TECH,PVT,CHITTOOR,PALAMNER,COED,JNTUA,EEE,151745.0,151745.0,151745.0,151745,151745.0,151745.0,151745.0,151745,151745.0,151745,999999.0,999999.0,151745.0,151745,151745.0,151745,124174.0,147678.0,43000
1110,SDTN,SIDDHARTH INSTITUTE OF ENGG. AND TECHNOLOGY,PVT,CHITTOOR,PUTTUR,COED,JNTUA,CAD,56464.0,56464.0,151738.0,151738,115865.0,115865.0,84214.0,94352,114117.0,114117,93869.0,93869.0,102552.0,110791,81095.0,83980,66190.0,64783.0,43000
1111,SDTN,SIDDHARTH INSTITUTE OF ENGG. AND TECHNOLOGY,PVT,CHITTOOR,PUTTUR,COED,JNTUA,CAI,49732.0,135441.0,143685.0,150098,148731.0,150076.0,69532.0,135441,80169.0,135441,80496.0,135441.0,70425.0,135441,49732.0,135441,55093.0,52836.0,43000
1112,SDTN,SIDDHARTH INSTITUTE OF ENGG. AND TECHNOLOGY,PVT,CHITTOOR,PUTTUR,COED,JNTUA,CCC,90710.0,90710.0,126007.0,126007,112407.0,122268.0,123364.0,123364,132524.0,147278,90710.0,90710.0,150539.0,150539,144192.0,145729,107336.0,99995.0,43000
1113,SDTN,SIDDHARTH INSTITUTE OF ENGG. AND TECHNOLOGY,PVT,CHITTOOR,PUTTUR,COED,JNTUA,CIC,75212.0,75212.0,139389.0,139389,84366.0,87791.0,80893.0,95008,122246.0,125756,75212.0,75212.0,137118.0,137118,103151.0,103151,85703.0,80237.0,43000
1114,SDTN,SIDDHARTH INSTITUTE OF ENGG. AND TECHNOLOGY,PVT,CHITTOOR,PUTTUR,COED,JNTUA,CIT,67553.0,67553.0,136379.0,151654,151411.0,151411.0,87461.0,87461,118718.0,118718,67553.0,107472.0,125663.0,125663,69436.0,69436,72009.0,77972.0,43000
1115,SDTN,SIDDHARTH INSTITUTE OF ENGG. AND TECHNOLOGY,PVT,CHITTOOR,PUTTUR,COED,JNTUA,CIV,144347.0,144347.0,151005.0,151005,144347.0,144347.0,144347.0,144347,144347.0,144347,144347.0,144347.0,144347.0,144347,144347.0,144347,145635.0,132162.0,43000
1116,SDTN,SIDDHARTH INSTITUTE OF ENGG. AND TECHNOLOGY,PVT,CHITTOOR,PUTTUR,COED,JNTUA,CSE,42666.0,42666.0,108073.0,129590,145888.0,148295.0,53186.0,55247,140530.0,140530,54276.0,63922.0,61029.0,61029,67633.0,73368,135978.0,46223.0,43000
1117,SDTN,SIDDHARTH INSTITUTE OF ENGG. AND TECHNOLOGY,PVT,CHITTOOR,PUTTUR,COED,JNTUA,CSM,140402.0,140402.0,150987.0,150987,148335.0,149722.0,140402.0,140402,140402.0,140402,140402.0,140402.0,140402.0,140402,140402.0,140402,59804.0,57591.0,43000
1118,SDTN,SIDDHARTH INSTITUTE OF ENGG. AND TECHNOLOGY,PVT,CHITTOOR,PUTTUR,COED,JNTUA,ECE,62327.0,62327.0,131886.0,140070,143754.0,145993.0,97854.0,128755,111312.0,132807,103552.0,103552.0,141778.0,141778,111020.0,138531,77206.0,78219.0,43000
1119,SDTN,SIDDHARTH INSTITUTE OF ENGG. AND TECHNOLOGY,PVT,CHITTOOR,PUTTUR,COED,JNTUA,EEE,112591.0,112591.0,140340.0,141074,135069.0,145998.0,150162.0,150162,138246.0,146726,112591.0,148338.0,147221.0,147221,112591.0,112591,140830.0,149210.0,43000
1120,SDTN,SIDDHARTH INSTITUTE OF ENGG. AND TECHNOLOGY,PVT,CHITTOOR,PUTTUR,COED,JNTUA,MEC,142392.0,147838.0,150844.0,150844,142392.0,147838.0,148916.0,148916,142392.0,147838,142392.0,147838.0,142392.0,147838,142392.0,147838,999999.0,999999.0,43000
1121,SEAT,SIDDARTHA EDNL ACADEMY GRP OF INSTNS,PVT,CHITTOOR,TIRUPATHI,COED,JNTUA,CAI,101733.0,101733.0,146085.0,146085,146564.0,146564.0,101733.0,143011,127368.0,127368,101733.0,101733.0,144181.0,144181,132275.0,132275,150166.0,150166.0,43000
1122,SEAT,SIDDARTHA EDNL ACADEMY GRP OF INSTNS,PVT,CHITTOOR,TIRUPATHI,COED,JNTUA,CIV,100314.0,100314.0,100314.0,100314,100314.0,100314.0,100314.0,100314,100314.0,100314,100314.0,100314.0,100314.0,100314,100314.0,100314,999999.0,999999.0,43000
1123,SEAT,SIDDARTHA EDNL ACADEMY GRP OF INSTNS,PVT,CHITTOOR,TIRUPATHI,COED,JNTUA,CSE,117915.0,117915.0,150783.0,150783,144960.0,148351.0,141327.0,141984,149897.0,149897,117915.0,126558.0,144883.0,144883,149636.0,149636,127552.0,145215.0,43000
1124,SEAT,SIDDARTHA EDNL ACADEMY GRP OF INSTNS,PVT,CHITTOOR,TIRUPATHI,COED,JNTUA,CSM,136734.0,139794.0,150023.0,150023,146987.0,146987.0,143128.0,143128,136734.0,139794,136734.0,139794.0,144560.0,144560,136734.0,139794,140570.0,127331.0,43000
1125,SEAT,SIDDARTHA EDNL ACADEMY GRP OF INSTNS,PVT,CHITTOOR,TIRUPATHI,COED,JNTUA,ECE,124771.0,124771.0,143624.0,143624,124771.0,124771.0,145994.0,145994,146279.0,150386,149197.0,149197.0,142907.0,142907,124771.0,124771,144879.0,147201.0,43000
1126,SEAT,SIDDARTHA EDNL ACADEMY GRP OF INSTNS,PVT,CHITTOOR,TIRUPATHI,COED,JNTUA,EEE,150525.0,150525.0,150525.0,150525,150525.0,150525.0,150525.0,150525,150525.0,150525,150525.0,150525.0,150525.0,150525,150525.0,150525,999999.0,999999.0,43000
1127,SEAT,SIDDARTHA EDNL ACADEMY GRP OF INSTNS,PVT,CHITTOOR,TIRUPATHI,COED,JNTUA,MEC,149439.0,149439.0,149439.0,149439,149439.0,149439.0,149439.0,149439,149439.0,149439,149439.0,149439.0,149439.0,149439,149439.0,149439,999999.0,999999.0,43000
1128,SIST,SIDDHARTHA INST OF SCI AND TECHNOLOGY,PVT,CHITTOOR,PUTTUR,COED,JNTUA,CAD,79517.0,111691.0,116405.0,140877,117656.0,117656.0,108931.0,127940,144446.0,150041,145427.0,145427.0,147228.0,147228,129465.0,147085,105881.0,117913.0,55660
1129,SIST,SIDDHARTHA INST OF SCI AND TECHNOLOGY,PVT,CHITTOOR,PUTTUR,COED,JNTUA,CIA,84335.0,141500.0,118485.0,141500,113434.0,141500.0,134471.0,141500,142949.0,143408,84335.0,141500.0,147687.0,147687,142125.0,142365,112577.0,134280.0,55660
1130,SIST,SIDDHARTHA INST OF SCI AND TECHNOLOGY,PVT,CHITTOOR,PUTTUR,COED,JNTUA,CSE,130642.0,130642.0,130642.0,143473,151599.0,151599.0,130642.0,130642,142856.0,142856,130642.0,130642.0,130642.0,130642,130642.0,130642,57021.0,52238.0,55660
1131,SIST,SIDDHARTHA INST OF SCI AND TECHNOLOGY,PVT,CHITTOOR,PUTTUR,COED,JNTUA,CSM,73119.0,98983.0,140117.0,140261,121321.0,121321.0,121945.0,126417,147289.0,149416,118723.0,118723.0,144477.0,144477,139015.0,139015,88496.0,92808.0,55660
1132,SIST,SIDDHARTHA INST OF SCI AND TECHNOLOGY,PVT,CHITTOOR,PUTTUR,COED,JNTUA,ECE,88337.0,90236.0,151625.0,151740,129270.0,129270.0,112464.0,137350,145194.0,145732,111862.0,111862.0,131808.0,148599,143828.0,147851,97918.0,100794.0,55660
1133,SIST,SIDDHARTHA INST OF SCI AND TECHNOLOGY,PVT,CHITTOOR,PUTTUR,COED,JNTUA,EEE,141038.0,141038.0,141407.0,141407,150228.0,150228.0,150407.0,150407,141038.0,141038,141038.0,141038.0,141038.0,141038,141038.0,141038,148154.0,148154.0,55660
1134,SIST,SIDDHARTHA INST OF SCI AND TECHNOLOGY,PVT,CHITTOOR,PUTTUR,COED,JNTUA,MEC,143401.0,143401.0,143401.0,143401,143401.0,143401.0,143401.0,143401,143401.0,143401,143401.0,143401.0,143401.0,143401,143401.0,143401,999999.0,999999.0,55660
1135,SRET,SREE RAMA ENGINEERING COLLEGE,PVT,CHITTOOR,TIRUPATHI,COED,JNTUA,AID,102113.0,102113.0,151659.0,151659,131105.0,141096.0,149377.0,149377,146105.0,147903,102113.0,102113.0,145759.0,145759,143265.0,143678,110705.0,134207.0,49170
1136,SRET,SREE RAMA ENGINEERING COLLEGE,PVT,CHITTOOR,TIRUPATHI,COED,JNTUA,CSE,83087.0,86850.0,150564.0,150564,146753.0,150432.0,134056.0,134056,143942.0,143942,124970.0,142010.0,125709.0,142573,142713.0,142713,106818.0,129535.0,49170
1137,SRET,SREE RAMA ENGINEERING COLLEGE,PVT,CHITTOOR,TIRUPATHI,COED,JNTUA,ECE,111370.0,111370.0,151549.0,151667,140739.0,140739.0,149184.0,150274,144743.0,147477,111370.0,111370.0,148807.0,148807,111370.0,111370,147733.0,148507.0,49170
1138,SRET,SREE RAMA ENGINEERING COLLEGE,PVT,CHITTOOR,TIRUPATHI,COED,JNTUA,EEE,95577.0,95577.0,95577.0,95577,95577.0,95577.0,95577.0,95577,95577.0,95577,95577.0,95577.0,95577.0,95577,95577.0,95577,999999.0,999999.0,49170
1139,SSCC,SRINIVASA INSTITUTE OF TECHNOLOGY AND MANG STUDIES,PVT,CHITTOOR,CHITTOOR,COED,JNTUA,CAI,116408.0,116408.0,151688.0,151688,149206.0,149206.0,143104.0,149344,149605.0,149605,116408.0,146654.0,149494.0,150218,149781.0,149781,146068.0,131397.0,43000
1140,SSCC,SRINIVASA INSTITUTE OF TECHNOLOGY AND MANG STUDIES,PVT,CHITTOOR,CHITTOOR,COED,JNTUA,CSD,128884.0,136614.0,150657.0,150657,135107.0,144929.0,150212.0,150212,150659.0,150659,128884.0,136614.0,128884.0,151002,148668.0,148668,132443.0,145330.0,43000
1141,SSCC,SRINIVASA INSTITUTE OF TECHNOLOGY AND MANG STUDIES,PVT,CHITTOOR,CHITTOOR,COED,JNTUA,CSE,79079.0,90811.0,142012.0,142012,142936.0,147779.0,103818.0,103818,122207.0,122207,101933.0,101933.0,135169.0,135169,136046.0,136046,88734.0,140461.0,43000
1142,SSCC,SRINIVASA INSTITUTE OF TECHNOLOGY AND MANG STUDIES,PVT,CHITTOOR,CHITTOOR,COED,JNTUA,CSM,148372.0,148372.0,149728.0,149728,148372.0,148372.0,150864.0,150864,148503.0,148503,148372.0,148372.0,148372.0,148372,148372.0,148372,150779.0,140569.0,43000
1143,SSCC,SRINIVASA INSTITUTE OF TECHNOLOGY AND MANG STUDIES,PVT,CHITTOOR,CHITTOOR,COED,JNTUA,ECE,129155.0,134015.0,151495.0,151495,129155.0,134015.0,148203.0,148911,146469.0,147722,129155.0,134015.0,150572.0,150572,143726.0,143726,147493.0,147912.0,43000
1144,SSCC,SRINIVASA INSTITUTE OF TECHNOLOGY AND MANG STUDIES,PVT,CHITTOOR,CHITTOOR,COED,JNTUA,EEE,115435.0,115435.0,115435.0,115435,115435.0,115435.0,115435.0,115435,115435.0,115435,115435.0,115435.0,115435.0,115435,115435.0,115435,999999.0,999999.0,43000
1145,SSCC,SRINIVASA INSTITUTE OF TECHNOLOGY AND MANG STUDIES,PVT,CHITTOOR,CHITTOOR,COED,JNTUA,MEC,139494.0,139494.0,139494.0,139494,139494.0,139494.0,139494.0,139494,139494.0,139494,139494.0,139494.0,139494.0,139494,139494.0,139494,999999.0,999999.0,43000
1146,SVCE,SRI VENKATESWARA COLL OF ENGINEERING,PVT,CHITTOOR,TIRUPATHI,COED,JNTUA,CIV,147141.0,147141.0,151491.0,151491,150759.0,150759.0,147141.0,148179,147141.0,147141,147141.0,147141.0,147141.0,147141,147247.0,147247,150155.0,129029.0,58080
1147,SVCE,SRI VENKATESWARA COLL OF ENGINEERING,PVT,CHITTOOR,TIRUPATHI,COED,JNTUA,CSC,27863.0,27863.0,105192.0,105192,110616.0,120345.0,49513.0,49513,43521.0,45981,27863.0,83499.0,40687.0,40687,63787.0,63851,29349.0,28921.0,58080
1148,SVCE,SRI VENKATESWARA COLL OF ENGINEERING,PVT,CHITTOOR,TIRUPATHI,COED,JNTUA,CSD,24349.0,24349.0,88777.0,99943,136003.0,136003.0,43017.0,47304,38853.0,43000,24349.0,24349.0,38450.0,38450,59404.0,63694,26781.0,25687.0,58080
1149,SVCE,SRI VENKATESWARA COLL OF ENGINEERING,PVT,CHITTOOR,TIRUPATHI,COED,JNTUA,CSE,21875.0,21875.0,63795.0,77627,110170.0,111371.0,33751.0,33751,34208.0,34208,144983.0,144983.0,25782.0,28530,38946.0,38946,23046.0,23554.0,58080
1150,SVCE,SRI VENKATESWARA COLL OF ENGINEERING,PVT,CHITTOOR,TIRUPATHI,COED,JNTUA,CSM,23830.0,23830.0,96873.0,102260,149040.0,149040.0,40092.0,46681,38228.0,40937,34036.0,34036.0,36649.0,36649,44152.0,45810,26891.0,26931.0,58080
1151,SVCE,SRI VENKATESWARA COLL OF ENGINEERING,PVT,CHITTOOR,TIRUPATHI,COED,JNTUA,ECE,36136.0,36136.0,114188.0,123665,151557.0,151557.0,57230.0,57230,57323.0,57323,55018.0,75649.0,72092.0,72092,79861.0,79861,43716.0,43827.0,58080
1152,SVCE,SRI VENKATESWARA COLL OF ENGINEERING,PVT,CHITTOOR,TIRUPATHI,COED,JNTUA,EEE,91038.0,91038.0,151470.0,151704,137043.0,149630.0,122848.0,147189,149262.0,149262,126257.0,126257.0,138924.0,138924,150388.0,150388,132380.0,141163.0,58080
1153,SVCE,SRI VENKATESWARA COLL OF ENGINEERING,PVT,CHITTOOR,TIRUPATHI,COED,JNTUA,INF,35184.0,35184.0,121301.0,142951,148274.0,148274.0,64702.0,64702,61732.0,62893,59526.0,61340.0,56564.0,68133,92564.0,92564,42655.0,44317.0,58080
1154,SVCE,SRI VENKATESWARA COLL OF ENGINEERING,PVT,CHITTOOR,TIRUPATHI,COED,JNTUA,MEC,122049.0,122049.0,151585.0,151585,149995.0,149995.0,148947.0,148947,150168.0,150168,122049.0,122049.0,149814.0,149814,122049.0,122049,148382.0,148382.0,58080
1155,SVCT,SRI VENKATESWARA COLLEGE OF ENGG. AND TECHNOLOGY,PVT,CHITTOOR,CHITTOOR,COED,JNTUA,CAI,114125.0,114125.0,124367.0,124367,135578.0,135578.0,114125.0,114125,114125.0,141138,114125.0,114125.0,114125.0,114125,114125.0,114125,64319.0,61979.0,52800
1156,SVCT,SRI VENKATESWARA COLLEGE OF ENGG. AND TECHNOLOGY,PVT,CHITTOOR,CHITTOOR,COED,JNTUA,CIV,149586.0,149586.0,149586.0,149586,149586.0,149586.0,149586.0,149586,149586.0,149586,149586.0,149586.0,149586.0,149586,149586.0,149586,999999.0,999999.0,52800
1157,SVCT,SRI VENKATESWARA COLLEGE OF ENGG. AND TECHNOLOGY,PVT,CHITTOOR,CHITTOOR,COED,JNTUA,CSB,90410.0,125790.0,150616.0,150616,118885.0,125790.0,135233.0,135233,149055.0,149055,90410.0,125790.0,146574.0,146574,112352.0,125790,103085.0,147744.0,52800
1158,SVCT,SRI VENKATESWARA COLLEGE OF ENGG. AND TECHNOLOGY,PVT,CHITTOOR,CHITTOOR,COED,JNTUA,CSC,65847.0,90009.0,146266.0,150173,70695.0,90082.0,88802.0,99191,92288.0,146845,65847.0,90009.0,129775.0,137313,119287.0,119287,70316.0,82200.0,52800
1159,SVCT,SRI VENKATESWARA COLLEGE OF ENGG. AND TECHNOLOGY,PVT,CHITTOOR,CHITTOOR,COED,JNTUA,CSD,74716.0,128819.0,148989.0,151487,151715.0,151715.0,101807.0,128819,116081.0,141351,110623.0,128819.0,125034.0,128819,126021.0,128819,83654.0,83919.0,52800
1160,SVCT,SRI VENKATESWARA COLLEGE OF ENGG. AND TECHNOLOGY,PVT,CHITTOOR,CHITTOOR,COED,JNTUA,CSE,75391.0,75391.0,136001.0,136001,135431.0,139656.0,75391.0,141572,116474.0,116474,75391.0,75391.0,75391.0,84840,147362.0,147362,124859.0,55182.0,52800
1161,SVCT,SRI VENKATESWARA COLLEGE OF ENGG. AND TECHNOLOGY,PVT,CHITTOOR,CHITTOOR,COED,JNTUA,CSM,98219.0,98219.0,146214.0,151217,139812.0,151222.0,103635.0,126162,116190.0,116507,98219.0,98219.0,105408.0,131322,131319.0,131319,77407.0,72869.0,52800
1162,SVCT,SRI VENKATESWARA COLLEGE OF ENGG. AND TECHNOLOGY,PVT,CHITTOOR,CHITTOOR,COED,JNTUA,CSO,112536.0,143086.0,118388.0,145234,118971.0,143086.0,146033.0,146033,129480.0,148043,112536.0,143086.0,140399.0,147767,145985.0,145985,109097.0,145949.0,52800
1163,SVCT,SRI VENKATESWARA COLLEGE OF ENGG. AND TECHNOLOGY,PVT,CHITTOOR,CHITTOOR,COED,JNTUA,EBM,150884.0,150884.0,150884.0,150884,150884.0,150884.0,150884.0,150884,150884.0,150884,150884.0,150884.0,150884.0,150884,150884.0,150884,999999.0,999999.0,52800
1164,SVCT,SRI VENKATESWARA COLLEGE OF ENGG. AND TECHNOLOGY,PVT,CHITTOOR,CHITTOOR,COED,JNTUA,ECE,108103.0,108103.0,151588.0,151588,108103.0,108103.0,131816.0,142519,116716.0,150277,133924.0,133924.0,148660.0,148660,139270.0,139270,87812.0,94733.0,52800
1165,SVCT,SRI VENKATESWARA COLLEGE OF ENGG. AND TECHNOLOGY,PVT,CHITTOOR,CHITTOOR,COED,JNTUA,EEE,129228.0,129228.0,142708.0,142708,129228.0,129228.0,147129.0,147129,129228.0,129228,129228.0,129228.0,129228.0,129228,148625.0,148625,145270.0,145270.0,52800
1166,SVCT,SRI VENKATESWARA COLLEGE OF ENGG. AND TECHNOLOGY,PVT,CHITTOOR,CHITTOOR,COED,JNTUA,INF,134897.0,136714.0,151544.0,151544,134897.0,136714.0,134897.0,149352,149136.0,149136,134897.0,136714.0,148597.0,151078,144687.0,145527,122185.0,148549.0,52800
1167,SVCT,SRI VENKATESWARA COLLEGE OF ENGG. AND TECHNOLOGY,PVT,CHITTOOR,CHITTOOR,COED,JNTUA,MEC,146731.0,146731.0,146731.0,146731,146731.0,146731.0,146731.0,146731,146731.0,146731,146731.0,146731.0,146731.0,146731,146731.0,146731,999999.0,999999.0,52800
1168,SVPP,SRI VENKATESA PERUMAL COLLEGE OF ENGG. AND TECH,PVT,CHITTOOR,PUTTUR,COED,JNTUA,CAI,110724.0,122326.0,144637.0,146949,136986.0,136986.0,129756.0,135927,142242.0,142242,110724.0,122326.0,137042.0,150466,118498.0,145037,136215.0,142517.0,43000
1169,SVPP,SRI VENKATESA PERUMAL COLLEGE OF ENGG. AND TECH,PVT,CHITTOOR,PUTTUR,COED,JNTUA,CIV,148452.0,148452.0,149445.0,149445,148452.0,148452.0,148452.0,148452,148452.0,148452,148452.0,148452.0,148452.0,148452,148452.0,148452,999999.0,999999.0,43000
1170,SVPP,SRI VENKATESA PERUMAL COLLEGE OF ENGG. AND TECH,PVT,CHITTOOR,PUTTUR,COED,JNTUA,CSE,84869.0,101027.0,140190.0,140190,146633.0,150842.0,112857.0,112857,128189.0,146358,84869.0,148436.0,145586.0,145586,125513.0,134514,105585.0,123526.0,43000
1171,SVPP,SRI VENKATESA PERUMAL COLLEGE OF ENGG. AND TECH,PVT,CHITTOOR,PUTTUR,COED,JNTUA,CSM,107470.0,107470.0,141767.0,144968,144830.0,144830.0,142303.0,145284,145358.0,149635,107470.0,107470.0,150320.0,150320,135793.0,135793,127227.0,143928.0,43000
1172,SVPP,SRI VENKATESA PERUMAL COLLEGE OF ENGG. AND TECH,PVT,CHITTOOR,PUTTUR,COED,JNTUA,ECE,104977.0,105351.0,151729.0,151729,150562.0,150562.0,146232.0,146232,150634.0,150634,122406.0,122406.0,143538.0,146478,140800.0,140800,141377.0,146100.0,43000
1173,SVPP,SRI VENKATESA PERUMAL COLLEGE OF ENGG. AND TECH,PVT,CHITTOOR,PUTTUR,COED,JNTUA,EEE,140181.0,140181.0,149561.0,149561,140181.0,140181.0,150727.0,150727,140181.0,140181,140181.0,140181.0,140181.0,140181,140181.0,140181,146712.0,146712.0,43000
1174,SVPP,SRI VENKATESA PERUMAL COLLEGE OF ENGG. AND TECH,PVT,CHITTOOR,PUTTUR,COED,JNTUA,MEC,121126.0,121126.0,121126.0,121126,121126.0,121126.0,121126.0,121126,121126.0,121126,121126.0,121126.0,121126.0,121126,121126.0,121126,999999.0,999999.0,43000
1175,SVUC,S V U COLLEGE OF ENGG. TIRUPATHI,UNIV,CHITTOOR,TIRUPATHI,COED,SVU,CHE,84713.0,84713.0,133930.0,147820,120710.0,120710.0,135017.0,139753,147180.0,147180,105747.0,105747.0,108573.0,108573,140000.0,140000,110198.0,98002.0,29940
1176,SVUC,S V U COLLEGE OF ENGG. TIRUPATHI,UNIV,CHITTOOR,TIRUPATHI,COED,SVU,CIV,70053.0,70053.0,94483.0,109221,78489.0,78489.0,70053.0,77137,121609.0,121609,70053.0,70053.0,138442.0,138442,117554.0,117554,93659.0,109530.0,29940
1177,SVUC,S V U COLLEGE OF ENGG. TIRUPATHI,UNIV,CHITTOOR,TIRUPATHI,COED,SVU,CSE,6889.0,6889.0,14912.0,14912,31171.0,31171.0,7459.0,7459,7346.0,7346,6889.0,6889.0,6889.0,6889,6889.0,6889,4648.0,7583.0,29940
1178,SVUC,S V U COLLEGE OF ENGG. TIRUPATHI,UNIV,CHITTOOR,TIRUPATHI,COED,SVU,ECE,9967.0,9967.0,25195.0,25195,37827.0,37827.0,11076.0,11076,9967.0,9967,9967.0,9967.0,13508.0,13508,43127.0,43127,10970.0,7803.0,29940
1179,SVUC,S V U COLLEGE OF ENGG. TIRUPATHI,UNIV,CHITTOOR,TIRUPATHI,COED,SVU,EEE,17061.0,17061.0,47482.0,47482,67386.0,67386.0,31266.0,31266,41568.0,56273,117496.0,117496.0,22315.0,46027,52502.0,57662,32455.0,40386.0,29940
1180,SVUC,S V U COLLEGE OF ENGG. TIRUPATHI,UNIV,CHITTOOR,TIRUPATHI,COED,SVU,MEC,57223.0,57223.0,76480.0,142506,103856.0,136926.0,134651.0,141918,130890.0,130890,57223.0,57223.0,141555.0,141555,101070.0,117840,76395.0,80153.0,29940
1181,SVUCSS,S V U COLLEGE OF ENGG. -SELF SUPPORTING-TIRUPATHI,SS,CHITTOOR,TIRUPATHI,COED,SVU,CAI,49394.0,49394.0,150286.0,150286,132884.0,132884.0,133651.0,133651,131479.0,131479,49394.0,75356.0,146638.0,146638,135445.0,137471,122507.0,73146.0,149940
1182,SVUCSS,S V U COLLEGE OF ENGG. -SELF SUPPORTING-TIRUPATHI,SS,CHITTOOR,TIRUPATHI,COED,SVU,CSE,60126.0,99624.0,136717.0,136717,101067.0,139179.0,76124.0,99624,60126.0,99624,60126.0,99624.0,145990.0,145990,64876.0,99624,111035.0,73186.0,149940
1183,SVUCSS,S V U COLLEGE OF ENGG. -SELF SUPPORTING-TIRUPATHI,SS,CHITTOOR,TIRUPATHI,COED,SVU,ECE,122716.0,122716.0,138268.0,138268,144154.0,144154.0,124833.0,124833,127623.0,127623,122716.0,122716.0,122716.0,122716,122716.0,122716,110841.0,110841.0,149940
1184,SVUPSF,S V UNIVERSITY COLLEGE OF SCIENCES-SELF FINANCE,SF,CHITTOOR,TIRUPATHI,COED,SVU,PHM,125417.0,125417.0,125417.0,125417,125417.0,125417.0,125417.0,125417,125417.0,125417,125417.0,125417.0,125417.0,125417,125417.0,125417,999999.0,999999.0,46000
1185,VEMU,VEMU INSTITUTE OF TECHNOLOGY,PVT,CHITTOOR,CHITTOOR,COED,JNTUA,CAI,48372.0,48372.0,127576.0,138027,139710.0,139710.0,64417.0,64417,89660.0,98045,120765.0,120765.0,96618.0,96618,96345.0,96345,63925.0,62572.0,43000
1186,VEMU,VEMU INSTITUTE OF TECHNOLOGY,PVT,CHITTOOR,CHITTOOR,COED,JNTUA,CIT,73242.0,73242.0,142074.0,142074,145742.0,151086.0,105365.0,117763,99775.0,107561,73242.0,73242.0,97320.0,115575,123343.0,123343,82624.0,84641.0,43000
1187,VEMU,VEMU INSTITUTE OF TECHNOLOGY,PVT,CHITTOOR,CHITTOOR,COED,JNTUA,CIV,133826.0,133826.0,151034.0,151034,139629.0,140318.0,145483.0,145483,149273.0,149273,133826.0,133826.0,145129.0,145129,147449.0,147449,147798.0,147798.0,43000
1188,VEMU,VEMU INSTITUTE OF TECHNOLOGY,PVT,CHITTOOR,CHITTOOR,COED,JNTUA,CSE,116446.0,116446.0,126139.0,126139,151730.0,151730.0,116446.0,116446,120063.0,120063,116446.0,116446.0,116446.0,116446,122543.0,122543,68057.0,66722.0,43000
1189,VEMU,VEMU INSTITUTE OF TECHNOLOGY,PVT,CHITTOOR,CHITTOOR,COED,JNTUA,ECE,92719.0,92719.0,150899.0,151246,151385.0,151385.0,110407.0,110407,129417.0,133613,127568.0,127568.0,146339.0,146339,133332.0,133332,105050.0,97487.0,43000
1190,VEMU,VEMU INSTITUTE OF TECHNOLOGY,PVT,CHITTOOR,CHITTOOR,COED,JNTUA,EEE,123308.0,123308.0,151514.0,151514,123308.0,144544.0,130134.0,140718,146182.0,149620,123308.0,123308.0,144758.0,144758,144264.0,144264,147729.0,133055.0,43000
1191,VEMU,VEMU INSTITUTE OF TECHNOLOGY,PVT,CHITTOOR,CHITTOOR,COED,JNTUA,MEC,126490.0,126490.0,139769.0,139769,145995.0,145995.0,146564.0,147442,142984.0,142984,126490.0,126490.0,126490.0,126490,126490.0,126490,141942.0,144418.0,43000
1192,VISM,VISWAM ENGINEERING COLLEGE,PVT,CHITTOOR,MADANAPALLE,COED,JNTUA,AID,92322.0,92322.0,119666.0,141014,123930.0,123930.0,129424.0,135129,146038.0,146038,92322.0,92322.0,122324.0,125151,148800.0,148800,108574.0,117022.0,43000
1193,VISM,VISWAM ENGINEERING COLLEGE,PVT,CHITTOOR,MADANAPALLE,COED,JNTUA,CIV,149700.0,149700.0,149700.0,149700,149700.0,149700.0,149700.0,149700,149700.0,149700,149700.0,149700.0,149700.0,149700,149700.0,149700,999999.0,999999.0,43000
1194,VISM,VISWAM ENGINEERING COLLEGE,PVT,CHITTOOR,MADANAPALLE,COED,JNTUA,CSE,73761.0,73761.0,147332.0,149738,145513.0,145513.0,92777.0,106309,111546.0,111546,73761.0,73761.0,139095.0,139095,97757.0,99344,91883.0,105388.0,43000
1195,VISM,VISWAM ENGINEERING COLLEGE,PVT,CHITTOOR,MADANAPALLE,COED,JNTUA,ECE,114955.0,114955.0,145494.0,149223,147419.0,147419.0,145295.0,145295,150081.0,150081,143582.0,143582.0,142070.0,145622,147590.0,147590,142047.0,137953.0,43000
1196,VISM,VISWAM ENGINEERING COLLEGE,PVT,CHITTOOR,MADANAPALLE,COED,JNTUA,EEE,149500.0,149500.0,149500.0,149500,149500.0,149500.0,149500.0,149500,149500.0,149500,149500.0,149500.0,149500.0,149500,149500.0,150557,147702.0,147702.0,43000
1197,VISM,VISWAM ENGINEERING COLLEGE,PVT,CHITTOOR,MADANAPALLE,COED,JNTUA,MEC,149409.0,149409.0,149409.0,149409,149409.0,149409.0,149409.0,149409,149409.0,149409,149409.0,149409.0,149409.0,149409,149409.0,149409,999999.0,999999.0,43000
1198,AITK,ANNAMACHARYA INST OF TECH AND SCI,PVT,KADAPA,KADAPA,COED,JNTUA,AID,81471.0,81471.0,151230.0,151230,81471.0,81471.0,125916.0,125916,138019.0,138019,81471.0,81471.0,131186.0,131186,91269.0,93753,87474.0,102983.0,56650
1199,AITK,ANNAMACHARYA INST OF TECH AND SCI,PVT,KADAPA,KADAPA,COED,JNTUA,CIV,140774.0,140774.0,140774.0,140774,140774.0,140774.0,140774.0,140774,140774.0,140774,140774.0,140774.0,140774.0,140774,140774.0,140774,999999.0,999999.0,56650
1200,AITK,ANNAMACHARYA INST OF TECH AND SCI,PVT,KADAPA,KADAPA,COED,JNTUA,CSE,121611.0,121611.0,143014.0,146913,130289.0,130526.0,121611.0,146057,121611.0,121818,121611.0,121611.0,137424.0,141533,121611.0,121611,73627.0,77847.0,56650
1201,AITK,ANNAMACHARYA INST OF TECH AND SCI,PVT,KADAPA,KADAPA,COED,JNTUA,CSM,74696.0,74696.0,140175.0,140175,136142.0,136142.0,125771.0,125771,126916.0,126916,74696.0,74696.0,119046.0,119046,80852.0,80852,78196.0,72206.0,56650
1202,AITK,ANNAMACHARYA INST OF TECH AND SCI,PVT,KADAPA,KADAPA,COED,JNTUA,ECE,74894.0,98946.0,147427.0,151017,149877.0,149877.0,129809.0,149390,149543.0,149874,110397.0,110397.0,140807.0,146304,102186.0,139443,100707.0,103819.0,56650
1203,AITK,ANNAMACHARYA INST OF TECH AND SCI,PVT,KADAPA,KADAPA,COED,JNTUA,EEE,147955.0,147955.0,147955.0,151083,147955.0,147955.0,147955.0,147955,147955.0,147955,147955.0,147955.0,149770.0,149770,147955.0,147955,999999.0,999999.0,56650
1204,AITK,ANNAMACHARYA INST OF TECH AND SCI,PVT,KADAPA,KADAPA,COED,JNTUA,MEC,114693.0,114693.0,114693.0,114693,114693.0,114693.0,114693.0,114693,114693.0,114693,114693.0,114693.0,114693.0,114693,114693.0,114693,999999.0,999999.0,56650
1205,AITS,ANNAMACHARYA INST OF TECHNOLOGY AND SCIENCES,PVT,KADAPA,RAJAMPETA,COED,JNTUA,AID,84532.0,84532.0,150403.0,150403,84532.0,84532.0,84532.0,84532,85665.0,85957,92190.0,92190.0,92589.0,98380,84532.0,93345,66580.0,67063.0,75570
1206,AITS,ANNAMACHARYA INST OF TECHNOLOGY AND SCIENCES,PVT,KADAPA,RAJAMPETA,COED,JNTUA,AIM,54082.0,54082.0,136661.0,144827,62364.0,62455.0,73200.0,85675,82006.0,82006,54082.0,125927.0,123961.0,123961,108414.0,108414,59840.0,54349.0,75570
1207,AITS,ANNAMACHARYA INST OF TECHNOLOGY AND SCIENCES,PVT,KADAPA,RAJAMPETA,COED,JNTUA,CAI,43115.0,82849.0,138821.0,143946,45240.0,82849.0,81972.0,82849,62283.0,145229,43115.0,82849.0,68436.0,82849,87262.0,87262,52339.0,52235.0,75570
1208,AITS,ANNAMACHARYA INST OF TECHNOLOGY AND SCIENCES,PVT,KADAPA,RAJAMPETA,COED,JNTUA,CIV,144878.0,144878.0,144878.0,144878,144878.0,144878.0,144878.0,148000,144878.0,144878,144878.0,144878.0,144878.0,144878,144878.0,144878,136532.0,128351.0,75570
1209,AITS,ANNAMACHARYA INST OF TECHNOLOGY AND SCIENCES,PVT,KADAPA,RAJAMPETA,COED,JNTUA,CSD,54476.0,54476.0,142630.0,149230,138648.0,151132.0,54540.0,72058,66755.0,72263,70651.0,70651.0,74919.0,110371,71311.0,71311,48764.0,49490.0,75570
1210,AITS,ANNAMACHARYA INST OF TECHNOLOGY AND SCIENCES,PVT,KADAPA,RAJAMPETA,COED,JNTUA,CSE,111608.0,111608.0,111608.0,114022,131088.0,134387.0,111608.0,111608,111608.0,111608,111608.0,111608.0,111608.0,111608,111608.0,111608,32483.0,33109.0,75570
1211,AITS,ANNAMACHARYA INST OF TECHNOLOGY AND SCIENCES,PVT,KADAPA,RAJAMPETA,COED,JNTUA,ECE,48897.0,48897.0,135912.0,147831,144258.0,147938.0,145284.0,145284,84489.0,84489,81873.0,98643.0,97473.0,97473,84124.0,84124,59232.0,59469.0,75570
1212,AITS,ANNAMACHARYA INST OF TECHNOLOGY AND SCIENCES,PVT,KADAPA,RAJAMPETA,COED,JNTUA,EEE,135630.0,135630.0,139737.0,150882,145133.0,145133.0,147348.0,147348,150903.0,150903,136258.0,136258.0,148070.0,148070,144140.0,145297,143506.0,125416.0,75570
1213,AITS,ANNAMACHARYA INST OF TECHNOLOGY AND SCIENCES,PVT,KADAPA,RAJAMPETA,COED,JNTUA,MEC,108408.0,124374.0,142649.0,142649,108408.0,124374.0,108408.0,124374,108408.0,124374,108408.0,124374.0,133701.0,133701,150517.0,150517,146174.0,146174.0,75570
1214,ANMB,ACHARYA COLLEGE OF ENGINEERING,PVT,KADAPA,BADVEL,COED,JNTUA,CSE,77864.0,77864.0,77864.0,77864,77864.0,77864.0,77864.0,77864,77864.0,77864,77864.0,77864.0,77864.0,77864,77864.0,77864,999999.0,999999.0,43000
1215,ANMB,ACHARYA COLLEGE OF ENGINEERING,PVT,KADAPA,BADVEL,COED,JNTUA,ECE,132258.0,132258.0,132258.0,132258,132258.0,132258.0,132258.0,132258,132258.0,132258,132258.0,132258.0,132258.0,132258,132258.0,132258,999999.0,999999.0,43000
1216,BITS,BHASKAR INSTITUTE OF TECHNOLOGY & SCIENCE,PVT,KADAPA,RAYACHOTY,COED,JNTUA,AI,141037.0,141037.0,141037.0,141037,141037.0,141037.0,141037.0,141037,141037.0,141037,141037.0,141037.0,141037.0,141037,141037.0,141037,999999.0,999999.0,43000
1217,BITS,BHASKAR INSTITUTE OF TECHNOLOGY & SCIENCE,PVT,KADAPA,RAYACHOTY,COED,JNTUA,CSE,146098.0,146098.0,151001.0,151001,146098.0,146098.0,146098.0,146098,146098.0,146098,146098.0,146098.0,146098.0,146098,146098.0,146098,999999.0,999999.0,43000
1218,CBIT,CHAITANYA BHARATHI INSTITUTE OF TECHNOLOGY,PVT,KADAPA,PALLAVOLU,COED,JNTUA,CAI,96460.0,96460.0,141072.0,141072,143745.0,143745.0,148414.0,148414,145094.0,150550,150933.0,150933.0,151027.0,151027,125437.0,138221,137721.0,147231.0,43000
1219,CBIT,CHAITANYA BHARATHI INSTITUTE OF TECHNOLOGY,PVT,KADAPA,PALLAVOLU,COED,JNTUA,CIV,41740.0,41740.0,41740.0,41740,41740.0,41740.0,41740.0,41740,41740.0,41740,41740.0,41740.0,41740.0,41740,41740.0,41740,999999.0,999999.0,43000
1220,CBIT,CHAITANYA BHARATHI INSTITUTE OF TECHNOLOGY,PVT,KADAPA,PALLAVOLU,COED,JNTUA,CSD,98592.0,98592.0,127206.0,150368,133397.0,133397.0,135794.0,135794,131559.0,144358,98592.0,98592.0,142829.0,149820,149496.0,149496,123080.0,124862.0,43000
1221,CBIT,CHAITANYA BHARATHI INSTITUTE OF TECHNOLOGY,PVT,KADAPA,PALLAVOLU,COED,JNTUA,CSE,64198.0,64198.0,151329.0,151329,150950.0,150950.0,114696.0,116241,114380.0,114380,112366.0,112366.0,129744.0,129744,76976.0,78892,87557.0,84718.0,43000
1222,CBIT,CHAITANYA BHARATHI INSTITUTE OF TECHNOLOGY,PVT,KADAPA,PALLAVOLU,COED,JNTUA,CSM,81692.0,81692.0,148727.0,148727,124924.0,124924.0,130324.0,145532,147884.0,147884,81692.0,105571.0,148191.0,148191,112172.0,142931,130631.0,145737.0,43000
1223,CBIT,CHAITANYA BHARATHI INSTITUTE OF TECHNOLOGY,PVT,KADAPA,PALLAVOLU,COED,JNTUA,ECE,112752.0,134139.0,148410.0,148410,134745.0,150152.0,141605.0,148294,149466.0,149466,112752.0,134139.0,133136.0,134139,147849.0,147849,150409.0,143772.0,43000
1224,CBIT,CHAITANYA BHARATHI INSTITUTE OF TECHNOLOGY,PVT,KADAPA,PALLAVOLU,COED,JNTUA,EEE,137099.0,137099.0,142682.0,142682,137099.0,137099.0,137099.0,137099,137099.0,137099,137099.0,137099.0,137099.0,137099,137664.0,137664,999999.0,999999.0,43000
1225,GTMW,GOUTHAMI INST OF TECHNOLOGY MGMT FOR WOMEN,PVT,KADAPA,PRODDATUR,GIRLS,JNTUA,CSE,120814.0,120814.0,151564.0,151564,120814.0,120814.0,151249.0,151249,146359.0,146359,999999.0,999999.0,148517.0,148517,139332.0,139332,141352.0,141352.0,43000
1226,GTMW,GOUTHAMI INST OF TECHNOLOGY MGMT FOR WOMEN,PVT,KADAPA,PRODDATUR,GIRLS,JNTUA,CSM,150709.0,150709.0,150709.0,150709,150709.0,150709.0,150709.0,150709,150709.0,150709,999999.0,999999.0,150709.0,150709,150709.0,150709,999999.0,999999.0,43000
1227,GTMW,GOUTHAMI INST OF TECHNOLOGY MGMT FOR WOMEN,PVT,KADAPA,PRODDATUR,GIRLS,JNTUA,ECE,112571.0,112571.0,149174.0,149174,126653.0,126653.0,150073.0,150073,142000.0,142000,999999.0,999999.0,147979.0,147979,112571.0,112571,135484.0,135484.0,43000
1228,GTMW,GOUTHAMI INST OF TECHNOLOGY MGMT FOR WOMEN,PVT,KADAPA,PRODDATUR,GIRLS,JNTUA,EEE,82275.0,82275.0,82275.0,82275,82275.0,82275.0,82275.0,82275,82275.0,82275,999999.0,999999.0,82275.0,82275,82275.0,82275,999999.0,999999.0,43000
1229,JNTP,JNTUA COLLEGE OF ENGG PULIVENDULA,UNIV,KADAPA,PULIVENDULA,COED,JNTUA,CIV,83993.0,83993.0,137964.0,137964,147949.0,147949.0,133041.0,140643,144598.0,148809,83993.0,83993.0,144771.0,144771,133192.0,133192,143314.0,120264.0,10000
1230,JNTP,JNTUA COLLEGE OF ENGG PULIVENDULA,UNIV,KADAPA,PULIVENDULA,COED,JNTUA,CSE,13701.0,13701.0,29683.0,38713,54910.0,56931.0,14681.0,14681,17711.0,17711,33574.0,51474.0,21474.0,21474,20401.0,20401,15539.0,15546.0,10000
1231,JNTP,JNTUA COLLEGE OF ENGG PULIVENDULA,UNIV,KADAPA,PULIVENDULA,COED,JNTUA,ECE,18552.0,21302.0,46717.0,46717,70932.0,70932.0,24327.0,34513,22607.0,35485,18552.0,21302.0,25073.0,55703,28278.0,28278,25231.0,16107.0,10000
1232,JNTP,JNTUA COLLEGE OF ENGG PULIVENDULA,UNIV,KADAPA,PULIVENDULA,COED,JNTUA,EEE,40902.0,49163.0,115250.0,115250,89572.0,93207.0,126681.0,126681,95422.0,147513,40902.0,49163.0,142344.0,142344,122469.0,141291,80094.0,85195.0,10000
1233,JNTP,JNTUA COLLEGE OF ENGG PULIVENDULA,UNIV,KADAPA,PULIVENDULA,COED,JNTUA,MEC,95591.0,95591.0,151569.0,151569,142042.0,143731.0,146121.0,149506,137192.0,146229,146458.0,146458.0,119520.0,119520,133424.0,136693,130741.0,143867.0,10000
1234,KLMW,KANDULA LAKSHUMMA MEMORIAL COLLEGE OF ENGG FOR WOMEN,PVT,KADAPA,KADAPA,GIRLS,JNTUA,AID,141508.0,141508.0,147720.0,147720,141508.0,141508.0,141508.0,141508,141508.0,141508,999999.0,999999.0,141508.0,141508,141508.0,141508,145967.0,145967.0,43000
1235,KLMW,KANDULA LAKSHUMMA MEMORIAL COLLEGE OF ENGG FOR WOMEN,PVT,KADAPA,KADAPA,GIRLS,JNTUA,AIM,149281.0,149281.0,149281.0,149281,149281.0,149281.0,149281.0,149281,149281.0,149281,999999.0,999999.0,149281.0,149281,149281.0,149281,999999.0,999999.0,43000
1236,KLMW,KANDULA LAKSHUMMA MEMORIAL COLLEGE OF ENGG FOR WOMEN,PVT,KADAPA,KADAPA,GIRLS,JNTUA,CSE,93213.0,93213.0,149240.0,149240,150934.0,150934.0,141614.0,141614,150222.0,150222,148380.0,148380.0,128965.0,128965,123650.0,123650,140668.0,140668.0,43000
1237,KLMW,KANDULA LAKSHUMMA MEMORIAL COLLEGE OF ENGG FOR WOMEN,PVT,KADAPA,KADAPA,GIRLS,JNTUA,ECE,145619.0,145619.0,145619.0,145619,145619.0,145619.0,150528.0,150528,150829.0,150829,999999.0,999999.0,149141.0,149141,145619.0,145619,147497.0,147497.0,43000
1238,KORM,KANDULA OBUL REDDY MEMORIAL COLL. OF ENGG.,PVT,KADAPA,KADAPA,COED,JNTUA,AIM,109157.0,109157.0,109157.0,109157,109157.0,109157.0,109157.0,109157,109157.0,109157,109157.0,109157.0,109157.0,109157,109157.0,109157,999999.0,999999.0,43000
1239,KORM,KANDULA OBUL REDDY MEMORIAL COLL. OF ENGG.,PVT,KADAPA,KADAPA,COED,JNTUA,CSE,102697.0,149881.0,151592.0,151592,110425.0,149881.0,140433.0,149881,142119.0,149881,102697.0,149881.0,142629.0,149881,148628.0,149881,144957.0,141877.0,43000
1240,KORM,KANDULA OBUL REDDY MEMORIAL COLL. OF ENGG.,PVT,KADAPA,KADAPA,COED,JNTUA,ECE,121982.0,121982.0,128225.0,128225,121982.0,121982.0,150586.0,150586,121982.0,121982,121982.0,121982.0,121982.0,121982,150812.0,150812,132879.0,130976.0,43000
1241,KSRM,K S R M COLLEGE OF ENGINEERING,PVT,KADAPA,KADAPA,COED,JNTUA,AIM,55650.0,128892.0,121202.0,128892,128089.0,139452.0,77477.0,128892,93697.0,128892,118529.0,128892.0,118644.0,143006,96891.0,128892,76635.0,77386.0,62370
1242,KSRM,K S R M COLLEGE OF ENGINEERING,PVT,KADAPA,KADAPA,COED,JNTUA,CIV,150302.0,150302.0,151363.0,151363,150302.0,150302.0,150302.0,150302,150302.0,150302,150302.0,150302.0,150302.0,150302,150302.0,150302,999999.0,999999.0,62370
1243,KSRM,K S R M COLLEGE OF ENGINEERING,PVT,KADAPA,KADAPA,COED,JNTUA,CSE,46794.0,46794.0,117191.0,125458,146856.0,147272.0,78947.0,78947,76204.0,76204,78130.0,78130.0,74461.0,74461,63109.0,63109,51620.0,52162.0,62370
1244,KSRM,K S R M COLLEGE OF ENGINEERING,PVT,KADAPA,KADAPA,COED,JNTUA,ECE,66460.0,66460.0,136965.0,139559,151466.0,151466.0,131538.0,131538,130218.0,132254,111581.0,111581.0,123687.0,123687,85816.0,148642,85480.0,84231.0,62370
1245,KSRM,K S R M COLLEGE OF ENGINEERING,PVT,KADAPA,KADAPA,COED,JNTUA,EEE,112423.0,112423.0,151120.0,151120,126489.0,151413.0,148882.0,148882,144781.0,147962,131489.0,131489.0,148292.0,148292,112423.0,142948,145564.0,118633.0,62370
1246,KSRM,K S R M COLLEGE OF ENGINEERING,PVT,KADAPA,KADAPA,COED,JNTUA,MEC,150684.0,150684.0,150684.0,150684,150684.0,150684.0,150684.0,150684,150684.0,150684,150684.0,150684.0,150684.0,150684,150684.0,150684,999999.0,999999.0,62370
1247,NIST,NARAYANADRI INST OF SCI TECHNOLOGY,PVT,KADAPA,RAJAMPETA,COED,JNTUA,CSE,56009.0,121184.0,56009.0,121184,56009.0,121184.0,56009.0,121184,56009.0,121184,56009.0,121184.0,56009.0,121184,56009.0,121184,999999.0,999999.0,43000
1248,SATS,SRI ANNAMACHARYA INSTITUTE OF TECHNOLOGY AND SCIENCE,PVT,KADAPA,RAJAMPETA,COED,JNTUA,CSD,123910.0,123910.0,123910.0,123910,123910.0,123910.0,123910.0,123910,123910.0,123910,123910.0,123910.0,123910.0,123910,123910.0,123910,999999.0,999999.0,43000
1249,SATS,SRI ANNAMACHARYA INSTITUTE OF TECHNOLOGY AND SCIENCE,PVT,KADAPA,RAJAMPETA,COED,JNTUA,CSE,134687.0,134687.0,134687.0,134687,134687.0,134687.0,134687.0,134687,134687.0,134687,134687.0,134687.0,134687.0,134687,134687.0,134687,999999.0,999999.0,43000
1250,SLVP,SRI LAKSHMI VENKATESWARA INST OF PHARM SCI,PVT,KADAPA,PRODDATUR,COED,JNTUA,PHM,68390.0,81282.0,68390.0,81282,68390.0,81282.0,68390.0,81282,68390.0,81282,68390.0,81282.0,68390.0,81282,68390.0,81282,999999.0,999999.0,38000
1251,SRIP,SAI RAJESWARI INSTITUTE OF TECHNOLOGY,PVT,KADAPA,PRODDATUR,COED,JNTUA,CIV,139406.0,139406.0,139406.0,139406,139406.0,139406.0,139406.0,139406,139406.0,139406,139406.0,139406.0,139406.0,139406,139406.0,139406,999999.0,999999.0,43000
1252,SRIP,SAI RAJESWARI INSTITUTE OF TECHNOLOGY,PVT,KADAPA,PRODDATUR,COED,JNTUA,CSE,134530.0,150177.0,138839.0,150177,134530.0,150177.0,142083.0,150177,134853.0,150177,134530.0,150177.0,149519.0,150177,134530.0,150177,149157.0,147404.0,43000
1253,SRIP,SAI RAJESWARI INSTITUTE OF TECHNOLOGY,PVT,KADAPA,PRODDATUR,COED,JNTUA,CSM,128894.0,142648.0,128894.0,142648,128894.0,142648.0,128894.0,142648,128894.0,142648,128894.0,142648.0,128894.0,142648,128894.0,142648,999999.0,999999.0,43000
1254,SRIP,SAI RAJESWARI INSTITUTE OF TECHNOLOGY,PVT,KADAPA,PRODDATUR,COED,JNTUA,ECE,147691.0,147691.0,147691.0,150534,147691.0,147691.0,147691.0,147691,147691.0,147691,147691.0,147691.0,147691.0,147691,147691.0,147691,999999.0,999999.0,43000
1255,SRSR,SRI SAI INSTITUTE OF TECHNOLOGY. AND SCI.,PVT,KADAPA,RAYCHOTI,COED,JNTUA,CSE,135777.0,135777.0,143082.0,148079,146650.0,146650.0,147880.0,147880,150578.0,150578,135777.0,135777.0,135777.0,135777,146117.0,146117,148938.0,147197.0,43000
1256,SRSR,SRI SAI INSTITUTE OF TECHNOLOGY. AND SCI.,PVT,KADAPA,RAYCHOTI,COED,JNTUA,ECE,150660.0,150660.0,150660.0,150660,150660.0,150660.0,150660.0,150660,150660.0,150660,150660.0,150660.0,150660.0,150660,150660.0,150660,999999.0,999999.0,43000
1257,SRTS,SRINIVASA INST OF TECHNOLOGY AND SCIENCE,PVT,KADAPA,KADAPA,COED,JNTUA,CSE,145655.0,145655.0,151717.0,151717,145655.0,145655.0,145655.0,149762,151124.0,151124,145655.0,145655.0,145655.0,145655,145655.0,145655,143450.0,143450.0,43000
1258,SRTS,SRINIVASA INST OF TECHNOLOGY AND SCIENCE,PVT,KADAPA,KADAPA,COED,JNTUA,ECE,136570.0,136623.0,138534.0,138534,137287.0,137287.0,136570.0,136623,136570.0,150885,136570.0,136623.0,136570.0,136623,146156.0,146156,999999.0,999999.0,43000
1259,SVCK,SRI VENKATESWARA COLLEGE OF ENGINEERING,PVT,KADAPA,KADAPA,COED,JNTUA,CSE,123025.0,123025.0,140351.0,149222,145281.0,149920.0,142014.0,142014,143751.0,143751,147756.0,147756.0,136114.0,149565,147628.0,147628,137172.0,122885.0,43000
1260,SVCK,SRI VENKATESWARA COLLEGE OF ENGINEERING,PVT,KADAPA,KADAPA,COED,JNTUA,CSM,100631.0,106003.0,124306.0,132075,130482.0,130482.0,100631.0,106003,100631.0,106003,100631.0,106003.0,100631.0,106003,149130.0,149130,146506.0,107688.0,43000
1261,SVCK,SRI VENKATESWARA COLLEGE OF ENGINEERING,PVT,KADAPA,KADAPA,COED,JNTUA,ECE,140748.0,140748.0,151697.0,151697,146621.0,146621.0,140748.0,140748,140748.0,140748,140748.0,140748.0,140748.0,140748,140748.0,140748,149449.0,149449.0,43000
1262,SVIK,SRI VENKATESWARA INST. OF SCIENCE AND TECHNOLOGY,PVT,KADAPA,KADAPA,COED,JNTUA,CIV,108790.0,108790.0,108790.0,108790,108790.0,108790.0,108790.0,108790,108790.0,108790,108790.0,108790.0,108790.0,108790,108790.0,108790,999999.0,999999.0,43000
1263,SVIK,SRI VENKATESWARA INST. OF SCIENCE AND TECHNOLOGY,PVT,KADAPA,KADAPA,COED,JNTUA,CSE,135676.0,144993.0,139488.0,151087,149513.0,149513.0,150699.0,150699,135676.0,144993,135676.0,144993.0,135676.0,144993,135676.0,144993,147693.0,142757.0,43000
1264,VITS,VAAGDEVI INSTITUTE OF TECHNOLOGY. AND SCI.,PVT,KADAPA,PRODDATUR,COED,JNTUA,CSE,151223.0,151223.0,151223.0,151223,151223.0,151223.0,151223.0,151223,151223.0,151223,151223.0,151223.0,151223.0,151223,151223.0,151223,142832.0,136959.0,43000
1265,VITS,VAAGDEVI INSTITUTE OF TECHNOLOGY. AND SCI.,PVT,KADAPA,PRODDATUR,COED,JNTUA,ECE,145374.0,147662.0,145374.0,147662,145374.0,147662.0,145374.0,147662,145374.0,147662,145374.0,147662.0,145374.0,147662,145374.0,147662,999999.0,999999.0,43000
1266,VITS,VAAGDEVI INSTITUTE OF TECHNOLOGY. AND SCI.,PVT,KADAPA,PRODDATUR,COED,JNTUA,EEE,125614.0,125614.0,125614.0,125614,125614.0,125614.0,125614.0,125614,125614.0,125614,125614.0,125614.0,125614.0,125614,125614.0,125614,999999.0,999999.0,43000
1267,YGVU,YGVU YSR ENGINEERING COLLEGE,UNIV,KADAPA,PRODDATUR,COED,YGVU,CIV,121929.0,121929.0,139139.0,139139,146615.0,146615.0,121929.0,121929,139558.0,139558,121929.0,121929.0,137914.0,137914,121929.0,121929,999999.0,999999.0,15500
1268,YGVU,YGVU YSR ENGINEERING COLLEGE,UNIV,KADAPA,PRODDATUR,COED,YGVU,CSE,32738.0,39944.0,66441.0,96347,81149.0,105980.0,46793.0,46793,71740.0,71740,32738.0,39944.0,60823.0,60823,50773.0,50773,49650.0,59837.0,15500
1269,YGVU,YGVU YSR ENGINEERING COLLEGE,UNIV,KADAPA,PRODDATUR,COED,YGVU,ECE,28159.0,28159.0,127362.0,127362,123354.0,138847.0,76723.0,76723,107925.0,107925,55174.0,55174.0,67726.0,71649,100099.0,123845,106006.0,41399.0,15500
1270,YGVU,YGVU YSR ENGINEERING COLLEGE,UNIV,KADAPA,PRODDATUR,COED,YGVU,EEE,151745.0,151745.0,151745.0,151745,151745.0,151745.0,151745.0,151745,151745.0,151745,999999.0,999999.0,151745.0,151745,151745.0,151745,999999.0,999999.0,15500
1271,YGVU,YGVU YSR ENGINEERING COLLEGE,UNIV,KADAPA,PRODDATUR,COED,YGVU,MEC,151745.0,151745.0,151745.0,151745,151766.0,151767.0,151745.0,151745,151775.0,151775,999999.0,999999.0,151745.0,151745,151745.0,151745,999999.0,999999.0,15500
1272,ASKW,ASHOKA WOMEN'S ENGINEERING COLLEGE,PVT,KURNOOL,KURNOOL,GIRLS,JNTUA,CAI,58309.0,58309.0,140616.0,140616,146740.0,146740.0,81914.0,81914,84139.0,84139,999999.0,999999.0,119128.0,119128,68773.0,68773,88230.0,88230.0,45980
1273,ASKW,ASHOKA WOMEN'S ENGINEERING COLLEGE,PVT,KURNOOL,KURNOOL,GIRLS,JNTUA,CIV,127170.0,127170.0,147924.0,147924,127170.0,127170.0,134978.0,134978,143176.0,143176,999999.0,999999.0,148848.0,148848,127170.0,127170,120343.0,120343.0,45980
1274,ASKW,ASHOKA WOMEN'S ENGINEERING COLLEGE,PVT,KURNOOL,KURNOOL,GIRLS,JNTUA,CSE,51578.0,51578.0,119610.0,119610,142449.0,142449.0,94718.0,94718,91688.0,91688,116538.0,116538.0,98397.0,98397,72586.0,72586,81782.0,81782.0,45980
1275,ASKW,ASHOKA WOMEN'S ENGINEERING COLLEGE,PVT,KURNOOL,KURNOOL,GIRLS,JNTUA,ECE,57200.0,57200.0,131636.0,131636,137806.0,137806.0,103439.0,103439,99569.0,99569,82251.0,82251.0,122156.0,122156,101920.0,101920,91678.0,91678.0,45980
1276,ASKW,ASHOKA WOMEN'S ENGINEERING COLLEGE,PVT,KURNOOL,KURNOOL,GIRLS,JNTUA,EEE,999999.0,999999.0,151162.0,151162,999999.0,999999.0,110434.0,110434,148782.0,148782,999999.0,999999.0,140527.0,140527,123712.0,123712,145822.0,145822.0,45980
1277,ASVR,SVR ENGINEERING COLLEGE,PVT,KURNOOL,NANDYAL,COED,JNTUA,CAI,148841.0,148841.0,148841.0,149887,148841.0,148841.0,149018.0,149018,150414.0,150414,148841.0,148841.0,150770.0,150770,149343.0,149343,148125.0,130746.0,43000
1278,ASVR,SVR ENGINEERING COLLEGE,PVT,KURNOOL,NANDYAL,COED,JNTUA,CSE,117456.0,132393.0,148318.0,150480,151068.0,151068.0,122821.0,132393,147408.0,147408,129737.0,132393.0,144197.0,144197,132983.0,133505,137817.0,131457.0,43000
1279,ASVR,SVR ENGINEERING COLLEGE,PVT,KURNOOL,NANDYAL,COED,JNTUA,ECE,107873.0,107873.0,131990.0,131990,133556.0,133556.0,147524.0,147524,146619.0,146619,107873.0,107873.0,148304.0,148304,122349.0,122349,119095.0,142828.0,43000
1280,BEMA,BHEEMA INST OF TECHNOLOGY AND SCI,PVT,KURNOOL,ADONI,COED,JNTUA,CIV,128355.0,128355.0,128355.0,128355,128355.0,128355.0,128355.0,128355,128355.0,128355,128355.0,128355.0,128355.0,128355,128355.0,128355,999999.0,999999.0,43000
1281,BEMA,BHEEMA INST OF TECHNOLOGY AND SCI,PVT,KURNOOL,ADONI,COED,JNTUA,CSE,133389.0,133389.0,149945.0,149945,133389.0,148791.0,142171.0,142171,133389.0,133389,133389.0,133389.0,133389.0,133389,149559.0,149559,122919.0,122919.0,43000
1282,BEMA,BHEEMA INST OF TECHNOLOGY AND SCI,PVT,KURNOOL,ADONI,COED,JNTUA,ECE,131302.0,137106.0,146962.0,146962,131302.0,137106.0,131302.0,137106,131302.0,137106,131302.0,137106.0,131302.0,137106,131302.0,137106,999999.0,999999.0,43000
1283,BEMA,BHEEMA INST OF TECHNOLOGY AND SCI,PVT,KURNOOL,ADONI,COED,JNTUA,EEE,148801.0,148801.0,148801.0,148801,148801.0,148801.0,148801.0,148801,148801.0,148801,148801.0,148801.0,148801.0,148801,148801.0,148801,999999.0,999999.0,43000
1284,BRNK,BRINDAVAN INST OF TECHNOLOGY AND SCI,PVT,KURNOOL,KURNOOL,COED,JNTUA,CSE,106251.0,106251.0,130214.0,146812,132738.0,132738.0,148785.0,148785,151131.0,151131,106251.0,106251.0,150773.0,150773,121258.0,121258,148539.0,148199.0,43000
1285,GPRE,G P R ENGINEERING. COLLEGE,PVT,KURNOOL,KURNOOL,COED,JNTUA,CIV,103837.0,131441.0,146739.0,148444,139620.0,149134.0,144804.0,144804,116745.0,145589,103837.0,131441.0,126580.0,149706,103837.0,131441,149467.0,101998.0,77000
1286,GPRE,G P R ENGINEERING. COLLEGE,PVT,KURNOOL,KURNOOL,COED,JNTUA,CSB,67149.0,67149.0,76270.0,76270,76400.0,86776.0,67149.0,67149,78863.0,78863,67149.0,67149.0,67149.0,67149,67149.0,67149,21894.0,24225.0,77000
1287,GPRE,G P R ENGINEERING. COLLEGE,PVT,KURNOOL,KURNOOL,COED,JNTUA,CSD,15852.0,15852.0,56720.0,64518,131812.0,140897.0,21963.0,23106,20824.0,20861,41669.0,41669.0,22331.0,22331,24747.0,24747,17431.0,16574.0,77000
1288,GPRE,G P R ENGINEERING. COLLEGE,PVT,KURNOOL,KURNOOL,COED,JNTUA,CSE,11382.0,11382.0,33108.0,34137,95602.0,123791.0,17672.0,17672,16286.0,16865,53732.0,53732.0,17328.0,17328,13267.0,13267,12278.0,13560.0,77000
1289,GPRE,G P R ENGINEERING. COLLEGE,PVT,KURNOOL,KURNOOL,COED,JNTUA,CSM,13946.0,13946.0,47119.0,56649,76897.0,76897.0,17456.0,17870,18279.0,19375,13946.0,95125.0,18113.0,18113,15281.0,18956,15739.0,15232.0,77000
1290,GPRE,G P R ENGINEERING. COLLEGE,PVT,KURNOOL,KURNOOL,COED,JNTUA,ECE,20034.0,20034.0,63634.0,63634,108407.0,108407.0,30974.0,30974,30601.0,30923,76557.0,76557.0,29050.0,31190,28055.0,33962,20603.0,21116.0,77000
1291,GPRE,G P R ENGINEERING. COLLEGE,PVT,KURNOOL,KURNOOL,COED,JNTUA,EEE,91295.0,91295.0,138109.0,138109,140764.0,140764.0,91295.0,91295,100101.0,100101,91295.0,91295.0,91295.0,91295,91295.0,91295,71487.0,71219.0,77000
1292,GPRE,G P R ENGINEERING. COLLEGE,PVT,KURNOOL,KURNOOL,COED,JNTUA,MEC,100560.0,115477.0,140118.0,151283,119678.0,148979.0,101689.0,115477,142571.0,142571,137755.0,137755.0,143422.0,143422,116553.0,116553,150972.0,147025.0,77000
1293,JONY,ST. JOHNS COLLEGE OF ENGG. AND TECHNOLOGY,PVT,KURNOOL,YEMMIGANOOR,COED,JNTUA,CAI,80679.0,80679.0,150363.0,150363,84865.0,115142.0,111345.0,128590,124569.0,145607,126209.0,126209.0,135318.0,135318,88204.0,88204,130562.0,125588.0,43000
1294,JONY,ST. JOHNS COLLEGE OF ENGG. AND TECHNOLOGY,PVT,KURNOOL,YEMMIGANOOR,COED,JNTUA,CIV,127860.0,127860.0,136105.0,136105,127860.0,127860.0,127860.0,127860,127860.0,127860,127860.0,127860.0,127860.0,127860,127860.0,127860,999999.0,999999.0,43000
1295,JONY,ST. JOHNS COLLEGE OF ENGG. AND TECHNOLOGY,PVT,KURNOOL,YEMMIGANOOR,COED,JNTUA,CSD,107412.0,118051.0,139505.0,150013,130407.0,134829.0,143760.0,150949,126465.0,148347,107412.0,141771.0,146293.0,150503,124990.0,124990,150262.0,150262.0,43000
1296,JONY,ST. JOHNS COLLEGE OF ENGG. AND TECHNOLOGY,PVT,KURNOOL,YEMMIGANOOR,COED,JNTUA,CSE,58151.0,58151.0,123375.0,123375,129491.0,140118.0,80992.0,80992,68601.0,68601,83818.0,83818.0,74434.0,74434,58151.0,58151,149486.0,118034.0,43000
1297,JONY,ST. JOHNS COLLEGE OF ENGG. AND TECHNOLOGY,PVT,KURNOOL,YEMMIGANOOR,COED,JNTUA,ECE,111778.0,111778.0,150075.0,150075,115847.0,115847.0,147243.0,150016,149512.0,149512,142062.0,142062.0,136049.0,150843,149384.0,149384,999999.0,999999.0,43000
1298,JONY,ST. JOHNS COLLEGE OF ENGG. AND TECHNOLOGY,PVT,KURNOOL,YEMMIGANOOR,COED,JNTUA,EEE,121747.0,121747.0,149481.0,149481,121747.0,135524.0,132617.0,132617,144304.0,144304,121747.0,121747.0,121747.0,121747,121747.0,121747,999999.0,999999.0,43000
1299,JONY,ST. JOHNS COLLEGE OF ENGG. AND TECHNOLOGY,PVT,KURNOOL,YEMMIGANOOR,COED,JNTUA,MEC,137146.0,137146.0,145715.0,146399,142981.0,142981.0,137146.0,137146,137146.0,137146,137146.0,137146.0,137146.0,137146,137146.0,137146,999999.0,999999.0,43000
1300,KVSP,DR.K V SUBBA REDDY INST OF PHARMACY,PVT,KURNOOL,KURNOOL,COED,JNTUA,PHM,151745.0,151745.0,151758.0,151758,151766.0,151766.0,151745.0,151745,151775.0,151775,151745.0,151745.0,151745.0,151745,151745.0,151745,999999.0,999999.0,52800
1301,KVSR,DR.K.V.SUBBA REDDY INST. OF TECHNOLOGY,PVT,KURNOOL,KURNOOL,COED,JNTUA,CIV,148521.0,148521.0,150542.0,150542,148521.0,148521.0,148521.0,148521,148521.0,148521,148521.0,148521.0,148521.0,148521,148521.0,148521,999999.0,999999.0,43000
1302,KVSR,DR.K.V.SUBBA REDDY INST. OF TECHNOLOGY,PVT,KURNOOL,KURNOOL,COED,JNTUA,CSD,79181.0,89429.0,151597.0,151597,98319.0,98319.0,111335.0,137181,126124.0,141376,79181.0,89429.0,132285.0,136123,105243.0,141687,119361.0,116866.0,43000
1303,KVSR,DR.K.V.SUBBA REDDY INST. OF TECHNOLOGY,PVT,KURNOOL,KURNOOL,COED,JNTUA,CSE,76057.0,76057.0,140083.0,148113,139660.0,147690.0,145353.0,145353,104016.0,150045,76057.0,76057.0,100436.0,100436,77939.0,109453,88663.0,84989.0,43000
1304,KVSR,DR.K.V.SUBBA REDDY INST. OF TECHNOLOGY,PVT,KURNOOL,KURNOOL,COED,JNTUA,CSM,73104.0,73104.0,137826.0,149753,107619.0,107619.0,106261.0,106261,115763.0,143926,110283.0,110283.0,125190.0,131805,131530.0,144035,110247.0,88637.0,43000
1305,KVSR,DR.K.V.SUBBA REDDY INST. OF TECHNOLOGY,PVT,KURNOOL,KURNOOL,COED,JNTUA,ECE,85715.0,85715.0,148177.0,150433,139644.0,139644.0,114440.0,122168,125953.0,143859,85715.0,138665.0,124709.0,145600,99296.0,112516,126284.0,127225.0,43000
1306,KVSR,DR.K.V.SUBBA REDDY INST. OF TECHNOLOGY,PVT,KURNOOL,KURNOOL,COED,JNTUA,EEE,151745.0,151745.0,151745.0,151745,151745.0,151745.0,151745.0,151745,151745.0,151745,999999.0,999999.0,151745.0,151745,151745.0,151745,999999.0,999999.0,43000
1307,KVSR,DR.K.V.SUBBA REDDY INST. OF TECHNOLOGY,PVT,KURNOOL,KURNOOL,COED,JNTUA,MEC,116054.0,116054.0,134742.0,134742,116054.0,116054.0,118991.0,118991,148205.0,148205,116054.0,116054.0,116054.0,116054,116054.0,116054,129526.0,129526.0,43000
1308,PCEK,G.PULLAIAH COLL. OF ENGG. AND TECHNOLOGY,PVT,KURNOOL,KURNOOL,COED,JNTUA,CAI,34832.0,34832.0,124071.0,124071,131531.0,139503.0,65355.0,65355,60988.0,60988,53907.0,53907.0,45370.0,54021,55984.0,55984,49034.0,46410.0,52800
1309,PCEK,G.PULLAIAH COLL. OF ENGG. AND TECHNOLOGY,PVT,KURNOOL,KURNOOL,COED,JNTUA,CIV,78078.0,78078.0,139167.0,151735,78078.0,141824.0,141210.0,141210,121643.0,141833,78078.0,78078.0,150928.0,150928,150594.0,150594,999999.0,999999.0,52800
1310,PCEK,G.PULLAIAH COLL. OF ENGG. AND TECHNOLOGY,PVT,KURNOOL,KURNOOL,COED,JNTUA,CSE,43982.0,43982.0,87134.0,87134,140009.0,140009.0,56003.0,56134,53634.0,53634,127255.0,127255.0,51322.0,51322,43982.0,43982,127464.0,89781.0,52800
1311,PCEK,G.PULLAIAH COLL. OF ENGG. AND TECHNOLOGY,PVT,KURNOOL,KURNOOL,COED,JNTUA,ECE,78182.0,78182.0,122558.0,146957,151637.0,151637.0,78182.0,84044,83601.0,83601,78182.0,78182.0,112505.0,112505,78182.0,78182,52779.0,55755.0,52800
1312,PCEK,G.PULLAIAH COLL. OF ENGG. AND TECHNOLOGY,PVT,KURNOOL,KURNOOL,COED,JNTUA,EEE,73929.0,73929.0,149772.0,151115,150186.0,150186.0,85310.0,134252,133865.0,150980,115652.0,115652.0,130197.0,130197,92317.0,144702,115394.0,121081.0,52800
1313,PCEK,G.PULLAIAH COLL. OF ENGG. AND TECHNOLOGY,PVT,KURNOOL,KURNOOL,COED,JNTUA,MEC,78470.0,78470.0,139340.0,151054,126832.0,126832.0,134235.0,134235,148775.0,148775,78470.0,78470.0,131577.0,131577,134570.0,142378,121874.0,121874.0,52800
1314,RAVW,RAVINDRA COLLEGE OF ENGG FOR WOMEN,PVT,KURNOOL,KURNOOL,GIRLS,JNTUA,CSE,121717.0,121717.0,151510.0,151510,140964.0,140964.0,125478.0,125478,127119.0,127119,121717.0,121717.0,126934.0,126934,121717.0,121717,97679.0,97679.0,43000
1315,RAVW,RAVINDRA COLLEGE OF ENGG FOR WOMEN,PVT,KURNOOL,KURNOOL,GIRLS,JNTUA,ECE,67220.0,67220.0,137917.0,137917,96879.0,96879.0,110805.0,110805,122724.0,122724,999999.0,999999.0,134488.0,134488,108405.0,108405,116015.0,116015.0,43000
1316,RGIT,RAJIV GANDHI MEMORIAL COLLEGE OF ENGG. AND TECH.,PVT,KURNOOL,NANDYAL,COED,JNTUA,CIV,135765.0,135765.0,150916.0,150916,143971.0,143971.0,135765.0,135765,136154.0,136154,135765.0,135765.0,135765.0,135765,139095.0,139095,999999.0,999999.0,76010
1317,RGIT,RAJIV GANDHI MEMORIAL COLLEGE OF ENGG. AND TECH.,PVT,KURNOOL,NANDYAL,COED,JNTUA,CSC,35873.0,36257.0,131719.0,136735,146249.0,146249.0,84941.0,84941,114132.0,114132,124417.0,124417.0,51730.0,127434,58834.0,83525,42648.0,44126.0,76010
1318,RGIT,RAJIV GANDHI MEMORIAL COLLEGE OF ENGG. AND TECH.,PVT,KURNOOL,NANDYAL,COED,JNTUA,CSD,33973.0,50770.0,119623.0,134241,141602.0,141602.0,69539.0,79619,53669.0,60484,131532.0,131532.0,81247.0,81247,41388.0,50770,39502.0,37783.0,76010
1319,RGIT,RAJIV GANDHI MEMORIAL COLLEGE OF ENGG. AND TECH.,PVT,KURNOOL,NANDYAL,COED,JNTUA,CSE,26445.0,26445.0,77633.0,86249,139951.0,140756.0,41797.0,45250,40917.0,44718,26445.0,109364.0,41823.0,41823,28344.0,39560,29117.0,28905.0,76010
1320,RGIT,RAJIV GANDHI MEMORIAL COLLEGE OF ENGG. AND TECH.,PVT,KURNOOL,NANDYAL,COED,JNTUA,CSEB,104906.0,105101.0,149461.0,149651,147372.0,147372.0,104906.0,105101,104906.0,105101,104906.0,105101.0,104906.0,142559,104906.0,105101,57578.0,50167.0,76010
1321,RGIT,RAJIV GANDHI MEMORIAL COLLEGE OF ENGG. AND TECH.,PVT,KURNOOL,NANDYAL,COED,JNTUA,CSM,28082.0,28082.0,82603.0,100506,136586.0,138105.0,56190.0,66214,39458.0,49873,28082.0,28082.0,51494.0,55947,32959.0,32959,31044.0,24691.0,76010
1322,RGIT,RAJIV GANDHI MEMORIAL COLLEGE OF ENGG. AND TECH.,PVT,KURNOOL,NANDYAL,COED,JNTUA,ECE,85712.0,85712.0,151610.0,151610,137009.0,137009.0,85712.0,85712,85712.0,86791,85712.0,85712.0,85712.0,85712,85712.0,118004,50746.0,50199.0,76010
1323,RGIT,RAJIV GANDHI MEMORIAL COLLEGE OF ENGG. AND TECH.,PVT,KURNOOL,NANDYAL,COED,JNTUA,EEE,148327.0,148327.0,151433.0,151433,148327.0,148327.0,148327.0,148327,150499.0,150499,148327.0,148327.0,148327.0,148327,148327.0,148327,144538.0,143288.0,76010
1324,RGIT,RAJIV GANDHI MEMORIAL COLLEGE OF ENGG. AND TECH.,PVT,KURNOOL,NANDYAL,COED,JNTUA,MEC,115649.0,125344.0,151758.0,151758,148216.0,148216.0,144340.0,151220,146463.0,146463,115649.0,125344.0,145154.0,145154,131606.0,146337,145983.0,145983.0,76010
1325,RUCESF,RAYALASEEMA UNIVERSITY COLLEGE OF ENGG-SELF FINANCE,SF,KURNOOL,KURNOOL,COED,RSUK,AI,117736.0,117736.0,136901.0,139773,144615.0,144615.0,135377.0,135377,148284.0,148284,117736.0,117736.0,150131.0,150131,145668.0,145668,148211.0,148211.0,60000
1326,RUCESF,RAYALASEEMA UNIVERSITY COLLEGE OF ENGG-SELF FINANCE,SF,KURNOOL,KURNOOL,COED,RSUK,CIV,142435.0,142435.0,142435.0,142435,142435.0,142435.0,142435.0,142435,142435.0,142435,142435.0,142435.0,142435.0,142435,142435.0,142435,999999.0,999999.0,60000
1327,RUCESF,RAYALASEEMA UNIVERSITY COLLEGE OF ENGG-SELF FINANCE,SF,KURNOOL,KURNOOL,COED,RSUK,CSE,92465.0,92465.0,151676.0,151676,149835.0,151174.0,140553.0,140553,138861.0,145325,140736.0,140736.0,150917.0,151040,129689.0,129689,128763.0,122605.0,60000
1328,RUCESF,RAYALASEEMA UNIVERSITY COLLEGE OF ENGG-SELF FINANCE,SF,KURNOOL,KURNOOL,COED,RSUK,ECE,85834.0,142751.0,141319.0,144293,138357.0,144570.0,132451.0,142751,137218.0,142751,85834.0,142751.0,127075.0,144050,149451.0,149451,115680.0,127919.0,60000
1329,RUCESF,RAYALASEEMA UNIVERSITY COLLEGE OF ENGG-SELF FINANCE,SF,KURNOOL,KURNOOL,COED,RSUK,MEC,130264.0,130264.0,130264.0,130264,130264.0,130264.0,130264.0,130264,130264.0,130264,130264.0,130264.0,130264.0,130264,130264.0,130264,999999.0,999999.0,60000
1330,SRCN,SANTHIRAM COLLEGE OF PHARMACY,PVT,KURNOOL,NANDYAL,COED,JNTUA,PHM,151745.0,151745.0,151758.0,151758,151766.0,151766.0,151745.0,151745,151775.0,151775,151745.0,151745.0,151745.0,151745,151745.0,151745,999999.0,999999.0,42700
1331,SREC,SANTHIRAM ENGINEERING COLLEGE,PVT,KURNOOL,NANDYAL,COED,JNTUA,CSD,96544.0,96544.0,145756.0,145756,104651.0,104651.0,98937.0,98937,125098.0,141428,106358.0,106358.0,113828.0,113828,96967.0,145613,92178.0,104479.0,43000
1332,SREC,SANTHIRAM ENGINEERING COLLEGE,PVT,KURNOOL,NANDYAL,COED,JNTUA,CSE,62443.0,62443.0,140024.0,151072,140012.0,140012.0,83665.0,83665,87649.0,119100,109260.0,142873.0,108908.0,126619,105091.0,126967,76827.0,74942.0,43000
1333,SREC,SANTHIRAM ENGINEERING COLLEGE,PVT,KURNOOL,NANDYAL,COED,JNTUA,CSM,82027.0,82027.0,148580.0,150357,90012.0,96136.0,109404.0,109404,127484.0,147682,82027.0,82027.0,124735.0,124735,97608.0,143281,98093.0,94430.0,43000
1334,SREC,SANTHIRAM ENGINEERING COLLEGE,PVT,KURNOOL,NANDYAL,COED,JNTUA,ECE,95136.0,95136.0,151359.0,151359,115500.0,115500.0,110185.0,117078,114788.0,141170,134331.0,134331.0,121680.0,121680,110658.0,128174,115718.0,125781.0,43000
1335,AECN,ANDHRA ENGINEERING COLLEGE,PVT,NELLORE,ATMAKUR N,COED,JNTUA,AIM,116671.0,118934.0,116671.0,139427,116671.0,144907.0,116671.0,118934,116671.0,118934,116671.0,118934.0,116671.0,118934,116671.0,118934,145218.0,145218.0,43000
1336,AECN,ANDHRA ENGINEERING COLLEGE,PVT,NELLORE,ATMAKUR N,COED,JNTUA,CSE,151563.0,151563.0,151563.0,151563,151563.0,151563.0,151563.0,151563,151563.0,151563,151563.0,151563.0,151563.0,151563,151563.0,151563,141611.0,146765.0,43000
1337,AECN,ANDHRA ENGINEERING COLLEGE,PVT,NELLORE,ATMAKUR N,COED,JNTUA,ECE,133584.0,133584.0,133584.0,133584,133584.0,133584.0,133584.0,133584,133584.0,133584,133584.0,133584.0,133584.0,133584,133584.0,133584,126817.0,126817.0,43000
1338,DSIT,DAMISETTY BALA SURESH INST OF TECHNOLOGY,PVT,NELLORE,KAVALI,COED,JNTUA,CAI,140156.0,140156.0,140156.0,140156,140156.0,140156.0,140156.0,140156,140156.0,140156,140156.0,140156.0,140156.0,140156,140156.0,140156,999999.0,999999.0,43000
1339,DSIT,DAMISETTY BALA SURESH INST OF TECHNOLOGY,PVT,NELLORE,KAVALI,COED,JNTUA,CSE,138561.0,142316.0,150009.0,150009,147288.0,147288.0,138561.0,142316,138561.0,142316,138561.0,142316.0,138561.0,142316,138561.0,142316,149254.0,145684.0,43000
1340,DSIT,DAMISETTY BALA SURESH INST OF TECHNOLOGY,PVT,NELLORE,KAVALI,COED,JNTUA,ECE,136978.0,136978.0,138776.0,151390,136978.0,136978.0,136978.0,136978,136978.0,136978,136978.0,136978.0,136978.0,136978,136978.0,136978,999999.0,999999.0,43000
1341,GKCS,GOKULA KRISHNA COLLEGE OF ENGINEERING,PVT,NELLORE,SULLURPET,COED,JNTUA,CSE,133002.0,133002.0,151455.0,151455,133002.0,133002.0,147246.0,147246,144547.0,144547,133002.0,133002.0,133002.0,147824,147568.0,147568,145196.0,145196.0,43000
1342,GKCS,GOKULA KRISHNA COLLEGE OF ENGINEERING,PVT,NELLORE,SULLURPET,COED,JNTUA,ECE,138775.0,138775.0,151674.0,151674,138775.0,138775.0,138775.0,138775,138775.0,138775,138775.0,138775.0,138775.0,138775,138775.0,138775,148614.0,148614.0,43000
1343,GKCS,GOKULA KRISHNA COLLEGE OF ENGINEERING,PVT,NELLORE,SULLURPET,COED,JNTUA,EEE,140881.0,140881.0,140881.0,140881,140881.0,140881.0,140881.0,140881,140881.0,140881,140881.0,140881.0,140881.0,140881,140881.0,140881,999999.0,999999.0,43000
1344,GKPS,GOKULA KRISHNA COLLEGE OF PHARMACY,PVT,NELLORE,SULLURPET,COED,JNTUA,PHM,151745.0,151745.0,151758.0,151758,151766.0,151766.0,151745.0,151745,151775.0,151775,151745.0,151745.0,151745.0,151745,151745.0,151745,999999.0,999999.0,45800
1345,GTNN,GEETHANJALI INST OF SCIENCE AND TECHNOLOGY,PVT,NELLORE,NELLORE,COED,JNTUA,CIV,120269.0,120269.0,120269.0,120269,134880.0,134880.0,120269.0,120269,120269.0,120269,120269.0,120269.0,120269.0,120269,120269.0,120269,999999.0,999999.0,43000
1346,GTNN,GEETHANJALI INST OF SCIENCE AND TECHNOLOGY,PVT,NELLORE,NELLORE,COED,JNTUA,CSC,75748.0,75748.0,141904.0,151307,75748.0,75748.0,105183.0,105183,125266.0,125266,75748.0,75748.0,91766.0,91766,92097.0,110808,72340.0,76665.0,43000
1347,GTNN,GEETHANJALI INST OF SCIENCE AND TECHNOLOGY,PVT,NELLORE,NELLORE,COED,JNTUA,CSD,53856.0,53856.0,139147.0,145079,138913.0,148011.0,83416.0,87322,96357.0,96357,53856.0,83846.0,79590.0,79590,78431.0,78431,61469.0,61120.0,43000
1348,GTNN,GEETHANJALI INST OF SCIENCE AND TECHNOLOGY,PVT,NELLORE,NELLORE,COED,JNTUA,CSE,42632.0,51582.0,79427.0,80194,121740.0,129232.0,72198.0,72198,78642.0,79811,63958.0,103692.0,89493.0,89493,123115.0,123115,54819.0,58014.0,43000
1349,GTNN,GEETHANJALI INST OF SCIENCE AND TECHNOLOGY,PVT,NELLORE,NELLORE,COED,JNTUA,CSM,48913.0,48913.0,120492.0,120492,129174.0,129174.0,80085.0,80085,83822.0,83822,48913.0,48913.0,74077.0,74077,56432.0,56432,58343.0,58967.0,43000
1350,GTNN,GEETHANJALI INST OF SCIENCE AND TECHNOLOGY,PVT,NELLORE,NELLORE,COED,JNTUA,ECE,84678.0,84678.0,139718.0,151432,145587.0,145587.0,134898.0,134898,126523.0,142204,119663.0,119663.0,118692.0,125678,103408.0,122655,87617.0,102440.0,43000
1351,GTNN,GEETHANJALI INST OF SCIENCE AND TECHNOLOGY,PVT,NELLORE,NELLORE,COED,JNTUA,EEE,87180.0,87180.0,139459.0,139459,129208.0,129208.0,136559.0,149008,147241.0,149216,87180.0,87180.0,87180.0,87180,128733.0,136610,141250.0,98547.0,43000
1352,GTNN,GEETHANJALI INST OF SCIENCE AND TECHNOLOGY,PVT,NELLORE,NELLORE,COED,JNTUA,MEC,107415.0,143215.0,126655.0,143215,107415.0,143215.0,107415.0,143215,107415.0,143215,107415.0,143215.0,107415.0,143215,107415.0,143215,999999.0,999999.0,43000
1353,NARN,NARAYANA ENGINEERING COLLEGE,PVT,NELLORE,NELLORE,COED,JNTUA,CAI,36934.0,36934.0,92115.0,103977,137958.0,140926.0,42842.0,57623,63715.0,63715,36934.0,36934.0,58716.0,60705,46533.0,46533,39764.0,43903.0,44880
1354,NARN,NARAYANA ENGINEERING COLLEGE,PVT,NELLORE,NELLORE,COED,JNTUA,CIV,115682.0,115682.0,123551.0,123551,115682.0,115682.0,115682.0,115682,115682.0,115682,115682.0,115682.0,115682.0,115682,147203.0,147203,98491.0,98491.0,44880
1355,NARN,NARAYANA ENGINEERING COLLEGE,PVT,NELLORE,NELLORE,COED,JNTUA,CSD,45018.0,45018.0,111880.0,123355,149497.0,149497.0,68482.0,68482,61951.0,89617,83664.0,83664.0,73093.0,73093,52259.0,52717,47886.0,46544.0,44880
1356,NARN,NARAYANA ENGINEERING COLLEGE,PVT,NELLORE,NELLORE,COED,JNTUA,CSE,35293.0,35293.0,58134.0,58134,129094.0,129094.0,35293.0,35293,62906.0,62906,63878.0,63878.0,49158.0,49402,35293.0,35293,36475.0,28400.0,44880
1357,NARN,NARAYANA ENGINEERING COLLEGE,PVT,NELLORE,NELLORE,COED,JNTUA,CSM,33164.0,33164.0,81394.0,90170,147078.0,147078.0,53678.0,61709,46633.0,46633,33164.0,33164.0,64158.0,64158,39064.0,39064,43266.0,39718.0,44880
1358,NARN,NARAYANA ENGINEERING COLLEGE,PVT,NELLORE,NELLORE,COED,JNTUA,ECA,75122.0,76829.0,143936.0,143936,89237.0,109202.0,134408.0,134408,116371.0,116371,75122.0,76829.0,122584.0,122584,104392.0,104392,93883.0,123825.0,44880
1359,NARN,NARAYANA ENGINEERING COLLEGE,PVT,NELLORE,NELLORE,COED,JNTUA,ECE,114252.0,114252.0,132914.0,133840,143579.0,143579.0,114252.0,114252,114252.0,114252,114252.0,114252.0,114252.0,114252,114252.0,114252,62892.0,68677.0,44880
1360,NARN,NARAYANA ENGINEERING COLLEGE,PVT,NELLORE,NELLORE,COED,JNTUA,EEE,116220.0,116220.0,144172.0,144172,149947.0,149947.0,142567.0,142567,142775.0,142775,116220.0,116220.0,149511.0,149511,140650.0,140650,127960.0,127702.0,44880
1361,NARN,NARAYANA ENGINEERING COLLEGE,PVT,NELLORE,NELLORE,COED,JNTUA,EVT,72785.0,72785.0,147710.0,147710,95996.0,95996.0,143481.0,143481,87034.0,102881,112024.0,112024.0,96485.0,96485,75724.0,104841,95789.0,78802.0,44880
1362,NARN,NARAYANA ENGINEERING COLLEGE,PVT,NELLORE,NELLORE,COED,JNTUA,MEC,124200.0,124200.0,138631.0,138846,124200.0,124200.0,144438.0,144438,130929.0,130929,124200.0,124200.0,124200.0,124200,124200.0,125743,126838.0,126838.0,44880
1363,NBKR,NBKR INSTITUTE OF SCI. AND TECHNOLOGY,PVT,NELLORE,VIDYANAGAR,COED,JNTUA,AID,72667.0,72667.0,120268.0,120268,134674.0,149320.0,76376.0,79190,103793.0,103793,89180.0,89180.0,72667.0,98173,72667.0,143194,71078.0,74609.0,77000
1364,NBKR,NBKR INSTITUTE OF SCI. AND TECHNOLOGY,PVT,NELLORE,VIDYANAGAR,COED,JNTUA,CIV,150552.0,150552.0,150552.0,150552,150552.0,150552.0,150552.0,150552,150552.0,150552,150552.0,150552.0,150552.0,150552,150552.0,150552,999999.0,999999.0,77000
1365,NBKR,NBKR INSTITUTE OF SCI. AND TECHNOLOGY,PVT,NELLORE,VIDYANAGAR,COED,JNTUA,CSD,47567.0,47567.0,137106.0,151349,47567.0,61815.0,97071.0,97071,103718.0,103718,47567.0,47567.0,100226.0,100226,72203.0,72203,61750.0,58320.0,77000
1366,NBKR,NBKR INSTITUTE OF SCI. AND TECHNOLOGY,PVT,NELLORE,VIDYANAGAR,COED,JNTUA,CSE,34468.0,66197.0,141510.0,141510,122725.0,124979.0,57707.0,66197,68195.0,68195,54845.0,66197.0,60666.0,90553,55095.0,66197,98105.0,51325.0,77000
1367,NBKR,NBKR INSTITUTE OF SCI. AND TECHNOLOGY,PVT,NELLORE,VIDYANAGAR,COED,JNTUA,CSM,43914.0,43914.0,127528.0,127528,135415.0,135415.0,99024.0,99024,74992.0,74992,87237.0,87237.0,87082.0,87082,60674.0,131780,53190.0,55350.0,77000
1368,NBKR,NBKR INSTITUTE OF SCI. AND TECHNOLOGY,PVT,NELLORE,VIDYANAGAR,COED,JNTUA,ECE,62888.0,62888.0,121667.0,130086,139748.0,146734.0,99155.0,119990,127863.0,132725,91493.0,91493.0,111366.0,111366,141886.0,141886,87309.0,88214.0,77000
1369,NBKR,NBKR INSTITUTE OF SCI. AND TECHNOLOGY,PVT,NELLORE,VIDYANAGAR,COED,JNTUA,EEE,115727.0,149609.0,151471.0,151471,138461.0,149609.0,116722.0,149609,115727.0,149609,115727.0,149609.0,116669.0,149609,115727.0,149609,100636.0,100636.0,77000
1370,NBKR,NBKR INSTITUTE OF SCI. AND TECHNOLOGY,PVT,NELLORE,VIDYANAGAR,COED,JNTUA,INF,126039.0,126039.0,142690.0,142690,144481.0,144481.0,147614.0,147614,142023.0,142023,126039.0,126039.0,126039.0,126039,129655.0,129655,75882.0,80861.0,77000
1371,NBKR,NBKR INSTITUTE OF SCI. AND TECHNOLOGY,PVT,NELLORE,VIDYANAGAR,COED,JNTUA,MEC,144533.0,149327.0,151033.0,151033,144533.0,149327.0,144533.0,149327,144533.0,149327,144533.0,149327.0,144533.0,149327,144533.0,149327,999999.0,999999.0,77000
1372,NRNG,NARAYANA ENGINEERING COLLEGE,PVT,NELLORE,GUDUR,COED,JNTUA,CIV,151745.0,151745.0,151745.0,151745,151766.0,151767.0,151745.0,151745,151775.0,151775,999999.0,999999.0,151745.0,151745,151745.0,151745,999999.0,999999.0,49500
1373,NRNG,NARAYANA ENGINEERING COLLEGE,PVT,NELLORE,GUDUR,COED,JNTUA,CSE,64997.0,64997.0,116568.0,133768,140069.0,140069.0,128948.0,128948,92611.0,104141,77072.0,77072.0,95516.0,95516,90239.0,90239,79168.0,73983.0,49500
1374,NRNG,NARAYANA ENGINEERING COLLEGE,PVT,NELLORE,GUDUR,COED,JNTUA,CSM,71854.0,71854.0,125349.0,125870,132955.0,132955.0,89015.0,89526,104237.0,104237,71854.0,71854.0,94998.0,94998,86869.0,95351,82009.0,87165.0,49500
1375,NRNG,NARAYANA ENGINEERING COLLEGE,PVT,NELLORE,GUDUR,COED,JNTUA,ECA,102034.0,102034.0,144676.0,149626,102034.0,102034.0,142171.0,142171,146120.0,146120,102034.0,102034.0,148053.0,148053,143207.0,143207,105797.0,105797.0,49500
1376,NRNG,NARAYANA ENGINEERING COLLEGE,PVT,NELLORE,GUDUR,COED,JNTUA,ECE,88432.0,88432.0,133740.0,141188,138162.0,138162.0,109457.0,109457,144528.0,146268,88432.0,119114.0,106415.0,106415,121885.0,141445,96471.0,95639.0,49500
1377,NRNG,NARAYANA ENGINEERING COLLEGE,PVT,NELLORE,GUDUR,COED,JNTUA,EEE,134560.0,134560.0,146019.0,149962,134560.0,134560.0,134560.0,134560,134560.0,134560,134560.0,134560.0,134560.0,134560,134560.0,134560,999999.0,999999.0,49500
1378,NRNG,NARAYANA ENGINEERING COLLEGE,PVT,NELLORE,GUDUR,COED,JNTUA,EVT,104552.0,104552.0,148656.0,148656,148820.0,148820.0,136907.0,148437,145828.0,145828,108717.0,108717.0,117641.0,146811,126014.0,134260,134382.0,112054.0,49500
1379,NRNG,NARAYANA ENGINEERING COLLEGE,PVT,NELLORE,GUDUR,COED,JNTUA,MEC,150077.0,150077.0,150077.0,150077,150077.0,150077.0,150077.0,150077,150077.0,150077,150077.0,150077.0,150077.0,150077,150077.0,150077,999999.0,999999.0,49500
1380,NRNP,NARAYANA PHARMACY COLLEGE,PVT,NELLORE,NELLORE,COED,JNTUA,PHD,112994.0,112994.0,112994.0,112994,112994.0,112994.0,112994.0,112994,112994.0,112994,112994.0,112994.0,112994.0,112994,112994.0,112994,999999.0,999999.0,65000
1381,PINN,PRIYADARSHINI INST OF TECHNOLOGY,PVT,NELLORE,NELLORE,COED,JNTUA,CSE,109177.0,109177.0,144005.0,148601,124648.0,124648.0,143070.0,143070,147232.0,147232,109177.0,109177.0,109177.0,124561,109177.0,109177,999999.0,999999.0,43000
1382,PINN,PRIYADARSHINI INST OF TECHNOLOGY,PVT,NELLORE,NELLORE,COED,JNTUA,ECE,100088.0,115617.0,143716.0,143716,100088.0,115617.0,100088.0,115617,100088.0,115617,100088.0,115617.0,100088.0,115617,100088.0,115617,999999.0,999999.0,43000
1383,PRIK,PRIYADARSHINI COLL OF ENGG. AND TECHNOLOGY,PVT,NELLORE,NELLORE,COED,JNTUA,CSE,144237.0,144237.0,150079.0,150079,144237.0,144237.0,149503.0,149503,144237.0,144237,144237.0,144237.0,144237.0,144237,144237.0,144237,149688.0,149688.0,43000
1384,PRIK,PRIYADARSHINI COLL OF ENGG. AND TECHNOLOGY,PVT,NELLORE,NELLORE,COED,JNTUA,ECE,125850.0,125850.0,125850.0,125850,125850.0,125850.0,125850.0,125850,125850.0,125850,125850.0,125850.0,125850.0,125850,125850.0,125850,999999.0,999999.0,43000
1385,RSRN,RAMIREDDY SUBBA RAMIREDDY ENGG COLLEGE,PVT,NELLORE,NELLORE,COED,JNTUA,AID,108414.0,110940.0,143851.0,151451,149580.0,151584.0,145201.0,145201,145561.0,145786,108414.0,148671.0,147310.0,147310,108414.0,110940,125271.0,144096.0,45100
1386,RSRN,RAMIREDDY SUBBA RAMIREDDY ENGG COLLEGE,PVT,NELLORE,NELLORE,COED,JNTUA,CIV,151417.0,151417.0,151612.0,151612,151417.0,151417.0,151417.0,151417,151417.0,151417,151417.0,151417.0,151417.0,151417,151417.0,151417,999999.0,999999.0,45100
1387,RSRN,RAMIREDDY SUBBA RAMIREDDY ENGG COLLEGE,PVT,NELLORE,NELLORE,COED,JNTUA,CSE,93434.0,94694.0,139365.0,139365,144653.0,144653.0,140762.0,140762,142719.0,145431,128736.0,128736.0,138925.0,141900,146802.0,146802,106283.0,108175.0,45100
1388,RSRN,RAMIREDDY SUBBA RAMIREDDY ENGG COLLEGE,PVT,NELLORE,NELLORE,COED,JNTUA,ECE,141029.0,141029.0,151116.0,151116,147543.0,147543.0,150491.0,150491,151615.0,151615,141029.0,141029.0,145812.0,148780,141029.0,141029,145322.0,143907.0,45100
1389,RSRN,RAMIREDDY SUBBA RAMIREDDY ENGG COLLEGE,PVT,NELLORE,NELLORE,COED,JNTUA,EEE,140725.0,140725.0,151496.0,151496,147209.0,147209.0,151456.0,151456,140725.0,140725,140725.0,140725.0,140725.0,140725,140725.0,140725,999999.0,999999.0,45100
1390,SANK,AUDHISANKARA COLLEGE OF ENGG. AND TECHNOLOGY,PVT,NELLORE,GUDUR,COED,JNTUA,AID,129193.0,129193.0,149250.0,151651,142913.0,142913.0,146025.0,146025,150712.0,150712,142105.0,142105.0,150513.0,150513,129193.0,145151,147142.0,131965.0,53460
1391,SANK,AUDHISANKARA COLLEGE OF ENGG. AND TECHNOLOGY,PVT,NELLORE,GUDUR,COED,JNTUA,CAI,90803.0,90803.0,149376.0,149376,151164.0,151164.0,122257.0,141515,148331.0,148331,90803.0,90803.0,120435.0,126418,145553.0,145604,105628.0,107528.0,53460
1392,SANK,AUDHISANKARA COLLEGE OF ENGG. AND TECHNOLOGY,PVT,NELLORE,GUDUR,COED,JNTUA,CIV,136590.0,136590.0,136590.0,136590,146163.0,146163.0,136590.0,136590,136590.0,136590,136590.0,136590.0,136590.0,136590,136590.0,136590,999999.0,999999.0,53460
1393,SANK,AUDHISANKARA COLLEGE OF ENGG. AND TECHNOLOGY,PVT,NELLORE,GUDUR,COED,JNTUA,CSD,107077.0,107077.0,151116.0,151577,145161.0,145161.0,127051.0,150941,148023.0,150700,108696.0,108696.0,146686.0,146686,148356.0,148356,131763.0,125544.0,53460
1394,SANK,AUDHISANKARA COLLEGE OF ENGG. AND TECHNOLOGY,PVT,NELLORE,GUDUR,COED,JNTUA,CSE,71507.0,71507.0,130040.0,139767,151550.0,151550.0,116890.0,122737,143199.0,150074,92571.0,112250.0,111477.0,114811,119004.0,141287,91898.0,97004.0,53460
1395,SANK,AUDHISANKARA COLLEGE OF ENGG. AND TECHNOLOGY,PVT,NELLORE,GUDUR,COED,JNTUA,CSM,128682.0,128682.0,149641.0,149641,128682.0,128682.0,128682.0,142684,144167.0,145593,128682.0,128682.0,128682.0,144026,141648.0,141648,108221.0,106745.0,53460
1396,SANK,AUDHISANKARA COLLEGE OF ENGG. AND TECHNOLOGY,PVT,NELLORE,GUDUR,COED,JNTUA,ECE,145016.0,145016.0,151469.0,151469,148733.0,148733.0,145016.0,145390,150385.0,150385,145016.0,145016.0,147989.0,150832,147123.0,147123,150889.0,144576.0,53460
1397,SANK,AUDHISANKARA COLLEGE OF ENGG. AND TECHNOLOGY,PVT,NELLORE,GUDUR,COED,JNTUA,EEE,150780.0,150780.0,150780.0,150780,150780.0,150780.0,150780.0,150780,150780.0,150780,150780.0,150780.0,150780.0,150780,150780.0,150780,999999.0,999999.0,53460
1398,SANK,AUDHISANKARA COLLEGE OF ENGG. AND TECHNOLOGY,PVT,NELLORE,GUDUR,COED,JNTUA,MEC,100558.0,129354.0,148433.0,148433,138946.0,138946.0,100558.0,129354,100558.0,129354,100558.0,129354.0,100558.0,129354,100558.0,129354,999999.0,999999.0,53460
1399,SVCN,SREE VENKATESWARA COLL OF ENGG,PVT,NELLORE,"NORTH RAJU
PALEM",COED,JNTUA,AID,63075.0,63966.0,120060.0,120421,151671.0,151671.0,91255.0,91255,114798.0,114798,63075.0,63966.0,85426.0,85426,86981.0,86981,78620.0,74153.0,43000
1400,SVCN,SREE VENKATESWARA COLL OF ENGG,PVT,NELLORE,"NORTH RAJU
PALEM",COED,JNTUA,CSE,58356.0,58356.0,112584.0,112584,144252.0,144252.0,93731.0,99842,95873.0,108323,102915.0,102915.0,91516.0,99081,82758.0,88722,72067.0,69952.0,43000
1401,SVCN,SREE VENKATESWARA COLL OF ENGG,PVT,NELLORE,"NORTH RAJU
PALEM",COED,JNTUA,CSM,66753.0,66753.0,128268.0,140163,128507.0,128507.0,100192.0,100192,109606.0,133027,66753.0,104040.0,99365.0,101803,107262.0,121207,79316.0,79251.0,43000
1402,SVCN,SREE VENKATESWARA COLL OF ENGG,PVT,NELLORE,"NORTH RAJU
PALEM",COED,JNTUA,ECE,84025.0,84025.0,139249.0,143432,145562.0,147116.0,115877.0,117505,141184.0,141184,121354.0,121354.0,138265.0,138265,147761.0,147761,105308.0,109240.0,43000
1403,SVCN,SREE VENKATESWARA COLL OF ENGG,PVT,NELLORE,"NORTH RAJU
PALEM",COED,JNTUA,EEE,128359.0,128359.0,134986.0,151224,128359.0,128359.0,128359.0,128359,128359.0,128359,128359.0,128359.0,128359.0,128359,128359.0,128359,148220.0,148220.0,43000
1404,SVCN,SREE VENKATESWARA COLL OF ENGG,PVT,NELLORE,"NORTH RAJU
PALEM",COED,JNTUA,EVT,142387.0,142387.0,151467.0,151467,142415.0,148516.0,142387.0,142387,147790.0,147790,142387.0,142387.0,146658.0,147416,142387.0,142387,142087.0,141876.0,43000
1405,SVCS,SREE VENKATESWARA COLLEGE OF SCIENCE AND TECHNOLOGY,PVT,NELLORE,KOVUR,COED,JNTUA,CSE,123190.0,123190.0,150856.0,150856,148811.0,148811.0,144206.0,144379,149850.0,149850,123190.0,123190.0,129217.0,143051,123190.0,143956,149252.0,141540.0,43000
1406,SVEN,SREE VENKATESWARA ENGINEERING COLLEGE,PVT,NELLORE,"NORTH RAJU
PALEM",COED,JNTUA,CAI,102754.0,109702.0,150730.0,150730,120300.0,127722.0,134673.0,141798,141955.0,141955,102754.0,109702.0,119995.0,132835,149573.0,149573,124372.0,125329.0,43000
1407,SVEN,SREE VENKATESWARA ENGINEERING COLLEGE,PVT,NELLORE,"NORTH RAJU
PALEM",COED,JNTUA,CSE,135310.0,135310.0,135310.0,143654,139130.0,151107.0,135310.0,135310,135310.0,135310,135310.0,135310.0,135310.0,135310,135310.0,135310,92924.0,91402.0,43000
1408,SVEN,SREE VENKATESWARA ENGINEERING COLLEGE,PVT,NELLORE,"NORTH RAJU
PALEM",COED,JNTUA,ECE,144214.0,144214.0,147390.0,147390,145241.0,145241.0,149125.0,149125,144214.0,144214,144214.0,144214.0,148337.0,148337,147669.0,147669,147743.0,123357.0,43000
1409,SVPC,SREE VENKATESWARA PHARMACY COLLEGE,PVT,NELLORE,"NORTH RAJU
PALEM",COED,JNTUA,PHM,142941.0,142941.0,142941.0,142941,142941.0,142941.0,142941.0,142941,142941.0,142941,142941.0,142941.0,142941.0,142941,142941.0,142941,999999.0,999999.0,38000
1410,VITK,P B R VISVODAYA INSTITUTE OF TECHNOLOGY AND SCI.,PVT,NELLORE,KAVALI,COED,JNTUA,AIM,61772.0,61772.0,138654.0,151629,148510.0,149035.0,119007.0,125198,110908.0,110908,70541.0,70541.0,95733.0,95733,83820.0,83820,82147.0,76240.0,46750
1411,VITK,P B R VISVODAYA INSTITUTE OF TECHNOLOGY AND SCI.,PVT,NELLORE,KAVALI,COED,JNTUA,CAI,41704.0,41704.0,109902.0,109902,149380.0,149380.0,62964.0,62964,62685.0,62685,41704.0,41704.0,52084.0,52084,44304.0,56719,56494.0,47662.0,46750
1412,VITK,P B R VISVODAYA INSTITUTE OF TECHNOLOGY AND SCI.,PVT,NELLORE,KAVALI,COED,JNTUA,CSE,75877.0,140422.0,135883.0,140422,151765.0,151765.0,106194.0,140422,114797.0,140422,140468.0,140468.0,88341.0,140422,145902.0,145902,76559.0,75966.0,46750
1413,VITK,P B R VISVODAYA INSTITUTE OF TECHNOLOGY AND SCI.,PVT,NELLORE,KAVALI,COED,JNTUA,CSO,141945.0,141945.0,151434.0,151434,149798.0,149798.0,148213.0,148213,147858.0,147858,141945.0,141945.0,141945.0,141945,141945.0,141945,110899.0,103411.0,46750
1414,VITK,P B R VISVODAYA INSTITUTE OF TECHNOLOGY AND SCI.,PVT,NELLORE,KAVALI,COED,JNTUA,ECE,151522.0,151522.0,151522.0,151522,151522.0,151522.0,151522.0,151522,151522.0,151522,151522.0,151522.0,151522.0,151522,151522.0,151522,141660.0,148151.0,46750
1415,APUCPU,APOLLO UNIVERSITY,PU,CHITTOOR,CHITTOOR,COED,APUCPU,CAD,59238.0,59238.0,126702.0,126702,130866.0,134867.0,86978.0,86978,103016.0,103016,59238.0,59238.0,71688.0,123782,83226.0,83226,999999.0,999999.0,50000
1416,APUCPU,APOLLO UNIVERSITY,PU,CHITTOOR,CHITTOOR,COED,APUCPU,CAD,21950.0,21950.0,61868.0,116281,21950.0,21950.0,21950.0,38307,48302.0,48302,21950.0,21950.0,36175.0,36175,21950.0,34515,999999.0,999999.0,50000
1417,APUCPU,APOLLO UNIVERSITY,PU,CHITTOOR,CHITTOOR,COED,APUCPU,CSC,47373.0,47373.0,47373.0,47373,47373.0,47373.0,47373.0,126794,132176.0,132176,47373.0,47373.0,88041.0,88041,47373.0,70900,999999.0,999999.0,50000
1418,APUCPU,APOLLO UNIVERSITY,PU,CHITTOOR,CHITTOOR,COED,APUCPU,CSC,29599.0,29599.0,136291.0,136291,29599.0,29599.0,43132.0,43132,29599.0,29599,29599.0,29599.0,29599.0,43600,29599.0,29599,999999.0,999999.0,50000
1419,APUCPU,APOLLO UNIVERSITY,PU,CHITTOOR,CHITTOOR,COED,APUCPU,CSE,27834.0,27834.0,125727.0,150796,27834.0,129238.0,54848.0,108014,27834.0,59040,76833.0,76833.0,72354.0,72354,137225.0,137225,999999.0,999999.0,50000
1420,APUCPU,APOLLO UNIVERSITY,PU,CHITTOOR,CHITTOOR,COED,APUCPU,CSE,20833.0,24025.0,58738.0,125146,127184.0,127184.0,20833.0,29090,50454.0,81109,20833.0,24025.0,31206.0,31206,34281.0,34281,999999.0,999999.0,50000
1421,APUCPU,APOLLO UNIVERSITY,PU,CHITTOOR,CHITTOOR,COED,APUCPU,CSM,30697.0,65926.0,30697.0,65926,30697.0,65926.0,121518.0,121518,41143.0,65926,32375.0,65926.0,30697.0,77926,30697.0,65926,999999.0,999999.0,50000
1422,APUCPU,APOLLO UNIVERSITY,PU,CHITTOOR,CHITTOOR,COED,APUCPU,CSM,20523.0,26074.0,20523.0,26074,62662.0,62662.0,20523.0,26074,37139.0,37139,20523.0,26074.0,20523.0,26074,30170.0,30170,999999.0,999999.0,50000
1423,BESTPU,BHARATIYA ENGG SCI. &TECH INNOVATION UNIVERSITY,PU,ANANTAPUR,ANANTAPUR,COED,BESTPU,AI,131109.0,131109.0,134194.0,134194,131109.0,131109.0,131109.0,131109,131109.0,131109,131109.0,131109.0,131109.0,131109,131109.0,131109,999999.0,999999.0,40000
1424,BESTPU,BHARATIYA ENGG SCI. &TECH INNOVATION UNIVERSITY,PU,ANANTAPUR,ANANTAPUR,COED,BESTPU,AI,87567.0,112305.0,87567.0,112305,144434.0,144434.0,126304.0,126304,87567.0,112305,87567.0,112305.0,87567.0,112305,141637.0,141637,999999.0,999999.0,40000
1425,BESTPU,BHARATIYA ENGG SCI. &TECH INNOVATION UNIVERSITY,PU,ANANTAPUR,ANANTAPUR,COED,BESTPU,CS,149036.0,149036.0,149036.0,149036,149036.0,149036.0,149036.0,149036,149036.0,149036,149036.0,149036.0,149036.0,149036,149036.0,149036,999999.0,999999.0,40000
1426,BESTPU,BHARATIYA ENGG SCI. &TECH INNOVATION UNIVERSITY,PU,ANANTAPUR,ANANTAPUR,COED,BESTPU,CS,130112.0,130112.0,130112.0,130112,130112.0,130112.0,130112.0,130112,130112.0,130112,130112.0,130112.0,130112.0,130112,130112.0,130112,999999.0,999999.0,40000
1427,BESTPU,BHARATIYA ENGG SCI. &TECH INNOVATION UNIVERSITY,PU,ANANTAPUR,ANANTAPUR,COED,BESTPU,CSE,103041.0,123694.0,137489.0,145689,103807.0,123694.0,141467.0,141467,103041.0,144247,103041.0,123694.0,103041.0,123694,103041.0,123694,999999.0,999999.0,40000
1428,BESTPU,BHARATIYA ENGG SCI. &TECH INNOVATION UNIVERSITY,PU,ANANTAPUR,ANANTAPUR,COED,BESTPU,CSE,151745.0,151745.0,151745.0,151745,151745.0,151745.0,151745.0,151745,151745.0,151745,151745.0,151745.0,151745.0,151745,151745.0,151745,999999.0,999999.0,40000
1429,BESTPU,BHARATIYA ENGG SCI. &TECH INNOVATION UNIVERSITY,PU,ANANTAPUR,ANANTAPUR,COED,BESTPU,DS,126372.0,126372.0,126372.0,126372,126372.0,126372.0,126372.0,126372,126372.0,126372,126372.0,126372.0,126372.0,126372,126372.0,126372,999999.0,999999.0,40000
1430,CABP,COLLEGE OF AGRICULTURAL ENGINEERING,UNIV,GUNTUR,BAPATLA,COED,ANGRAU,AGR,105290.0,105290.0,142937.0,143269,134692.0,134692.0,114598.0,114598,105290.0,105290,105290.0,105290.0,130083.0,130083,105290.0,105290,999999.0,999999.0,10000
1431,CAMS,COLLEGE OF AGRICULTURAL ENGINEERING,UNIV,ANANTAPUR,MADAKASIRA,COED,ANGRAU,AGR,143817.0,143817.0,143817.0,144224,143817.0,143817.0,143817.0,143817,143817.0,143817,143817.0,143817.0,143817.0,143817,143817.0,143817,999999.0,999999.0,10000
1432,CENUPU,CENTURION UNIVERSITY OF TECHNOLOGY & MANAGEMENT,PU,VIZIANAGARAM,TEKKALI,COED,CENUPU,CIC,44470.0,44470.0,151525.0,151525,44470.0,60845.0,59965.0,59965,88992.0,88992,44470.0,44470.0,55142.0,66728,44470.0,44470,999999.0,999999.0,50000
1433,CENUPU,CENTURION UNIVERSITY OF TECHNOLOGY & MANAGEMENT,PU,VIZIANAGARAM,TEKKALI,COED,CENUPU,CIC,99571.0,99571.0,99571.0,99571,99571.0,99571.0,99571.0,99571,99571.0,99571,99571.0,99571.0,143643.0,143643,99571.0,99571,999999.0,999999.0,50000
1434,CENUPU,CENTURION UNIVERSITY OF TECHNOLOGY & MANAGEMENT,PU,VIZIANAGARAM,TEKKALI,COED,CENUPU,CN,65892.0,65892.0,72944.0,72944,65892.0,71191.0,97406.0,97406,133273.0,133273,65892.0,65892.0,65892.0,65892,65892.0,113085,999999.0,999999.0,50000
1435,CENUPU,CENTURION UNIVERSITY OF TECHNOLOGY & MANAGEMENT,PU,VIZIANAGARAM,TEKKALI,COED,CENUPU,CN,151745.0,151745.0,151745.0,151745,151766.0,151767.0,151745.0,151745,151745.0,151745,999999.0,999999.0,151745.0,151745,151745.0,151745,999999.0,999999.0,50000
1436,CENUPU,CENTURION UNIVERSITY OF TECHNOLOGY & MANAGEMENT,PU,VIZIANAGARAM,TEKKALI,COED,CENUPU,CSBS,42333.0,42333.0,57103.0,57103,90316.0,90316.0,149587.0,149587,103386.0,103386,42333.0,42333.0,86029.0,104891,97195.0,97195,999999.0,999999.0,50000
1437,CENUPU,CENTURION UNIVERSITY OF TECHNOLOGY & MANAGEMENT,PU,VIZIANAGARAM,TEKKALI,COED,CENUPU,CSBS,151745.0,151745.0,151758.0,151758,151766.0,151766.0,151745.0,151745,151745.0,151745,151745.0,151745.0,151745.0,151745,151745.0,151745,999999.0,999999.0,50000
1438,CENUPU,CENTURION UNIVERSITY OF TECHNOLOGY & MANAGEMENT,PU,VIZIANAGARAM,TEKKALI,COED,CENUPU,CSD,151745.0,151745.0,151745.0,151745,151766.0,151767.0,151745.0,151745,151745.0,151745,151745.0,151745.0,151745.0,151745,151745.0,151745,999999.0,999999.0,50000
1439,CENUPU,CENTURION UNIVERSITY OF TECHNOLOGY & MANAGEMENT,PU,VIZIANAGARAM,TEKKALI,COED,CENUPU,CSD,151745.0,151745.0,151758.0,151758,151766.0,151767.0,151745.0,151745,151775.0,151775,999999.0,999999.0,151745.0,151745,151745.0,151745,999999.0,999999.0,50000
1440,CENUPU,CENTURION UNIVERSITY OF TECHNOLOGY & MANAGEMENT,PU,VIZIANAGARAM,TEKKALI,COED,CENUPU,CSM,23344.0,33921.0,123604.0,123604,23344.0,135149.0,23344.0,33921,87435.0,98840,26516.0,33921.0,23344.0,33921,23344.0,33921,999999.0,999999.0,50000
1441,CENUPU,CENTURION UNIVERSITY OF TECHNOLOGY & MANAGEMENT,PU,VIZIANAGARAM,TEKKALI,COED,CENUPU,CSM,151745.0,151745.0,151758.0,151758,151745.0,151745.0,151745.0,151745,151775.0,151775,999999.0,999999.0,151745.0,151745,151745.0,151745,999999.0,999999.0,50000
1442,CENUPU,CENTURION UNIVERSITY OF TECHNOLOGY & MANAGEMENT,PU,VIZIANAGARAM,TEKKALI,COED,CENUPU,CSW,151745.0,151745.0,151745.0,151745,151766.0,151767.0,151745.0,151745,151745.0,151745,151745.0,151745.0,151745.0,151745,151745.0,151745,999999.0,999999.0,50000
1443,CENUPU,CENTURION UNIVERSITY OF TECHNOLOGY & MANAGEMENT,PU,VIZIANAGARAM,TEKKALI,COED,CENUPU,CSW,91572.0,91572.0,91572.0,91572,91572.0,91572.0,95858.0,95858,150731.0,150731,91572.0,91572.0,91572.0,91572,91572.0,91572,999999.0,999999.0,50000
1444,CENUPU,CENTURION UNIVERSITY OF TECHNOLOGY & MANAGEMENT,PU,VIZIANAGARAM,TEKKALI,COED,CENUPU,EBM,124391.0,132845.0,124391.0,132845,134986.0,134986.0,124391.0,132845,124391.0,149032,124391.0,132845.0,134510.0,134510,125539.0,132845,999999.0,999999.0,50000
1445,CENUPU,CENTURION UNIVERSITY OF TECHNOLOGY & MANAGEMENT,PU,VIZIANAGARAM,TEKKALI,COED,CENUPU,EBM,151745.0,151745.0,151758.0,151758,151766.0,151766.0,151745.0,151745,151775.0,151775,151745.0,151745.0,151745.0,151745,151745.0,151745,999999.0,999999.0,50000
1446,CENUPU,CENTURION UNIVERSITY OF TECHNOLOGY & MANAGEMENT,PU,VIZIANAGARAM,TEKKALI,COED,CENUPU,ECE,151745.0,151745.0,151745.0,151745,151745.0,151745.0,151745.0,151745,151775.0,151775,999999.0,999999.0,151745.0,151745,151745.0,151745,999999.0,999999.0,50000
1447,CENUPU,CENTURION UNIVERSITY OF TECHNOLOGY & MANAGEMENT,PU,VIZIANAGARAM,TEKKALI,COED,CENUPU,ECE,37819.0,37819.0,49729.0,61172,37819.0,37819.0,37819.0,37819,91594.0,91594,37819.0,37819.0,54441.0,61080,37819.0,37819,999999.0,999999.0,50000
1448,CENUPU,CENTURION UNIVERSITY OF TECHNOLOGY & MANAGEMENT,PU,VIZIANAGARAM,TEKKALI,COED,CENUPU,EII,107275.0,130082.0,107275.0,130082,107275.0,130082.0,111654.0,130082,107275.0,130082,107275.0,130082.0,107275.0,130082,107275.0,140921,999999.0,999999.0,50000
1449,CENUPU,CENTURION UNIVERSITY OF TECHNOLOGY & MANAGEMENT,PU,VIZIANAGARAM,TEKKALI,COED,CENUPU,EII,108856.0,108856.0,117417.0,117417,108856.0,119833.0,108856.0,108856,108856.0,108856,108856.0,108856.0,108856.0,108856,108856.0,108856,999999.0,999999.0,50000
1450,CENUPU,CENTURION UNIVERSITY OF TECHNOLOGY & MANAGEMENT,PU,VIZIANAGARAM,TEKKALI,COED,CENUPU,MEC,151745.0,151745.0,151745.0,151745,151745.0,151745.0,151745.0,151745,151745.0,151745,999999.0,999999.0,151745.0,151745,151745.0,151745,999999.0,999999.0,50000
1451,CENUPU,CENTURION UNIVERSITY OF TECHNOLOGY & MANAGEMENT,PU,VIZIANAGARAM,TEKKALI,COED,CENUPU,MEC,151745.0,151745.0,151745.0,151745,151766.0,151767.0,151745.0,151745,151745.0,151745,999999.0,999999.0,151745.0,151745,151745.0,151745,999999.0,999999.0,50000
1452,CENUPU,CENTURION UNIVERSITY OF TECHNOLOGY & MANAGEMENT,PU,VIZIANAGARAM,TEKKALI,COED,CENUPU,MMM,100958.0,149741.0,100958.0,149741,100958.0,149741.0,100958.0,149741,100958.0,149741,100958.0,149741.0,100958.0,149741,100958.0,149741,999999.0,999999.0,50000
1453,CFSB,COLLEGE OF FOOD SCIENCE AND TECHNOLOGY,UNIV,GUNTUR,BAPATLA,COED,ANGRAU,FDT,135471.0,135471.0,135471.0,144842,135471.0,135471.0,135471.0,135471,139259.0,139259,135471.0,135471.0,150011.0,150011,135471.0,135471,999999.0,999999.0,10000
1454,CFSP,COLLEGE OF FOOD SCIENCE AND TECHNOLOGY,UNIV,KADAPA,PULIVENDULA,COED,ANGRAU,FDT,100043.0,100043.0,100043.0,100043,100043.0,100043.0,100043.0,100043,100043.0,100043,100043.0,100043.0,100043.0,100043,100043.0,100043,999999.0,999999.0,10000
1455,CVST,SVVU COLLEGE OF DAIRY TECHNOLOGY,UNIV,CHITTOOR,TIRUPATHI,COED,SVVU,BDT,81904.0,81904.0,104008.0,104008,135911.0,135911.0,81904.0,81904,81904.0,106042,81904.0,81904.0,148525.0,148525,81904.0,81904,999999.0,999999.0,10000
1456,CVST,SVVU COLLEGE OF DAIRY TECHNOLOGY,UNIV,CHITTOOR,TIRUPATHI,COED,SVVU,BDT,151745.0,151745.0,151745.0,151745,151766.0,151767.0,151745.0,151745,151775.0,151775,999999.0,999999.0,151745.0,151745,151745.0,151745,999999.0,999999.0,10000
1457,MBUTPU1,MOHAN BABU UNIVERSITY,PU,CHITTOOR,RANGAMPETA,COED,MBUTPU,CIV,73497.0,73497.0,73497.0,73497,73497.0,73497.0,150210.0,150210,73497.0,73497,73497.0,73497.0,73497.0,73497,132562.0,132562,999999.0,999999.0,70000
1458,MBUTPU1,MOHAN BABU UNIVERSITY,PU,CHITTOOR,RANGAMPETA,COED,MBUTPU,CIV,95511.0,95511.0,149921.0,149921,150549.0,150549.0,110078.0,110078,129040.0,129040,95511.0,95511.0,115217.0,150062,108062.0,108062,999999.0,999999.0,70000
1459,MBUTPU1,MOHAN BABU UNIVERSITY,PU,CHITTOOR,RANGAMPETA,COED,MBUTPU,CSC,16876.0,31210.0,128868.0,128868,132849.0,132849.0,50536.0,66414,24960.0,31210,36443.0,36443.0,31986.0,31986,103722.0,138224,999999.0,999999.0,70000
1460,MBUTPU1,MOHAN BABU UNIVERSITY,PU,CHITTOOR,RANGAMPETA,COED,MBUTPU,CSC,15816.0,15816.0,22377.0,97079,15816.0,96288.0,21350.0,21350,15816.0,15816,15816.0,15816.0,15816.0,32255,15816.0,15816,999999.0,999999.0,70000
1461,MBUTPU1,MOHAN BABU UNIVERSITY,PU,CHITTOOR,RANGAMPETA,COED,MBUTPU,CSD,13766.0,22530.0,116152.0,116152,92878.0,92878.0,36779.0,80530,43830.0,43830,13766.0,22530.0,30072.0,33532,13766.0,22530,999999.0,999999.0,70000
1462,MBUTPU1,MOHAN BABU UNIVERSITY,PU,CHITTOOR,RANGAMPETA,COED,MBUTPU,CSD,10489.0,10489.0,69571.0,69571,10489.0,10489.0,15533.0,15533,13297.0,19946,10489.0,10489.0,16367.0,16367,10489.0,22249,999999.0,999999.0,70000
1463,MBUTPU1,MOHAN BABU UNIVERSITY,PU,CHITTOOR,RANGAMPETA,COED,MBUTPU,CSE,14953.0,19776.0,70305.0,81932,93457.0,134386.0,30280.0,64107,37072.0,37072,38305.0,38305.0,24234.0,24234,33184.0,33184,999999.0,999999.0,70000
1464,MBUTPU1,MOHAN BABU UNIVERSITY,PU,CHITTOOR,RANGAMPETA,COED,MBUTPU,CSE,10123.0,10336.0,35054.0,35054,84402.0,84402.0,12223.0,12622,13074.0,13074,10123.0,41042.0,13232.0,14593,17294.0,21226,999999.0,999999.0,70000
1465,MBUTPU1,MOHAN BABU UNIVERSITY,PU,CHITTOOR,RANGAMPETA,COED,MBUTPU,CSM,10956.0,17125.0,68787.0,68787,89503.0,89503.0,45751.0,45751,25331.0,28864,13140.0,17125.0,35337.0,35337,10956.0,97863,999999.0,999999.0,70000
1466,MBUTPU1,MOHAN BABU UNIVERSITY,PU,CHITTOOR,RANGAMPETA,COED,MBUTPU,CSM,8244.0,11509.0,18700.0,28689,8244.0,11509.0,8244.0,11509,11927.0,11927,8244.0,11509.0,8244.0,11509,17848.0,17848,999999.0,999999.0,70000
1467,MBUTPU1,MOHAN BABU UNIVERSITY,PU,CHITTOOR,RANGAMPETA,COED,MBUTPU,ECE,40896.0,40896.0,136188.0,146400,140521.0,140521.0,93944.0,97609,94828.0,142241,40896.0,54408.0,56149.0,56929,90551.0,103176,999999.0,999999.0,70000
1468,MBUTPU1,MOHAN BABU UNIVERSITY,PU,CHITTOOR,RANGAMPETA,COED,MBUTPU,ECE,18178.0,18452.0,80832.0,80832,105550.0,105550.0,31904.0,45144,33950.0,33950,18178.0,18452.0,32639.0,32639,30638.0,49793,999999.0,999999.0,70000
1469,MBUTPU1,MOHAN BABU UNIVERSITY,PU,CHITTOOR,RANGAMPETA,COED,MBUTPU,EEE,94957.0,94957.0,128740.0,131527,151073.0,151073.0,126442.0,126442,123840.0,123840,94957.0,94957.0,128293.0,139171,107405.0,107405,999999.0,999999.0,70000
1470,MBUTPU1,MOHAN BABU UNIVERSITY,PU,CHITTOOR,RANGAMPETA,COED,MBUTPU,EEE,45432.0,45432.0,140293.0,140293,45432.0,56371.0,61534.0,61534,102528.0,132970,45432.0,45432.0,79231.0,79231,45432.0,136678,999999.0,999999.0,70000
1471,MBUTPU1,MOHAN BABU UNIVERSITY,PU,CHITTOOR,RANGAMPETA,COED,MBUTPU,EIE,135323.0,135323.0,151321.0,151321,135323.0,137024.0,135323.0,135323,135323.0,142776,135323.0,135323.0,148985.0,148985,135323.0,135323,999999.0,999999.0,70000
1472,MBUTPU1,MOHAN BABU UNIVERSITY,PU,CHITTOOR,RANGAMPETA,COED,MBUTPU,EIE,80553.0,80553.0,98545.0,122097,101284.0,101284.0,80553.0,128562,124043.0,140779,80553.0,80553.0,80553.0,80553,121505.0,121505,999999.0,999999.0,70000
1473,MBUTPU1,MOHAN BABU UNIVERSITY,PU,CHITTOOR,RANGAMPETA,COED,MBUTPU,INF,26909.0,33855.0,130623.0,131152,26909.0,113926.0,62461.0,130477,47596.0,136146,26909.0,33855.0,53195.0,53195,26909.0,33855,999999.0,999999.0,70000
1474,MBUTPU1,MOHAN BABU UNIVERSITY,PU,CHITTOOR,RANGAMPETA,COED,MBUTPU,INF,16679.0,16679.0,115461.0,146381,139785.0,139785.0,16679.0,18685,19448.0,32069,36364.0,36364.0,41088.0,41088,49602.0,49602,999999.0,999999.0,70000
1475,MBUTPU1,MOHAN BABU UNIVERSITY,PU,CHITTOOR,RANGAMPETA,COED,MBUTPU,MEC,129932.0,136650.0,145132.0,145132,148987.0,148987.0,129932.0,136650,129932.0,136650,129932.0,136650.0,144508.0,144508,129932.0,136650,999999.0,999999.0,70000
1476,MBUTPU1,MOHAN BABU UNIVERSITY,PU,CHITTOOR,RANGAMPETA,COED,MBUTPU,MEC,85539.0,105690.0,85539.0,150536,149852.0,149852.0,145490.0,145490,133337.0,133337,85539.0,105690.0,126603.0,126603,95621.0,105690,999999.0,999999.0,70000
1477,MBUTPU2,MOHAN BABU UNIVERSITY,PU,CHITTOOR,RANGAMPETA,COED,MBUTPU,CSC,34588.0,34588.0,92099.0,130968,34588.0,34588.0,85743.0,85743,78722.0,78722,34588.0,34588.0,56258.0,99021,34588.0,34588,999999.0,999999.0,50000
1478,MBUTPU2,MOHAN BABU UNIVERSITY,PU,CHITTOOR,RANGAMPETA,COED,MBUTPU,CSC,17589.0,19595.0,76789.0,76789,17589.0,19595.0,17589.0,19595,17589.0,32379,17589.0,19595.0,17589.0,19595,17589.0,19595,999999.0,999999.0,50000
1479,MBUTPU2,MOHAN BABU UNIVERSITY,PU,CHITTOOR,RANGAMPETA,COED,MBUTPU,CSD,39316.0,46859.0,140284.0,140284,147400.0,147400.0,131561.0,131561,128963.0,128963,86621.0,86621.0,102225.0,102225,125969.0,125969,999999.0,999999.0,50000
1480,MBUTPU2,MOHAN BABU UNIVERSITY,PU,CHITTOOR,RANGAMPETA,COED,MBUTPU,CSD,18899.0,18899.0,131732.0,131732,115195.0,147707.0,29106.0,29106,27885.0,27885,18899.0,18899.0,39527.0,39527,31012.0,31012,999999.0,999999.0,50000
1481,MBUTPU2,MOHAN BABU UNIVERSITY,PU,CHITTOOR,RANGAMPETA,COED,MBUTPU,CSE,31574.0,35387.0,127573.0,139834,148639.0,148639.0,129948.0,129948,111356.0,111356,31747.0,35387.0,72026.0,105642,149501.0,149632,999999.0,999999.0,50000
1482,MBUTPU2,MOHAN BABU UNIVERSITY,PU,CHITTOOR,RANGAMPETA,COED,MBUTPU,CSE,15759.0,15759.0,70065.0,71475,141893.0,141893.0,27488.0,27488,31249.0,39267,15759.0,24048.0,24738.0,24738,23071.0,34762,999999.0,999999.0,50000
1483,MBUTPU2,MOHAN BABU UNIVERSITY,PU,CHITTOOR,RANGAMPETA,COED,MBUTPU,CSM,43656.0,57837.0,144177.0,144177,138786.0,139981.0,100222.0,116276,121548.0,124090,43656.0,58721.0,115423.0,115423,99921.0,99921,999999.0,999999.0,50000
1484,MBUTPU2,MOHAN BABU UNIVERSITY,PU,CHITTOOR,RANGAMPETA,COED,MBUTPU,CSM,18274.0,18274.0,127123.0,131712,139393.0,140209.0,31468.0,33527,27320.0,27731,27984.0,27984.0,25294.0,25294,26217.0,32012,999999.0,999999.0,50000
1485,SPMUSF,SCHOOL OF ENGG. TECH. SPMVV - SELF FINANCE,SF,CHITTOOR,TIRUPATHI,GIRLS,SPMU,CSE,37876.0,37876.0,104992.0,104992,109678.0,109678.0,116606.0,116606,62039.0,62039,999999.0,999999.0,43375.0,43375,79751.0,79751,77401.0,77401.0,71250
1486,SPMUSF,SCHOOL OF ENGG. TECH. SPMVV - SELF FINANCE,SF,CHITTOOR,TIRUPATHI,GIRLS,SPMU,CSE,23931.0,23931.0,38794.0,38794,75169.0,75169.0,26640.0,26640,41095.0,41095,23931.0,23931.0,47583.0,47583,23931.0,23931,25571.0,25571.0,71250
1487,SPMUSF,SCHOOL OF ENGG. TECH. SPMVV - SELF FINANCE,SF,CHITTOOR,TIRUPATHI,GIRLS,SPMU,ECE,46281.0,46281.0,143613.0,143613,110919.0,110919.0,126393.0,126393,90769.0,90769,67926.0,67926.0,93880.0,93880,106351.0,106351,107273.0,107273.0,71250
1488,SPMUSF,SCHOOL OF ENGG. TECH. SPMVV - SELF FINANCE,SF,CHITTOOR,TIRUPATHI,GIRLS,SPMU,ECE,39326.0,39326.0,95791.0,95791,66726.0,66726.0,77871.0,77871,59257.0,59257,999999.0,999999.0,39326.0,39326,44274.0,44274,44805.0,44805.0,71250
1489,SPMUSF,SCHOOL OF ENGG. TECH. SPMVV - SELF FINANCE,SF,CHITTOOR,TIRUPATHI,GIRLS,SPMU,EEE,100533.0,100533.0,151059.0,151059,150507.0,150507.0,145815.0,145815,148787.0,148787,999999.0,999999.0,150020.0,150020,100533.0,100533,999999.0,999999.0,71250
1490,SPMUSF,SCHOOL OF ENGG. TECH. SPMVV - SELF FINANCE,SF,CHITTOOR,TIRUPATHI,GIRLS,SPMU,EEE,89465.0,89465.0,151641.0,151641,118129.0,118129.0,100601.0,100601,140678.0,140678,999999.0,999999.0,93193.0,93193,89465.0,89465,122707.0,122707.0,71250
1491,SRMUPU,S R M UNIVERSITY AP,PU,GUNTUR,AMARAVATHI,COED,SRMUPU,CIV,151745.0,151745.0,151758.0,151772,151766.0,151767.0,151745.0,151745,151745.0,151745,999999.0,999999.0,151745.0,151745,151745.0,151745,999999.0,999999.0,70000
1492,SRMUPU,S R M UNIVERSITY AP,PU,GUNTUR,AMARAVATHI,COED,SRMUPU,CIV,12866.0,12866.0,12866.0,12866,12866.0,12866.0,12866.0,12866,12866.0,12866,12866.0,12866.0,48890.0,48890,12866.0,119719,999999.0,999999.0,70000
1493,SRMUPU,S R M UNIVERSITY AP,PU,GUNTUR,AMARAVATHI,COED,SRMUPU,CSE,5844.0,5844.0,29684.0,29713,59563.0,70091.0,10796.0,12689,9188.0,10591,9223.0,9223.0,6709.0,6912,9959.0,9959,999999.0,999999.0,70000
1494,SRMUPU,S R M UNIVERSITY AP,PU,GUNTUR,AMARAVATHI,COED,SRMUPU,CSE,8508.0,8553.0,56312.0,63491,130480.0,130480.0,12438.0,14155,10400.0,10596,17568.0,24582.0,11346.0,11346,16741.0,45283,999999.0,999999.0,70000
1495,SRMUPU,S R M UNIVERSITY AP,PU,GUNTUR,AMARAVATHI,COED,SRMUPU,ECE,5195.0,5195.0,37594.0,37594,23020.0,23020.0,11008.0,17197,10990.0,11492,5195.0,34598.0,5195.0,8276,5195.0,5195,999999.0,999999.0,70000
1496,SRMUPU,S R M UNIVERSITY AP,PU,GUNTUR,AMARAVATHI,COED,SRMUPU,ECE,8259.0,8259.0,38347.0,64580,8259.0,8259.0,13827.0,13827,10170.0,12735,8259.0,8259.0,8259.0,8259,16862.0,16862,999999.0,999999.0,70000
1497,SRMUPU,S R M UNIVERSITY AP,PU,GUNTUR,AMARAVATHI,COED,SRMUPU,EEE,151745.0,151745.0,151745.0,151745,151766.0,151766.0,151745.0,151745,151745.0,151745,151745.0,151745.0,151745.0,151745,151745.0,151745,999999.0,999999.0,70000
1498,SRMUPU,S R M UNIVERSITY AP,PU,GUNTUR,AMARAVATHI,COED,SRMUPU,EEE,151745.0,151745.0,151758.0,151758,151766.0,151767.0,151745.0,151745,151775.0,151775,999999.0,999999.0,151745.0,151745,151745.0,151745,999999.0,999999.0,70000
1499,SRMUPU,S R M UNIVERSITY AP,PU,GUNTUR,AMARAVATHI,COED,SRMUPU,MEC,13690.0,13690.0,13690.0,13690,13690.0,13690.0,13690.0,13690,33400.0,33400,13690.0,13690.0,13690.0,13690,13690.0,13690,999999.0,999999.0,70000
1500,SRMUPU,S R M UNIVERSITY AP,PU,GUNTUR,AMARAVATHI,COED,SRMUPU,MEC,151745.0,151745.0,151758.0,151772,151766.0,151767.0,151745.0,151745,151745.0,151745,999999.0,999999.0,151745.0,151745,151745.0,151745,999999.0,999999.0,70000
1501,VITAPU,VIT-AP UNIVERSITY,PU,GUNTUR,AMARAVATHI,COED,VITAPU,CSB,6473.0,6473.0,39293.0,39293,78027.0,78027.0,10411.0,12601,12509.0,13192,6473.0,31601.0,8175.0,8175,13260.0,13260,999999.0,999999.0,70000
1502,VITAPU,VIT-AP UNIVERSITY,PU,GUNTUR,AMARAVATHI,COED,VITAPU,CSB,9342.0,9342.0,9342.0,88627,63693.0,118908.0,16660.0,26719,12619.0,12619,13390.0,13390.0,18076.0,18076,21669.0,23280,999999.0,999999.0,70000
1503,VITAPU,VIT-AP UNIVERSITY,PU,GUNTUR,AMARAVATHI,COED,VITAPU,CSE,5071.0,5115.0,28644.0,32710,56175.0,68361.0,8988.0,8988,8616.0,9685,10199.0,14797.0,6231.0,6277,11571.0,12170,999999.0,999999.0,70000
1504,VITAPU,VIT-AP UNIVERSITY,PU,GUNTUR,AMARAVATHI,COED,VITAPU,CSE,7689.0,7689.0,49200.0,49200,85770.0,95439.0,11003.0,12776,10174.0,10174,8459.0,10553.0,9937.0,9937,13441.0,19810,999999.0,999999.0,70000
1505,VITAPU,VIT-AP UNIVERSITY,PU,GUNTUR,AMARAVATHI,COED,VITAPU,ECE,6328.0,6328.0,37150.0,41937,58684.0,58684.0,15215.0,16754,10467.0,12899,16101.0,16101.0,6900.0,6900,9557.0,9557,999999.0,999999.0,70000
1506,VITAPU,VIT-AP UNIVERSITY,PU,GUNTUR,AMARAVATHI,COED,VITAPU,ECE,8784.0,8784.0,35586.0,35586,34075.0,124782.0,8784.0,20025,8784.0,9756,17586.0,17586.0,11698.0,15019,21691.0,29168,999999.0,999999.0,70000
1507,VITAPU,VIT-AP UNIVERSITY,PU,GUNTUR,AMARAVATHI,COED,VITAPU,MEC,16380.0,42735.0,76937.0,82304,33874.0,99606.0,94388.0,94388,45220.0,75281,132277.0,132277.0,23369.0,42735,67783.0,67783,999999.0,999999.0,70000
1508,VITAPU,VIT-AP UNIVERSITY,PU,GUNTUR,AMARAVATHI,COED,VITAPU,MEC,26497.0,57613.0,61627.0,118713,140065.0,140065.0,61414.0,61414,26497.0,57613,123804.0,123804.0,37222.0,63777,88110.0,88110,999999.0,999999.0,70000
1509,VITAPUMT,VIT-AP UNIVERSITY-5 YEAR INTEGRATED MTECH,PU,GUNTUR,AMARAVATHI,COED,VITAPU,CSE,7283.0,7283.0,33377.0,38419,7283.0,47415.0,11381.0,11381,10803.0,10803,17112.0,17112.0,7998.0,8816,7283.0,10283,999999.0,999999.0,70000
1510,VITAPUMT,VIT-AP UNIVERSITY-5 YEAR INTEGRATED MTECH,PU,GUNTUR,AMARAVATHI,COED,VITAPU,CSE,9659.0,9659.0,51657.0,51657,62633.0,146460.0,16788.0,16788,9845.0,14170,9659.0,9659.0,12315.0,24895,20714.0,20714,999999.0,999999.0,70000
1511,VITAPUMT,VIT-AP UNIVERSITY-5 YEAR INTEGRATED MTECH,PU,GUNTUR,AMARAVATHI,COED,VITAPU,SWE,9444.0,9534.0,42426.0,45219,95173.0,95173.0,16340.0,25762,14591.0,14591,24097.0,24097.0,16348.0,16728,9444.0,9534,999999.0,999999.0,70000
1512,VITAPUMT,VIT-AP UNIVERSITY-5 YEAR INTEGRATED MTECH,PU,GUNTUR,AMARAVATHI,COED,VITAPU,SWE,10159.0,12207.0,27748.0,27748,10159.0,92063.0,25698.0,27285,18608.0,18608,10159.0,12207.0,17602.0,17602,10159.0,12207,999999.0,999999.0,70000
1513,YSRA,DR.YSR ARCHITECTURE AND FINE ARTS UNIVERSITY,UNIV,KADAPA,KADAPA,COED,YSRA,GDT,151745.0,151745.0,151758.0,151758,151766.0,151766.0,151745.0,151745,151775.0,151775,151745.0,151745.0,151745.0,151745,151745.0,151745,999999.0,999999.0,37000
